day_order,day,tray,tray_no,capture_id,cell_id,row,column,x,y,square_x0,square_y0,square_x1,square_y1,square_side,grid_error,coordinate_source,needs_review
1,Day 1,Tray 1,1,DJI_20260618124632_0008,1,1,1,208.835,221.492,62.103,74.759,355.567,368.224,293.465,0.0114,direct_cup_evidence,No
1,Day 1,Tray 1,1,DJI_20260618124632_0008,2,1,2,584.316,223.601,437.584,76.869,731.049,370.334,293.465,0.007,direct_cup_evidence,No
1,Day 1,Tray 1,1,DJI_20260618124632_0008,3,1,3,966.126,223.601,819.393,76.869,1112.858,370.334,293.465,0.0024,direct_cup_evidence,No
1,Day 1,Tray 1,1,DJI_20260618124632_0008,4,1,4,1345.826,223.601,1199.093,76.869,1492.558,370.334,293.465,0.0058,direct_cup_evidence,No
1,Day 1,Tray 1,1,DJI_20260618124632_0008,5,1,5,1727.635,223.601,1580.903,76.869,1874.367,370.334,293.465,0.0061,direct_cup_evidence,No
1,Day 1,Tray 1,1,DJI_20260618124632_0008,6,1,6,2103.116,229.929,1956.384,83.197,2249.849,376.662,293.465,0.0213,direct_cup_evidence,No
1,Day 1,Tray 1,1,DJI_20260618124632_0008,7,1,7,2489.144,225.711,2342.412,78.978,2635.877,372.443,293.465,0.0067,direct_cup_evidence,No
1,Day 1,Tray 1,1,DJI_20260618124632_0008,8,1,8,2877.282,234.148,2730.55,87.416,3024.015,380.881,293.465,0.0256,direct_cup_evidence,No
1,Day 1,Tray 1,1,DJI_20260618124632_0008,9,1,9,3248.544,223.601,3101.812,76.869,3395.277,370.334,293.465,0.0218,direct_cup_evidence,No
1,Day 1,Tray 1,1,DJI_20260618124632_0008,10,1,10,3626.135,236.258,3479.403,89.525,3772.867,382.99,293.465,0.0249,direct_cup_evidence,No
1,Day 1,Tray 1,1,DJI_20260618124632_0008,11,2,1,204.616,548.456,57.884,401.723,351.349,695.188,293.465,0.0058,direct_cup_evidence,No
1,Day 1,Tray 1,1,DJI_20260618124632_0008,12,2,2,588.535,542.127,441.803,395.395,735.267,688.86,293.465,0.0226,direct_cup_evidence,No
1,Day 1,Tray 1,1,DJI_20260618124632_0008,13,2,3,964.016,548.456,817.284,401.723,1110.749,695.188,293.465,0.004,direct_cup_evidence,No
1,Day 1,Tray 1,1,DJI_20260618124632_0008,14,2,4,1345.826,546.346,1199.093,399.614,1492.558,693.079,293.465,0.0124,direct_cup_evidence,No
1,Day 1,Tray 1,1,DJI_20260618124632_0008,15,2,5,1727.635,546.346,1580.903,399.614,1874.367,693.079,293.465,0.0161,direct_cup_evidence,No
1,Day 1,Tray 1,1,DJI_20260618124632_0008,16,2,6,2109.444,552.674,1962.712,405.942,2256.177,699.407,293.465,0.0061,direct_cup_evidence,No
1,Day 1,Tray 1,1,DJI_20260618124632_0008,17,2,7,2489.144,554.784,2342.412,408.051,2635.877,701.516,293.465,0.0041,direct_cup_evidence,No
1,Day 1,Tray 1,1,DJI_20260618124632_0008,18,2,8,2870.954,559.003,2724.221,412.27,3017.686,705.735,293.465,0.0138,direct_cup_evidence,No
1,Day 1,Tray 1,1,DJI_20260618124632_0008,19,2,9,3250.654,554.784,3103.921,408.051,3397.386,701.516,293.465,0.0046,direct_cup_evidence,No
1,Day 1,Tray 1,1,DJI_20260618124632_0008,20,2,10,3626.135,565.331,3479.403,418.599,3772.867,712.064,293.465,0.0286,direct_cup_evidence,No
1,Day 1,Tray 1,1,DJI_20260618124632_0008,21,3,1,200.397,871.201,53.665,724.468,347.13,1017.933,293.465,0.0069,direct_cup_evidence,No
1,Day 1,Tray 1,1,DJI_20260618124632_0008,22,3,2,577.988,875.419,431.255,728.687,724.72,1022.152,293.465,0.0144,direct_cup_evidence,No
1,Day 1,Tray 1,1,DJI_20260618124632_0008,23,3,3,964.016,871.201,817.284,724.468,1110.749,1017.933,293.465,0.0128,direct_cup_evidence,No
1,Day 1,Tray 1,1,DJI_20260618124632_0008,24,3,4,1343.716,879.638,1196.984,732.906,1490.449,1026.371,293.465,0.0099,direct_cup_evidence,No
1,Day 1,Tray 1,1,DJI_20260618124632_0008,25,3,5,1725.526,881.748,1578.793,735.015,1872.258,1028.48,293.465,0.0129,direct_cup_evidence,No
1,Day 1,Tray 1,1,DJI_20260618124632_0008,26,3,6,2107.335,877.529,1960.603,730.796,2254.067,1024.261,293.465,0.0061,direct_cup_evidence,No
1,Day 1,Tray 1,1,DJI_20260618124632_0008,27,3,7,2495.473,881.748,2348.74,735.015,2642.205,1028.48,293.465,0.028,direct_cup_evidence,No
1,Day 1,Tray 1,1,DJI_20260618124632_0008,28,3,8,2856.188,892.295,2709.455,745.563,3002.92,1039.027,293.465,0.0487,direct_cup_evidence,No
1,Day 1,Tray 1,1,DJI_20260618124632_0008,29,3,9,3246.435,881.748,3099.703,735.015,3393.167,1028.48,293.465,0.0054,direct_cup_evidence,No
1,Day 1,Tray 1,1,DJI_20260618124632_0008,30,3,10,3626.135,881.748,3479.403,735.015,3772.867,1028.48,293.465,0.0098,direct_cup_evidence,No
1,Day 1,Tray 1,1,DJI_20260618124632_0008,31,4,1,204.616,1191.836,57.884,1045.104,351.349,1338.569,293.465,0.0264,direct_cup_evidence,No
1,Day 1,Tray 1,1,DJI_20260618124632_0008,32,4,2,575.878,1200.274,429.146,1053.541,722.611,1347.006,293.465,0.015,direct_cup_evidence,No
1,Day 1,Tray 1,1,DJI_20260618124632_0008,33,4,3,959.797,1204.493,813.065,1057.76,1106.53,1351.225,293.465,0.011,direct_cup_evidence,No
1,Day 1,Tray 1,1,DJI_20260618124632_0008,34,4,4,1339.497,1200.274,1192.765,1053.541,1486.23,1347.006,293.465,0.0112,direct_cup_evidence,No
1,Day 1,Tray 1,1,DJI_20260618124632_0008,35,4,5,1725.526,1206.602,1578.793,1059.87,1872.258,1353.335,293.465,0.0115,direct_cup_evidence,No
1,Day 1,Tray 1,1,DJI_20260618124632_0008,36,4,6,2107.335,1208.712,1960.603,1061.979,2254.067,1355.444,293.465,0.0158,direct_cup_evidence,No
1,Day 1,Tray 1,1,DJI_20260618124632_0008,37,4,7,2482.816,1208.712,2336.084,1061.979,2629.549,1355.444,293.465,0.0105,direct_cup_evidence,No
1,Day 1,Tray 1,1,DJI_20260618124632_0008,38,4,8,2870.954,1210.821,2724.221,1064.089,3017.686,1357.554,293.465,0.02,direct_cup_evidence,No
1,Day 1,Tray 1,1,DJI_20260618124632_0008,39,4,9,3250.654,1210.821,3103.921,1064.089,3397.386,1357.554,293.465,0.0153,direct_cup_evidence,No
1,Day 1,Tray 1,1,DJI_20260618124632_0008,40,4,10,3630.354,1208.712,3483.621,1061.979,3777.086,1355.444,293.465,0.0098,direct_cup_evidence,No
1,Day 1,Tray 1,1,DJI_20260618124632_0008,41,5,1,198.288,1523.019,51.555,1376.286,345.02,1669.751,293.465,0.0066,direct_cup_evidence,No
1,Day 1,Tray 1,1,DJI_20260618124632_0008,42,5,2,580.097,1520.909,433.365,1374.177,726.83,1667.642,293.465,0.0169,direct_cup_evidence,No
1,Day 1,Tray 1,1,DJI_20260618124632_0008,43,5,3,959.797,1523.019,813.065,1376.286,1106.53,1669.751,293.465,0.0136,direct_cup_evidence,No
1,Day 1,Tray 1,1,DJI_20260618124632_0008,44,5,4,1339.497,1529.347,1192.765,1382.615,1486.23,1676.08,293.465,0.0043,direct_cup_evidence,No
1,Day 1,Tray 1,1,DJI_20260618124632_0008,45,5,5,1723.416,1529.347,1576.684,1382.615,1870.149,1676.08,293.465,0.0061,direct_cup_evidence,No
1,Day 1,Tray 1,1,DJI_20260618124632_0008,46,5,6,2107.335,1537.785,1960.603,1391.053,2254.067,1684.517,293.465,0.0263,direct_cup_evidence,No
1,Day 1,Tray 1,1,DJI_20260618124632_0008,47,5,7,2487.035,1497.706,2340.303,1350.973,2633.767,1644.438,293.465,0.1059,direct_cup_evidence,No
1,Day 1,Tray 1,1,DJI_20260618124632_0008,48,5,8,2870.954,1535.676,2724.221,1388.943,3017.686,1682.408,293.465,0.0231,direct_cup_evidence,No
1,Day 1,Tray 1,1,DJI_20260618124632_0008,49,5,9,3242.216,1529.347,3095.484,1382.615,3388.949,1676.08,293.465,0.0169,direct_cup_evidence,No
1,Day 1,Tray 1,1,DJI_20260618124632_0008,50,5,10,3621.916,1516.691,3475.184,1369.958,3768.649,1663.423,293.465,0.0584,direct_cup_evidence,No
1,Day 1,Tray 1,1,DJI_20260618124632_0008,51,6,1,200.397,1839.436,53.665,1692.703,347.13,1986.168,293.465,0.0381,direct_cup_evidence,No
1,Day 1,Tray 1,1,DJI_20260618124632_0008,52,6,2,571.659,1849.983,424.927,1703.25,718.392,1996.715,293.465,0.0188,direct_cup_evidence,No
1,Day 1,Tray 1,1,DJI_20260618124632_0008,53,6,3,955.578,1856.311,808.846,1709.579,1102.311,2003.044,293.465,0.0116,direct_cup_evidence,No
1,Day 1,Tray 1,1,DJI_20260618124632_0008,54,6,4,1335.278,1864.749,1188.546,1718.016,1482.011,2011.481,293.465,0.0329,direct_cup_evidence,No
1,Day 1,Tray 1,1,DJI_20260618124632_0008,55,6,5,1723.416,1862.639,1576.684,1715.907,1870.149,2009.372,293.465,0.0239,direct_cup_evidence,No
1,Day 1,Tray 1,1,DJI_20260618124632_0008,56,6,6,2109.444,1862.639,1962.712,1715.907,2256.177,2009.372,293.465,0.0325,direct_cup_evidence,No
1,Day 1,Tray 1,1,DJI_20260618124632_0008,57,6,7,2489.144,1866.858,2342.412,1720.126,2635.877,2013.591,293.465,0.0361,direct_cup_evidence,No
1,Day 1,Tray 1,1,DJI_20260618124632_0008,58,6,8,2866.735,1864.749,2720.003,1718.016,3013.467,2011.481,293.465,0.0221,direct_cup_evidence,No
1,Day 1,Tray 1,1,DJI_20260618124632_0008,59,6,9,3248.544,1864.749,3101.812,1718.016,3395.277,2011.481,293.465,0.0218,direct_cup_evidence,No
1,Day 1,Tray 1,1,DJI_20260618124632_0008,60,6,10,3617.697,1854.202,3470.965,1707.469,3764.43,2000.934,293.465,0.029,direct_cup_evidence,No
1,Day 1,Tray 1,1,DJI_20260618124632_0008,61,7,1,200.397,2162.181,53.665,2015.448,347.13,2308.913,293.465,0.0495,direct_cup_evidence,No
1,Day 1,Tray 1,1,DJI_20260618124632_0008,62,7,2,573.769,2179.056,427.036,2032.324,720.501,2325.789,293.465,0.0059,direct_cup_evidence,No
1,Day 1,Tray 1,1,DJI_20260618124632_0008,63,7,3,930.265,2200.151,783.533,2053.418,1076.997,2346.883,293.465,0.102,direct_cup_evidence,No
1,Day 1,Tray 1,1,DJI_20260618124632_0008,64,7,4,1333.169,2191.713,1186.436,2044.98,1479.901,2338.445,293.465,0.0359,direct_cup_evidence,No
1,Day 1,Tray 1,1,DJI_20260618124632_0008,65,7,5,1723.416,2191.713,1576.684,2044.98,1870.149,2338.445,293.465,0.0345,direct_cup_evidence,No
1,Day 1,Tray 1,1,DJI_20260618124632_0008,66,7,6,2105.226,2193.822,1958.493,2047.09,2251.958,2340.555,293.465,0.0386,direct_cup_evidence,No
1,Day 1,Tray 1,1,DJI_20260618124632_0008,67,7,7,2482.816,2185.384,2336.084,2038.652,2629.549,2332.117,293.465,0.0106,direct_cup_evidence,No
1,Day 1,Tray 1,1,DJI_20260618124632_0008,68,7,8,2858.297,2174.837,2711.565,2028.105,3005.03,2321.57,293.465,0.0326,direct_cup_evidence,No
1,Day 1,Tray 1,1,DJI_20260618124632_0008,69,7,9,3242.216,2185.384,3095.484,2038.652,3388.949,2332.117,293.465,0.0044,direct_cup_evidence,No
1,Day 1,Tray 1,1,DJI_20260618124632_0008,70,7,10,3609.259,2172.728,3462.527,2025.995,3755.992,2319.46,293.465,0.06,direct_cup_evidence,No
1,Day 1,Tray 2,2,DJI_20260618124541_0007,1,1,1,188.136,219.844,41.62,73.328,334.652,366.361,293.033,0.0126,direct_cup_evidence,No
1,Day 1,Tray 2,2,DJI_20260618124541_0007,2,1,2,564.408,219.844,417.892,73.328,710.925,366.361,293.033,0.0236,direct_cup_evidence,No
1,Day 1,Tray 2,2,DJI_20260618124541_0007,3,1,3,949.136,213.503,802.62,66.986,1095.652,360.019,293.033,0.0186,direct_cup_evidence,No
1,Day 1,Tray 2,2,DJI_20260618124541_0007,4,1,4,1323.294,219.844,1176.778,73.328,1469.811,366.361,293.033,0.0285,direct_cup_evidence,No
1,Day 1,Tray 2,2,DJI_20260618124541_0007,5,1,5,1710.136,217.731,1563.62,71.214,1856.652,364.247,293.033,0.0105,direct_cup_evidence,No
1,Day 1,Tray 2,2,DJI_20260618124541_0007,6,1,6,2094.864,219.844,1948.348,73.328,2241.38,366.361,293.033,0.0052,direct_cup_evidence,No
1,Day 1,Tray 2,2,DJI_20260618124541_0007,7,1,7,2477.478,219.844,2330.961,73.328,2623.994,366.361,293.033,0.0124,direct_cup_evidence,No
1,Day 1,Tray 2,2,DJI_20260618124541_0007,8,1,8,2847.408,226.186,2700.892,79.67,2993.925,372.702,293.033,0.0248,direct_cup_evidence,No
1,Day 1,Tray 2,2,DJI_20260618124541_0007,9,1,9,3232.136,230.414,3085.62,83.898,3378.652,376.93,293.033,0.027,direct_cup_evidence,No
1,Day 1,Tray 2,2,DJI_20260618124541_0007,10,1,10,3604.181,232.528,3457.664,86.011,3750.697,379.044,293.033,0.0445,direct_cup_evidence,No
1,Day 1,Tray 2,2,DJI_20260618124541_0007,11,2,1,186.022,539.042,39.506,392.525,332.539,685.558,293.033,0.0208,direct_cup_evidence,No
1,Day 1,Tray 2,2,DJI_20260618124541_0007,12,2,2,560.181,543.269,413.664,396.753,706.697,689.786,293.033,0.0354,direct_cup_evidence,No
1,Day 1,Tray 2,2,DJI_20260618124541_0007,13,2,3,980.844,549.611,834.328,403.095,1127.361,696.127,293.033,0.0901,direct_cup_evidence,No
1,Day 1,Tray 2,2,DJI_20260618124541_0007,14,2,4,1350.775,526.358,1204.259,379.842,1497.291,672.875,293.033,0.0801,direct_cup_evidence,No
1,Day 1,Tray 2,2,DJI_20260618124541_0007,15,2,5,1710.136,541.156,1563.62,394.639,1856.652,687.672,293.033,0.015,direct_cup_evidence,No
1,Day 1,Tray 2,2,DJI_20260618124541_0007,16,2,6,2090.636,547.497,1944.12,400.981,2237.152,694.014,293.033,0.0088,direct_cup_evidence,No
1,Day 1,Tray 2,2,DJI_20260618124541_0007,17,2,7,2466.908,549.611,2320.392,403.095,2613.425,696.127,293.033,0.022,direct_cup_evidence,No
1,Day 1,Tray 2,2,DJI_20260618124541_0007,18,2,8,2868.547,555.953,2722.031,409.436,3015.064,702.469,293.033,0.0535,direct_cup_evidence,No
1,Day 1,Tray 2,2,DJI_20260618124541_0007,19,2,9,3230.022,547.497,3083.506,400.981,3376.539,694.014,293.033,0.0122,direct_cup_evidence,No
1,Day 1,Tray 2,2,DJI_20260618124541_0007,20,2,10,3610.522,551.725,3464.006,405.209,3757.039,698.241,293.033,0.0163,direct_cup_evidence,No
1,Day 1,Tray 2,2,DJI_20260618124541_0007,21,3,1,179.681,866.694,33.164,720.178,326.197,1013.211,293.033,0.0358,direct_cup_evidence,No
1,Day 1,Tray 2,2,DJI_20260618124541_0007,22,3,2,600.344,854.011,453.828,707.495,746.861,1000.527,293.033,0.1004,direct_cup_evidence,No
1,Day 1,Tray 2,2,DJI_20260618124541_0007,23,3,3,936.453,870.922,789.936,724.406,1082.969,1017.439,293.033,0.0472,direct_cup_evidence,No
1,Day 1,Tray 2,2,DJI_20260618124541_0007,24,3,4,1329.636,868.808,1183.12,722.292,1476.152,1015.325,293.033,0.009,direct_cup_evidence,No
1,Day 1,Tray 2,2,DJI_20260618124541_0007,25,3,5,1710.136,870.922,1563.62,724.406,1856.652,1017.439,293.033,0.0071,direct_cup_evidence,No
1,Day 1,Tray 2,2,DJI_20260618124541_0007,26,3,6,2094.864,870.922,1948.348,724.406,2241.38,1017.439,293.033,0.0066,direct_cup_evidence,No
1,Day 1,Tray 2,2,DJI_20260618124541_0007,27,3,7,2477.478,864.581,2330.961,718.064,2623.994,1011.097,293.033,0.0265,direct_cup_evidence,No
1,Day 1,Tray 2,2,DJI_20260618124541_0007,28,3,8,2857.978,870.922,2711.461,724.406,3004.494,1017.439,293.033,0.0148,direct_cup_evidence,No
1,Day 1,Tray 2,2,DJI_20260618124541_0007,29,3,9,3217.339,873.036,3070.823,726.52,3363.855,1019.552,293.033,0.0504,direct_cup_evidence,No
1,Day 1,Tray 2,2,DJI_20260618124541_0007,30,3,10,3608.408,873.036,3461.892,726.52,3754.925,1019.552,293.033,0.0175,direct_cup_evidence,No
1,Day 1,Tray 2,2,DJI_20260618124541_0007,31,4,1,183.908,1194.347,37.392,1047.831,330.425,1340.864,293.033,0.0215,direct_cup_evidence,No
1,Day 1,Tray 2,2,DJI_20260618124541_0007,32,4,2,562.294,1194.347,415.778,1047.831,708.811,1340.864,293.033,0.0275,direct_cup_evidence,No
1,Day 1,Tray 2,2,DJI_20260618124541_0007,33,4,3,997.756,1194.347,851.239,1047.831,1144.272,1340.864,293.033,0.1419,direct_cup_evidence,No
1,Day 1,Tray 2,2,DJI_20260618124541_0007,34,4,4,1367.686,1202.803,1221.17,1056.286,1514.202,1349.319,293.033,0.1119,direct_cup_evidence,No
1,Day 1,Tray 2,2,DJI_20260618124541_0007,35,4,5,1710.136,1198.575,1563.62,1052.059,1856.652,1345.091,293.033,0.009,direct_cup_evidence,No
1,Day 1,Tray 2,2,DJI_20260618124541_0007,36,4,6,2094.864,1198.575,1948.348,1052.059,2241.38,1345.091,293.033,0.0085,direct_cup_evidence,No
1,Day 1,Tray 2,2,DJI_20260618124541_0007,37,4,7,2477.478,1196.461,2330.961,1049.945,2623.994,1342.977,293.033,0.0146,direct_cup_evidence,No
1,Day 1,Tray 2,2,DJI_20260618124541_0007,38,4,8,2855.864,1196.461,2709.348,1049.945,3002.38,1342.977,293.033,0.0096,direct_cup_evidence,No
1,Day 1,Tray 2,2,DJI_20260618124541_0007,39,4,9,3230.022,1200.689,3083.506,1054.173,3376.539,1347.205,293.033,0.0124,direct_cup_evidence,No
1,Day 1,Tray 2,2,DJI_20260618124541_0007,40,4,10,3599.953,1198.575,3453.436,1052.059,3746.469,1345.091,293.033,0.0427,direct_cup_evidence,No
1,Day 1,Tray 2,2,DJI_20260618124541_0007,41,5,1,181.794,1517.772,35.278,1371.256,328.311,1664.289,293.033,0.0281,direct_cup_evidence,No
1,Day 1,Tray 2,2,DJI_20260618124541_0007,42,5,2,562.294,1519.886,415.778,1373.37,708.811,1666.402,293.033,0.0268,direct_cup_evidence,No
1,Day 1,Tray 2,2,DJI_20260618124541_0007,43,5,3,944.908,1517.772,798.392,1371.256,1091.425,1664.289,293.033,0.0222,direct_cup_evidence,No
1,Day 1,Tray 2,2,DJI_20260618124541_0007,44,5,4,1327.522,1524.114,1181.006,1377.598,1474.039,1670.63,293.033,0.0149,direct_cup_evidence,No
1,Day 1,Tray 2,2,DJI_20260618124541_0007,45,5,5,1716.478,1526.228,1569.961,1379.711,1862.994,1672.744,293.033,0.0187,direct_cup_evidence,No
1,Day 1,Tray 2,2,DJI_20260618124541_0007,46,5,6,2096.978,1526.228,1950.461,1379.711,2243.494,1672.744,293.033,0.018,direct_cup_evidence,No
1,Day 1,Tray 2,2,DJI_20260618124541_0007,47,5,7,2479.592,1526.228,2333.075,1379.711,2626.108,1672.744,293.033,0.0233,direct_cup_evidence,No
1,Day 1,Tray 2,2,DJI_20260618124541_0007,48,5,8,2860.092,1517.772,2713.575,1371.256,3006.608,1664.289,293.033,0.0285,direct_cup_evidence,No
1,Day 1,Tray 2,2,DJI_20260618124541_0007,49,5,9,3236.364,1524.114,3089.848,1377.598,3382.88,1670.63,293.033,0.0094,direct_cup_evidence,No
1,Day 1,Tray 2,2,DJI_20260618124541_0007,50,5,10,3616.864,1524.114,3470.348,1377.598,3763.38,1670.63,293.033,0.0101,direct_cup_evidence,No
1,Day 1,Tray 2,2,DJI_20260618124541_0007,51,6,1,186.022,1834.856,39.506,1688.339,332.539,1981.372,293.033,0.0356,direct_cup_evidence,No
1,Day 1,Tray 2,2,DJI_20260618124541_0007,52,6,2,551.725,1841.197,405.209,1694.681,698.241,1987.714,293.033,0.0604,direct_cup_evidence,No
1,Day 1,Tray 2,2,DJI_20260618124541_0007,53,6,3,940.681,1849.653,794.164,1703.136,1087.197,1996.169,293.033,0.0333,direct_cup_evidence,No
1,Day 1,Tray 2,2,DJI_20260618124541_0007,54,6,4,1342.319,1870.792,1195.803,1724.275,1488.836,2017.308,293.033,0.0799,direct_cup_evidence,No
1,Day 1,Tray 2,2,DJI_20260618124541_0007,55,6,5,1714.364,1849.653,1567.848,1703.136,1860.88,1996.169,293.033,0.01,direct_cup_evidence,No
1,Day 1,Tray 2,2,DJI_20260618124541_0007,56,6,6,2094.864,1853.881,1948.348,1707.364,2241.38,2000.397,293.033,0.0193,direct_cup_evidence,No
1,Day 1,Tray 2,2,DJI_20260618124541_0007,57,6,7,2471.136,1847.539,2324.62,1701.023,2617.652,1994.055,293.033,0.0055,direct_cup_evidence,No
1,Day 1,Tray 2,2,DJI_20260618124541_0007,58,6,8,2855.864,1845.425,2709.348,1698.909,3002.38,1991.941,293.033,0.0153,direct_cup_evidence,No
1,Day 1,Tray 2,2,DJI_20260618124541_0007,59,6,9,3240.592,1845.425,3094.075,1698.909,3387.108,1991.941,293.033,0.0268,direct_cup_evidence,No
1,Day 1,Tray 2,2,DJI_20260618124541_0007,60,6,10,3610.522,1836.969,3464.006,1690.453,3757.039,1983.486,293.033,0.0421,direct_cup_evidence,No
1,Day 1,Tray 2,2,DJI_20260618124541_0007,61,7,1,186.022,2170.964,39.506,2024.448,332.539,2317.48,293.033,0.0129,direct_cup_evidence,No
1,Day 1,Tray 2,2,DJI_20260618124541_0007,62,7,2,562.294,2173.078,415.778,2026.561,708.811,2319.594,293.033,0.0257,direct_cup_evidence,No
1,Day 1,Tray 2,2,DJI_20260618124541_0007,63,7,3,953.364,2177.306,806.848,2030.789,1099.88,2323.822,293.033,0.0173,direct_cup_evidence,No
1,Day 1,Tray 2,2,DJI_20260618124541_0007,64,7,4,1325.408,2179.419,1178.892,2032.903,1471.925,2325.936,293.033,0.0271,direct_cup_evidence,No
1,Day 1,Tray 2,2,DJI_20260618124541_0007,65,7,5,1708.022,2185.761,1561.506,2039.245,1854.539,2332.277,293.033,0.0398,direct_cup_evidence,No
1,Day 1,Tray 2,2,DJI_20260618124541_0007,66,7,6,2094.864,2183.647,1948.348,2037.131,2241.38,2330.164,293.033,0.0315,direct_cup_evidence,No
1,Day 1,Tray 2,2,DJI_20260618124541_0007,67,7,7,2479.592,2179.419,2333.075,2032.903,2626.108,2325.936,293.033,0.0275,direct_cup_evidence,No
1,Day 1,Tray 2,2,DJI_20260618124541_0007,68,7,8,2855.864,2173.078,2709.348,2026.561,3002.38,2319.594,293.033,0.0117,direct_cup_evidence,No
1,Day 1,Tray 2,2,DJI_20260618124541_0007,69,7,9,3232.136,2164.622,3085.62,2018.106,3378.652,2311.139,293.033,0.0333,direct_cup_evidence,No
1,Day 1,Tray 2,2,DJI_20260618124541_0007,70,7,10,3599.953,2158.281,3453.436,2011.764,3746.469,2304.797,293.033,0.0678,direct_cup_evidence,No
1,Day 1,Tray 3,3,DJI_20260618124235_0004,1,1,1,183.228,232.231,36.164,85.167,330.291,379.294,294.127,0.0041,direct_cup_evidence,No
1,Day 1,Tray 3,3,DJI_20260618124235_0004,2,1,2,560.336,236.492,413.273,89.428,707.4,383.555,294.127,0.0217,direct_cup_evidence,No
1,Day 1,Tray 3,3,DJI_20260618124235_0004,3,1,3,943.836,232.231,796.773,85.167,1090.9,379.294,294.127,0.0101,direct_cup_evidence,No
1,Day 1,Tray 3,3,DJI_20260618124235_0004,4,1,4,1325.206,225.839,1178.142,78.775,1472.269,372.902,294.127,0.0223,direct_cup_evidence,No
1,Day 1,Tray 3,3,DJI_20260618124235_0004,5,1,5,1708.706,227.969,1561.642,80.906,1855.769,375.033,294.127,0.0143,direct_cup_evidence,No
1,Day 1,Tray 3,3,DJI_20260618124235_0004,6,1,6,2092.206,227.969,1945.142,80.906,2239.269,375.033,294.127,0.0148,direct_cup_evidence,No
1,Day 1,Tray 3,3,DJI_20260618124235_0004,7,1,7,2477.836,227.969,2330.773,80.906,2624.9,375.033,294.127,0.0223,direct_cup_evidence,No
1,Day 1,Tray 3,3,DJI_20260618124235_0004,8,1,8,2859.206,234.361,2712.142,87.298,3006.269,381.425,294.127,0.0173,direct_cup_evidence,No
1,Day 1,Tray 3,3,DJI_20260618124235_0004,9,1,9,3240.575,236.492,3093.511,89.428,3387.639,383.555,294.127,0.0198,direct_cup_evidence,No
1,Day 1,Tray 3,3,DJI_20260618124235_0004,10,1,10,3607.031,227.969,3459.967,80.906,3754.094,375.033,294.127,0.0329,direct_cup_evidence,No
1,Day 1,Tray 3,3,DJI_20260618124235_0004,11,2,1,189.619,553.944,42.556,406.881,336.683,701.008,294.127,0.0162,direct_cup_evidence,No
1,Day 1,Tray 3,3,DJI_20260618124235_0004,12,2,2,560.336,558.206,413.273,411.142,707.4,705.269,294.127,0.0251,direct_cup_evidence,No
1,Day 1,Tray 3,3,DJI_20260618124235_0004,13,2,3,943.836,558.206,796.773,411.142,1090.9,705.269,294.127,0.0185,direct_cup_evidence,No
1,Day 1,Tray 3,3,DJI_20260618124235_0004,14,2,4,1331.597,560.336,1184.534,413.273,1478.661,707.4,294.127,0.0039,direct_cup_evidence,No
1,Day 1,Tray 3,3,DJI_20260618124235_0004,15,2,5,1715.097,558.206,1568.034,411.142,1862.161,705.269,294.127,0.0087,direct_cup_evidence,No
1,Day 1,Tray 3,3,DJI_20260618124235_0004,16,2,6,2098.597,560.336,1951.534,413.273,2245.661,707.4,294.127,0.015,direct_cup_evidence,No
1,Day 1,Tray 3,3,DJI_20260618124235_0004,17,2,7,2482.097,560.336,2335.034,413.273,2629.161,707.4,294.127,0.0215,direct_cup_evidence,No
1,Day 1,Tray 3,3,DJI_20260618124235_0004,18,2,8,2861.336,564.597,2714.273,417.534,3008.4,711.661,294.127,0.021,direct_cup_evidence,No
1,Day 1,Tray 3,3,DJI_20260618124235_0004,19,2,9,3238.444,558.206,3091.381,411.142,3385.508,705.269,294.127,0.0058,direct_cup_evidence,No
1,Day 1,Tray 3,3,DJI_20260618124235_0004,20,2,10,3621.944,564.597,3474.881,417.534,3769.008,711.661,294.127,0.0163,direct_cup_evidence,No
1,Day 1,Tray 3,3,DJI_20260618124235_0004,21,3,1,193.881,884.181,46.817,737.117,340.944,1031.244,294.127,0.0128,direct_cup_evidence,No
1,Day 1,Tray 3,3,DJI_20260618124235_0004,22,3,2,564.597,886.311,417.534,739.248,711.661,1033.375,294.127,0.0203,direct_cup_evidence,No
1,Day 1,Tray 3,3,DJI_20260618124235_0004,23,3,3,954.489,886.311,807.425,739.248,1101.552,1033.375,294.127,0.0063,direct_cup_evidence,No
1,Day 1,Tray 3,3,DJI_20260618124235_0004,24,3,4,1346.511,896.964,1199.448,749.9,1493.575,1044.027,294.127,0.0514,direct_cup_evidence,No
1,Day 1,Tray 3,3,DJI_20260618124235_0004,25,3,5,1715.097,888.442,1568.034,741.378,1862.161,1035.505,294.127,0.0071,direct_cup_evidence,No
1,Day 1,Tray 3,3,DJI_20260618124235_0004,26,3,6,2094.336,892.703,1947.273,745.639,2241.4,1039.766,294.127,0.0207,direct_cup_evidence,No
1,Day 1,Tray 3,3,DJI_20260618124235_0004,27,3,7,2484.228,890.572,2337.164,743.509,2631.291,1037.636,294.127,0.0234,direct_cup_evidence,No
1,Day 1,Tray 3,3,DJI_20260618124235_0004,28,3,8,2865.597,886.311,2718.534,739.248,3012.661,1033.375,294.127,0.0199,direct_cup_evidence,No
1,Day 1,Tray 3,3,DJI_20260618124235_0004,29,3,9,3242.706,886.311,3095.642,739.248,3389.769,1033.375,294.127,0.0072,direct_cup_evidence,No
1,Day 1,Tray 3,3,DJI_20260618124235_0004,30,3,10,3611.292,888.442,3464.228,741.378,3758.355,1035.505,294.127,0.0323,direct_cup_evidence,No
1,Day 1,Tray 3,3,DJI_20260618124235_0004,31,4,1,189.619,1208.025,42.556,1060.961,336.683,1355.089,294.127,0.0158,direct_cup_evidence,No
1,Day 1,Tray 3,3,DJI_20260618124235_0004,32,4,2,568.858,1210.156,421.795,1063.092,715.922,1357.219,294.127,0.0169,direct_cup_evidence,No
1,Day 1,Tray 3,3,DJI_20260618124235_0004,33,4,3,954.489,1208.025,807.425,1060.961,1101.552,1355.089,294.127,0.0141,direct_cup_evidence,No
1,Day 1,Tray 3,3,DJI_20260618124235_0004,34,4,4,1335.858,1208.025,1188.795,1060.961,1482.922,1355.089,294.127,0.0146,direct_cup_evidence,No
1,Day 1,Tray 3,3,DJI_20260618124235_0004,35,4,5,1719.358,1216.547,1572.295,1069.484,1866.422,1363.611,294.127,0.0121,direct_cup_evidence,No
1,Day 1,Tray 3,3,DJI_20260618124235_0004,36,4,6,2102.858,1216.547,1955.795,1069.484,2249.922,1363.611,294.127,0.0156,direct_cup_evidence,No
1,Day 1,Tray 3,3,DJI_20260618124235_0004,37,4,7,2488.489,1222.939,2341.425,1075.875,2635.552,1370.002,294.127,0.0385,direct_cup_evidence,No
1,Day 1,Tray 3,3,DJI_20260618124235_0004,38,4,8,2867.728,1212.286,2720.664,1065.223,3014.791,1359.35,294.127,0.0185,direct_cup_evidence,No
1,Day 1,Tray 3,3,DJI_20260618124235_0004,39,4,9,3244.836,1212.286,3097.773,1065.223,3391.9,1359.35,294.127,0.0066,direct_cup_evidence,No
1,Day 1,Tray 3,3,DJI_20260618124235_0004,40,4,10,3615.553,1210.156,3468.489,1063.092,3762.616,1357.219,294.127,0.0292,direct_cup_evidence,No
1,Day 1,Tray 3,3,DJI_20260618124235_0004,41,5,1,193.881,1531.869,46.817,1384.806,340.944,1678.933,294.127,0.0224,direct_cup_evidence,No
1,Day 1,Tray 3,3,DJI_20260618124235_0004,42,5,2,570.989,1538.261,423.925,1391.198,718.052,1685.325,294.127,0.0173,direct_cup_evidence,No
1,Day 1,Tray 3,3,DJI_20260618124235_0004,43,5,3,941.706,1542.522,794.642,1395.459,1088.769,1689.586,294.127,0.0504,direct_cup_evidence,No
1,Day 1,Tray 3,3,DJI_20260618124235_0004,44,5,4,1335.858,1536.131,1188.795,1389.067,1482.922,1683.194,294.127,0.0146,direct_cup_evidence,No
1,Day 1,Tray 3,3,DJI_20260618124235_0004,45,5,5,1721.489,1540.392,1574.425,1393.328,1868.552,1687.455,294.127,0.0036,direct_cup_evidence,No
1,Day 1,Tray 3,3,DJI_20260618124235_0004,46,5,6,2100.728,1542.522,1953.664,1395.459,2247.791,1689.586,294.127,0.0088,direct_cup_evidence,No
1,Day 1,Tray 3,3,DJI_20260618124235_0004,47,5,7,2482.097,1538.261,2335.034,1391.198,2629.161,1685.325,294.127,0.0063,direct_cup_evidence,No
1,Day 1,Tray 3,3,DJI_20260618124235_0004,48,5,8,2871.989,1540.392,2724.925,1393.328,3019.052,1687.455,294.127,0.023,direct_cup_evidence,No
1,Day 1,Tray 3,3,DJI_20260618124235_0004,49,5,9,3238.444,1538.261,3091.381,1391.198,3385.508,1685.325,294.127,0.0234,direct_cup_evidence,No
1,Day 1,Tray 3,3,DJI_20260618124235_0004,50,5,10,3619.814,1527.608,3472.75,1380.545,3766.877,1674.672,294.127,0.0454,direct_cup_evidence,No
1,Day 1,Tray 3,3,DJI_20260618124235_0004,51,6,1,206.664,1859.975,59.6,1712.911,353.727,2007.039,294.127,0.0322,direct_cup_evidence,No
1,Day 1,Tray 3,3,DJI_20260618124235_0004,52,6,2,581.642,1859.975,434.578,1712.911,728.705,2007.039,294.127,0.0198,direct_cup_evidence,No
1,Day 1,Tray 3,3,DJI_20260618124235_0004,53,6,3,977.925,1902.586,830.861,1755.523,1124.989,2049.65,294.127,0.1234,direct_cup_evidence,No
1,Day 1,Tray 3,3,DJI_20260618124235_0004,54,6,4,1337.989,1868.497,1190.925,1721.434,1485.052,2015.561,294.127,0.0136,direct_cup_evidence,No
1,Day 1,Tray 3,3,DJI_20260618124235_0004,55,6,5,1719.358,1868.497,1572.295,1721.434,1866.422,2015.561,294.127,0.0133,direct_cup_evidence,No
1,Day 1,Tray 3,3,DJI_20260618124235_0004,56,6,6,2107.119,1868.497,1960.056,1721.434,2254.183,2015.561,294.127,0.0097,direct_cup_evidence,No
1,Day 1,Tray 3,3,DJI_20260618124235_0004,57,6,7,2488.489,1859.975,2341.425,1712.911,2635.552,2007.039,294.127,0.0225,direct_cup_evidence,No
1,Day 1,Tray 3,3,DJI_20260618124235_0004,58,6,8,2835.769,1908.978,2688.706,1761.914,2982.833,2056.041,294.127,0.1604,direct_cup_evidence,No
1,Day 1,Tray 3,3,DJI_20260618124235_0004,59,6,9,3240.575,1855.714,3093.511,1708.65,3387.639,2002.777,294.127,0.0425,direct_cup_evidence,No
1,Day 1,Tray 3,3,DJI_20260618124235_0004,60,6,10,3624.075,1855.714,3477.011,1708.65,3771.139,2002.777,294.127,0.0396,direct_cup_evidence,No
1,Day 1,Tray 3,3,DJI_20260618124235_0004,61,7,1,208.794,2179.558,61.731,2032.495,355.858,2326.622,294.127,0.0472,direct_cup_evidence,No
1,Day 1,Tray 3,3,DJI_20260618124235_0004,62,7,2,581.642,2190.211,434.578,2043.148,728.705,2337.275,294.127,0.008,direct_cup_evidence,No
1,Day 1,Tray 3,3,DJI_20260618124235_0004,63,7,3,960.881,2188.081,813.817,2041.017,1107.944,2335.144,294.127,0.0166,direct_cup_evidence,No
1,Day 1,Tray 3,3,DJI_20260618124235_0004,64,7,4,1344.381,2190.211,1197.317,2043.148,1491.444,2337.275,294.127,0.009,direct_cup_evidence,No
1,Day 1,Tray 3,3,DJI_20260618124235_0004,65,7,5,1727.881,2194.472,1580.817,2047.409,1874.944,2341.536,294.127,0.0071,direct_cup_evidence,No
1,Day 1,Tray 3,3,DJI_20260618124235_0004,66,7,6,2111.381,2215.778,1964.317,2068.714,2258.444,2362.841,294.127,0.0695,direct_cup_evidence,No
1,Day 1,Tray 3,3,DJI_20260618124235_0004,67,7,7,2486.358,2188.081,2339.295,2041.017,2633.422,2335.144,294.127,0.0182,direct_cup_evidence,No
1,Day 1,Tray 3,3,DJI_20260618124235_0004,68,7,8,2869.858,2188.081,2722.795,2041.017,3016.922,2335.144,294.127,0.0175,direct_cup_evidence,No
1,Day 1,Tray 3,3,DJI_20260618124235_0004,69,7,9,3240.575,2177.428,3093.511,2030.364,3387.639,2324.491,294.127,0.06,direct_cup_evidence,No
1,Day 1,Tray 3,3,DJI_20260618124235_0004,70,7,10,3664.556,2194.472,3517.492,2047.409,3811.619,2341.536,294.127,0.0982,direct_cup_evidence,No
1,Day 1,Tray 4,4,DJI_20260618124331_0005,1,1,1,216.196,224.758,70.115,78.677,362.277,370.839,292.162,0.0264,direct_cup_evidence,No
1,Day 1,Tray 4,4,DJI_20260618124331_0005,2,1,2,622.902,226.899,476.821,80.818,768.983,372.98,292.162,0.0835,direct_cup_evidence,No
1,Day 1,Tray 4,4,DJI_20260618124331_0005,3,1,3,978.234,226.899,832.153,80.818,1124.315,372.98,292.162,0.0087,direct_cup_evidence,No
1,Day 1,Tray 4,4,DJI_20260618124331_0005,4,1,4,1357.112,229.039,1211.031,82.958,1503.193,375.121,292.162,0.0119,direct_cup_evidence,No
1,Day 1,Tray 4,4,DJI_20260618124331_0005,5,1,5,1750.974,229.039,1604.893,82.958,1897.056,375.121,292.162,0.0253,direct_cup_evidence,No
1,Day 1,Tray 4,4,DJI_20260618124331_0005,6,1,6,2129.853,226.899,1983.772,80.818,2275.934,372.98,292.162,0.0148,direct_cup_evidence,No
1,Day 1,Tray 4,4,DJI_20260618124331_0005,7,1,7,2515.153,233.321,2369.072,87.239,2661.234,379.402,292.162,0.0385,direct_cup_evidence,No
1,Day 1,Tray 4,4,DJI_20260618124331_0005,8,1,8,2891.891,226.899,2745.809,80.818,3037.972,372.98,292.162,0.0174,direct_cup_evidence,No
1,Day 1,Tray 4,4,DJI_20260618124331_0005,9,1,9,3270.769,235.461,3124.688,89.38,3416.85,381.542,292.162,0.0484,direct_cup_evidence,No
1,Day 1,Tray 4,4,DJI_20260618124331_0005,10,1,10,3628.242,222.618,3482.161,76.537,3774.323,368.699,292.162,0.0833,direct_cup_evidence,No
1,Day 1,Tray 4,4,DJI_20260618124331_0005,11,2,1,209.774,554.404,63.693,408.323,355.856,700.485,292.162,0.0134,direct_cup_evidence,No
1,Day 1,Tray 4,4,DJI_20260618124331_0005,12,2,2,592.934,550.123,446.853,404.042,739.015,696.204,292.162,0.0192,direct_cup_evidence,No
1,Day 1,Tray 4,4,DJI_20260618124331_0005,13,2,3,978.234,554.404,832.153,408.323,1124.315,700.485,292.162,0.0026,direct_cup_evidence,No
1,Day 1,Tray 4,4,DJI_20260618124331_0005,14,2,4,1365.674,550.123,1219.593,404.042,1511.756,696.204,292.162,0.0199,direct_cup_evidence,No
1,Day 1,Tray 4,4,DJI_20260618124331_0005,15,2,5,1740.272,550.123,1594.191,404.042,1886.353,696.204,292.162,0.0063,direct_cup_evidence,No
1,Day 1,Tray 4,4,DJI_20260618124331_0005,16,2,6,2125.572,554.404,1979.491,408.323,2271.653,700.485,292.162,0.0158,direct_cup_evidence,No
1,Day 1,Tray 4,4,DJI_20260618124331_0005,17,2,7,2513.012,556.544,2366.931,410.463,2659.093,702.626,292.162,0.0332,direct_cup_evidence,No
1,Day 1,Tray 4,4,DJI_20260618124331_0005,18,2,8,2896.172,550.123,2750.091,404.042,3042.253,696.204,292.162,0.025,direct_cup_evidence,No
1,Day 1,Tray 4,4,DJI_20260618124331_0005,19,2,9,3272.909,558.685,3126.828,412.604,3418.991,704.766,292.162,0.044,direct_cup_evidence,No
1,Day 1,Tray 4,4,DJI_20260618124331_0005,20,2,10,3651.788,558.685,3505.707,412.604,3797.869,704.766,292.162,0.0492,direct_cup_evidence,No
1,Day 1,Tray 4,4,DJI_20260618124331_0005,21,3,1,196.931,877.628,50.85,731.547,343.012,1023.709,292.162,0.0473,direct_cup_evidence,No
1,Day 1,Tray 4,4,DJI_20260618124331_0005,22,3,2,588.653,877.628,442.572,731.547,734.734,1023.709,292.162,0.0187,direct_cup_evidence,No
1,Day 1,Tray 4,4,DJI_20260618124331_0005,23,3,3,993.218,879.768,847.137,733.687,1139.299,1025.849,292.162,0.0522,direct_cup_evidence,No
1,Day 1,Tray 4,4,DJI_20260618124331_0005,24,3,4,1357.112,871.206,1211.031,725.125,1503.193,1017.287,292.162,0.0194,direct_cup_evidence,No
1,Day 1,Tray 4,4,DJI_20260618124331_0005,25,3,5,1744.553,877.628,1598.472,731.547,1890.634,1023.709,292.162,0.0126,direct_cup_evidence,No
1,Day 1,Tray 4,4,DJI_20260618124331_0005,26,3,6,2129.853,879.768,1983.772,733.687,2275.934,1025.849,292.162,0.0268,direct_cup_evidence,No
1,Day 1,Tray 4,4,DJI_20260618124331_0005,27,3,7,2472.342,881.909,2326.261,735.828,2618.423,1027.99,292.162,0.1067,direct_cup_evidence,No
1,Day 1,Tray 4,4,DJI_20260618124331_0005,28,3,8,2898.312,879.768,2752.231,733.687,3044.393,1025.849,292.162,0.0422,direct_cup_evidence,No
1,Day 1,Tray 4,4,DJI_20260618124331_0005,29,3,9,3272.909,877.628,3126.828,731.547,3418.991,1023.709,292.162,0.0274,direct_cup_evidence,No
1,Day 1,Tray 4,4,DJI_20260618124331_0005,30,3,10,3653.928,879.768,3507.847,733.687,3800.009,1025.849,292.162,0.0381,direct_cup_evidence,No
1,Day 1,Tray 4,4,DJI_20260618124331_0005,31,4,1,199.072,1198.711,52.991,1052.63,345.153,1344.792,292.162,0.0432,direct_cup_evidence,No
1,Day 1,Tray 4,4,DJI_20260618124331_0005,32,4,2,595.074,1202.992,448.993,1056.911,741.156,1349.073,292.162,0.0098,direct_cup_evidence,No
1,Day 1,Tray 4,4,DJI_20260618124331_0005,33,4,3,978.234,1200.852,832.153,1054.771,1124.315,1346.933,292.162,0.0127,direct_cup_evidence,No
1,Day 1,Tray 4,4,DJI_20260618124331_0005,34,4,4,1363.534,1205.133,1217.453,1059.052,1509.615,1351.214,292.162,0.021,direct_cup_evidence,No
1,Day 1,Tray 4,4,DJI_20260618124331_0005,35,4,5,1744.553,1205.133,1598.472,1059.052,1890.634,1351.214,292.162,0.0208,direct_cup_evidence,No
1,Day 1,Tray 4,4,DJI_20260618124331_0005,36,4,6,2095.604,1170.884,1949.523,1024.803,2241.685,1316.965,292.162,0.1184,direct_cup_evidence,No
1,Day 1,Tray 4,4,DJI_20260618124331_0005,37,4,7,2508.731,1179.446,2362.65,1033.365,2654.812,1325.527,292.162,0.0556,direct_cup_evidence,No
1,Day 1,Tray 4,4,DJI_20260618124331_0005,38,4,8,2894.031,1198.711,2747.95,1052.63,3040.112,1344.792,292.162,0.0243,direct_cup_evidence,No
1,Day 1,Tray 4,4,DJI_20260618124331_0005,39,4,9,3257.926,1134.494,3111.844,988.413,3404.007,1280.576,292.162,0.1857,direct_cup_evidence,No
1,Day 1,Tray 4,4,DJI_20260618124331_0005,40,4,10,3651.788,1205.133,3505.707,1059.052,3797.869,1351.214,292.162,0.0402,direct_cup_evidence,No
1,Day 1,Tray 4,4,DJI_20260618124331_0005,41,5,1,203.353,1517.654,57.272,1371.573,349.434,1663.735,292.162,0.0465,direct_cup_evidence,No
1,Day 1,Tray 4,4,DJI_20260618124331_0005,42,5,2,584.372,1530.497,438.291,1384.416,730.453,1676.578,292.162,0.0227,direct_cup_evidence,No
1,Day 1,Tray 4,4,DJI_20260618124331_0005,43,5,3,973.953,1532.638,827.872,1386.557,1120.034,1678.719,292.162,0.0136,direct_cup_evidence,No
1,Day 1,Tray 4,4,DJI_20260618124331_0005,44,5,4,1354.972,1526.216,1208.891,1380.135,1501.053,1672.297,292.162,0.0045,direct_cup_evidence,No
1,Day 1,Tray 4,4,DJI_20260618124331_0005,45,5,5,1742.412,1536.919,1596.331,1390.838,1888.493,1683.0,292.162,0.0387,direct_cup_evidence,No
1,Day 1,Tray 4,4,DJI_20260618124331_0005,46,5,6,2129.853,1536.919,1983.772,1390.838,2275.934,1683.0,292.162,0.05,direct_cup_evidence,No
1,Day 1,Tray 4,4,DJI_20260618124331_0005,47,5,7,2502.309,1504.811,2356.228,1358.729,2648.391,1650.892,292.162,0.0519,direct_cup_evidence,No
1,Day 1,Tray 4,4,DJI_20260618124331_0005,48,5,8,2909.015,1543.341,2762.934,1397.259,3055.096,1689.422,292.162,0.1015,direct_cup_evidence,No
1,Day 1,Tray 4,4,DJI_20260618124331_0005,49,5,9,3245.082,1498.389,3099.001,1352.308,3391.163,1644.47,292.162,0.0939,direct_cup_evidence,No
1,Day 1,Tray 4,4,DJI_20260618124331_0005,50,5,10,3650.466,1516.701,3504.385,1370.62,3796.547,1662.782,292.162,0.2622,global_lattice_fitted,Yes
1,Day 1,Tray 4,4,DJI_20260618124331_0005,51,6,1,207.634,1845.159,61.553,1699.078,353.715,1991.24,292.162,0.0338,direct_cup_evidence,No
1,Day 1,Tray 4,4,DJI_20260618124331_0005,52,6,2,584.372,1855.862,438.291,1709.781,730.453,2001.943,292.162,0.0196,direct_cup_evidence,No
1,Day 1,Tray 4,4,DJI_20260618124331_0005,53,6,3,973.953,1855.862,827.872,1709.781,1120.034,2001.943,292.162,0.0099,direct_cup_evidence,No
1,Day 1,Tray 4,4,DJI_20260618124331_0005,54,6,4,1354.972,1860.143,1208.891,1714.062,1501.053,2006.224,292.162,0.0276,direct_cup_evidence,No
1,Day 1,Tray 4,4,DJI_20260618124331_0005,55,6,5,1742.412,1864.424,1596.331,1718.343,1888.493,2010.505,292.162,0.0482,direct_cup_evidence,No
1,Day 1,Tray 4,4,DJI_20260618124331_0005,56,6,6,2129.853,1864.424,1983.772,1718.343,2275.934,2010.505,292.162,0.0593,direct_cup_evidence,No
1,Day 1,Tray 4,4,DJI_20260618124331_0005,57,6,7,2515.153,1860.143,2369.072,1714.062,2661.234,2006.224,292.162,0.0583,direct_cup_evidence,No
1,Day 1,Tray 4,4,DJI_20260618124331_0005,58,6,8,2921.858,1894.392,2775.777,1748.311,3067.939,2040.473,292.162,0.1914,direct_cup_evidence,No
1,Day 1,Tray 4,4,DJI_20260618124331_0005,59,6,9,3260.066,1815.191,3113.985,1669.11,3406.147,1961.272,292.162,0.0882,direct_cup_evidence,No
1,Day 1,Tray 4,4,DJI_20260618124331_0005,60,6,10,3681.756,1879.408,3535.674,1733.327,3827.837,2025.489,292.162,0.154,direct_cup_evidence,No
1,Day 1,Tray 4,4,DJI_20260618124331_0005,61,7,1,199.072,2172.664,52.991,2026.583,345.153,2318.745,292.162,0.0351,direct_cup_evidence,No
1,Day 1,Tray 4,4,DJI_20260618124331_0005,62,7,2,582.231,2187.648,436.15,2041.567,728.312,2333.729,292.162,0.0345,direct_cup_evidence,No
1,Day 1,Tray 4,4,DJI_20260618124331_0005,63,7,3,967.531,2189.788,821.45,2043.707,1113.612,2335.869,292.162,0.0402,direct_cup_evidence,No
1,Day 1,Tray 4,4,DJI_20260618124331_0005,64,7,4,1357.112,2191.929,1211.031,2045.848,1503.193,2338.01,292.162,0.0505,direct_cup_evidence,No
1,Day 1,Tray 4,4,DJI_20260618124331_0005,65,7,5,1742.412,2191.929,1596.331,2045.848,1888.493,2338.01,292.162,0.0577,direct_cup_evidence,No
1,Day 1,Tray 4,4,DJI_20260618124331_0005,66,7,6,2117.009,2181.226,1970.928,2035.145,2263.091,2327.307,292.162,0.0274,direct_cup_evidence,No
1,Day 1,Tray 4,4,DJI_20260618124331_0005,67,7,7,2515.153,2189.788,2369.072,2043.707,2661.234,2335.869,292.162,0.0724,direct_cup_evidence,No
1,Day 1,Tray 4,4,DJI_20260618124331_0005,68,7,8,2900.453,2176.945,2754.372,2030.864,3046.534,2323.026,292.162,0.0573,direct_cup_evidence,No
1,Day 1,Tray 4,4,DJI_20260618124331_0005,69,7,9,3270.769,2181.226,3124.688,2035.145,3416.85,2327.307,292.162,0.0446,direct_cup_evidence,No
1,Day 1,Tray 4,4,DJI_20260618124331_0005,70,7,10,3653.928,2174.804,3507.847,2028.723,3800.009,2320.886,292.162,0.0324,direct_cup_evidence,No
1,Day 1,Tray 5,5,DJI_20260618124449_0006,1,1,1,192.212,217.559,44.052,69.399,340.372,365.719,296.32,0.034,direct_cup_evidence,No
1,Day 1,Tray 5,5,DJI_20260618124449_0006,2,1,2,568.188,211.222,420.028,63.062,716.348,359.382,296.32,0.0265,direct_cup_evidence,No
1,Day 1,Tray 5,5,DJI_20260618124449_0006,3,1,3,946.276,206.998,798.115,58.838,1094.436,355.158,296.32,0.0347,direct_cup_evidence,No
1,Day 1,Tray 5,5,DJI_20260618124449_0006,4,1,4,1337.037,200.661,1188.876,52.501,1485.197,348.821,296.32,0.0318,direct_cup_evidence,No
1,Day 1,Tray 5,5,DJI_20260618124449_0006,5,1,5,1715.124,204.886,1566.964,56.725,1863.285,353.046,296.32,0.0263,direct_cup_evidence,No
1,Day 1,Tray 5,5,DJI_20260618124449_0006,6,1,6,2101.661,204.886,1953.501,56.725,2249.821,353.046,296.32,0.0274,direct_cup_evidence,No
1,Day 1,Tray 5,5,DJI_20260618124449_0006,7,1,7,2490.31,209.11,2342.15,60.95,2638.47,357.27,296.32,0.0328,direct_cup_evidence,No
1,Day 1,Tray 5,5,DJI_20260618124449_0006,8,1,8,2872.622,211.222,2724.462,63.062,3020.782,359.382,296.32,0.0351,direct_cup_evidence,No
1,Day 1,Tray 5,5,DJI_20260618124449_0006,9,1,9,3252.822,209.11,3104.662,60.95,3400.982,357.27,296.32,0.0394,direct_cup_evidence,No
1,Day 1,Tray 5,5,DJI_20260618124449_0006,10,1,10,3620.349,209.11,3472.189,60.95,3768.509,357.27,296.32,0.0337,direct_cup_evidence,No
1,Day 1,Tray 5,5,DJI_20260618124449_0006,11,2,1,192.212,542.841,44.052,394.681,340.372,691.001,296.32,0.0245,direct_cup_evidence,No
1,Day 1,Tray 5,5,DJI_20260618124449_0006,12,2,2,572.412,547.066,424.252,398.905,720.572,695.226,296.32,0.0331,direct_cup_evidence,No
1,Day 1,Tray 5,5,DJI_20260618124449_0006,13,2,3,948.388,540.729,800.228,392.569,1096.548,688.889,296.32,0.0315,direct_cup_evidence,No
1,Day 1,Tray 5,5,DJI_20260618124449_0006,14,2,4,1334.924,542.841,1186.764,394.681,1483.085,691.001,296.32,0.0162,direct_cup_evidence,No
1,Day 1,Tray 5,5,DJI_20260618124449_0006,15,2,5,1719.349,542.841,1571.189,394.681,1867.509,691.001,296.32,0.0052,direct_cup_evidence,No
1,Day 1,Tray 5,5,DJI_20260618124449_0006,16,2,6,2107.998,540.729,1959.838,392.569,2256.158,688.889,296.32,0.0207,direct_cup_evidence,No
1,Day 1,Tray 5,5,DJI_20260618124449_0006,17,2,7,2486.086,540.729,2337.925,392.569,2634.246,688.889,296.32,0.0155,direct_cup_evidence,No
1,Day 1,Tray 5,5,DJI_20260618124449_0006,18,2,8,2870.51,540.729,2722.35,392.569,3018.67,688.889,296.32,0.0261,direct_cup_evidence,No
1,Day 1,Tray 5,5,DJI_20260618124449_0006,19,2,9,3259.159,542.841,3110.999,394.681,3407.319,691.001,296.32,0.0461,direct_cup_evidence,No
1,Day 1,Tray 5,5,DJI_20260618124449_0006,20,2,10,3630.91,549.178,3482.75,401.018,3779.07,697.338,296.32,0.0161,direct_cup_evidence,No
1,Day 1,Tray 5,5,DJI_20260618124449_0006,21,3,1,196.437,866.011,48.276,717.851,344.597,1014.171,296.32,0.0046,direct_cup_evidence,No
1,Day 1,Tray 5,5,DJI_20260618124449_0006,22,3,2,574.524,870.236,426.364,722.075,722.685,1018.396,296.32,0.0168,direct_cup_evidence,No
1,Day 1,Tray 5,5,DJI_20260618124449_0006,23,3,3,948.388,870.236,800.228,722.075,1096.548,1018.396,296.32,0.0353,direct_cup_evidence,No
1,Day 1,Tray 5,5,DJI_20260618124449_0006,24,3,4,1334.924,876.572,1186.764,728.412,1483.085,1024.732,296.32,0.0279,direct_cup_evidence,No
1,Day 1,Tray 5,5,DJI_20260618124449_0006,25,3,5,1715.124,889.246,1566.964,741.085,1863.285,1037.406,296.32,0.0593,direct_cup_evidence,No
1,Day 1,Tray 5,5,DJI_20260618124449_0006,26,3,6,2110.11,876.572,1961.95,728.412,2258.27,1024.732,296.32,0.0256,direct_cup_evidence,No
1,Day 1,Tray 5,5,DJI_20260618124449_0006,27,3,7,2490.31,872.348,2342.15,724.188,2638.47,1020.508,296.32,0.0201,direct_cup_evidence,No
1,Day 1,Tray 5,5,DJI_20260618124449_0006,28,3,8,2870.51,868.123,2722.35,719.963,3018.67,1016.284,296.32,0.0274,direct_cup_evidence,No
1,Day 1,Tray 5,5,DJI_20260618124449_0006,29,3,9,3248.598,872.348,3100.438,724.188,3396.758,1020.508,296.32,0.0152,direct_cup_evidence,No
1,Day 1,Tray 5,5,DJI_20260618124449_0006,30,3,10,3620.349,872.348,3472.189,724.188,3768.509,1020.508,296.32,0.026,direct_cup_evidence,No
1,Day 1,Tray 5,5,DJI_20260618124449_0006,31,4,1,196.437,1195.518,48.276,1047.358,344.597,1343.678,296.32,0.0083,direct_cup_evidence,No
1,Day 1,Tray 5,5,DJI_20260618124449_0006,32,4,2,576.637,1199.742,428.476,1051.582,724.797,1347.902,296.32,0.0154,direct_cup_evidence,No
1,Day 1,Tray 5,5,DJI_20260618124449_0006,33,4,3,954.724,1197.63,806.564,1049.47,1102.885,1345.79,296.32,0.0191,direct_cup_evidence,No
1,Day 1,Tray 5,5,DJI_20260618124449_0006,34,4,4,1341.261,1206.079,1193.101,1057.919,1489.421,1354.239,296.32,0.0224,direct_cup_evidence,No
1,Day 1,Tray 5,5,DJI_20260618124449_0006,35,4,5,1715.124,1206.079,1566.964,1057.919,1863.285,1354.239,296.32,0.03,direct_cup_evidence,No
1,Day 1,Tray 5,5,DJI_20260618124449_0006,36,4,6,2114.334,1208.191,1966.174,1060.031,2262.495,1356.351,296.32,0.0372,direct_cup_evidence,No
1,Day 1,Tray 5,5,DJI_20260618124449_0006,37,4,7,2490.31,1206.079,2342.15,1057.919,2638.47,1354.239,296.32,0.0186,direct_cup_evidence,No
1,Day 1,Tray 5,5,DJI_20260618124449_0006,38,4,8,2868.398,1208.191,2720.238,1060.031,3016.558,1356.351,296.32,0.0137,direct_cup_evidence,No
1,Day 1,Tray 5,5,DJI_20260618124449_0006,39,4,9,3252.822,1206.079,3104.662,1057.919,3400.982,1354.239,296.32,0.0176,direct_cup_evidence,No
1,Day 1,Tray 5,5,DJI_20260618124449_0006,40,4,10,3618.237,1199.742,3470.076,1051.582,3766.397,1347.902,296.32,0.0374,direct_cup_evidence,No
1,Day 1,Tray 5,5,DJI_20260618124449_0006,41,5,1,211.222,1516.576,63.062,1368.415,359.382,1664.736,296.32,0.04,direct_cup_evidence,No
1,Day 1,Tray 5,5,DJI_20260618124449_0006,42,5,2,585.086,1531.361,436.925,1383.201,733.246,1679.521,296.32,0.0221,direct_cup_evidence,No
1,Day 1,Tray 5,5,DJI_20260618124449_0006,43,5,3,958.949,1529.249,810.789,1381.089,1107.109,1677.409,296.32,0.0128,direct_cup_evidence,No
1,Day 1,Tray 5,5,DJI_20260618124449_0006,44,5,4,1339.149,1535.586,1190.989,1387.425,1487.309,1683.746,296.32,0.0262,direct_cup_evidence,No
1,Day 1,Tray 5,5,DJI_20260618124449_0006,45,5,5,1721.461,1535.586,1573.301,1387.425,1869.621,1683.746,296.32,0.0206,direct_cup_evidence,No
1,Day 1,Tray 5,5,DJI_20260618124449_0006,46,5,6,2112.222,1527.137,1964.062,1378.976,2260.382,1675.297,296.32,0.024,direct_cup_evidence,No
1,Day 1,Tray 5,5,DJI_20260618124449_0006,47,5,7,2488.198,1535.586,2340.038,1387.425,2636.358,1683.746,296.32,0.0119,direct_cup_evidence,No
1,Day 1,Tray 5,5,DJI_20260618124449_0006,48,5,8,2872.622,1535.586,2724.462,1387.425,3020.782,1683.746,296.32,0.0174,direct_cup_evidence,No
1,Day 1,Tray 5,5,DJI_20260618124449_0006,49,5,9,3250.71,1531.361,3102.55,1383.201,3398.87,1679.521,296.32,0.0134,direct_cup_evidence,No
1,Day 1,Tray 5,5,DJI_20260618124449_0006,50,5,10,3616.124,1529.249,3467.964,1381.089,3764.285,1677.409,296.32,0.0454,direct_cup_evidence,No
1,Day 1,Tray 5,5,DJI_20260618124449_0006,51,6,1,211.222,1848.194,63.062,1700.034,359.382,1996.355,296.32,0.0332,direct_cup_evidence,No
1,Day 1,Tray 5,5,DJI_20260618124449_0006,52,6,2,587.198,1848.194,439.038,1700.034,735.358,1996.355,296.32,0.0239,direct_cup_evidence,No
1,Day 1,Tray 5,5,DJI_20260618124449_0006,53,6,3,965.286,1854.531,817.125,1706.371,1113.446,2002.691,296.32,0.0069,direct_cup_evidence,No
1,Day 1,Tray 5,5,DJI_20260618124449_0006,54,6,4,1345.486,1858.756,1197.325,1710.595,1493.646,2006.916,296.32,0.0056,direct_cup_evidence,No
1,Day 1,Tray 5,5,DJI_20260618124449_0006,55,6,5,1732.022,1856.643,1583.862,1708.483,1880.182,2004.804,296.32,0.0209,direct_cup_evidence,No
1,Day 1,Tray 5,5,DJI_20260618124449_0006,56,6,6,2107.998,1867.204,1959.838,1719.044,2256.158,2015.365,296.32,0.0223,direct_cup_evidence,No
1,Day 1,Tray 5,5,DJI_20260618124449_0006,57,6,7,2488.198,1860.868,2340.038,1712.708,2636.358,2009.028,296.32,0.0029,direct_cup_evidence,No
1,Day 1,Tray 5,5,DJI_20260618124449_0006,58,6,8,2868.398,1860.868,2720.238,1712.708,3016.558,2009.028,296.32,0.006,direct_cup_evidence,No
1,Day 1,Tray 5,5,DJI_20260618124449_0006,59,6,9,3233.812,1852.419,3085.652,1704.259,3381.972,2000.579,296.32,0.0596,direct_cup_evidence,No
1,Day 1,Tray 5,5,DJI_20260618124449_0006,60,6,10,3626.686,1820.736,3478.525,1672.575,3774.846,1968.896,296.32,0.1369,direct_cup_evidence,No
1,Day 1,Tray 5,5,DJI_20260618124449_0006,61,7,1,213.334,2160.803,65.174,2012.643,361.495,2308.964,296.32,0.0729,direct_cup_evidence,No
1,Day 1,Tray 5,5,DJI_20260618124449_0006,62,7,2,597.759,2169.252,449.599,2021.092,745.919,2317.412,296.32,0.0613,direct_cup_evidence,No
1,Day 1,Tray 5,5,DJI_20260618124449_0006,63,7,3,973.734,2184.038,825.574,2035.878,1121.895,2332.198,296.32,0.0278,direct_cup_evidence,No
1,Day 1,Tray 5,5,DJI_20260618124449_0006,64,7,4,1341.261,2186.15,1193.101,2037.99,1489.421,2334.31,296.32,0.0133,direct_cup_evidence,No
1,Day 1,Tray 5,5,DJI_20260618124449_0006,65,7,5,1721.461,2184.038,1573.301,2035.878,1869.621,2332.198,296.32,0.0196,direct_cup_evidence,No
1,Day 1,Tray 5,5,DJI_20260618124449_0006,66,7,6,2107.998,2188.262,1959.838,2040.102,2256.158,2336.422,296.32,0.0033,direct_cup_evidence,No
1,Day 1,Tray 5,5,DJI_20260618124449_0006,67,7,7,2486.086,2188.262,2337.925,2040.102,2634.246,2336.422,296.32,0.0107,direct_cup_evidence,No
1,Day 1,Tray 5,5,DJI_20260618124449_0006,68,7,8,2857.837,2177.701,2709.676,2029.541,3005.997,2325.861,296.32,0.0566,direct_cup_evidence,No
1,Day 1,Tray 5,5,DJI_20260618124449_0006,69,7,9,3235.924,2186.15,3087.764,2037.99,3384.085,2334.31,296.32,0.05,direct_cup_evidence,No
1,Day 1,Tray 5,5,DJI_20260618124449_0006,70,7,10,3620.349,2165.028,3472.189,2016.868,3768.509,2313.188,296.32,0.097,direct_cup_evidence,No
1,Day 1,Tray 6,6,DJI_20260618123542_0001,1,1,1,212.85,249.4,70.286,106.836,355.414,391.964,285.127,0.0684,direct_cup_evidence,No
1,Day 1,Tray 6,6,DJI_20260618123542_0001,2,1,2,595.55,251.55,452.986,108.986,738.114,394.114,285.127,0.055,direct_cup_evidence,No
1,Day 1,Tray 6,6,DJI_20260618123542_0001,3,1,3,982.55,238.65,839.986,96.086,1125.114,381.214,285.127,0.088,direct_cup_evidence,No
1,Day 1,Tray 6,6,DJI_20260618123542_0001,4,1,4,1365.25,242.95,1222.686,100.386,1507.814,385.514,285.127,0.0677,direct_cup_evidence,No
1,Day 1,Tray 6,6,DJI_20260618123542_0001,5,1,5,1756.55,240.8,1613.986,98.236,1899.114,383.364,285.127,0.068,direct_cup_evidence,No
1,Day 1,Tray 6,6,DJI_20260618123542_0001,6,1,6,2137.1,234.35,1994.536,91.786,2279.664,376.914,285.127,0.08,direct_cup_evidence,No
1,Day 1,Tray 6,6,DJI_20260618123542_0001,7,1,7,2521.95,240.8,2379.386,98.236,2664.514,383.364,285.127,0.0525,direct_cup_evidence,No
1,Day 1,Tray 6,6,DJI_20260618123542_0001,8,1,8,2904.65,247.25,2762.086,104.686,3047.214,389.814,285.127,0.026,direct_cup_evidence,No
1,Day 1,Tray 6,6,DJI_20260618123542_0001,9,1,9,3285.2,247.25,3142.636,104.686,3427.764,389.814,285.127,0.0272,direct_cup_evidence,No
1,Day 1,Tray 6,6,DJI_20260618123542_0001,10,1,10,3659.3,234.35,3516.736,91.786,3801.864,376.914,285.127,0.0748,direct_cup_evidence,No
1,Day 1,Tray 6,6,DJI_20260618123542_0001,11,2,1,208.55,574.05,65.986,431.486,351.114,716.614,285.127,0.0465,direct_cup_evidence,No
1,Day 1,Tray 6,6,DJI_20260618123542_0001,12,2,2,602.0,574.05,459.436,431.486,744.564,716.614,285.127,0.038,direct_cup_evidence,No
1,Day 1,Tray 6,6,DJI_20260618123542_0001,13,2,3,995.45,574.05,852.886,431.486,1138.014,716.614,285.127,0.0482,direct_cup_evidence,No
1,Day 1,Tray 6,6,DJI_20260618123542_0001,14,2,4,1369.55,569.75,1226.986,427.186,1512.114,712.314,285.127,0.0359,direct_cup_evidence,No
1,Day 1,Tray 6,6,DJI_20260618123542_0001,15,2,5,1752.25,563.3,1609.686,420.736,1894.814,705.864,285.127,0.0489,direct_cup_evidence,No
1,Day 1,Tray 6,6,DJI_20260618123542_0001,16,2,6,2139.25,569.75,1996.686,427.186,2281.814,712.314,285.127,0.0219,direct_cup_evidence,No
1,Day 1,Tray 6,6,DJI_20260618123542_0001,17,2,7,2530.55,565.45,2387.986,422.886,2673.114,708.014,285.127,0.0375,direct_cup_evidence,No
1,Day 1,Tray 6,6,DJI_20260618123542_0001,18,2,8,2906.8,569.75,2764.236,427.186,3049.364,712.314,285.127,0.0072,direct_cup_evidence,No
1,Day 1,Tray 6,6,DJI_20260618123542_0001,19,2,9,3291.65,569.75,3149.086,427.186,3434.214,712.314,285.127,0.0016,direct_cup_evidence,No
1,Day 1,Tray 6,6,DJI_20260618123542_0001,20,2,10,3665.75,574.05,3523.186,431.486,3808.314,716.614,285.127,0.0411,direct_cup_evidence,No
1,Day 1,Tray 6,6,DJI_20260618123542_0001,21,3,1,217.15,907.3,74.586,764.736,359.714,1049.864,285.127,0.0127,direct_cup_evidence,No
1,Day 1,Tray 6,6,DJI_20260618123542_0001,22,3,2,591.25,900.85,448.686,758.286,733.814,1043.414,285.127,0.0247,direct_cup_evidence,No
1,Day 1,Tray 6,6,DJI_20260618123542_0001,23,3,3,982.55,905.15,839.986,762.586,1125.114,1047.714,285.127,0.0163,direct_cup_evidence,No
1,Day 1,Tray 6,6,DJI_20260618123542_0001,24,3,4,1369.55,905.15,1226.986,762.586,1512.114,1047.714,285.127,0.0232,direct_cup_evidence,No
1,Day 1,Tray 6,6,DJI_20260618123542_0001,25,3,5,1758.7,905.15,1616.136,762.586,1901.264,1047.714,285.127,0.0346,direct_cup_evidence,No
1,Day 1,Tray 6,6,DJI_20260618123542_0001,26,3,6,2137.1,894.4,1994.536,751.836,2279.664,1036.964,285.127,0.0047,direct_cup_evidence,No
1,Day 1,Tray 6,6,DJI_20260618123542_0001,27,3,7,2524.1,898.7,2381.536,756.136,2666.664,1041.264,285.127,0.0244,direct_cup_evidence,No
1,Day 1,Tray 6,6,DJI_20260618123542_0001,28,3,8,2932.6,862.15,2790.036,719.586,3075.164,1004.714,285.127,0.115,direct_cup_evidence,No
1,Day 1,Tray 6,6,DJI_20260618123542_0001,29,3,9,3308.85,913.75,3166.286,771.186,3451.414,1056.314,285.127,0.1002,direct_cup_evidence,No
1,Day 1,Tray 6,6,DJI_20260618123542_0001,30,3,10,3667.9,894.4,3525.336,751.836,3810.464,1036.964,285.127,0.0438,direct_cup_evidence,No
1,Day 1,Tray 6,6,DJI_20260618123542_0001,31,4,1,215.0,1229.8,72.436,1087.236,357.564,1372.364,285.127,0.0263,direct_cup_evidence,No
1,Day 1,Tray 6,6,DJI_20260618123542_0001,32,4,2,602.0,1236.25,459.436,1093.686,744.564,1378.814,285.127,0.0545,direct_cup_evidence,No
1,Day 1,Tray 6,6,DJI_20260618123542_0001,33,4,3,986.85,1236.25,844.286,1093.686,1129.414,1378.814,285.127,0.0616,direct_cup_evidence,No
1,Day 1,Tray 6,6,DJI_20260618123542_0001,34,4,4,1369.55,1231.95,1226.986,1089.386,1512.114,1374.514,285.127,0.0546,direct_cup_evidence,No
1,Day 1,Tray 6,6,DJI_20260618123542_0001,35,4,5,1756.55,1231.95,1613.986,1089.386,1899.114,1374.514,285.127,0.0624,direct_cup_evidence,No
1,Day 1,Tray 6,6,DJI_20260618123542_0001,36,4,6,2113.45,1242.7,1970.886,1100.136,2256.014,1385.264,285.127,0.1298,direct_cup_evidence,No
1,Day 1,Tray 6,6,DJI_20260618123542_0001,37,4,7,2526.25,1227.65,2383.686,1085.086,2668.814,1370.214,285.127,0.0632,direct_cup_evidence,No
1,Day 1,Tray 6,6,DJI_20260618123542_0001,38,4,8,2904.65,1229.8,2762.086,1087.236,3047.214,1372.364,285.127,0.0772,direct_cup_evidence,No
1,Day 1,Tray 6,6,DJI_20260618123542_0001,39,4,9,3293.8,1223.35,3151.236,1080.786,3436.364,1365.914,285.127,0.0633,direct_cup_evidence,No
1,Day 1,Tray 6,6,DJI_20260618123542_0001,40,4,10,3672.2,1219.05,3529.636,1076.486,3814.764,1361.614,285.127,0.0595,direct_cup_evidence,No
1,Day 1,Tray 6,6,DJI_20260618123542_0001,41,5,1,215.0,1556.6,72.436,1414.036,357.564,1699.164,285.127,0.0578,direct_cup_evidence,No
1,Day 1,Tray 6,6,DJI_20260618123542_0001,42,5,2,591.25,1563.05,448.686,1420.486,733.814,1705.614,285.127,0.0894,direct_cup_evidence,No
1,Day 1,Tray 6,6,DJI_20260618123542_0001,43,5,3,982.55,1563.05,839.986,1420.486,1125.114,1705.614,285.127,0.0927,direct_cup_evidence,No
1,Day 1,Tray 6,6,DJI_20260618123542_0001,44,5,4,1371.7,1565.2,1229.136,1422.636,1514.264,1707.764,285.127,0.1067,direct_cup_evidence,No
1,Day 1,Tray 6,6,DJI_20260618123542_0001,45,5,5,1756.55,1563.05,1613.986,1420.486,1899.114,1705.614,285.127,0.1071,direct_cup_evidence,No
1,Day 1,Tray 6,6,DJI_20260618123542_0001,46,5,6,2143.55,1563.05,2000.986,1420.486,2286.114,1705.614,285.127,0.1149,direct_cup_evidence,No
1,Day 1,Tray 6,6,DJI_20260618123542_0001,47,5,7,2530.55,1556.6,2387.986,1414.036,2673.114,1699.164,285.127,0.1031,direct_cup_evidence,No
1,Day 1,Tray 6,6,DJI_20260618123542_0001,48,5,8,2919.7,1556.6,2777.136,1414.036,3062.264,1699.164,285.127,0.1136,direct_cup_evidence,No
1,Day 1,Tray 6,6,DJI_20260618123542_0001,49,5,9,3295.95,1554.45,3153.386,1411.886,3438.514,1697.014,285.127,0.1087,direct_cup_evidence,No
1,Day 1,Tray 6,6,DJI_20260618123542_0001,50,5,10,3674.35,1543.7,3531.786,1401.136,3816.914,1686.264,285.127,0.0825,direct_cup_evidence,No
1,Day 1,Tray 6,6,DJI_20260618123542_0001,51,6,1,212.85,1892.0,70.286,1749.436,355.414,2034.564,285.127,0.1168,direct_cup_evidence,No
1,Day 1,Tray 6,6,DJI_20260618123542_0001,52,6,2,599.85,1892.0,457.286,1749.436,742.414,2034.564,285.127,0.1237,direct_cup_evidence,No
1,Day 1,Tray 6,6,DJI_20260618123542_0001,53,6,3,984.7,1887.7,842.136,1745.136,1127.264,2030.264,285.127,0.1173,direct_cup_evidence,No
1,Day 1,Tray 6,6,DJI_20260618123542_0001,54,6,4,1371.7,1894.15,1229.136,1751.586,1514.264,2036.714,285.127,0.1449,direct_cup_evidence,No
1,Day 1,Tray 6,6,DJI_20260618123542_0001,55,6,5,1760.85,1894.15,1618.286,1751.586,1903.414,2036.714,285.127,0.1533,direct_cup_evidence,No
1,Day 1,Tray 6,6,DJI_20260618123542_0001,56,6,6,2147.85,1887.7,2005.286,1745.136,2290.414,2030.264,285.127,0.1413,direct_cup_evidence,No
1,Day 1,Tray 6,6,DJI_20260618123542_0001,57,6,7,2532.7,1889.85,2390.136,1747.286,2675.264,2032.414,285.127,0.1551,direct_cup_evidence,No
1,Day 1,Tray 6,6,DJI_20260618123542_0001,58,6,8,2900.35,1868.35,2757.786,1725.786,3042.914,2010.914,285.127,0.0959,direct_cup_evidence,No
1,Day 1,Tray 6,6,DJI_20260618123542_0001,59,6,9,3298.1,1879.1,3155.536,1736.536,3440.664,2021.664,285.127,0.1338,direct_cup_evidence,No
1,Day 1,Tray 6,6,DJI_20260618123542_0001,60,6,10,3672.2,1866.2,3529.636,1723.636,3814.764,2008.764,285.127,0.1016,direct_cup_evidence,No
1,Day 1,Tray 6,6,DJI_20260618123542_0001,61,7,1,212.85,2216.65,70.286,2074.086,355.414,2359.214,285.127,0.1415,direct_cup_evidence,No
1,Day 1,Tray 6,6,DJI_20260618123542_0001,62,7,2,599.85,2225.25,457.286,2082.686,742.414,2367.814,285.127,0.1756,direct_cup_evidence,No
1,Day 1,Tray 6,6,DJI_20260618123542_0001,63,7,3,984.7,2225.25,842.136,2082.686,1127.264,2367.814,285.127,0.1827,direct_cup_evidence,No
1,Day 1,Tray 6,6,DJI_20260618123542_0001,64,7,4,1373.85,2225.25,1231.286,2082.686,1516.414,2367.814,285.127,0.1903,direct_cup_evidence,No
1,Day 1,Tray 6,6,DJI_20260618123542_0001,65,7,5,1758.7,2225.25,1616.136,2082.686,1901.264,2367.814,285.127,0.1974,direct_cup_evidence,No
1,Day 1,Tray 6,6,DJI_20260618123542_0001,66,7,6,2147.85,2225.25,2005.286,2082.686,2290.414,2367.814,285.127,0.2058,direct_cup_evidence,No
1,Day 1,Tray 6,6,DJI_20260618123542_0001,67,7,7,2532.7,2216.65,2390.136,2074.086,2675.264,2359.214,285.127,0.186,direct_cup_evidence,No
1,Day 1,Tray 6,6,DJI_20260618123542_0001,68,7,8,2917.55,2214.5,2774.986,2071.936,3060.114,2357.064,285.127,0.1864,direct_cup_evidence,No
1,Day 1,Tray 6,6,DJI_20260618123542_0001,69,7,9,3270.15,2212.35,3127.586,2069.786,3412.714,2354.914,285.127,0.1999,direct_cup_evidence,No
1,Day 1,Tray 6,6,DJI_20260618123542_0001,70,7,10,3682.95,2177.95,3540.386,2035.386,3825.514,2320.514,285.127,0.0846,direct_cup_evidence,No
1,Day 1,Tray 7,7,DJI_20260618123812_0002,1,1,1,219.504,247.209,71.789,99.494,367.22,394.924,295.43,0.0368,direct_cup_evidence,No
1,Day 1,Tray 7,7,DJI_20260618123812_0002,2,1,2,594.58,232.291,446.865,84.576,742.295,380.006,295.43,0.0138,direct_cup_evidence,No
1,Day 1,Tray 7,7,DJI_20260618123812_0002,3,1,3,969.656,236.553,821.94,88.838,1117.371,384.268,295.43,0.0188,direct_cup_evidence,No
1,Day 1,Tray 7,7,DJI_20260618123812_0002,4,1,4,1353.256,234.422,1205.54,86.707,1500.971,382.137,295.43,0.0139,direct_cup_evidence,No
1,Day 1,Tray 7,7,DJI_20260618123812_0002,5,1,5,1732.593,240.816,1584.878,93.1,1880.308,388.531,295.43,0.0195,direct_cup_evidence,No
1,Day 1,Tray 7,7,DJI_20260618123812_0002,6,1,6,2090.62,228.029,1942.905,80.314,2238.335,375.744,295.43,0.0913,direct_cup_evidence,No
1,Day 1,Tray 7,7,DJI_20260618123812_0002,7,1,7,2501.924,234.422,2354.209,86.707,2649.64,382.137,295.43,0.0114,direct_cup_evidence,No
1,Day 1,Tray 7,7,DJI_20260618123812_0002,8,1,8,2887.656,238.684,2739.94,90.969,3035.371,386.4,295.43,0.0198,direct_cup_evidence,No
1,Day 1,Tray 7,7,DJI_20260618123812_0002,9,1,9,3264.862,240.816,3117.147,93.1,3412.577,388.531,295.43,0.0115,direct_cup_evidence,No
1,Day 1,Tray 7,7,DJI_20260618123812_0002,10,1,10,3637.807,238.684,3490.092,90.969,3785.522,386.4,295.43,0.017,direct_cup_evidence,No
1,Day 1,Tray 7,7,DJI_20260618123812_0002,11,2,1,228.029,547.696,80.314,399.98,375.744,695.411,295.43,0.0715,direct_cup_evidence,No
1,Day 1,Tray 7,7,DJI_20260618123812_0002,12,2,2,592.449,569.007,444.734,421.292,740.164,716.722,295.43,0.0122,direct_cup_evidence,No
1,Day 1,Tray 7,7,DJI_20260618123812_0002,13,2,3,969.656,569.007,821.94,421.292,1117.371,716.722,295.43,0.018,direct_cup_evidence,No
1,Day 1,Tray 7,7,DJI_20260618123812_0002,14,2,4,1357.518,564.744,1209.803,417.029,1505.233,712.46,295.43,0.0071,direct_cup_evidence,No
1,Day 1,Tray 7,7,DJI_20260618123812_0002,15,2,5,1741.118,573.269,1593.403,425.554,1888.833,720.984,295.43,0.0275,direct_cup_evidence,No
1,Day 1,Tray 7,7,DJI_20260618123812_0002,16,2,6,2118.324,564.744,1970.609,417.029,2266.04,712.46,295.43,0.0041,direct_cup_evidence,No
1,Day 1,Tray 7,7,DJI_20260618123812_0002,17,2,7,2501.924,566.876,2354.209,419.16,2649.64,714.591,295.43,0.0107,direct_cup_evidence,No
1,Day 1,Tray 7,7,DJI_20260618123812_0002,18,2,8,2883.393,566.876,2735.678,419.16,3031.108,714.591,295.43,0.0117,direct_cup_evidence,No
1,Day 1,Tray 7,7,DJI_20260618123812_0002,19,2,9,3262.731,569.007,3115.016,421.292,3410.446,716.722,295.43,0.0103,direct_cup_evidence,No
1,Day 1,Tray 7,7,DJI_20260618123812_0002,20,2,10,3639.938,566.876,3492.223,419.16,3787.653,714.591,295.43,0.0058,direct_cup_evidence,No
1,Day 1,Tray 7,7,DJI_20260618123812_0002,21,3,1,215.242,892.936,67.527,745.22,362.957,1040.651,295.43,0.0146,direct_cup_evidence,No
1,Day 1,Tray 7,7,DJI_20260618123812_0002,22,3,2,590.318,892.936,442.603,745.22,738.033,1040.651,295.43,0.0039,direct_cup_evidence,No
1,Day 1,Tray 7,7,DJI_20260618123812_0002,23,3,3,973.918,890.804,826.203,743.089,1121.633,1038.52,295.43,0.0091,direct_cup_evidence,No
1,Day 1,Tray 7,7,DJI_20260618123812_0002,24,3,4,1351.124,892.936,1203.409,745.22,1498.84,1040.651,295.43,0.0082,direct_cup_evidence,No
1,Day 1,Tray 7,7,DJI_20260618123812_0002,25,3,5,1728.331,892.936,1580.616,745.22,1876.046,1040.651,295.43,0.0199,direct_cup_evidence,No
1,Day 1,Tray 7,7,DJI_20260618123812_0002,26,3,6,2114.062,892.936,1966.347,745.22,2261.777,1040.651,295.43,0.0065,direct_cup_evidence,No
1,Day 1,Tray 7,7,DJI_20260618123812_0002,27,3,7,2504.056,897.198,2356.34,749.483,2651.771,1044.913,295.43,0.0235,direct_cup_evidence,No
1,Day 1,Tray 7,7,DJI_20260618123812_0002,28,3,8,2881.262,892.936,2733.547,745.22,3028.977,1040.651,295.43,0.0108,direct_cup_evidence,No
1,Day 1,Tray 7,7,DJI_20260618123812_0002,29,3,9,3252.076,892.936,3104.36,745.22,3399.791,1040.651,295.43,0.022,direct_cup_evidence,No
1,Day 1,Tray 7,7,DJI_20260618123812_0002,30,3,10,3635.676,897.198,3487.96,749.483,3783.391,1044.913,295.43,0.0157,direct_cup_evidence,No
1,Day 1,Tray 7,7,DJI_20260618123812_0002,31,4,1,225.898,1197.684,78.183,1049.969,373.613,1345.4,295.43,0.0889,direct_cup_evidence,No
1,Day 1,Tray 7,7,DJI_20260618123812_0002,32,4,2,586.056,1221.127,438.34,1073.412,733.771,1368.842,295.43,0.012,direct_cup_evidence,No
1,Day 1,Tray 7,7,DJI_20260618123812_0002,33,4,3,969.656,1229.651,821.94,1081.936,1117.371,1377.366,295.43,0.0244,direct_cup_evidence,No
1,Day 1,Tray 7,7,DJI_20260618123812_0002,34,4,4,1353.256,1229.651,1205.54,1081.936,1500.971,1377.366,295.43,0.0238,direct_cup_evidence,No
1,Day 1,Tray 7,7,DJI_20260618123812_0002,35,4,5,1732.593,1223.258,1584.878,1075.543,1880.308,1370.973,295.43,0.004,direct_cup_evidence,No
1,Day 1,Tray 7,7,DJI_20260618123812_0002,36,4,6,2116.193,1223.258,1968.478,1075.543,2263.908,1370.973,295.43,0.0065,direct_cup_evidence,No
1,Day 1,Tray 7,7,DJI_20260618123812_0002,37,4,7,2499.793,1223.258,2352.078,1075.543,2647.508,1370.973,295.43,0.0137,direct_cup_evidence,No
1,Day 1,Tray 7,7,DJI_20260618123812_0002,38,4,8,2885.524,1221.127,2737.809,1073.412,3033.24,1368.842,295.43,0.028,direct_cup_evidence,No
1,Day 1,Tray 7,7,DJI_20260618123812_0002,39,4,9,3264.862,1221.127,3117.147,1073.412,3412.577,1368.842,295.43,0.0229,direct_cup_evidence,No
1,Day 1,Tray 7,7,DJI_20260618123812_0002,40,4,10,3639.938,1221.127,3492.223,1073.412,3787.653,1368.842,295.43,0.0069,direct_cup_evidence,No
1,Day 1,Tray 7,7,DJI_20260618123812_0002,41,5,1,202.456,1551.449,54.74,1403.734,350.171,1699.164,295.43,0.0157,direct_cup_evidence,No
1,Day 1,Tray 7,7,DJI_20260618123812_0002,42,5,2,586.056,1551.449,438.34,1403.734,733.771,1699.164,295.43,0.0086,direct_cup_evidence,No
1,Day 1,Tray 7,7,DJI_20260618123812_0002,43,5,3,973.918,1557.842,826.203,1410.127,1121.633,1705.557,295.43,0.0275,direct_cup_evidence,No
1,Day 1,Tray 7,7,DJI_20260618123812_0002,44,5,4,1357.518,1551.449,1209.803,1403.734,1505.233,1699.164,295.43,0.0216,direct_cup_evidence,No
1,Day 1,Tray 7,7,DJI_20260618123812_0002,45,5,5,1732.593,1551.449,1584.878,1403.734,1880.308,1699.164,295.43,0.0044,direct_cup_evidence,No
1,Day 1,Tray 7,7,DJI_20260618123812_0002,46,5,6,2116.193,1553.58,1968.478,1405.865,2263.908,1701.295,295.43,0.0141,direct_cup_evidence,No
1,Day 1,Tray 7,7,DJI_20260618123812_0002,47,5,7,2495.531,1551.449,2347.816,1403.734,2643.246,1699.164,295.43,0.0058,direct_cup_evidence,No
1,Day 1,Tray 7,7,DJI_20260618123812_0002,48,5,8,2859.951,1557.842,2712.236,1410.127,3007.666,1705.557,295.43,0.0502,direct_cup_evidence,No
1,Day 1,Tray 7,7,DJI_20260618123812_0002,49,5,9,3262.731,1553.58,3115.016,1405.865,3410.446,1701.295,295.43,0.022,direct_cup_evidence,No
1,Day 1,Tray 7,7,DJI_20260618123812_0002,50,5,10,3639.938,1549.318,3492.223,1401.603,3787.653,1697.033,295.43,0.0106,direct_cup_evidence,No
1,Day 1,Tray 7,7,DJI_20260618123812_0002,51,6,1,206.718,1871.116,59.003,1723.4,354.433,2018.831,295.43,0.0209,direct_cup_evidence,No
1,Day 1,Tray 7,7,DJI_20260618123812_0002,52,6,2,583.924,1877.509,436.209,1729.794,731.64,2025.224,295.43,0.0089,direct_cup_evidence,No
1,Day 1,Tray 7,7,DJI_20260618123812_0002,53,6,3,965.393,1860.46,817.678,1712.745,1113.108,2008.175,295.43,0.0547,direct_cup_evidence,No
1,Day 1,Tray 7,7,DJI_20260618123812_0002,54,6,4,1323.42,1907.344,1175.705,1759.629,1471.135,2055.06,295.43,0.1175,direct_cup_evidence,No
1,Day 1,Tray 7,7,DJI_20260618123812_0002,55,6,5,1730.462,1883.902,1582.747,1736.187,1878.177,2031.617,295.43,0.0162,direct_cup_evidence,No
1,Day 1,Tray 7,7,DJI_20260618123812_0002,56,6,6,2114.062,1883.902,1966.347,1736.187,2261.777,2031.617,295.43,0.018,direct_cup_evidence,No
1,Day 1,Tray 7,7,DJI_20260618123812_0002,57,6,7,2484.876,1896.689,2337.16,1748.974,2632.591,2044.404,295.43,0.0585,direct_cup_evidence,No
1,Day 1,Tray 7,7,DJI_20260618123812_0002,58,6,8,2879.131,1877.509,2731.416,1729.794,3026.846,2025.224,295.43,0.0185,direct_cup_evidence,No
1,Day 1,Tray 7,7,DJI_20260618123812_0002,59,6,9,3258.469,1875.378,3110.754,1727.663,3406.184,2023.093,295.43,0.0173,direct_cup_evidence,No
1,Day 1,Tray 7,7,DJI_20260618123812_0002,60,6,10,3635.676,1858.329,3487.96,1710.614,3783.391,2006.044,295.43,0.0645,direct_cup_evidence,No
1,Day 1,Tray 7,7,DJI_20260618123812_0002,61,7,1,208.849,2197.176,61.134,2049.46,356.564,2344.891,295.43,0.0309,direct_cup_evidence,No
1,Day 1,Tray 7,7,DJI_20260618123812_0002,62,7,2,583.924,2203.569,436.209,2055.854,731.64,2351.284,295.43,0.0093,direct_cup_evidence,No
1,Day 1,Tray 7,7,DJI_20260618123812_0002,63,7,3,965.393,2207.831,817.678,2060.116,1113.108,2355.546,295.43,0.0049,direct_cup_evidence,No
1,Day 1,Tray 7,7,DJI_20260618123812_0002,64,7,4,1344.731,2203.569,1197.016,2055.854,1492.446,2351.284,295.43,0.0125,direct_cup_evidence,No
1,Day 1,Tray 7,7,DJI_20260618123812_0002,65,7,5,1709.151,2231.273,1561.436,2083.558,1856.866,2378.988,295.43,0.0948,direct_cup_evidence,No
1,Day 1,Tray 7,7,DJI_20260618123812_0002,66,7,6,2116.193,2203.569,1968.478,2055.854,2263.908,2351.284,295.43,0.0228,direct_cup_evidence,No
1,Day 1,Tray 7,7,DJI_20260618123812_0002,67,7,7,2491.269,2207.831,2343.554,2060.116,2638.984,2355.546,295.43,0.0027,direct_cup_evidence,No
1,Day 1,Tray 7,7,DJI_20260618123812_0002,68,7,8,2879.131,2203.569,2731.416,2055.854,3026.846,2351.284,295.43,0.0254,direct_cup_evidence,No
1,Day 1,Tray 7,7,DJI_20260618123812_0002,69,7,9,3258.469,2201.438,3110.754,2053.723,3406.184,2349.153,295.43,0.0254,direct_cup_evidence,No
1,Day 1,Tray 7,7,DJI_20260618123812_0002,70,7,10,3629.282,2195.044,3481.567,2047.329,3776.997,2342.76,295.43,0.0411,direct_cup_evidence,No
1,Day 1,Tray 8,8,DJI_20260618124121_0003,1,1,1,189.224,244.503,42.146,97.425,336.302,391.581,294.156,0.013,direct_cup_evidence,No
1,Day 1,Tray 8,8,DJI_20260618124121_0003,2,1,2,567.672,246.629,420.594,99.551,714.75,393.707,294.156,0.0088,direct_cup_evidence,No
1,Day 1,Tray 8,8,DJI_20260618124121_0003,3,1,3,897.219,289.151,750.141,142.073,1044.297,436.229,294.156,0.2047,direct_cup_evidence,No
1,Day 1,Tray 8,8,DJI_20260618124121_0003,4,1,4,1330.946,244.503,1183.867,97.425,1478.024,391.581,294.156,0.0083,direct_cup_evidence,No
1,Day 1,Tray 8,8,DJI_20260618124121_0003,5,1,5,1713.646,250.881,1566.567,103.803,1860.724,397.959,294.156,0.0178,direct_cup_evidence,No
1,Day 1,Tray 8,8,DJI_20260618124121_0003,6,1,6,2096.346,246.629,1949.267,99.551,2243.424,393.707,294.156,0.0171,direct_cup_evidence,No
1,Day 1,Tray 8,8,DJI_20260618124121_0003,7,1,7,2479.046,248.755,2331.967,101.677,2626.124,395.833,294.156,0.0218,direct_cup_evidence,No
1,Day 1,Tray 8,8,DJI_20260618124121_0003,8,1,8,2848.989,233.872,2701.911,86.794,2996.067,380.95,294.156,0.0484,direct_cup_evidence,No
1,Day 1,Tray 8,8,DJI_20260618124121_0003,9,1,9,3238.067,250.881,3090.989,103.803,3385.145,397.959,294.156,0.0122,direct_cup_evidence,No
1,Day 1,Tray 8,8,DJI_20260618124121_0003,10,1,10,3616.515,250.881,3469.437,103.803,3763.593,397.959,294.156,0.0037,direct_cup_evidence,No
1,Day 1,Tray 8,8,DJI_20260618124121_0003,11,2,1,195.602,569.798,48.524,422.72,342.68,716.876,294.156,0.027,direct_cup_evidence,No
1,Day 1,Tray 8,8,DJI_20260618124121_0003,12,2,2,576.176,576.176,429.098,429.098,723.254,723.254,294.156,0.03,direct_cup_evidence,No
1,Day 1,Tray 8,8,DJI_20260618124121_0003,13,2,3,950.372,571.924,803.294,424.846,1097.45,719.002,294.156,0.0042,direct_cup_evidence,No
1,Day 1,Tray 8,8,DJI_20260618124121_0003,14,2,4,1328.819,569.798,1181.741,422.72,1475.898,716.876,294.156,0.0095,direct_cup_evidence,No
1,Day 1,Tray 8,8,DJI_20260618124121_0003,15,2,5,1711.519,571.924,1564.441,424.846,1858.598,719.002,294.156,0.0048,direct_cup_evidence,No
1,Day 1,Tray 8,8,DJI_20260618124121_0003,16,2,6,2098.472,576.176,1951.394,429.098,2245.55,723.254,294.156,0.0194,direct_cup_evidence,No
1,Day 1,Tray 8,8,DJI_20260618124121_0003,17,2,7,2476.919,580.428,2329.841,433.35,2623.998,727.506,294.156,0.0192,direct_cup_evidence,No
1,Day 1,Tray 8,8,DJI_20260618124121_0003,18,2,8,2859.619,576.176,2712.541,429.098,3006.698,723.254,294.156,0.0152,direct_cup_evidence,No
1,Day 1,Tray 8,8,DJI_20260618124121_0003,19,2,9,3235.941,580.428,3088.863,433.35,3383.019,727.506,294.156,0.011,direct_cup_evidence,No
1,Day 1,Tray 8,8,DJI_20260618124121_0003,20,2,10,3608.011,576.176,3460.932,429.098,3755.089,723.254,294.156,0.0276,direct_cup_evidence,No
1,Day 1,Tray 8,8,DJI_20260618124121_0003,21,3,1,195.602,901.471,48.524,754.393,342.68,1048.549,294.156,0.0262,direct_cup_evidence,No
1,Day 1,Tray 8,8,DJI_20260618124121_0003,22,3,2,569.798,897.219,422.72,750.141,716.876,1044.297,294.156,0.0019,direct_cup_evidence,No
1,Day 1,Tray 8,8,DJI_20260618124121_0003,23,3,3,952.498,903.597,805.42,756.519,1099.576,1050.675,294.156,0.0163,direct_cup_evidence,No
1,Day 1,Tray 8,8,DJI_20260618124121_0003,24,3,4,1330.946,897.219,1183.867,750.141,1478.024,1044.297,294.156,0.0072,direct_cup_evidence,No
1,Day 1,Tray 8,8,DJI_20260618124121_0003,25,3,5,1720.024,899.345,1572.946,752.267,1867.102,1046.423,294.156,0.0221,direct_cup_evidence,No
1,Day 1,Tray 8,8,DJI_20260618124121_0003,26,3,6,2098.472,901.471,1951.394,754.393,2245.55,1048.549,294.156,0.0137,direct_cup_evidence,No
1,Day 1,Tray 8,8,DJI_20260618124121_0003,27,3,7,2479.046,901.471,2331.967,754.393,2626.124,1048.549,294.156,0.0121,direct_cup_evidence,No
1,Day 1,Tray 8,8,DJI_20260618124121_0003,28,3,8,2859.619,899.345,2712.541,752.267,3006.698,1046.423,294.156,0.0149,direct_cup_evidence,No
1,Day 1,Tray 8,8,DJI_20260618124121_0003,29,3,9,3242.319,903.597,3095.241,756.519,3389.398,1050.675,294.156,0.0151,direct_cup_evidence,No
1,Day 1,Tray 8,8,DJI_20260618124121_0003,30,3,10,3612.263,888.714,3465.185,741.636,3759.341,1035.793,294.156,0.052,direct_cup_evidence,No
1,Day 1,Tray 8,8,DJI_20260618124121_0003,31,4,1,199.854,1222.514,52.776,1075.436,346.933,1369.592,294.156,0.0305,direct_cup_evidence,No
1,Day 1,Tray 8,8,DJI_20260618124121_0003,32,4,2,569.798,1226.766,422.72,1079.688,716.876,1373.844,294.156,0.0077,direct_cup_evidence,No
1,Day 1,Tray 8,8,DJI_20260618124121_0003,33,4,3,952.498,1218.262,805.42,1071.184,1099.576,1365.34,294.156,0.022,direct_cup_evidence,No
1,Day 1,Tray 8,8,DJI_20260618124121_0003,34,4,4,1330.946,1228.892,1183.867,1081.814,1478.024,1375.97,294.156,0.0108,direct_cup_evidence,No
1,Day 1,Tray 8,8,DJI_20260618124121_0003,35,4,5,1713.646,1222.514,1566.567,1075.436,1860.724,1369.592,294.156,0.0144,direct_cup_evidence,No
1,Day 1,Tray 8,8,DJI_20260618124121_0003,36,4,6,2077.211,1218.262,1930.132,1071.184,2224.289,1365.34,294.156,0.0636,direct_cup_evidence,No
1,Day 1,Tray 8,8,DJI_20260618124121_0003,37,4,7,2479.046,1231.018,2331.967,1083.94,2626.124,1378.096,294.156,0.0098,direct_cup_evidence,No
1,Day 1,Tray 8,8,DJI_20260618124121_0003,38,4,8,2853.241,1233.144,2706.163,1086.066,3000.319,1380.223,294.156,0.0176,direct_cup_evidence,No
1,Day 1,Tray 8,8,DJI_20260618124121_0003,39,4,9,3229.563,1226.766,3082.485,1079.688,3376.641,1373.844,294.156,0.031,direct_cup_evidence,No
1,Day 1,Tray 8,8,DJI_20260618124121_0003,40,4,10,3618.641,1231.018,3471.563,1083.94,3765.719,1378.096,294.156,0.0046,direct_cup_evidence,No
1,Day 1,Tray 8,8,DJI_20260618124121_0003,41,5,1,184.972,1524.422,37.894,1377.344,332.05,1671.5,294.156,0.0825,direct_cup_evidence,No
1,Day 1,Tray 8,8,DJI_20260618124121_0003,42,5,2,567.672,1547.809,420.594,1400.731,714.75,1694.887,294.156,0.0189,direct_cup_evidence,No
1,Day 1,Tray 8,8,DJI_20260618124121_0003,43,5,3,948.246,1549.935,801.167,1402.857,1095.324,1697.013,294.156,0.0185,direct_cup_evidence,No
1,Day 1,Tray 8,8,DJI_20260618124121_0003,44,5,4,1330.946,1554.187,1183.867,1407.109,1478.024,1701.265,294.156,0.0126,direct_cup_evidence,No
1,Day 1,Tray 8,8,DJI_20260618124121_0003,45,5,5,1713.646,1554.187,1566.567,1407.109,1860.724,1701.265,294.156,0.0074,direct_cup_evidence,No
1,Day 1,Tray 8,8,DJI_20260618124121_0003,46,5,6,2096.346,1558.439,1949.267,1411.361,2243.424,1705.518,294.156,0.0114,direct_cup_evidence,No
1,Day 1,Tray 8,8,DJI_20260618124121_0003,47,5,7,2479.046,1494.656,2331.967,1347.578,2626.124,1641.734,294.156,0.1867,direct_cup_evidence,No
1,Day 1,Tray 8,8,DJI_20260618124121_0003,48,5,8,2885.133,1535.052,2738.055,1387.974,3032.211,1682.13,294.156,0.1024,direct_cup_evidence,No
1,Day 1,Tray 8,8,DJI_20260618124121_0003,49,5,9,3238.067,1560.566,3090.989,1413.487,3385.145,1707.644,294.156,0.0124,direct_cup_evidence,No
1,Day 1,Tray 8,8,DJI_20260618124121_0003,50,5,10,3618.641,1560.566,3471.563,1413.487,3765.719,1707.644,294.156,0.0118,direct_cup_evidence,No
1,Day 1,Tray 8,8,DJI_20260618124121_0003,51,6,1,195.602,1870.978,48.524,1723.9,342.68,2018.056,294.156,0.0211,direct_cup_evidence,No
1,Day 1,Tray 8,8,DJI_20260618124121_0003,52,6,2,569.798,1877.356,422.72,1730.278,716.876,2024.434,294.156,0.014,direct_cup_evidence,No
1,Day 1,Tray 8,8,DJI_20260618124121_0003,53,6,3,954.624,1879.482,807.546,1732.404,1101.702,2026.56,294.156,0.0026,direct_cup_evidence,No
1,Day 1,Tray 8,8,DJI_20260618124121_0003,54,6,4,1333.072,1885.861,1185.994,1738.782,1480.15,2032.939,294.156,0.0209,direct_cup_evidence,No
1,Day 1,Tray 8,8,DJI_20260618124121_0003,55,6,5,1715.772,1890.113,1568.694,1743.035,1862.85,2037.191,294.156,0.0291,direct_cup_evidence,No
1,Day 1,Tray 8,8,DJI_20260618124121_0003,56,6,6,2096.346,1890.113,1949.267,1743.035,2243.424,2037.191,294.156,0.0269,direct_cup_evidence,No
1,Day 1,Tray 8,8,DJI_20260618124121_0003,57,6,7,2481.172,1890.113,2334.094,1743.035,2628.25,2037.191,294.156,0.0236,direct_cup_evidence,No
1,Day 1,Tray 8,8,DJI_20260618124121_0003,58,6,8,2891.511,1902.869,2744.433,1755.791,3038.589,2049.948,294.156,0.1107,direct_cup_evidence,No
1,Day 1,Tray 8,8,DJI_20260618124121_0003,59,6,9,3238.067,1885.861,3090.989,1738.782,3385.145,2032.939,294.156,0.0135,direct_cup_evidence,No
1,Day 1,Tray 8,8,DJI_20260618124121_0003,60,6,10,3618.641,1883.734,3471.563,1736.656,3765.719,2030.813,294.156,0.0148,direct_cup_evidence,No
1,Day 1,Tray 8,8,DJI_20260618124121_0003,61,7,1,208.359,2196.273,61.281,2049.195,355.437,2343.351,294.156,0.0483,direct_cup_evidence,No
1,Day 1,Tray 8,8,DJI_20260618124121_0003,62,7,2,578.302,2202.651,431.224,2055.573,725.38,2349.729,294.156,0.0106,direct_cup_evidence,No
1,Day 1,Tray 8,8,DJI_20260618124121_0003,63,7,3,952.498,2209.029,805.42,2061.951,1099.576,2356.108,294.156,0.0167,direct_cup_evidence,No
1,Day 1,Tray 8,8,DJI_20260618124121_0003,64,7,4,1335.198,2211.156,1188.12,2064.077,1482.276,2358.234,294.156,0.0161,direct_cup_evidence,No
1,Day 1,Tray 8,8,DJI_20260618124121_0003,65,7,5,1713.646,2215.408,1566.567,2068.33,1860.724,2362.486,294.156,0.0293,direct_cup_evidence,No
1,Day 1,Tray 8,8,DJI_20260618124121_0003,66,7,6,2098.472,2215.408,1951.394,2068.33,2245.55,2362.486,294.156,0.022,direct_cup_evidence,No
1,Day 1,Tray 8,8,DJI_20260618124121_0003,67,7,7,2479.046,2211.156,2331.967,2064.077,2626.124,2358.234,294.156,0.0093,direct_cup_evidence,No
1,Day 1,Tray 8,8,DJI_20260618124121_0003,68,7,8,2859.619,2215.408,2712.541,2068.33,3006.698,2362.486,294.156,0.0184,direct_cup_evidence,No
1,Day 1,Tray 8,8,DJI_20260618124121_0003,69,7,9,3231.689,2204.777,3084.611,2057.699,3378.767,2351.855,294.156,0.0416,direct_cup_evidence,No
1,Day 1,Tray 8,8,DJI_20260618124121_0003,70,7,10,3633.524,2243.047,3486.446,2095.969,3780.602,2390.125,294.156,0.099,direct_cup_evidence,No
2,Day 2,Tray 1,1,DJI_20260620131000_0001,1,1,1,222.669,257.102,64.638,99.071,380.7,415.133,316.062,0.0159,direct_cup_evidence,No
2,Day 2,Tray 1,1,DJI_20260620131000_0001,2,1,2,628.982,254.807,470.951,96.776,787.013,412.837,316.062,0.0123,direct_cup_evidence,No
2,Day 2,Tray 1,1,DJI_20260620131000_0001,3,1,3,1042.182,252.511,884.151,94.48,1200.213,410.542,316.062,0.0092,direct_cup_evidence,No
2,Day 2,Tray 1,1,DJI_20260620131000_0001,4,1,4,1457.678,245.624,1299.647,87.594,1615.709,403.655,316.062,0.023,direct_cup_evidence,No
2,Day 2,Tray 1,1,DJI_20260620131000_0001,5,1,5,1863.991,245.624,1705.96,87.594,2022.022,403.655,316.062,0.0129,direct_cup_evidence,No
2,Day 2,Tray 1,1,DJI_20260620131000_0001,6,1,6,2279.487,243.329,2121.456,85.298,2437.517,401.36,316.062,0.0124,direct_cup_evidence,No
2,Day 2,Tray 1,1,DJI_20260620131000_0001,7,1,7,2692.687,238.738,2534.656,80.707,2850.717,396.769,316.062,0.019,direct_cup_evidence,No
2,Day 2,Tray 1,1,DJI_20260620131000_0001,8,1,8,3101.296,243.329,2943.265,85.298,3259.326,401.36,316.062,0.0072,direct_cup_evidence,No
2,Day 2,Tray 1,1,DJI_20260620131000_0001,9,1,9,3514.496,243.329,3356.465,85.298,3672.526,401.36,316.062,0.0168,direct_cup_evidence,No
2,Day 2,Tray 1,1,DJI_20260620131000_0001,10,1,10,3909.331,243.329,3751.3,85.298,4067.362,401.36,316.062,0.0458,direct_cup_evidence,No
2,Day 2,Tray 1,1,DJI_20260620131000_0001,11,2,1,215.782,612.913,57.751,454.883,373.813,770.944,316.062,0.0119,direct_cup_evidence,No
2,Day 2,Tray 1,1,DJI_20260620131000_0001,12,2,2,626.687,608.322,468.656,450.291,784.717,766.353,316.062,0.0144,direct_cup_evidence,No
2,Day 2,Tray 1,1,DJI_20260620131000_0001,13,2,3,1049.069,612.913,891.038,454.883,1207.1,770.944,316.062,0.0242,direct_cup_evidence,No
2,Day 2,Tray 1,1,DJI_20260620131000_0001,14,2,4,1455.382,601.436,1297.351,443.405,1613.413,759.466,316.062,0.0076,direct_cup_evidence,No
2,Day 2,Tray 1,1,DJI_20260620131000_0001,15,2,5,1870.878,599.14,1712.847,441.109,2028.909,757.171,316.062,0.0146,direct_cup_evidence,No
2,Day 2,Tray 1,1,DJI_20260620131000_0001,16,2,6,2281.782,599.14,2123.751,441.109,2439.813,757.171,316.062,0.0121,direct_cup_evidence,No
2,Day 2,Tray 1,1,DJI_20260620131000_0001,17,2,7,2692.687,596.844,2534.656,438.814,2850.717,754.875,316.062,0.011,direct_cup_evidence,No
2,Day 2,Tray 1,1,DJI_20260620131000_0001,18,2,8,3103.591,594.549,2945.56,436.518,3261.622,752.58,316.062,0.0105,direct_cup_evidence,No
2,Day 2,Tray 1,1,DJI_20260620131000_0001,19,2,9,3514.496,594.549,3356.465,436.518,3672.526,752.58,316.062,0.0162,direct_cup_evidence,No
2,Day 2,Tray 1,1,DJI_20260620131000_0001,20,2,10,3916.218,589.958,3758.187,431.927,4074.249,747.989,316.062,0.0239,direct_cup_evidence,No
2,Day 2,Tray 1,1,DJI_20260620131000_0001,21,3,1,222.669,954.951,64.638,796.92,380.7,1112.982,316.062,0.0264,direct_cup_evidence,No
2,Day 2,Tray 1,1,DJI_20260620131000_0001,22,3,2,628.982,961.838,470.951,803.807,787.013,1119.869,316.062,0.0092,direct_cup_evidence,No
2,Day 2,Tray 1,1,DJI_20260620131000_0001,23,3,3,1044.478,952.656,886.447,794.625,1202.509,1110.686,316.062,0.0157,direct_cup_evidence,No
2,Day 2,Tray 1,1,DJI_20260620131000_0001,24,3,4,1453.087,957.247,1295.056,799.216,1611.117,1115.277,316.062,0.0084,direct_cup_evidence,No
2,Day 2,Tray 1,1,DJI_20260620131000_0001,25,3,5,1868.582,954.951,1710.551,796.92,2026.613,1112.982,316.062,0.0094,direct_cup_evidence,No
2,Day 2,Tray 1,1,DJI_20260620131000_0001,26,3,6,2281.782,948.064,2123.751,790.034,2439.813,1106.095,316.062,0.0106,direct_cup_evidence,No
2,Day 2,Tray 1,1,DJI_20260620131000_0001,27,3,7,2683.504,954.951,2525.474,796.92,2841.535,1112.982,316.062,0.0303,direct_cup_evidence,No
2,Day 2,Tray 1,1,DJI_20260620131000_0001,28,3,8,3101.296,948.064,2943.265,790.034,3259.326,1106.095,316.062,0.0132,direct_cup_evidence,No
2,Day 2,Tray 1,1,DJI_20260620131000_0001,29,3,9,3507.609,931.996,3349.578,773.965,3665.64,1090.026,316.062,0.0284,direct_cup_evidence,No
2,Day 2,Tray 1,1,DJI_20260620131000_0001,30,3,10,3920.809,943.473,3762.778,785.443,4078.84,1101.504,316.062,0.0197,direct_cup_evidence,No
2,Day 2,Tray 1,1,DJI_20260620131000_0001,31,4,1,222.669,1315.353,64.638,1157.323,380.7,1473.384,316.062,0.0043,direct_cup_evidence,No
2,Day 2,Tray 1,1,DJI_20260620131000_0001,32,4,2,626.687,1301.58,468.656,1143.549,784.717,1459.611,316.062,0.0348,direct_cup_evidence,No
2,Day 2,Tray 1,1,DJI_20260620131000_0001,33,4,3,1051.364,1310.762,893.334,1152.731,1209.395,1468.793,316.062,0.0207,direct_cup_evidence,No
2,Day 2,Tray 1,1,DJI_20260620131000_0001,34,4,4,1453.087,1303.876,1295.056,1145.845,1611.117,1461.906,316.062,0.0104,direct_cup_evidence,No
2,Day 2,Tray 1,1,DJI_20260620131000_0001,35,4,5,1870.878,1306.171,1712.847,1148.14,2028.909,1464.202,316.062,0.0128,direct_cup_evidence,No
2,Day 2,Tray 1,1,DJI_20260620131000_0001,36,4,6,2284.078,1303.876,2126.047,1145.845,2442.109,1461.906,316.062,0.0178,direct_cup_evidence,No
2,Day 2,Tray 1,1,DJI_20260620131000_0001,37,4,7,2694.982,1301.58,2536.951,1143.549,2853.013,1459.611,316.062,0.0174,direct_cup_evidence,No
2,Day 2,Tray 1,1,DJI_20260620131000_0001,38,4,8,3103.591,1290.102,2945.56,1132.071,3261.622,1448.133,316.062,0.0137,direct_cup_evidence,No
2,Day 2,Tray 1,1,DJI_20260620131000_0001,39,4,9,3516.791,1292.398,3358.76,1134.367,3674.822,1450.429,316.062,0.0097,direct_cup_evidence,No
2,Day 2,Tray 1,1,DJI_20260620131000_0001,40,4,10,3918.513,1287.807,3760.483,1129.776,4076.544,1445.837,316.062,0.0187,direct_cup_evidence,No
2,Day 2,Tray 1,1,DJI_20260620131000_0001,41,5,1,158.393,1664.278,0.363,1506.247,316.424,1822.309,316.062,0.1805,direct_cup_evidence,No
2,Day 2,Tray 1,1,DJI_20260620131000_0001,42,5,2,631.278,1664.278,473.247,1506.247,789.309,1822.309,316.062,0.0063,direct_cup_evidence,No
2,Day 2,Tray 1,1,DJI_20260620131000_0001,43,5,3,1044.478,1664.278,886.447,1506.247,1202.509,1822.309,316.062,0.0109,direct_cup_evidence,No
2,Day 2,Tray 1,1,DJI_20260620131000_0001,44,5,4,1471.451,1698.711,1313.42,1540.68,1629.482,1856.742,316.062,0.1249,direct_cup_evidence,No
2,Day 2,Tray 1,1,DJI_20260620131000_0001,45,5,5,1891.538,1634.436,1733.507,1476.405,2049.569,1792.466,316.062,0.0884,direct_cup_evidence,No
2,Day 2,Tray 1,1,DJI_20260620131000_0001,46,5,6,2281.782,1661.982,2123.751,1503.951,2439.813,1820.013,316.062,0.0302,direct_cup_evidence,No
2,Day 2,Tray 1,1,DJI_20260620131000_0001,47,5,7,2701.869,1655.096,2543.838,1497.065,2859.9,1813.126,316.062,0.0359,direct_cup_evidence,No
2,Day 2,Tray 1,1,DJI_20260620131000_0001,48,5,8,3108.182,1645.913,2950.151,1487.883,3266.213,1803.944,316.062,0.0161,direct_cup_evidence,No
2,Day 2,Tray 1,1,DJI_20260620131000_0001,49,5,9,3507.609,1634.436,3349.578,1476.405,3665.64,1792.466,316.062,0.0302,direct_cup_evidence,No
2,Day 2,Tray 1,1,DJI_20260620131000_0001,50,5,10,3920.809,1634.436,3762.778,1476.405,4078.84,1792.466,316.062,0.0207,direct_cup_evidence,No
2,Day 2,Tray 1,1,DJI_20260620131000_0001,51,6,1,231.851,2004.02,73.82,1845.989,389.882,2162.051,316.062,0.047,direct_cup_evidence,No
2,Day 2,Tray 1,1,DJI_20260620131000_0001,52,6,2,631.278,2015.498,473.247,1857.467,789.309,2173.529,316.062,0.0079,direct_cup_evidence,No
2,Day 2,Tray 1,1,DJI_20260620131000_0001,53,6,3,1042.182,2017.793,884.151,1859.763,1200.213,2175.824,316.062,0.0198,direct_cup_evidence,No
2,Day 2,Tray 1,1,DJI_20260620131000_0001,54,6,4,1455.382,2022.384,1297.351,1864.354,1613.413,2180.415,316.062,0.0392,direct_cup_evidence,No
2,Day 2,Tray 1,1,DJI_20260620131000_0001,55,6,5,1870.878,2013.202,1712.847,1855.171,2028.909,2171.233,316.062,0.0222,direct_cup_evidence,No
2,Day 2,Tray 1,1,DJI_20260620131000_0001,56,6,6,2288.669,2008.611,2130.638,1850.58,2446.7,2166.642,316.062,0.0296,direct_cup_evidence,No
2,Day 2,Tray 1,1,DJI_20260620131000_0001,57,6,7,2694.982,1999.429,2536.951,1841.398,2853.013,2157.46,316.062,0.0098,direct_cup_evidence,No
2,Day 2,Tray 1,1,DJI_20260620131000_0001,58,6,8,3103.591,1985.656,2945.56,1827.625,3261.622,2143.686,316.062,0.0322,direct_cup_evidence,No
2,Day 2,Tray 1,1,DJI_20260620131000_0001,59,6,9,3521.382,1992.542,3363.351,1834.511,3679.413,2150.573,316.062,0.0196,direct_cup_evidence,No
2,Day 2,Tray 1,1,DJI_20260620131000_0001,60,6,10,3916.218,1974.178,3758.187,1816.147,4074.249,2132.209,316.062,0.0559,direct_cup_evidence,No
2,Day 2,Tray 1,1,DJI_20260620131000_0001,61,7,1,238.738,2357.536,80.707,2199.505,396.769,2515.566,316.062,0.055,direct_cup_evidence,No
2,Day 2,Tray 1,1,DJI_20260620131000_0001,62,7,2,640.46,2359.831,482.429,2201.8,798.491,2517.862,316.062,0.0239,direct_cup_evidence,No
2,Day 2,Tray 1,1,DJI_20260620131000_0001,63,7,3,1023.818,2362.127,865.787,2204.096,1181.849,2520.157,316.062,0.0633,direct_cup_evidence,No
2,Day 2,Tray 1,1,DJI_20260620131000_0001,64,7,4,1462.269,2371.309,1304.238,2213.278,1620.3,2529.34,316.062,0.0352,direct_cup_evidence,No
2,Day 2,Tray 1,1,DJI_20260620131000_0001,65,7,5,1870.878,2371.309,1712.847,2213.278,2028.909,2529.34,316.062,0.0412,direct_cup_evidence,No
2,Day 2,Tray 1,1,DJI_20260620131000_0001,66,7,6,2288.669,2362.127,2130.638,2204.096,2446.7,2520.157,316.062,0.0325,direct_cup_evidence,No
2,Day 2,Tray 1,1,DJI_20260620131000_0001,67,7,7,2692.687,2348.353,2534.656,2190.323,2850.717,2506.384,316.062,0.0079,direct_cup_evidence,No
2,Day 2,Tray 1,1,DJI_20260620131000_0001,68,7,8,3105.887,2352.944,2947.856,2194.914,3263.917,2510.975,316.062,0.015,direct_cup_evidence,No
2,Day 2,Tray 1,1,DJI_20260620131000_0001,69,7,9,3514.496,2339.171,3356.465,2181.14,3672.526,2497.202,316.062,0.0173,direct_cup_evidence,No
2,Day 2,Tray 1,1,DJI_20260620131000_0001,70,7,10,3909.331,2320.807,3751.3,2162.776,4067.362,2478.837,316.062,0.0788,direct_cup_evidence,No
2,Day 2,Tray 2,2,DJI_20260620131052_0002,1,1,1,218.078,266.284,59.423,107.63,376.732,424.939,317.309,0.0258,direct_cup_evidence,No
2,Day 2,Tray 2,2,DJI_20260620131052_0002,2,1,2,626.687,270.876,468.032,112.221,785.341,429.53,317.309,0.0437,direct_cup_evidence,No
2,Day 2,Tray 2,2,DJI_20260620131052_0002,3,1,3,1037.591,254.807,878.937,96.152,1196.245,413.461,317.309,0.0028,direct_cup_evidence,No
2,Day 2,Tray 2,2,DJI_20260620131052_0002,4,1,4,1437.018,252.511,1278.363,93.857,1595.672,411.165,317.309,0.0292,direct_cup_evidence,No
2,Day 2,Tray 2,2,DJI_20260620131052_0002,5,1,5,1824.967,236.442,1666.312,77.788,1983.621,395.097,317.309,0.0993,direct_cup_evidence,No
2,Day 2,Tray 2,2,DJI_20260620131052_0002,6,1,6,2256.531,243.329,2097.877,84.675,2415.185,401.983,317.309,0.033,direct_cup_evidence,No
2,Day 2,Tray 2,2,DJI_20260620131052_0002,7,1,7,2669.731,243.329,2511.077,84.675,2828.385,401.983,317.309,0.0222,direct_cup_evidence,No
2,Day 2,Tray 2,2,DJI_20260620131052_0002,8,1,8,3082.931,243.329,2924.277,84.675,3241.585,401.983,317.309,0.0113,direct_cup_evidence,No
2,Day 2,Tray 2,2,DJI_20260620131052_0002,9,1,9,3496.131,243.329,3337.477,84.675,3654.785,401.983,317.309,0.0008,direct_cup_evidence,No
2,Day 2,Tray 2,2,DJI_20260620131052_0002,10,1,10,3904.74,243.329,3746.086,84.675,4063.394,401.983,317.309,0.0053,direct_cup_evidence,No
2,Day 2,Tray 2,2,DJI_20260620131052_0002,11,2,1,224.964,603.731,66.31,445.077,383.619,762.385,317.309,0.0277,direct_cup_evidence,No
2,Day 2,Tray 2,2,DJI_20260620131052_0002,12,2,2,622.096,610.618,463.441,451.963,780.75,769.272,317.309,0.0159,direct_cup_evidence,No
2,Day 2,Tray 2,2,DJI_20260620131052_0002,13,2,3,1028.409,608.322,869.755,449.668,1187.063,766.977,317.309,0.0246,direct_cup_evidence,No
2,Day 2,Tray 2,2,DJI_20260620131052_0002,14,2,4,1443.904,601.436,1285.25,442.781,1602.559,760.09,317.309,0.012,direct_cup_evidence,No
2,Day 2,Tray 2,2,DJI_20260620131052_0002,15,2,5,1850.218,601.436,1691.563,442.781,2008.872,760.09,317.309,0.0181,direct_cup_evidence,No
2,Day 2,Tray 2,2,DJI_20260620131052_0002,16,2,6,2263.418,599.14,2104.763,440.486,2422.072,757.794,317.309,0.0099,direct_cup_evidence,No
2,Day 2,Tray 2,2,DJI_20260620131052_0002,17,2,7,2669.731,599.14,2511.077,440.486,2828.385,757.794,317.309,0.0177,direct_cup_evidence,No
2,Day 2,Tray 2,2,DJI_20260620131052_0002,18,2,8,3087.522,589.958,2928.868,431.303,3246.177,748.612,317.309,0.023,direct_cup_evidence,No
2,Day 2,Tray 2,2,DJI_20260620131052_0002,19,2,9,3505.313,594.549,3346.659,435.895,3663.968,753.203,317.309,0.0282,direct_cup_evidence,No
2,Day 2,Tray 2,2,DJI_20260620131052_0002,20,2,10,3913.922,594.549,3755.268,435.895,4072.577,753.203,317.309,0.0245,direct_cup_evidence,No
2,Day 2,Tray 2,2,DJI_20260620131052_0002,21,3,1,213.487,945.769,54.832,787.115,372.141,1104.423,317.309,0.0478,direct_cup_evidence,No
2,Day 2,Tray 2,2,DJI_20260620131052_0002,22,3,2,677.189,943.473,518.535,784.819,835.843,1102.128,317.309,0.152,direct_cup_evidence,No
2,Day 2,Tray 2,2,DJI_20260620131052_0002,23,3,3,1028.409,959.542,869.755,800.888,1187.063,1118.197,317.309,0.0221,direct_cup_evidence,No
2,Day 2,Tray 2,2,DJI_20260620131052_0002,24,3,4,1439.313,959.542,1280.659,800.888,1597.968,1118.197,317.309,0.02,direct_cup_evidence,No
2,Day 2,Tray 2,2,DJI_20260620131052_0002,25,3,5,1854.809,966.429,1696.155,807.775,2013.463,1125.083,317.309,0.031,direct_cup_evidence,No
2,Day 2,Tray 2,2,DJI_20260620131052_0002,26,3,6,2279.487,966.429,2120.832,807.775,2438.141,1125.083,317.309,0.0533,direct_cup_evidence,No
2,Day 2,Tray 2,2,DJI_20260620131052_0002,27,3,7,2674.322,952.656,2515.668,794.001,2832.977,1111.31,317.309,0.0031,direct_cup_evidence,No
2,Day 2,Tray 2,2,DJI_20260620131052_0002,28,3,8,3094.409,952.656,2935.755,794.001,3253.063,1111.31,317.309,0.0272,direct_cup_evidence,No
2,Day 2,Tray 2,2,DJI_20260620131052_0002,29,3,9,3491.54,945.769,3332.886,787.115,3650.194,1104.423,317.309,0.0126,direct_cup_evidence,No
2,Day 2,Tray 2,2,DJI_20260620131052_0002,30,3,10,3918.513,948.064,3759.859,789.41,4077.168,1106.719,317.309,0.0395,direct_cup_evidence,No
2,Day 2,Tray 2,2,DJI_20260620131052_0002,31,4,1,224.964,1310.762,66.31,1152.108,383.619,1469.417,317.309,0.0281,direct_cup_evidence,No
2,Day 2,Tray 2,2,DJI_20260620131052_0002,32,4,2,668.007,1338.309,509.352,1179.655,826.661,1496.963,317.309,0.1394,direct_cup_evidence,No
2,Day 2,Tray 2,2,DJI_20260620131052_0002,33,4,3,1028.409,1313.058,869.755,1154.403,1187.063,1471.712,317.309,0.0207,direct_cup_evidence,No
2,Day 2,Tray 2,2,DJI_20260620131052_0002,34,4,4,1427.836,1317.649,1269.181,1158.995,1586.49,1476.303,317.309,0.0543,direct_cup_evidence,No
2,Day 2,Tray 2,2,DJI_20260620131052_0002,35,4,5,1852.513,1310.762,1693.859,1152.108,2011.168,1469.417,317.309,0.0105,direct_cup_evidence,No
2,Day 2,Tray 2,2,DJI_20260620131052_0002,36,4,6,2265.713,1310.762,2107.059,1152.108,2424.368,1469.417,317.309,0.0126,direct_cup_evidence,No
2,Day 2,Tray 2,2,DJI_20260620131052_0002,37,4,7,2676.618,1306.171,2517.963,1147.517,2835.272,1464.825,317.309,0.007,direct_cup_evidence,No
2,Day 2,Tray 2,2,DJI_20260620131052_0002,38,4,8,3092.113,1299.284,2933.459,1140.63,3250.768,1457.939,317.309,0.0243,direct_cup_evidence,No
2,Day 2,Tray 2,2,DJI_20260620131052_0002,39,4,9,3505.313,1303.876,3346.659,1145.221,3663.968,1462.53,317.309,0.0324,direct_cup_evidence,No
2,Day 2,Tray 2,2,DJI_20260620131052_0002,40,4,10,3907.036,1296.989,3748.381,1138.335,4065.69,1455.643,317.309,0.0114,direct_cup_evidence,No
2,Day 2,Tray 2,2,DJI_20260620131052_0002,41,5,1,229.556,1661.982,70.901,1503.328,388.21,1820.637,317.309,0.0433,direct_cup_evidence,No
2,Day 2,Tray 2,2,DJI_20260620131052_0002,42,5,2,624.391,1664.278,465.737,1505.623,783.045,1822.932,317.309,0.0047,direct_cup_evidence,No
2,Day 2,Tray 2,2,DJI_20260620131052_0002,43,5,3,1023.818,1661.982,865.163,1503.328,1182.472,1820.637,317.309,0.0319,direct_cup_evidence,No
2,Day 2,Tray 2,2,DJI_20260620131052_0002,44,5,4,1439.313,1664.278,1280.659,1505.623,1597.968,1822.932,317.309,0.016,direct_cup_evidence,No
2,Day 2,Tray 2,2,DJI_20260620131052_0002,45,5,5,1834.149,1641.322,1675.495,1482.668,1992.803,1799.977,317.309,0.0795,direct_cup_evidence,No
2,Day 2,Tray 2,2,DJI_20260620131052_0002,46,5,6,2265.713,1664.278,2107.059,1505.623,2424.368,1822.932,317.309,0.0157,direct_cup_evidence,No
2,Day 2,Tray 2,2,DJI_20260620131052_0002,47,5,7,2681.209,1661.982,2522.555,1503.328,2839.863,1820.637,317.309,0.0245,direct_cup_evidence,No
2,Day 2,Tray 2,2,DJI_20260620131052_0002,48,5,8,3089.818,1659.687,2931.163,1501.032,3248.472,1818.341,317.309,0.0208,direct_cup_evidence,No
2,Day 2,Tray 2,2,DJI_20260620131052_0002,49,5,9,3500.722,1657.391,3342.068,1498.737,3659.377,1816.045,317.309,0.0227,direct_cup_evidence,No
2,Day 2,Tray 2,2,DJI_20260620131052_0002,50,5,10,3902.444,1655.096,3743.79,1496.441,4061.099,1813.75,317.309,0.0086,direct_cup_evidence,No
2,Day 2,Tray 2,2,DJI_20260620131052_0002,51,6,1,227.26,2008.611,68.606,1849.957,385.914,2167.265,317.309,0.0483,direct_cup_evidence,No
2,Day 2,Tray 2,2,DJI_20260620131052_0002,52,6,2,628.982,2015.498,470.328,1856.843,787.637,2174.152,317.309,0.0152,direct_cup_evidence,No
2,Day 2,Tray 2,2,DJI_20260620131052_0002,53,6,3,1030.704,2022.384,872.05,1863.73,1189.359,2181.039,317.309,0.0191,direct_cup_evidence,No
2,Day 2,Tray 2,2,DJI_20260620131052_0002,54,6,4,1441.609,2013.202,1282.955,1854.548,1600.263,2171.857,317.309,0.0083,direct_cup_evidence,No
2,Day 2,Tray 2,2,DJI_20260620131052_0002,55,6,5,1854.809,2013.202,1696.155,1854.548,2013.463,2171.857,317.309,0.003,direct_cup_evidence,No
2,Day 2,Tray 2,2,DJI_20260620131052_0002,56,6,6,2279.487,2033.862,2120.832,1875.208,2438.141,2192.517,317.309,0.0778,direct_cup_evidence,No
2,Day 2,Tray 2,2,DJI_20260620131052_0002,57,6,7,2674.322,2031.567,2515.668,1872.912,2832.977,2190.221,317.309,0.0617,direct_cup_evidence,No
2,Day 2,Tray 2,2,DJI_20260620131052_0002,58,6,8,3082.931,2001.724,2924.277,1843.07,3241.585,2160.379,317.309,0.0182,direct_cup_evidence,No
2,Day 2,Tray 2,2,DJI_20260620131052_0002,59,6,9,3466.289,1987.951,3307.635,1829.297,3624.943,2146.605,317.309,0.0918,direct_cup_evidence,No
2,Day 2,Tray 2,2,DJI_20260620131052_0002,60,6,10,3904.74,2008.611,3746.086,1849.957,4063.394,2167.265,317.309,0.0125,direct_cup_evidence,No
2,Day 2,Tray 2,2,DJI_20260620131052_0002,61,7,1,227.26,2359.831,68.606,2201.177,385.914,2518.485,317.309,0.0523,direct_cup_evidence,No
2,Day 2,Tray 2,2,DJI_20260620131052_0002,62,7,2,569.298,2385.082,410.643,2226.428,727.952,2543.737,317.309,0.1596,direct_cup_evidence,No
2,Day 2,Tray 2,2,DJI_20260620131052_0002,63,7,3,1035.296,2362.127,876.641,2203.472,1193.95,2520.781,317.309,0.0207,direct_cup_evidence,No
2,Day 2,Tray 2,2,DJI_20260620131052_0002,64,7,4,1441.609,2366.718,1282.955,2208.063,1600.263,2525.372,317.309,0.0053,direct_cup_evidence,No
2,Day 2,Tray 2,2,DJI_20260620131052_0002,65,7,5,1852.513,2375.9,1693.859,2217.246,2011.168,2534.554,317.309,0.0287,direct_cup_evidence,No
2,Day 2,Tray 2,2,DJI_20260620131052_0002,66,7,6,2263.418,2378.196,2104.763,2219.541,2422.072,2536.85,317.309,0.04,direct_cup_evidence,No
2,Day 2,Tray 2,2,DJI_20260620131052_0002,67,7,7,2653.662,2332.284,2495.008,2173.63,2812.317,2490.939,317.309,0.101,direct_cup_evidence,No
2,Day 2,Tray 2,2,DJI_20260620131052_0002,68,7,8,3087.522,2359.831,2928.868,2201.177,3246.177,2518.485,317.309,0.0147,direct_cup_evidence,No
2,Day 2,Tray 2,2,DJI_20260620131052_0002,69,7,9,3493.836,2362.127,3335.181,2203.472,3652.49,2520.781,317.309,0.01,direct_cup_evidence,No
2,Day 2,Tray 2,2,DJI_20260620131052_0002,70,7,10,3907.036,2348.353,3748.381,2189.699,4065.69,2507.008,317.309,0.0292,direct_cup_evidence,No
2,Day 2,Tray 3,3,DJI_20260620131152_0003,1,1,1,222.184,254.252,64.442,96.51,379.925,411.993,315.483,0.0419,direct_cup_evidence,No
2,Day 2,Tray 3,3,DJI_20260620131152_0003,2,1,2,627.612,245.089,469.871,87.348,785.354,402.831,315.483,0.0162,direct_cup_evidence,No
2,Day 2,Tray 3,3,DJI_20260620131152_0003,3,1,3,1028.459,240.508,870.718,82.767,1186.201,398.25,315.483,0.0137,direct_cup_evidence,No
2,Day 2,Tray 3,3,DJI_20260620131152_0003,4,1,4,1445.341,238.218,1287.599,80.476,1603.082,395.959,315.483,0.0138,direct_cup_evidence,No
2,Day 2,Tray 3,3,DJI_20260620131152_0003,5,1,5,1850.769,229.056,1693.027,71.314,2008.51,386.797,315.483,0.0376,direct_cup_evidence,No
2,Day 2,Tray 3,3,DJI_20260620131152_0003,6,1,6,2263.069,238.218,2105.327,80.476,2420.81,395.959,315.483,0.0096,direct_cup_evidence,No
2,Day 2,Tray 3,3,DJI_20260620131152_0003,7,1,7,2670.788,229.056,2513.046,71.314,2828.529,386.797,315.483,0.0355,direct_cup_evidence,No
2,Day 2,Tray 3,3,DJI_20260620131152_0003,8,1,8,3085.378,240.508,2927.637,82.767,3243.12,398.25,315.483,0.0023,direct_cup_evidence,No
2,Day 2,Tray 3,3,DJI_20260620131152_0003,9,1,9,3499.969,240.508,3342.227,82.767,3657.71,398.25,315.483,0.0143,direct_cup_evidence,No
2,Day 2,Tray 3,3,DJI_20260620131152_0003,10,1,10,3905.397,238.218,3747.656,80.476,4063.139,395.959,315.483,0.0039,direct_cup_evidence,No
2,Day 2,Tray 3,3,DJI_20260620131152_0003,11,2,1,210.731,597.835,52.99,440.093,368.473,755.577,315.483,0.0101,direct_cup_evidence,No
2,Day 2,Tray 3,3,DJI_20260620131152_0003,12,2,2,620.741,593.254,462.999,435.512,778.482,750.995,315.483,0.0043,direct_cup_evidence,No
2,Day 2,Tray 3,3,DJI_20260620131152_0003,13,2,3,1028.459,593.254,870.718,435.512,1186.201,750.995,315.483,0.0114,direct_cup_evidence,No
2,Day 2,Tray 3,3,DJI_20260620131152_0003,14,2,4,1438.469,595.544,1280.727,437.803,1596.21,753.286,315.483,0.0145,direct_cup_evidence,No
2,Day 2,Tray 3,3,DJI_20260620131152_0003,15,2,5,1853.059,593.254,1695.318,435.512,2010.801,750.995,315.483,0.0022,direct_cup_evidence,No
2,Day 2,Tray 3,3,DJI_20260620131152_0003,16,2,6,2265.359,593.254,2107.618,435.512,2423.101,750.995,315.483,0.006,direct_cup_evidence,No
2,Day 2,Tray 3,3,DJI_20260620131152_0003,17,2,7,2675.369,588.673,2517.627,430.931,2833.11,746.414,315.483,0.009,direct_cup_evidence,No
2,Day 2,Tray 3,3,DJI_20260620131152_0003,18,2,8,3087.669,593.254,2929.927,435.512,3245.41,750.995,315.483,0.0111,direct_cup_evidence,No
2,Day 2,Tray 3,3,DJI_20260620131152_0003,19,2,9,3497.678,593.254,3339.937,435.512,3655.42,750.995,315.483,0.0111,direct_cup_evidence,No
2,Day 2,Tray 3,3,DJI_20260620131152_0003,20,2,10,3898.526,586.382,3740.784,428.641,4056.267,744.124,315.483,0.0219,direct_cup_evidence,No
2,Day 2,Tray 3,3,DJI_20260620131152_0003,21,3,1,208.441,950.581,50.699,792.839,366.182,1108.322,315.483,0.0183,direct_cup_evidence,No
2,Day 2,Tray 3,3,DJI_20260620131152_0003,22,3,2,620.741,941.418,462.999,783.677,778.482,1099.16,315.483,0.0094,direct_cup_evidence,No
2,Day 2,Tray 3,3,DJI_20260620131152_0003,23,3,3,1033.041,943.709,875.299,785.967,1190.782,1101.45,315.483,0.0022,direct_cup_evidence,No
2,Day 2,Tray 3,3,DJI_20260620131152_0003,24,3,4,1438.469,945.999,1280.727,788.258,1596.21,1103.741,315.483,0.0141,direct_cup_evidence,No
2,Day 2,Tray 3,3,DJI_20260620131152_0003,25,3,5,1848.478,950.581,1690.737,792.839,2006.22,1108.322,315.483,0.0253,direct_cup_evidence,No
2,Day 2,Tray 3,3,DJI_20260620131152_0003,26,3,6,2231.001,929.966,2073.26,772.224,2388.743,1087.707,315.483,0.0995,direct_cup_evidence,No
2,Day 2,Tray 3,3,DJI_20260620131152_0003,27,3,7,2675.369,936.837,2517.627,779.096,2833.11,1094.579,315.483,0.0155,direct_cup_evidence,No
2,Day 2,Tray 3,3,DJI_20260620131152_0003,28,3,8,3085.378,941.418,2927.637,783.677,3243.12,1099.16,315.483,0.0031,direct_cup_evidence,No
2,Day 2,Tray 3,3,DJI_20260620131152_0003,29,3,9,3509.131,939.128,3351.39,781.386,3666.873,1096.869,315.483,0.0415,direct_cup_evidence,No
2,Day 2,Tray 3,3,DJI_20260620131152_0003,30,3,10,3912.269,943.709,3754.527,785.967,4070.01,1101.45,315.483,0.0222,direct_cup_evidence,No
2,Day 2,Tray 3,3,DJI_20260620131152_0003,31,4,1,210.731,1294.164,52.99,1136.422,368.473,1451.905,315.483,0.0043,direct_cup_evidence,No
2,Day 2,Tray 3,3,DJI_20260620131152_0003,32,4,2,620.741,1294.164,462.999,1136.422,778.482,1451.905,315.483,0.0039,direct_cup_evidence,No
2,Day 2,Tray 3,3,DJI_20260620131152_0003,33,4,3,1028.459,1296.454,870.718,1138.713,1186.201,1454.196,315.483,0.012,direct_cup_evidence,No
2,Day 2,Tray 3,3,DJI_20260620131152_0003,34,4,4,1436.178,1298.745,1278.437,1141.003,1593.92,1456.487,315.483,0.0227,direct_cup_evidence,No
2,Day 2,Tray 3,3,DJI_20260620131152_0003,35,4,5,1853.059,1298.745,1695.318,1141.003,2010.801,1456.487,315.483,0.0147,direct_cup_evidence,No
2,Day 2,Tray 3,3,DJI_20260620131152_0003,36,4,6,2276.812,1310.198,2119.071,1152.456,2434.554,1467.939,315.483,0.062,direct_cup_evidence,No
2,Day 2,Tray 3,3,DJI_20260620131152_0003,37,4,7,2677.659,1296.454,2519.918,1138.713,2835.401,1454.196,315.483,0.0155,direct_cup_evidence,No
2,Day 2,Tray 3,3,DJI_20260620131152_0003,38,4,8,3089.959,1294.164,2932.218,1136.422,3247.701,1451.905,315.483,0.0174,direct_cup_evidence,No
2,Day 2,Tray 3,3,DJI_20260620131152_0003,39,4,9,3495.388,1285.002,3337.646,1127.26,3653.129,1442.743,315.483,0.0192,direct_cup_evidence,No
2,Day 2,Tray 3,3,DJI_20260620131152_0003,40,4,10,3900.816,1294.164,3743.075,1136.422,4058.558,1451.905,315.483,0.0146,direct_cup_evidence,No
2,Day 2,Tray 3,3,DJI_20260620131152_0003,41,5,1,210.731,1644.619,52.99,1486.877,368.473,1802.36,315.483,0.0043,direct_cup_evidence,No
2,Day 2,Tray 3,3,DJI_20260620131152_0003,42,5,2,623.031,1644.619,465.29,1486.877,780.773,1802.36,315.483,0.0047,direct_cup_evidence,No
2,Day 2,Tray 3,3,DJI_20260620131152_0003,43,5,3,1026.169,1646.909,868.427,1489.168,1183.91,1804.651,315.483,0.0176,direct_cup_evidence,No
2,Day 2,Tray 3,3,DJI_20260620131152_0003,44,5,4,1436.178,1653.781,1278.437,1496.04,1593.92,1811.523,315.483,0.0317,direct_cup_evidence,No
2,Day 2,Tray 3,3,DJI_20260620131152_0003,45,5,5,1853.059,1642.328,1695.318,1484.587,2010.801,1800.07,315.483,0.0051,direct_cup_evidence,No
2,Day 2,Tray 3,3,DJI_20260620131152_0003,46,5,6,2263.069,1646.909,2105.327,1489.168,2420.81,1804.651,315.483,0.0093,direct_cup_evidence,No
2,Day 2,Tray 3,3,DJI_20260620131152_0003,47,5,7,2691.403,1646.909,2533.661,1489.168,2849.144,1804.651,315.483,0.0517,direct_cup_evidence,No
2,Day 2,Tray 3,3,DJI_20260620131152_0003,48,5,8,3087.669,1644.619,2929.927,1486.877,3245.41,1802.36,315.483,0.0117,direct_cup_evidence,No
2,Day 2,Tray 3,3,DJI_20260620131152_0003,49,5,9,3497.678,1642.328,3339.937,1484.587,3655.42,1800.07,315.483,0.0092,direct_cup_evidence,No
2,Day 2,Tray 3,3,DJI_20260620131152_0003,50,5,10,3907.688,1642.328,3749.946,1484.587,4065.429,1800.07,315.483,0.0083,direct_cup_evidence,No
2,Day 2,Tray 3,3,DJI_20260620131152_0003,51,6,1,222.184,1985.912,64.442,1828.17,379.925,2143.653,315.483,0.0438,direct_cup_evidence,No
2,Day 2,Tray 3,3,DJI_20260620131152_0003,52,6,2,616.159,1997.364,458.418,1839.623,773.901,2155.106,315.483,0.0158,direct_cup_evidence,No
2,Day 2,Tray 3,3,DJI_20260620131152_0003,53,6,3,1026.169,2001.946,868.427,1844.204,1183.91,2159.687,315.483,0.0244,direct_cup_evidence,No
2,Day 2,Tray 3,3,DJI_20260620131152_0003,54,6,4,1438.469,1997.364,1280.727,1839.623,1596.21,2155.106,315.483,0.0127,direct_cup_evidence,No
2,Day 2,Tray 3,3,DJI_20260620131152_0003,55,6,5,1857.641,2001.946,1699.899,1844.204,2015.382,2159.687,315.483,0.0251,direct_cup_evidence,No
2,Day 2,Tray 3,3,DJI_20260620131152_0003,56,6,6,2265.359,1999.655,2107.618,1841.913,2423.101,2157.397,315.483,0.0169,direct_cup_evidence,No
2,Day 2,Tray 3,3,DJI_20260620131152_0003,57,6,7,2673.078,1990.493,2515.337,1832.751,2830.82,2148.234,315.483,0.0092,direct_cup_evidence,No
2,Day 2,Tray 3,3,DJI_20260620131152_0003,58,6,8,3076.216,2004.236,2918.475,1846.495,3233.958,2161.978,315.483,0.0384,direct_cup_evidence,No
2,Day 2,Tray 3,3,DJI_20260620131152_0003,59,6,9,3497.678,1997.364,3339.937,1839.623,3655.42,2155.106,315.483,0.0163,direct_cup_evidence,No
2,Day 2,Tray 3,3,DJI_20260620131152_0003,60,6,10,3898.526,1983.621,3740.784,1825.88,4056.267,2141.363,315.483,0.0304,direct_cup_evidence,No
2,Day 2,Tray 3,3,DJI_20260620131152_0003,61,7,1,224.474,2329.495,66.733,2171.753,382.216,2487.237,315.483,0.0632,direct_cup_evidence,No
2,Day 2,Tray 3,3,DJI_20260620131152_0003,62,7,2,620.741,2340.948,462.999,2183.206,778.482,2498.689,315.483,0.0163,direct_cup_evidence,No
2,Day 2,Tray 3,3,DJI_20260620131152_0003,63,7,3,1046.784,2327.204,889.042,2169.463,1204.525,2484.946,315.483,0.0689,direct_cup_evidence,No
2,Day 2,Tray 3,3,DJI_20260620131152_0003,64,7,4,1440.759,2354.691,1283.018,2196.95,1598.501,2512.433,315.483,0.0261,direct_cup_evidence,No
2,Day 2,Tray 3,3,DJI_20260620131152_0003,65,7,5,1846.188,2354.691,1688.446,2196.95,2003.929,2512.433,315.483,0.0327,direct_cup_evidence,No
2,Day 2,Tray 3,3,DJI_20260620131152_0003,66,7,6,2251.616,2338.657,2093.875,2180.916,2409.358,2496.399,315.483,0.0368,direct_cup_evidence,No
2,Day 2,Tray 3,3,DJI_20260620131152_0003,67,7,7,2675.369,2352.401,2517.627,2194.659,2833.11,2510.142,315.483,0.024,direct_cup_evidence,No
2,Day 2,Tray 3,3,DJI_20260620131152_0003,68,7,8,3083.088,2338.657,2925.346,2180.916,3240.829,2496.399,315.483,0.0147,direct_cup_evidence,No
2,Day 2,Tray 3,3,DJI_20260620131152_0003,69,7,9,3495.388,2343.238,3337.646,2185.497,3653.129,2500.98,315.483,0.0034,direct_cup_evidence,No
2,Day 2,Tray 3,3,DJI_20260620131152_0003,70,7,10,3893.944,2331.786,3736.203,2174.044,4051.686,2489.527,315.483,0.0437,direct_cup_evidence,No
2,Day 2,Tray 4,4,DJI_20260620131233_0004,1,1,1,222.184,242.799,64.611,85.226,379.756,400.371,315.145,0.0223,direct_cup_evidence,No
2,Day 2,Tray 4,4,DJI_20260620131233_0004,2,1,2,639.065,242.799,481.493,85.226,796.637,400.371,315.145,0.0269,direct_cup_evidence,No
2,Day 2,Tray 4,4,DJI_20260620131233_0004,3,1,3,1039.912,240.508,882.34,82.936,1197.485,398.081,315.145,0.0212,direct_cup_evidence,No
2,Day 2,Tray 4,4,DJI_20260620131233_0004,4,1,4,1459.084,238.218,1301.511,80.645,1616.656,395.79,315.145,0.0207,direct_cup_evidence,No
2,Day 2,Tray 4,4,DJI_20260620131233_0004,5,1,5,1873.674,238.218,1716.102,80.645,2031.247,395.79,315.145,0.0193,direct_cup_evidence,No
2,Day 2,Tray 4,4,DJI_20260620131233_0004,6,1,6,2285.974,235.927,2128.402,78.355,2443.547,393.5,315.145,0.0203,direct_cup_evidence,No
2,Day 2,Tray 4,4,DJI_20260620131233_0004,7,1,7,2700.565,235.927,2542.993,78.355,2858.137,393.5,315.145,0.0206,direct_cup_evidence,No
2,Day 2,Tray 4,4,DJI_20260620131233_0004,8,1,8,3108.284,235.927,2950.711,78.355,3265.856,393.5,315.145,0.0086,direct_cup_evidence,No
2,Day 2,Tray 4,4,DJI_20260620131233_0004,9,1,9,3516.003,235.927,3358.43,78.355,3673.575,393.5,315.145,0.0131,direct_cup_evidence,No
2,Day 2,Tray 4,4,DJI_20260620131233_0004,10,1,10,3912.269,235.927,3754.696,78.355,4069.841,393.5,315.145,0.0594,direct_cup_evidence,No
2,Day 2,Tray 4,4,DJI_20260620131233_0004,11,2,1,222.184,595.544,64.611,437.972,379.756,753.117,315.145,0.0131,direct_cup_evidence,No
2,Day 2,Tray 4,4,DJI_20260620131233_0004,12,2,2,629.903,588.673,472.33,431.1,787.475,746.245,315.145,0.0295,direct_cup_evidence,No
2,Day 2,Tray 4,4,DJI_20260620131233_0004,13,2,3,1046.784,588.673,889.211,431.1,1204.356,746.245,315.145,0.0233,direct_cup_evidence,No
2,Day 2,Tray 4,4,DJI_20260620131233_0004,14,2,4,1459.084,588.673,1301.511,431.1,1616.656,746.245,315.145,0.0188,direct_cup_evidence,No
2,Day 2,Tray 4,4,DJI_20260620131233_0004,15,2,5,1875.965,586.382,1718.393,428.81,2033.537,743.955,315.145,0.0242,direct_cup_evidence,No
2,Day 2,Tray 4,4,DJI_20260620131233_0004,16,2,6,2290.556,586.382,2132.983,428.81,2448.128,743.955,315.145,0.0241,direct_cup_evidence,No
2,Day 2,Tray 4,4,DJI_20260620131233_0004,17,2,7,2728.052,552.024,2570.479,394.451,2885.624,709.596,315.145,0.1412,direct_cup_evidence,No
2,Day 2,Tray 4,4,DJI_20260620131233_0004,18,2,8,3110.574,581.801,2953.002,424.229,3268.147,739.374,315.145,0.0207,direct_cup_evidence,No
2,Day 2,Tray 4,4,DJI_20260620131233_0004,19,2,9,3520.584,584.092,3363.011,426.519,3678.156,741.664,315.145,0.011,direct_cup_evidence,No
2,Day 2,Tray 4,4,DJI_20260620131233_0004,20,2,10,3923.722,584.092,3766.149,426.519,4081.294,741.664,315.145,0.0332,direct_cup_evidence,No
2,Day 2,Tray 4,4,DJI_20260620131233_0004,21,3,1,217.603,950.581,60.03,793.008,375.175,1108.153,315.145,0.0152,direct_cup_evidence,No
2,Day 2,Tray 4,4,DJI_20260620131233_0004,22,3,2,636.774,950.581,479.202,793.008,794.347,1108.153,315.145,0.0067,direct_cup_evidence,No
2,Day 2,Tray 4,4,DJI_20260620131233_0004,23,3,3,1046.784,943.709,889.211,786.136,1204.356,1101.281,315.145,0.0103,direct_cup_evidence,No
2,Day 2,Tray 4,4,DJI_20260620131233_0004,24,3,4,1461.374,943.709,1303.802,786.136,1618.947,1101.281,315.145,0.0049,direct_cup_evidence,No
2,Day 2,Tray 4,4,DJI_20260620131233_0004,25,3,5,1875.965,939.128,1718.393,781.555,2033.537,1096.7,315.145,0.0148,direct_cup_evidence,No
2,Day 2,Tray 4,4,DJI_20260620131233_0004,26,3,6,2285.974,936.837,2128.402,779.265,2443.547,1094.41,315.145,0.0156,direct_cup_evidence,No
2,Day 2,Tray 4,4,DJI_20260620131233_0004,27,3,7,2702.856,936.837,2545.283,779.265,2860.428,1094.41,315.145,0.0152,direct_cup_evidence,No
2,Day 2,Tray 4,4,DJI_20260620131233_0004,28,3,8,3115.156,932.256,2957.583,774.684,3272.728,1089.829,315.145,0.0218,direct_cup_evidence,No
2,Day 2,Tray 4,4,DJI_20260620131233_0004,29,3,9,3522.874,936.837,3365.302,779.265,3680.447,1094.41,315.145,0.0055,direct_cup_evidence,No
2,Day 2,Tray 4,4,DJI_20260620131233_0004,30,3,10,3928.303,932.256,3770.73,774.684,4085.875,1089.829,315.145,0.028,direct_cup_evidence,No
2,Day 2,Tray 4,4,DJI_20260620131233_0004,31,4,1,229.056,1301.036,71.483,1143.463,386.628,1458.608,315.145,0.0116,direct_cup_evidence,No
2,Day 2,Tray 4,4,DJI_20260620131233_0004,32,4,2,636.774,1294.164,479.202,1136.591,794.347,1451.736,315.145,0.0132,direct_cup_evidence,No
2,Day 2,Tray 4,4,DJI_20260620131233_0004,33,4,3,1051.365,1296.454,893.793,1138.882,1208.937,1454.027,315.145,0.0031,direct_cup_evidence,No
2,Day 2,Tray 4,4,DJI_20260620131233_0004,34,4,4,1463.665,1296.454,1306.093,1138.882,1621.237,1454.027,315.145,0.0029,direct_cup_evidence,No
2,Day 2,Tray 4,4,DJI_20260620131233_0004,35,4,5,1878.256,1294.164,1720.683,1136.591,2035.828,1451.736,315.145,0.0067,direct_cup_evidence,No
2,Day 2,Tray 4,4,DJI_20260620131233_0004,36,4,6,2288.265,1287.292,2130.693,1129.72,2445.837,1444.865,315.145,0.0147,direct_cup_evidence,No
2,Day 2,Tray 4,4,DJI_20260620131233_0004,37,4,7,2705.146,1289.583,2547.574,1132.01,2862.719,1447.155,315.145,0.0114,direct_cup_evidence,No
2,Day 2,Tray 4,4,DJI_20260620131233_0004,38,4,8,3110.574,1285.002,2953.002,1127.429,3268.147,1442.574,315.145,0.0159,direct_cup_evidence,No
2,Day 2,Tray 4,4,DJI_20260620131233_0004,39,4,9,3525.165,1298.745,3367.593,1141.173,3682.737,1456.317,315.145,0.0317,direct_cup_evidence,No
2,Day 2,Tray 4,4,DJI_20260620131233_0004,40,4,10,3932.884,1280.421,3775.311,1122.848,4090.456,1437.993,315.145,0.0251,direct_cup_evidence,No
2,Day 2,Tray 4,4,DJI_20260620131233_0004,41,5,1,226.765,1642.328,69.193,1484.756,384.337,1799.901,315.145,0.023,direct_cup_evidence,No
2,Day 2,Tray 4,4,DJI_20260620131233_0004,42,5,2,643.646,1651.491,486.074,1493.918,801.219,1809.063,315.145,0.0131,direct_cup_evidence,No
2,Day 2,Tray 4,4,DJI_20260620131233_0004,43,5,3,1055.946,1651.491,898.374,1493.918,1213.519,1809.063,315.145,0.0153,direct_cup_evidence,No
2,Day 2,Tray 4,4,DJI_20260620131233_0004,44,5,4,1527.801,1640.038,1370.228,1482.465,1685.373,1797.61,315.145,0.1791,direct_cup_evidence,No
2,Day 2,Tray 4,4,DJI_20260620131233_0004,45,5,5,1878.256,1644.619,1720.683,1487.046,2035.828,1802.191,315.145,0.0015,direct_cup_evidence,No
2,Day 2,Tray 4,4,DJI_20260620131233_0004,46,5,6,2297.427,1646.909,2139.855,1489.337,2455.0,1804.482,315.145,0.0226,direct_cup_evidence,No
2,Day 2,Tray 4,4,DJI_20260620131233_0004,47,5,7,2709.727,1637.747,2552.155,1480.175,2867.3,1795.32,315.145,0.0201,direct_cup_evidence,No
2,Day 2,Tray 4,4,DJI_20260620131233_0004,48,5,8,3115.156,1630.876,2957.583,1473.303,3272.728,1788.448,315.145,0.0247,direct_cup_evidence,No
2,Day 2,Tray 4,4,DJI_20260620131233_0004,49,5,9,3525.165,1630.876,3367.593,1473.303,3682.737,1788.448,315.145,0.0228,direct_cup_evidence,No
2,Day 2,Tray 4,4,DJI_20260620131233_0004,50,5,10,3932.884,1628.585,3775.311,1471.013,4090.456,1786.157,315.145,0.0334,direct_cup_evidence,No
2,Day 2,Tray 4,4,DJI_20260620131233_0004,51,6,1,226.765,1999.655,69.193,1842.083,384.337,2157.227,315.145,0.0078,direct_cup_evidence,No
2,Day 2,Tray 4,4,DJI_20260620131233_0004,52,6,2,639.065,2001.946,481.493,1844.373,796.637,2159.518,315.145,0.012,direct_cup_evidence,No
2,Day 2,Tray 4,4,DJI_20260620131233_0004,53,6,3,1049.074,1999.655,891.502,1842.083,1206.647,2157.227,315.145,0.0175,direct_cup_evidence,No
2,Day 2,Tray 4,4,DJI_20260620131233_0004,54,6,4,1472.827,1995.074,1315.255,1837.501,1630.4,2152.646,315.145,0.0154,direct_cup_evidence,No
2,Day 2,Tray 4,4,DJI_20260620131233_0004,55,6,5,1878.256,1999.655,1720.683,1842.083,2035.828,2157.227,315.145,0.0163,direct_cup_evidence,No
2,Day 2,Tray 4,4,DJI_20260620131233_0004,56,6,6,2297.427,1997.364,2139.855,1839.792,2455.0,2154.937,315.145,0.0184,direct_cup_evidence,No
2,Day 2,Tray 4,4,DJI_20260620131233_0004,57,6,7,2702.856,1985.912,2545.283,1828.339,2860.428,2143.484,315.145,0.017,direct_cup_evidence,No
2,Day 2,Tray 4,4,DJI_20260620131233_0004,58,6,8,3122.027,1985.912,2964.455,1828.339,3279.6,2143.484,315.145,0.0149,direct_cup_evidence,No
2,Day 2,Tray 4,4,DJI_20260620131233_0004,59,6,9,3525.165,1995.074,3367.593,1837.501,3682.737,2152.646,315.145,0.0262,direct_cup_evidence,No
2,Day 2,Tray 4,4,DJI_20260620131233_0004,60,6,10,4003.891,2004.236,3846.319,1846.664,4161.464,2161.809,315.145,0.179,direct_cup_evidence,No
2,Day 2,Tray 4,4,DJI_20260620131233_0004,61,7,1,231.346,2345.529,73.774,2187.956,388.919,2503.101,315.145,0.0147,direct_cup_evidence,No
2,Day 2,Tray 4,4,DJI_20260620131233_0004,62,7,2,643.646,2352.401,486.074,2194.828,801.219,2509.973,315.145,0.0095,direct_cup_evidence,No
2,Day 2,Tray 4,4,DJI_20260620131233_0004,63,7,3,1055.946,2345.529,898.374,2187.956,1213.519,2503.101,315.145,0.0065,direct_cup_evidence,No
2,Day 2,Tray 4,4,DJI_20260620131233_0004,64,7,4,1465.956,2354.691,1308.383,2197.119,1623.528,2512.264,315.145,0.0269,direct_cup_evidence,No
2,Day 2,Tray 4,4,DJI_20260620131233_0004,65,7,5,1885.127,2347.819,1727.555,2190.247,2042.7,2505.392,315.145,0.0125,direct_cup_evidence,No
2,Day 2,Tray 4,4,DJI_20260620131233_0004,66,7,6,2297.427,2345.529,2139.855,2187.956,2455.0,2503.101,315.145,0.0101,direct_cup_evidence,No
2,Day 2,Tray 4,4,DJI_20260620131233_0004,67,7,7,2712.018,2329.495,2554.445,2171.923,2869.59,2487.067,315.145,0.0359,direct_cup_evidence,No
2,Day 2,Tray 4,4,DJI_20260620131233_0004,68,7,8,3122.027,2329.495,2964.455,2171.923,3279.6,2487.067,315.145,0.0297,direct_cup_evidence,No
2,Day 2,Tray 4,4,DJI_20260620131233_0004,69,7,9,3529.746,2324.914,3372.174,2167.341,3687.319,2482.486,315.145,0.0393,direct_cup_evidence,No
2,Day 2,Tray 4,4,DJI_20260620131233_0004,70,7,10,3923.722,2318.042,3766.149,2160.47,4081.294,2475.615,315.145,0.0828,direct_cup_evidence,No
2,Day 2,Tray 5,5,DJI_20260620131340_0005,1,1,1,235.756,256.356,76.495,97.095,395.016,415.616,318.52,0.0412,direct_cup_evidence,No
2,Day 2,Tray 5,5,DJI_20260620131340_0005,2,1,2,629.444,258.644,470.184,99.384,788.705,417.905,318.52,0.0305,direct_cup_evidence,No
2,Day 2,Tray 5,5,DJI_20260620131340_0005,3,1,3,1034.578,244.911,875.318,85.651,1193.838,404.171,318.52,0.0319,direct_cup_evidence,No
2,Day 2,Tray 5,5,DJI_20260620131340_0005,4,1,4,1444.289,249.489,1285.029,90.229,1603.549,408.749,318.52,0.0304,direct_cup_evidence,No
2,Day 2,Tray 5,5,DJI_20260620131340_0005,5,1,5,1856.289,244.911,1697.029,85.651,2015.549,404.171,318.52,0.0332,direct_cup_evidence,No
2,Day 2,Tray 5,5,DJI_20260620131340_0005,6,1,6,2272.867,242.622,2113.607,83.362,2432.127,401.882,318.52,0.0323,direct_cup_evidence,No
2,Day 2,Tray 5,5,DJI_20260620131340_0005,7,1,7,2687.156,244.911,2527.895,85.651,2846.416,404.171,318.52,0.0285,direct_cup_evidence,No
2,Day 2,Tray 5,5,DJI_20260620131340_0005,8,1,8,3101.444,251.778,2942.184,92.518,3260.705,411.038,318.52,0.0193,direct_cup_evidence,No
2,Day 2,Tray 5,5,DJI_20260620131340_0005,9,1,9,3513.444,254.067,3354.184,94.807,3672.705,413.327,318.52,0.0217,direct_cup_evidence,No
2,Day 2,Tray 5,5,DJI_20260620131340_0005,10,1,10,3920.867,242.622,3761.607,83.362,4080.127,401.882,318.52,0.0463,direct_cup_evidence,No
2,Day 2,Tray 5,5,DJI_20260620131340_0005,11,2,1,217.444,611.133,58.184,451.873,376.705,770.393,318.52,0.0275,direct_cup_evidence,No
2,Day 2,Tray 5,5,DJI_20260620131340_0005,12,2,2,624.867,615.711,465.607,456.451,784.127,774.971,318.52,0.0392,direct_cup_evidence,No
2,Day 2,Tray 5,5,DJI_20260620131340_0005,13,2,3,1013.978,627.156,854.718,467.895,1173.238,786.416,318.52,0.0992,direct_cup_evidence,No
2,Day 2,Tray 5,5,DJI_20260620131340_0005,14,2,4,1439.711,606.556,1280.451,447.295,1598.971,765.816,318.52,0.0313,direct_cup_evidence,No
2,Day 2,Tray 5,5,DJI_20260620131340_0005,15,2,5,1858.578,601.978,1699.318,442.718,2017.838,761.238,318.52,0.0144,direct_cup_evidence,No
2,Day 2,Tray 5,5,DJI_20260620131340_0005,16,2,6,2270.578,606.556,2111.318,447.295,2429.838,765.816,318.52,0.0037,direct_cup_evidence,No
2,Day 2,Tray 5,5,DJI_20260620131340_0005,17,2,7,2684.867,611.133,2525.607,451.873,2844.127,770.393,318.52,0.0111,direct_cup_evidence,No
2,Day 2,Tray 5,5,DJI_20260620131340_0005,18,2,8,3101.444,606.556,2942.184,447.295,3260.705,765.816,318.52,0.0284,direct_cup_evidence,No
2,Day 2,Tray 5,5,DJI_20260620131340_0005,19,2,9,3511.156,608.844,3351.895,449.584,3670.416,768.105,318.52,0.0258,direct_cup_evidence,No
2,Day 2,Tray 5,5,DJI_20260620131340_0005,20,2,10,3916.289,606.556,3757.029,447.295,4075.549,765.816,318.52,0.0194,direct_cup_evidence,No
2,Day 2,Tray 5,5,DJI_20260620131340_0005,21,3,1,226.6,956.756,67.34,797.495,385.86,1116.016,318.52,0.0313,direct_cup_evidence,No
2,Day 2,Tray 5,5,DJI_20260620131340_0005,22,3,2,622.578,956.756,463.318,797.495,781.838,1116.016,318.52,0.0094,direct_cup_evidence,No
2,Day 2,Tray 5,5,DJI_20260620131340_0005,23,3,3,1027.711,959.044,868.451,799.784,1186.971,1118.305,318.52,0.0242,direct_cup_evidence,No
2,Day 2,Tray 5,5,DJI_20260620131340_0005,24,3,4,1437.422,956.756,1278.162,797.495,1596.682,1116.016,318.52,0.0266,direct_cup_evidence,No
2,Day 2,Tray 5,5,DJI_20260620131340_0005,25,3,5,1849.422,963.622,1690.162,804.362,2008.682,1122.882,318.52,0.023,direct_cup_evidence,No
2,Day 2,Tray 5,5,DJI_20260620131340_0005,26,3,6,2268.289,963.622,2109.029,804.362,2427.549,1122.882,318.52,0.0067,direct_cup_evidence,No
2,Day 2,Tray 5,5,DJI_20260620131340_0005,27,3,7,2680.289,963.622,2521.029,804.362,2839.549,1122.882,318.52,0.0083,direct_cup_evidence,No
2,Day 2,Tray 5,5,DJI_20260620131340_0005,28,3,8,3094.578,959.044,2935.318,799.784,3253.838,1118.305,318.52,0.0235,direct_cup_evidence,No
2,Day 2,Tray 5,5,DJI_20260620131340_0005,29,3,9,3506.578,959.044,3347.318,799.784,3665.838,1118.305,318.52,0.0293,direct_cup_evidence,No
2,Day 2,Tray 5,5,DJI_20260620131340_0005,30,3,10,3911.711,965.911,3752.451,806.651,4070.971,1125.171,318.52,0.0092,direct_cup_evidence,No
2,Day 2,Tray 5,5,DJI_20260620131340_0005,31,4,1,224.311,1309.244,65.051,1149.984,383.571,1468.505,318.52,0.0365,direct_cup_evidence,No
2,Day 2,Tray 5,5,DJI_20260620131340_0005,32,4,2,620.289,1313.822,461.029,1154.562,779.549,1473.082,318.52,0.0099,direct_cup_evidence,No
2,Day 2,Tray 5,5,DJI_20260620131340_0005,33,4,3,1025.422,1313.822,866.162,1154.562,1184.682,1473.082,318.52,0.0195,direct_cup_evidence,No
2,Day 2,Tray 5,5,DJI_20260620131340_0005,34,4,4,1435.133,1316.111,1275.873,1156.851,1594.393,1475.371,318.52,0.0222,direct_cup_evidence,No
2,Day 2,Tray 5,5,DJI_20260620131340_0005,35,4,5,1876.889,1336.711,1717.629,1177.451,2036.149,1495.971,318.52,0.0934,direct_cup_evidence,No
2,Day 2,Tray 5,5,DJI_20260620131340_0005,36,4,6,2298.044,1322.978,2138.784,1163.718,2457.305,1482.238,318.52,0.1013,direct_cup_evidence,No
2,Day 2,Tray 5,5,DJI_20260620131340_0005,37,4,7,2680.289,1313.822,2521.029,1154.562,2839.549,1473.082,318.52,0.0212,direct_cup_evidence,No
2,Day 2,Tray 5,5,DJI_20260620131340_0005,38,4,8,3078.556,1350.444,2919.295,1191.184,3237.816,1509.705,318.52,0.0934,direct_cup_evidence,No
2,Day 2,Tray 5,5,DJI_20260620131340_0005,39,4,9,3504.289,1325.267,3345.029,1166.007,3663.549,1484.527,318.52,0.0342,direct_cup_evidence,No
2,Day 2,Tray 5,5,DJI_20260620131340_0005,40,4,10,3909.422,1313.822,3750.162,1154.562,4068.682,1473.082,318.52,0.023,direct_cup_evidence,No
2,Day 2,Tray 5,5,DJI_20260620131340_0005,41,5,1,215.156,1664.022,55.895,1504.762,374.416,1823.282,318.52,0.0225,direct_cup_evidence,No
2,Day 2,Tray 5,5,DJI_20260620131340_0005,42,5,2,615.711,1664.022,456.451,1504.762,774.971,1823.282,318.52,0.0054,direct_cup_evidence,No
2,Day 2,Tray 5,5,DJI_20260620131340_0005,43,5,3,1023.133,1666.311,863.873,1507.051,1182.393,1825.571,318.52,0.0135,direct_cup_evidence,No
2,Day 2,Tray 5,5,DJI_20260620131340_0005,44,5,4,1437.422,1666.311,1278.162,1507.051,1596.682,1825.571,318.52,0.0027,direct_cup_evidence,No
2,Day 2,Tray 5,5,DJI_20260620131340_0005,45,5,5,1842.556,1670.889,1683.295,1511.629,2001.816,1830.149,318.52,0.0186,direct_cup_evidence,No
2,Day 2,Tray 5,5,DJI_20260620131340_0005,46,5,6,2256.844,1670.889,2097.584,1511.629,2416.105,1830.149,318.52,0.0072,direct_cup_evidence,No
2,Day 2,Tray 5,5,DJI_20260620131340_0005,47,5,7,2671.133,1670.889,2511.873,1511.629,2830.393,1830.149,318.52,0.0057,direct_cup_evidence,No
2,Day 2,Tray 5,5,DJI_20260620131340_0005,48,5,8,3083.133,1668.6,2923.873,1509.34,3242.393,1827.86,318.52,0.0135,direct_cup_evidence,No
2,Day 2,Tray 5,5,DJI_20260620131340_0005,49,5,9,3483.689,1659.444,3324.429,1500.184,3642.949,1818.705,318.52,0.0416,direct_cup_evidence,No
2,Day 2,Tray 5,5,DJI_20260620131340_0005,50,5,10,3897.978,1668.6,3738.718,1509.34,4057.238,1827.86,318.52,0.0165,direct_cup_evidence,No
2,Day 2,Tray 5,5,DJI_20260620131340_0005,51,6,1,215.156,2007.356,55.895,1848.095,374.416,2166.616,318.52,0.0441,direct_cup_evidence,No
2,Day 2,Tray 5,5,DJI_20260620131340_0005,52,6,2,620.289,2014.222,461.029,1854.962,779.549,2173.482,318.52,0.0229,direct_cup_evidence,No
2,Day 2,Tray 5,5,DJI_20260620131340_0005,53,6,3,1023.133,2016.511,863.873,1857.251,1182.393,2175.771,318.52,0.0089,direct_cup_evidence,No
2,Day 2,Tray 5,5,DJI_20260620131340_0005,54,6,4,1409.956,2023.378,1250.695,1864.118,1569.216,2182.638,318.52,0.0684,direct_cup_evidence,No
2,Day 2,Tray 5,5,DJI_20260620131340_0005,55,6,5,1842.556,2023.378,1683.295,1864.118,2001.816,2182.638,318.52,0.0064,direct_cup_evidence,No
2,Day 2,Tray 5,5,DJI_20260620131340_0005,56,6,6,2249.978,2014.222,2090.718,1854.962,2409.238,2173.482,318.52,0.0285,direct_cup_evidence,No
2,Day 2,Tray 5,5,DJI_20260620131340_0005,57,6,7,2625.356,1986.756,2466.095,1827.495,2784.616,2146.016,318.52,0.1543,direct_cup_evidence,No
2,Day 2,Tray 5,5,DJI_20260620131340_0005,58,6,8,3067.111,2009.644,2907.851,1850.384,3226.371,2168.905,318.52,0.0505,direct_cup_evidence,No
2,Day 2,Tray 5,5,DJI_20260620131340_0005,59,6,9,3472.244,2014.222,3312.984,1854.962,3631.505,2173.482,318.52,0.0517,direct_cup_evidence,No
2,Day 2,Tray 5,5,DJI_20260620131340_0005,60,6,10,3907.133,2053.133,3747.873,1893.873,4066.393,2212.393,318.52,0.0779,direct_cup_evidence,No
2,Day 2,Tray 5,5,DJI_20260620131340_0005,61,7,1,226.6,2346.111,67.34,2186.851,385.86,2505.371,318.52,0.1055,direct_cup_evidence,No
2,Day 2,Tray 5,5,DJI_20260620131340_0005,62,7,2,622.578,2364.422,463.318,2205.162,781.838,2523.682,318.52,0.0439,direct_cup_evidence,No
2,Day 2,Tray 5,5,DJI_20260620131340_0005,63,7,3,1011.689,2369.0,852.429,2209.74,1170.949,2528.26,318.52,0.0255,direct_cup_evidence,No
2,Day 2,Tray 5,5,DJI_20260620131340_0005,64,7,4,1432.844,2373.578,1273.584,2214.318,1592.105,2532.838,318.52,0.0091,direct_cup_evidence,No
2,Day 2,Tray 5,5,DJI_20260620131340_0005,65,7,5,1842.556,2373.578,1683.295,2214.318,2001.816,2532.838,318.52,0.0094,direct_cup_evidence,No
2,Day 2,Tray 5,5,DJI_20260620131340_0005,66,7,6,2247.689,2378.156,2088.429,2218.895,2406.949,2537.416,318.52,0.0084,direct_cup_evidence,No
2,Day 2,Tray 5,5,DJI_20260620131340_0005,67,7,7,2659.689,2378.156,2500.429,2218.895,2818.949,2537.416,318.52,0.0031,direct_cup_evidence,No
2,Day 2,Tray 5,5,DJI_20260620131340_0005,68,7,8,3067.111,2410.2,2907.851,2250.94,3226.371,2569.46,318.52,0.0877,direct_cup_evidence,No
2,Day 2,Tray 5,5,DJI_20260620131340_0005,69,7,9,3481.4,2373.578,3322.14,2214.318,3640.66,2532.838,318.52,0.0199,direct_cup_evidence,No
2,Day 2,Tray 5,5,DJI_20260620131340_0005,70,7,10,3884.244,2423.933,3724.984,2264.673,4043.505,2583.193,318.52,0.1209,direct_cup_evidence,No
2,Day 2,Tray 6,6,DJI_20260620131437_0006,1,1,1,203.909,263.478,46.372,105.941,361.446,421.015,315.074,0.0205,direct_cup_evidence,No
2,Day 2,Tray 6,6,DJI_20260620131437_0006,2,1,2,611.727,256.604,454.19,99.067,769.264,414.142,315.074,0.0041,direct_cup_evidence,No
2,Day 2,Tray 6,6,DJI_20260620131437_0006,3,1,3,1021.836,249.731,864.298,92.194,1179.373,407.268,315.074,0.0139,direct_cup_evidence,No
2,Day 2,Tray 6,6,DJI_20260620131437_0006,4,1,4,1427.362,249.731,1269.825,92.194,1584.899,407.268,315.074,0.0154,direct_cup_evidence,No
2,Day 2,Tray 6,6,DJI_20260620131437_0006,5,1,5,1846.636,229.111,1689.098,71.574,2004.173,386.648,315.074,0.0648,direct_cup_evidence,No
2,Day 2,Tray 6,6,DJI_20260620131437_0006,6,1,6,2259.036,240.567,2101.498,83.03,2416.573,398.104,315.074,0.0316,direct_cup_evidence,No
2,Day 2,Tray 6,6,DJI_20260620131437_0006,7,1,7,2664.562,235.984,2507.025,78.447,2822.099,393.522,315.074,0.0352,direct_cup_evidence,No
2,Day 2,Tray 6,6,DJI_20260620131437_0006,8,1,8,3083.836,231.402,2926.298,73.865,3241.373,388.939,315.074,0.0515,direct_cup_evidence,No
2,Day 2,Tray 6,6,DJI_20260620131437_0006,9,1,9,3461.869,231.402,3304.332,73.865,3619.406,388.939,315.074,0.0767,direct_cup_evidence,No
2,Day 2,Tray 6,6,DJI_20260620131437_0006,10,1,10,3897.18,231.402,3739.643,73.865,4054.717,388.939,315.074,0.0351,direct_cup_evidence,No
2,Day 2,Tray 6,6,DJI_20260620131437_0006,11,2,1,203.909,609.436,46.372,451.898,361.446,766.973,315.074,0.0112,direct_cup_evidence,No
2,Day 2,Tray 6,6,DJI_20260620131437_0006,12,2,2,609.436,607.144,451.898,449.607,766.973,764.682,315.074,0.0054,direct_cup_evidence,No
2,Day 2,Tray 6,6,DJI_20260620131437_0006,13,2,3,1026.418,607.144,868.881,449.607,1183.955,764.682,315.074,0.0153,direct_cup_evidence,No
2,Day 2,Tray 6,6,DJI_20260620131437_0006,14,2,4,1431.944,600.271,1274.407,442.734,1589.482,757.808,315.074,0.008,direct_cup_evidence,No
2,Day 2,Tray 6,6,DJI_20260620131437_0006,15,2,5,1839.762,595.689,1682.225,438.152,1997.299,753.226,315.074,0.0189,direct_cup_evidence,No
2,Day 2,Tray 6,6,DJI_20260620131437_0006,16,2,6,2259.036,593.398,2101.498,435.861,2416.573,750.935,315.074,0.0242,direct_cup_evidence,No
2,Day 2,Tray 6,6,DJI_20260620131437_0006,17,2,7,2655.398,547.576,2497.861,390.038,2812.935,705.113,315.074,0.1473,direct_cup_evidence,No
2,Day 2,Tray 6,6,DJI_20260620131437_0006,18,2,8,3049.469,586.524,2891.932,428.987,3207.006,744.062,315.074,0.0785,direct_cup_evidence,No
2,Day 2,Tray 6,6,DJI_20260620131437_0006,19,2,9,3507.691,579.651,3350.154,422.114,3665.228,737.188,315.074,0.0772,direct_cup_evidence,No
2,Day 2,Tray 6,6,DJI_20260620131437_0006,20,2,10,3906.344,586.524,3748.807,428.987,4063.882,744.062,315.074,0.0353,direct_cup_evidence,No
2,Day 2,Tray 6,6,DJI_20260620131437_0006,21,3,1,203.909,957.684,46.372,800.147,361.446,1115.222,315.074,0.0082,direct_cup_evidence,No
2,Day 2,Tray 6,6,DJI_20260620131437_0006,22,3,2,614.018,955.393,456.481,797.856,771.555,1112.93,315.074,0.0071,direct_cup_evidence,No
2,Day 2,Tray 6,6,DJI_20260620131437_0006,23,3,3,1021.836,953.102,864.298,795.565,1179.373,1110.639,315.074,0.0047,direct_cup_evidence,No
2,Day 2,Tray 6,6,DJI_20260620131437_0006,24,3,4,1431.944,950.811,1274.407,793.274,1589.482,1108.348,315.074,0.0072,direct_cup_evidence,No
2,Day 2,Tray 6,6,DJI_20260620131437_0006,25,3,5,1807.687,1010.38,1650.15,852.843,1965.224,1167.917,315.074,0.1969,direct_cup_evidence,No
2,Day 2,Tray 6,6,DJI_20260620131437_0006,26,3,6,2256.744,943.938,2099.207,786.401,2414.282,1101.475,315.074,0.0187,direct_cup_evidence,No
2,Day 2,Tray 6,6,DJI_20260620131437_0006,27,3,7,2671.436,946.229,2513.898,788.692,2828.973,1103.766,315.074,0.0196,direct_cup_evidence,No
2,Day 2,Tray 6,6,DJI_20260620131437_0006,28,3,8,3060.924,959.976,2903.387,802.438,3218.462,1117.513,315.074,0.0562,direct_cup_evidence,No
2,Day 2,Tray 6,6,DJI_20260620131437_0006,29,3,9,3489.362,939.356,3331.825,781.818,3646.899,1096.893,315.074,0.0192,direct_cup_evidence,No
2,Day 2,Tray 6,6,DJI_20260620131437_0006,30,3,10,3897.18,939.356,3739.643,781.818,4054.717,1096.893,315.074,0.0126,direct_cup_evidence,No
2,Day 2,Tray 6,6,DJI_20260620131437_0006,31,4,1,208.491,1303.642,50.954,1146.105,366.028,1461.179,315.074,0.0229,direct_cup_evidence,No
2,Day 2,Tray 6,6,DJI_20260620131437_0006,32,4,2,614.018,1308.224,456.481,1150.687,771.555,1465.762,315.074,0.0072,direct_cup_evidence,No
2,Day 2,Tray 6,6,DJI_20260620131437_0006,33,4,3,1024.127,1303.642,866.59,1146.105,1181.664,1461.179,315.074,0.0045,direct_cup_evidence,No
2,Day 2,Tray 6,6,DJI_20260620131437_0006,34,4,4,1436.527,1301.351,1278.99,1143.814,1594.064,1458.888,315.074,0.0098,direct_cup_evidence,No
2,Day 2,Tray 6,6,DJI_20260620131437_0006,35,4,5,1851.218,1299.06,1693.681,1141.523,2008.755,1456.597,315.074,0.0211,direct_cup_evidence,No
2,Day 2,Tray 6,6,DJI_20260620131437_0006,36,4,6,2256.744,1301.351,2099.207,1143.814,2414.282,1458.888,315.074,0.0063,direct_cup_evidence,No
2,Day 2,Tray 6,6,DJI_20260620131437_0006,37,4,7,2604.993,1344.882,2447.456,1187.345,2762.53,1502.419,315.074,0.218,direct_cup_evidence,No
2,Day 2,Tray 6,6,DJI_20260620131437_0006,38,4,8,3074.671,1294.478,2917.134,1136.941,3232.208,1452.015,315.074,0.0084,direct_cup_evidence,No
2,Day 2,Tray 6,6,DJI_20260620131437_0006,39,4,9,3496.236,1285.313,3338.698,1127.776,3653.773,1442.85,315.074,0.0392,direct_cup_evidence,No
2,Day 2,Tray 6,6,DJI_20260620131437_0006,40,4,10,3901.762,1285.313,3744.225,1127.776,4059.299,1442.85,315.074,0.0271,direct_cup_evidence,No
2,Day 2,Tray 6,6,DJI_20260620131437_0006,41,5,1,208.491,1647.309,50.954,1489.772,366.028,1804.846,315.074,0.0351,direct_cup_evidence,No
2,Day 2,Tray 6,6,DJI_20260620131437_0006,42,5,2,616.309,1656.473,458.772,1498.936,773.846,1814.01,315.074,0.0094,direct_cup_evidence,No
2,Day 2,Tray 6,6,DJI_20260620131437_0006,43,5,3,969.14,1645.018,811.603,1487.481,1126.677,1802.555,315.074,0.1582,direct_cup_evidence,No
2,Day 2,Tray 6,6,DJI_20260620131437_0006,44,5,4,1436.527,1654.182,1278.99,1496.645,1594.064,1811.719,315.074,0.0068,direct_cup_evidence,No
2,Day 2,Tray 6,6,DJI_20260620131437_0006,45,5,5,1837.471,1661.056,1679.934,1503.518,1995.008,1818.593,315.074,0.0342,direct_cup_evidence,No
2,Day 2,Tray 6,6,DJI_20260620131437_0006,46,5,6,2252.162,1647.309,2094.625,1489.772,2409.699,1804.846,315.074,0.0128,direct_cup_evidence,No
2,Day 2,Tray 6,6,DJI_20260620131437_0006,47,5,7,2671.436,1645.018,2513.898,1487.481,2828.973,1802.555,315.074,0.018,direct_cup_evidence,No
2,Day 2,Tray 6,6,DJI_20260620131437_0006,48,5,8,3086.127,1640.436,2928.59,1482.898,3243.664,1797.973,315.074,0.0324,direct_cup_evidence,No
2,Day 2,Tray 6,6,DJI_20260620131437_0006,49,5,9,3500.818,1640.436,3343.281,1482.898,3658.355,1797.973,315.074,0.0405,direct_cup_evidence,No
2,Day 2,Tray 6,6,DJI_20260620131437_0006,50,5,10,3908.636,1638.144,3751.098,1480.607,4066.173,1795.682,315.074,0.034,direct_cup_evidence,No
2,Day 2,Tray 6,6,DJI_20260620131437_0006,51,6,1,215.364,1997.849,57.827,1840.312,372.902,2155.386,315.074,0.0458,direct_cup_evidence,No
2,Day 2,Tray 6,6,DJI_20260620131437_0006,52,6,2,614.018,2002.431,456.481,1844.894,771.555,2159.968,315.074,0.0116,direct_cup_evidence,No
2,Day 2,Tray 6,6,DJI_20260620131437_0006,53,6,3,1024.127,2009.304,866.59,1851.767,1181.664,2166.842,315.074,0.0125,direct_cup_evidence,No
2,Day 2,Tray 6,6,DJI_20260620131437_0006,54,6,4,1434.236,2009.304,1276.698,1851.767,1591.773,2166.842,315.074,0.0171,direct_cup_evidence,No
2,Day 2,Tray 6,6,DJI_20260620131437_0006,55,6,5,1848.927,2002.431,1691.39,1844.894,2006.464,2159.968,315.074,0.0096,direct_cup_evidence,No
2,Day 2,Tray 6,6,DJI_20260620131437_0006,56,6,6,2261.327,2000.14,2103.79,1842.603,2418.864,2157.677,315.074,0.0145,direct_cup_evidence,No
2,Day 2,Tray 6,6,DJI_20260620131437_0006,57,6,7,2671.436,1995.558,2513.898,1838.021,2828.973,2153.095,315.074,0.0157,direct_cup_evidence,No
2,Day 2,Tray 6,6,DJI_20260620131437_0006,58,6,8,3074.671,1997.849,2917.134,1840.312,3232.208,2155.386,315.074,0.0085,direct_cup_evidence,No
2,Day 2,Tray 6,6,DJI_20260620131437_0006,59,6,9,3484.78,1995.558,3327.243,1838.021,3642.317,2153.095,315.074,0.0098,direct_cup_evidence,No
2,Day 2,Tray 6,6,DJI_20260620131437_0006,60,6,10,3910.927,2016.178,3753.39,1858.641,4068.464,2173.715,315.074,0.0721,direct_cup_evidence,No
2,Day 2,Tray 6,6,DJI_20260620131437_0006,61,7,1,217.656,2341.516,60.118,2183.978,375.193,2499.053,315.074,0.062,direct_cup_evidence,No
2,Day 2,Tray 6,6,DJI_20260620131437_0006,62,7,2,614.018,2352.971,456.481,2195.434,771.555,2510.508,315.074,0.0103,direct_cup_evidence,No
2,Day 2,Tray 6,6,DJI_20260620131437_0006,63,7,3,1024.127,2357.553,866.59,2200.016,1181.664,2515.09,315.074,0.0077,direct_cup_evidence,No
2,Day 2,Tray 6,6,DJI_20260620131437_0006,64,7,4,1431.944,2348.389,1274.407,2190.852,1589.482,2505.926,315.074,0.0179,direct_cup_evidence,No
2,Day 2,Tray 6,6,DJI_20260620131437_0006,65,7,5,1848.927,2355.262,1691.39,2197.725,2006.464,2512.799,315.074,0.0123,direct_cup_evidence,No
2,Day 2,Tray 6,6,DJI_20260620131437_0006,66,7,6,2263.618,2352.971,2106.081,2195.434,2421.155,2510.508,315.074,0.0206,direct_cup_evidence,No
2,Day 2,Tray 6,6,DJI_20260620131437_0006,67,7,7,2669.144,2355.262,2511.607,2197.725,2826.682,2512.799,315.074,0.0191,direct_cup_evidence,No
2,Day 2,Tray 6,6,DJI_20260620131437_0006,68,7,8,3086.127,2352.971,2928.59,2195.434,3243.664,2510.508,315.074,0.028,direct_cup_evidence,No
2,Day 2,Tray 6,6,DJI_20260620131437_0006,69,7,9,3468.742,2339.224,3311.205,2181.687,3626.279,2496.762,315.074,0.0603,direct_cup_evidence,No
2,Day 2,Tray 6,6,DJI_20260620131437_0006,70,7,10,3894.889,2327.769,3737.352,2170.232,4052.426,2485.306,315.074,0.0484,direct_cup_evidence,No
2,Day 2,Tray 7,7,DJI_20260620131539_0007,1,1,1,225.019,252.572,67.997,95.551,382.04,409.594,314.043,0.0133,direct_cup_evidence,No
2,Day 2,Tray 7,7,DJI_20260620131539_0007,2,1,2,624.542,245.684,467.521,88.662,781.564,402.705,314.043,0.0324,direct_cup_evidence,No
2,Day 2,Tray 7,7,DJI_20260620131539_0007,3,1,3,1044.731,250.276,887.709,93.255,1201.752,407.298,314.043,0.0132,direct_cup_evidence,No
2,Day 2,Tray 7,7,DJI_20260620131539_0007,4,1,4,1437.366,231.907,1280.344,74.886,1594.387,388.929,314.043,0.0742,direct_cup_evidence,No
2,Day 2,Tray 7,7,DJI_20260620131539_0007,5,1,5,1875.923,250.276,1718.901,93.255,2032.944,407.298,314.043,0.039,direct_cup_evidence,No
2,Day 2,Tray 7,7,DJI_20260620131539_0007,6,1,6,2280.038,245.684,2123.017,88.662,2437.06,402.705,314.043,0.0272,direct_cup_evidence,No
2,Day 2,Tray 7,7,DJI_20260620131539_0007,7,1,7,2702.523,245.684,2545.501,88.662,2859.544,402.705,314.043,0.0578,direct_cup_evidence,No
2,Day 2,Tray 7,7,DJI_20260620131539_0007,8,1,8,3108.934,245.684,2951.913,88.662,3265.956,402.705,314.043,0.0465,direct_cup_evidence,No
2,Day 2,Tray 7,7,DJI_20260620131539_0007,9,1,9,3510.754,241.092,3353.732,84.07,3667.775,398.113,314.043,0.0319,direct_cup_evidence,No
2,Day 2,Tray 7,7,DJI_20260620131539_0007,10,1,10,3917.166,252.572,3760.144,95.551,4074.187,409.594,314.043,0.0135,direct_cup_evidence,No
2,Day 2,Tray 7,7,DJI_20260620131539_0007,11,2,1,215.834,615.358,58.813,458.336,372.856,772.379,314.043,0.0369,direct_cup_evidence,No
2,Day 2,Tray 7,7,DJI_20260620131539_0007,12,2,2,622.246,615.358,465.225,458.336,779.268,772.379,314.043,0.0451,direct_cup_evidence,No
2,Day 2,Tray 7,7,DJI_20260620131539_0007,13,2,3,1026.362,590.101,869.34,433.079,1183.383,747.122,314.043,0.0596,direct_cup_evidence,No
2,Day 2,Tray 7,7,DJI_20260620131539_0007,14,2,4,1389.147,645.207,1232.126,488.186,1546.169,802.229,314.043,0.2212,direct_cup_evidence,No
2,Day 2,Tray 7,7,DJI_20260620131539_0007,15,2,5,1866.738,594.693,1709.717,437.671,2023.76,751.714,314.043,0.0214,direct_cup_evidence,No
2,Day 2,Tray 7,7,DJI_20260620131539_0007,16,2,6,2282.334,601.581,2125.313,444.56,2439.356,758.603,314.043,0.0246,direct_cup_evidence,No
2,Day 2,Tray 7,7,DJI_20260620131539_0007,17,2,7,2695.634,608.469,2538.613,451.448,2852.656,765.491,314.043,0.0409,direct_cup_evidence,No
2,Day 2,Tray 7,7,DJI_20260620131539_0007,18,2,8,3063.012,580.916,2905.991,423.895,3220.034,737.938,314.043,0.1043,direct_cup_evidence,No
2,Day 2,Tray 7,7,DJI_20260620131539_0007,19,2,9,3506.162,603.877,3349.14,446.856,3663.183,760.899,314.043,0.0155,direct_cup_evidence,No
2,Day 2,Tray 7,7,DJI_20260620131539_0007,20,2,10,3914.869,599.285,3757.848,442.264,4071.891,756.306,314.043,0.0038,direct_cup_evidence,No
2,Day 2,Tray 7,7,DJI_20260620131539_0007,21,3,1,227.315,952.886,70.294,795.865,384.336,1109.908,314.043,0.0117,direct_cup_evidence,No
2,Day 2,Tray 7,7,DJI_20260620131539_0007,22,3,2,636.023,945.998,479.001,788.976,793.044,1103.019,314.043,0.0197,direct_cup_evidence,No
2,Day 2,Tray 7,7,DJI_20260620131539_0007,23,3,3,1040.138,955.182,883.117,798.161,1197.16,1112.204,314.043,0.0145,direct_cup_evidence,No
2,Day 2,Tray 7,7,DJI_20260620131539_0007,24,3,4,1455.734,952.886,1298.713,795.865,1612.756,1109.908,314.043,0.0069,direct_cup_evidence,No
2,Day 2,Tray 7,7,DJI_20260620131539_0007,25,3,5,1869.034,952.886,1712.013,795.865,2026.056,1109.908,314.043,0.0149,direct_cup_evidence,No
2,Day 2,Tray 7,7,DJI_20260620131539_0007,26,3,6,2282.334,952.886,2125.313,795.865,2439.356,1109.908,314.043,0.0235,direct_cup_evidence,No
2,Day 2,Tray 7,7,DJI_20260620131539_0007,27,3,7,2693.338,952.886,2536.317,795.865,2850.36,1109.908,314.043,0.0261,direct_cup_evidence,No
2,Day 2,Tray 7,7,DJI_20260620131539_0007,28,3,8,3095.158,968.959,2938.136,811.937,3252.179,1125.98,314.043,0.0592,direct_cup_evidence,No
2,Day 2,Tray 7,7,DJI_20260620131539_0007,29,3,9,3501.569,948.294,3344.548,791.272,3658.591,1105.315,314.043,0.0121,direct_cup_evidence,No
2,Day 2,Tray 7,7,DJI_20260620131539_0007,30,3,10,3914.869,948.294,3757.848,791.272,4071.891,1105.315,314.043,0.0052,direct_cup_evidence,No
2,Day 2,Tray 7,7,DJI_20260620131539_0007,31,4,1,222.723,1299.599,65.701,1142.577,379.744,1456.62,314.043,0.0082,direct_cup_evidence,No
2,Day 2,Tray 7,7,DJI_20260620131539_0007,32,4,2,638.319,1304.191,481.297,1147.17,795.34,1461.213,314.043,0.0135,direct_cup_evidence,No
2,Day 2,Tray 7,7,DJI_20260620131539_0007,33,4,3,1044.731,1301.895,887.709,1144.874,1201.752,1458.916,314.043,0.0036,direct_cup_evidence,No
2,Day 2,Tray 7,7,DJI_20260620131539_0007,34,4,4,1485.584,1278.934,1328.562,1121.912,1642.605,1435.955,314.043,0.106,direct_cup_evidence,No
2,Day 2,Tray 7,7,DJI_20260620131539_0007,35,4,5,1866.738,1290.414,1709.717,1133.393,2023.76,1447.436,314.043,0.0257,direct_cup_evidence,No
2,Day 2,Tray 7,7,DJI_20260620131539_0007,36,4,6,2280.038,1304.191,2123.017,1147.17,2437.06,1461.213,314.043,0.0201,direct_cup_evidence,No
2,Day 2,Tray 7,7,DJI_20260620131539_0007,37,4,7,2693.338,1299.599,2536.317,1142.577,2850.36,1456.62,314.043,0.0213,direct_cup_evidence,No
2,Day 2,Tray 7,7,DJI_20260620131539_0007,38,4,8,3067.604,1331.744,2910.583,1174.723,3224.626,1488.766,314.043,0.1288,direct_cup_evidence,No
2,Day 2,Tray 7,7,DJI_20260620131539_0007,39,4,9,3508.458,1297.303,3351.436,1140.281,3665.479,1454.324,314.043,0.0054,direct_cup_evidence,No
2,Day 2,Tray 7,7,DJI_20260620131539_0007,40,4,10,3917.166,1290.414,3760.144,1133.393,4074.187,1447.436,314.043,0.0156,direct_cup_evidence,No
2,Day 2,Tray 7,7,DJI_20260620131539_0007,41,5,1,222.723,1650.904,65.701,1493.882,379.744,1807.925,314.043,0.0072,direct_cup_evidence,No
2,Day 2,Tray 7,7,DJI_20260620131539_0007,42,5,2,636.023,1655.496,479.001,1498.475,793.044,1812.518,314.043,0.015,direct_cup_evidence,No
2,Day 2,Tray 7,7,DJI_20260620131539_0007,43,5,3,1067.692,1627.943,910.67,1470.921,1224.713,1784.964,314.043,0.0881,direct_cup_evidence,No
2,Day 2,Tray 7,7,DJI_20260620131539_0007,44,5,4,1458.031,1655.496,1301.009,1498.475,1615.052,1812.518,314.043,0.0196,direct_cup_evidence,No
2,Day 2,Tray 7,7,DJI_20260620131539_0007,45,5,5,1864.442,1650.904,1707.421,1493.882,2021.464,1807.925,314.043,0.0097,direct_cup_evidence,No
2,Day 2,Tray 7,7,DJI_20260620131539_0007,46,5,6,2280.038,1655.496,2123.017,1498.475,2437.06,1812.518,314.043,0.0246,direct_cup_evidence,No
2,Day 2,Tray 7,7,DJI_20260620131539_0007,47,5,7,2688.746,1648.608,2531.725,1491.586,2845.768,1805.629,314.043,0.0069,direct_cup_evidence,No
2,Day 2,Tray 7,7,DJI_20260620131539_0007,48,5,8,3102.046,1650.904,2945.025,1493.882,3259.068,1807.925,314.043,0.019,direct_cup_evidence,No
2,Day 2,Tray 7,7,DJI_20260620131539_0007,49,5,9,3533.715,1632.535,3376.694,1475.514,3690.736,1789.556,314.043,0.0832,direct_cup_evidence,No
2,Day 2,Tray 7,7,DJI_20260620131539_0007,50,5,10,3914.869,1641.719,3757.848,1484.698,4071.891,1798.741,314.043,0.0126,direct_cup_evidence,No
2,Day 2,Tray 7,7,DJI_20260620131539_0007,51,6,1,236.499,2002.209,79.478,1845.187,393.521,2159.23,314.043,0.0301,direct_cup_evidence,No
2,Day 2,Tray 7,7,DJI_20260620131539_0007,52,6,2,636.023,1995.321,479.001,1838.299,793.044,2152.342,314.043,0.0113,direct_cup_evidence,No
2,Day 2,Tray 7,7,DJI_20260620131539_0007,53,6,3,1053.915,1999.913,896.894,1842.891,1210.936,2156.934,314.043,0.0206,direct_cup_evidence,No
2,Day 2,Tray 7,7,DJI_20260620131539_0007,54,6,4,1455.734,1995.321,1298.713,1838.299,1612.756,2152.342,314.043,0.0083,direct_cup_evidence,No
2,Day 2,Tray 7,7,DJI_20260620131539_0007,55,6,5,1864.442,2006.801,1707.421,1849.78,2021.464,2163.823,314.043,0.029,direct_cup_evidence,No
2,Day 2,Tray 7,7,DJI_20260620131539_0007,56,6,6,2280.038,1999.913,2123.017,1842.891,2437.06,2156.934,314.043,0.0118,direct_cup_evidence,No
2,Day 2,Tray 7,7,DJI_20260620131539_0007,57,6,7,2691.042,1995.321,2534.021,1838.299,2848.064,2152.342,314.043,0.0085,direct_cup_evidence,No
2,Day 2,Tray 7,7,DJI_20260620131539_0007,58,6,8,3092.862,1995.321,2935.84,1838.299,3249.883,2152.342,314.043,0.0159,direct_cup_evidence,No
2,Day 2,Tray 7,7,DJI_20260620131539_0007,59,6,9,3487.793,1995.321,3330.771,1838.299,3644.814,2152.342,314.043,0.06,direct_cup_evidence,No
2,Day 2,Tray 7,7,DJI_20260620131539_0007,60,6,10,3907.981,1988.432,3750.96,1831.411,4065.003,2145.454,314.043,0.0351,direct_cup_evidence,No
2,Day 2,Tray 7,7,DJI_20260620131539_0007,61,7,1,227.315,2339.737,70.294,2182.716,384.336,2496.759,314.043,0.0261,direct_cup_evidence,No
2,Day 2,Tray 7,7,DJI_20260620131539_0007,62,7,2,631.431,2346.626,474.409,2189.604,788.452,2503.647,314.043,0.0181,direct_cup_evidence,No
2,Day 2,Tray 7,7,DJI_20260620131539_0007,63,7,3,1040.138,2353.514,883.117,2196.492,1197.16,2510.535,314.043,0.0281,direct_cup_evidence,No
2,Day 2,Tray 7,7,DJI_20260620131539_0007,64,7,4,1453.438,2351.218,1296.417,2194.196,1610.46,2508.239,314.043,0.0186,direct_cup_evidence,No
2,Day 2,Tray 7,7,DJI_20260620131539_0007,65,7,5,1866.738,2353.514,1709.717,2196.492,2023.76,2510.535,314.043,0.0218,direct_cup_evidence,No
2,Day 2,Tray 7,7,DJI_20260620131539_0007,66,7,6,2291.519,2344.329,2134.497,2187.308,2448.54,2501.351,314.043,0.0366,direct_cup_evidence,No
2,Day 2,Tray 7,7,DJI_20260620131539_0007,67,7,7,2691.042,2346.626,2534.021,2189.604,2848.064,2503.647,314.043,0.0078,direct_cup_evidence,No
2,Day 2,Tray 7,7,DJI_20260620131539_0007,68,7,8,3104.342,2321.368,2947.321,2164.347,3261.364,2478.39,314.043,0.0665,direct_cup_evidence,No
2,Day 2,Tray 7,7,DJI_20260620131539_0007,69,7,9,3508.458,2344.329,3351.436,2187.308,3665.479,2501.351,314.043,0.0046,direct_cup_evidence,No
2,Day 2,Tray 7,7,DJI_20260620131539_0007,70,7,10,3905.685,2335.145,3748.664,2178.124,4062.706,2492.166,314.043,0.0464,direct_cup_evidence,No
2,Day 2,Tray 8,8,DJI_20260620131623_0008,1,1,1,222.938,245.922,63.583,86.566,382.294,405.277,318.712,0.0492,direct_cup_evidence,No
2,Day 2,Tray 8,8,DJI_20260620131623_0008,2,1,2,613.655,252.817,454.299,93.461,773.011,412.172,318.712,0.0425,direct_cup_evidence,No
2,Day 2,Tray 8,8,DJI_20260620131623_0008,3,1,3,1027.355,250.518,867.999,91.163,1186.711,409.874,318.712,0.034,direct_cup_evidence,No
2,Day 2,Tray 8,8,DJI_20260620131623_0008,4,1,4,1450.248,245.922,1290.893,86.566,1609.604,405.277,318.712,0.036,direct_cup_evidence,No
2,Day 2,Tray 8,8,DJI_20260620131623_0008,5,1,5,1843.263,241.325,1683.908,81.969,2002.619,400.681,318.712,0.0217,direct_cup_evidence,No
2,Day 2,Tray 8,8,DJI_20260620131623_0008,6,1,6,2252.367,227.535,2093.011,68.179,2411.722,386.891,318.712,0.0411,direct_cup_evidence,No
2,Day 2,Tray 8,8,DJI_20260620131623_0008,7,1,7,2663.768,232.132,2504.413,72.776,2823.124,391.487,318.712,0.0309,direct_cup_evidence,No
2,Day 2,Tray 8,8,DJI_20260620131623_0008,8,1,8,3084.363,229.833,2925.008,70.478,3243.719,389.189,318.712,0.0269,direct_cup_evidence,No
2,Day 2,Tray 8,8,DJI_20260620131623_0008,9,1,9,3493.467,232.132,3334.111,72.776,3652.822,391.487,318.712,0.0205,direct_cup_evidence,No
2,Day 2,Tray 8,8,DJI_20260620131623_0008,10,1,10,3897.973,229.833,3738.618,70.478,4057.329,389.189,318.712,0.0332,direct_cup_evidence,No
2,Day 2,Tray 8,8,DJI_20260620131623_0008,11,2,1,218.342,599.865,58.986,440.509,377.697,759.221,318.712,0.0383,direct_cup_evidence,No
2,Day 2,Tray 8,8,DJI_20260620131623_0008,12,2,2,615.953,602.163,456.598,442.808,775.309,761.519,318.712,0.0276,direct_cup_evidence,No
2,Day 2,Tray 8,8,DJI_20260620131623_0008,13,2,3,1087.112,549.302,927.756,389.946,1246.467,708.657,318.712,0.2056,direct_cup_evidence,No
2,Day 2,Tray 8,8,DJI_20260620131623_0008,14,2,4,1429.563,595.268,1270.208,435.913,1588.919,754.624,318.712,0.0288,direct_cup_evidence,No
2,Day 2,Tray 8,8,DJI_20260620131623_0008,15,2,5,1843.263,595.268,1683.908,435.913,2002.619,754.624,318.712,0.0209,direct_cup_evidence,No
2,Day 2,Tray 8,8,DJI_20260620131623_0008,16,2,6,2254.665,586.075,2095.309,426.719,2414.021,745.431,318.712,0.027,direct_cup_evidence,No
2,Day 2,Tray 8,8,DJI_20260620131623_0008,17,2,7,2695.945,625.147,2536.589,465.791,2855.301,784.502,318.712,0.1128,direct_cup_evidence,No
2,Day 2,Tray 8,8,DJI_20260620131623_0008,18,2,8,3084.363,588.373,2925.008,429.018,3243.719,747.729,318.712,0.0148,direct_cup_evidence,No
2,Day 2,Tray 8,8,DJI_20260620131623_0008,19,2,9,3493.467,581.478,3334.111,422.123,3652.822,740.834,318.712,0.034,direct_cup_evidence,No
2,Day 2,Tray 8,8,DJI_20260620131623_0008,20,2,10,3907.167,588.373,3747.811,429.018,4066.522,747.729,318.712,0.0168,direct_cup_evidence,No
2,Day 2,Tray 8,8,DJI_20260620131623_0008,21,3,1,202.253,949.212,42.898,789.856,361.609,1108.567,318.712,0.0148,direct_cup_evidence,No
2,Day 2,Tray 8,8,DJI_20260620131623_0008,22,3,2,615.953,935.422,456.598,776.066,775.309,1094.777,318.712,0.0322,direct_cup_evidence,No
2,Day 2,Tray 8,8,DJI_20260620131623_0008,23,3,3,1018.162,949.212,858.806,789.856,1177.517,1108.567,318.712,0.0297,direct_cup_evidence,No
2,Day 2,Tray 8,8,DJI_20260620131623_0008,24,3,4,1429.563,946.913,1270.208,787.558,1588.919,1106.269,318.712,0.0273,direct_cup_evidence,No
2,Day 2,Tray 8,8,DJI_20260620131623_0008,25,3,5,1843.263,946.913,1683.908,787.558,2002.619,1106.269,318.712,0.0192,direct_cup_evidence,No
2,Day 2,Tray 8,8,DJI_20260620131623_0008,26,3,6,2256.963,946.913,2097.608,787.558,2416.319,1106.269,318.712,0.0111,direct_cup_evidence,No
2,Day 2,Tray 8,8,DJI_20260620131623_0008,27,3,7,2670.663,942.317,2511.308,782.961,2830.019,1101.672,318.712,0.0145,direct_cup_evidence,No
2,Day 2,Tray 8,8,DJI_20260620131623_0008,28,3,8,3045.292,1015.863,2885.936,856.508,3204.647,1175.219,318.712,0.2198,direct_cup_evidence,No
2,Day 2,Tray 8,8,DJI_20260620131623_0008,29,3,9,3500.362,940.018,3341.006,780.663,3659.717,1099.374,318.712,0.0292,direct_cup_evidence,No
2,Day 2,Tray 8,8,DJI_20260620131623_0008,30,3,10,3914.062,940.018,3754.706,780.663,4073.417,1099.374,318.712,0.0355,direct_cup_evidence,No
2,Day 2,Tray 8,8,DJI_20260620131623_0008,31,4,1,202.253,1291.663,42.898,1132.308,361.609,1451.019,318.712,0.0282,direct_cup_evidence,No
2,Day 2,Tray 8,8,DJI_20260620131623_0008,32,4,2,602.163,1303.155,442.808,1143.799,761.519,1462.511,318.712,0.0434,direct_cup_evidence,No
2,Day 2,Tray 8,8,DJI_20260620131623_0008,33,4,3,1015.863,1303.155,856.508,1143.799,1175.219,1462.511,318.712,0.0353,direct_cup_evidence,No
2,Day 2,Tray 8,8,DJI_20260620131623_0008,34,4,4,1390.492,1298.558,1231.136,1139.203,1549.847,1457.914,318.712,0.1372,direct_cup_evidence,No
2,Day 2,Tray 8,8,DJI_20260620131623_0008,35,4,5,1836.368,1300.857,1677.013,1141.501,1995.724,1460.212,318.712,0.038,direct_cup_evidence,No
2,Day 2,Tray 8,8,DJI_20260620131623_0008,36,4,6,2256.963,1287.067,2097.608,1127.711,2416.319,1446.422,318.712,0.0417,direct_cup_evidence,No
2,Day 2,Tray 8,8,DJI_20260620131623_0008,37,4,7,2626.995,1300.857,2467.639,1141.501,2786.351,1460.212,318.712,0.1256,direct_cup_evidence,No
2,Day 2,Tray 8,8,DJI_20260620131623_0008,38,4,8,3079.767,1293.962,2920.411,1134.606,3239.122,1453.317,318.712,0.0228,direct_cup_evidence,No
2,Day 2,Tray 8,8,DJI_20260620131623_0008,39,4,9,3500.362,1298.558,3341.006,1139.203,3659.717,1457.914,318.712,0.0224,direct_cup_evidence,No
2,Day 2,Tray 8,8,DJI_20260620131623_0008,40,4,10,3914.062,1291.663,3754.706,1132.308,4073.417,1451.019,318.712,0.0406,direct_cup_evidence,No
2,Day 2,Tray 8,8,DJI_20260620131623_0008,41,5,1,259.712,1659.397,100.356,1500.041,419.067,1818.752,318.712,0.1514,direct_cup_evidence,No
2,Day 2,Tray 8,8,DJI_20260620131623_0008,42,5,2,609.058,1650.203,449.703,1490.848,768.414,1809.559,318.712,0.0264,direct_cup_evidence,No
2,Day 2,Tray 8,8,DJI_20260620131623_0008,43,5,3,1015.863,1657.098,856.508,1497.743,1175.219,1816.454,318.712,0.0346,direct_cup_evidence,No
2,Day 2,Tray 8,8,DJI_20260620131623_0008,44,5,4,1470.933,1673.187,1311.578,1513.831,1630.289,1832.542,318.712,0.1041,direct_cup_evidence,No
2,Day 2,Tray 8,8,DJI_20260620131623_0008,45,5,5,1840.965,1657.098,1681.609,1497.743,2000.321,1816.454,318.712,0.0248,direct_cup_evidence,No
2,Day 2,Tray 8,8,DJI_20260620131623_0008,46,5,6,2293.737,1659.397,2134.381,1500.041,2453.092,1818.752,318.712,0.0948,direct_cup_evidence,No
2,Day 2,Tray 8,8,DJI_20260620131623_0008,47,5,7,2693.647,1680.082,2534.291,1520.726,2853.002,1839.437,318.712,0.0937,direct_cup_evidence,No
2,Day 2,Tray 8,8,DJI_20260620131623_0008,48,5,8,3098.153,1650.203,2938.798,1490.848,3257.509,1809.559,318.712,0.0481,direct_cup_evidence,No
2,Day 2,Tray 8,8,DJI_20260620131623_0008,49,5,9,3504.958,1652.502,3345.603,1493.146,3664.314,1811.857,318.712,0.0354,direct_cup_evidence,No
2,Day 2,Tray 8,8,DJI_20260620131623_0008,50,5,10,3907.167,1645.607,3747.811,1486.251,4066.522,1804.962,318.712,0.031,direct_cup_evidence,No
2,Day 2,Tray 8,8,DJI_20260620131623_0008,51,6,1,204.552,1994.953,45.196,1835.598,363.907,2154.309,318.712,0.0397,direct_cup_evidence,No
2,Day 2,Tray 8,8,DJI_20260620131623_0008,52,6,2,615.953,2001.848,456.598,1842.493,775.309,2161.204,318.712,0.0205,direct_cup_evidence,No
2,Day 2,Tray 8,8,DJI_20260620131623_0008,53,6,3,1052.637,2036.323,893.281,1876.968,1211.992,2195.679,318.712,0.104,direct_cup_evidence,No
2,Day 2,Tray 8,8,DJI_20260620131623_0008,54,6,4,1424.967,2008.743,1265.611,1849.388,1584.322,2168.099,318.712,0.0383,direct_cup_evidence,No
2,Day 2,Tray 8,8,DJI_20260620131623_0008,55,6,5,1838.667,2006.445,1679.311,1847.089,1998.022,2165.801,318.712,0.0313,direct_cup_evidence,No
2,Day 2,Tray 8,8,DJI_20260620131623_0008,56,6,6,2291.438,2022.533,2132.083,1863.178,2450.794,2181.889,318.712,0.0956,direct_cup_evidence,No
2,Day 2,Tray 8,8,DJI_20260620131623_0008,57,6,7,2672.962,2008.743,2513.606,1849.388,2832.317,2168.099,318.712,0.0062,direct_cup_evidence,No
2,Day 2,Tray 8,8,DJI_20260620131623_0008,58,6,8,3091.258,2008.743,2931.903,1849.388,3250.614,2168.099,318.712,0.0269,direct_cup_evidence,No
2,Day 2,Tray 8,8,DJI_20260620131623_0008,59,6,9,3458.992,2011.042,3299.636,1851.686,3618.347,2170.397,318.712,0.0951,direct_cup_evidence,No
2,Day 2,Tray 8,8,DJI_20260620131623_0008,60,6,10,3918.658,2001.848,3759.303,1842.493,4078.014,2161.204,318.712,0.0489,direct_cup_evidence,No
2,Day 2,Tray 8,8,DJI_20260620131623_0008,61,7,1,211.447,2346.598,52.091,2187.243,370.802,2505.954,318.712,0.0491,direct_cup_evidence,No
2,Day 2,Tray 8,8,DJI_20260620131623_0008,62,7,2,609.058,2348.897,449.703,2189.541,768.414,2508.252,318.712,0.0457,direct_cup_evidence,No
2,Day 2,Tray 8,8,DJI_20260620131623_0008,63,7,3,1015.863,2362.687,856.508,2203.331,1175.219,2522.042,318.712,0.0328,direct_cup_evidence,No
2,Day 2,Tray 8,8,DJI_20260620131623_0008,64,7,4,1431.862,2360.388,1272.506,2201.033,1591.217,2519.744,318.712,0.0201,direct_cup_evidence,No
2,Day 2,Tray 8,8,DJI_20260620131623_0008,65,7,5,1811.087,2348.897,1651.731,2189.541,1970.442,2508.252,318.712,0.1151,direct_cup_evidence,No
2,Day 2,Tray 8,8,DJI_20260620131623_0008,66,7,6,2256.963,2362.687,2097.608,2203.331,2416.319,2522.042,318.712,0.0089,direct_cup_evidence,No
2,Day 2,Tray 8,8,DJI_20260620131623_0008,67,7,7,2670.663,2367.283,2511.308,2207.928,2830.019,2526.639,318.712,0.0097,direct_cup_evidence,No
2,Day 2,Tray 8,8,DJI_20260620131623_0008,68,7,8,3084.363,2367.283,2925.008,2207.928,3243.719,2526.639,318.712,0.0122,direct_cup_evidence,No
2,Day 2,Tray 8,8,DJI_20260620131623_0008,69,7,9,3498.063,2404.057,3338.708,2244.701,3657.419,2563.412,318.712,0.1139,direct_cup_evidence,No
2,Day 2,Tray 8,8,DJI_20260620131623_0008,70,7,10,3911.763,2353.493,3752.408,2194.138,4071.119,2512.849,318.712,0.0388,direct_cup_evidence,No
3,Day 3,Tray 1,1,DJI_20260621125425_0001,1,1,1,178.973,227.084,45.837,93.948,312.11,360.221,266.273,0.0505,direct_cup_evidence,No
3,Day 3,Tray 1,1,DJI_20260621125425_0001,2,1,2,517.676,221.311,384.539,88.174,650.812,354.448,266.273,0.0262,direct_cup_evidence,No
3,Day 3,Tray 1,1,DJI_20260621125425_0001,3,1,3,852.529,213.613,719.392,80.477,985.666,346.75,266.273,0.0207,direct_cup_evidence,No
3,Day 3,Tray 1,1,DJI_20260621125425_0001,4,1,4,1202.778,211.689,1069.641,78.552,1335.915,344.826,266.273,0.0047,direct_cup_evidence,No
3,Day 3,Tray 1,1,DJI_20260621125425_0001,5,1,5,1545.329,211.689,1412.192,78.552,1678.466,344.826,266.273,0.0163,direct_cup_evidence,No
3,Day 3,Tray 1,1,DJI_20260621125425_0001,6,1,6,1891.729,209.764,1758.592,76.628,2024.866,342.901,266.273,0.0137,direct_cup_evidence,No
3,Day 3,Tray 1,1,DJI_20260621125425_0001,7,1,7,2236.204,205.916,2103.068,72.779,2369.341,339.052,266.273,0.0128,direct_cup_evidence,No
3,Day 3,Tray 1,1,DJI_20260621125425_0001,8,1,8,2582.604,200.142,2449.468,67.005,2715.741,333.279,266.273,0.0123,direct_cup_evidence,No
3,Day 3,Tray 1,1,DJI_20260621125425_0001,9,1,9,2925.156,200.142,2792.019,67.005,3058.292,333.279,266.273,0.0179,direct_cup_evidence,No
3,Day 3,Tray 1,1,DJI_20260621125425_0001,10,1,10,3269.631,200.142,3136.494,67.005,3402.768,333.279,266.273,0.0211,direct_cup_evidence,No
3,Day 3,Tray 1,1,DJI_20260621125425_0001,11,2,1,178.973,515.751,45.837,382.614,312.11,648.888,266.273,0.0337,direct_cup_evidence,No
3,Day 3,Tray 1,1,DJI_20260621125425_0001,12,2,2,513.827,513.827,380.69,380.69,646.963,646.963,266.273,0.0108,direct_cup_evidence,No
3,Day 3,Tray 1,1,DJI_20260621125425_0001,13,2,3,852.529,467.64,719.392,334.503,985.666,600.777,266.273,0.1413,direct_cup_evidence,No
3,Day 3,Tray 1,1,DJI_20260621125425_0001,14,2,4,1202.778,511.902,1069.641,378.765,1335.915,645.039,266.273,0.0196,direct_cup_evidence,No
3,Day 3,Tray 1,1,DJI_20260621125425_0001,15,2,5,1551.102,504.204,1417.965,371.068,1684.239,637.341,266.273,0.0022,direct_cup_evidence,No
3,Day 3,Tray 1,1,DJI_20260621125425_0001,16,2,6,1891.729,502.28,1758.592,369.143,2024.866,635.417,266.273,0.0144,direct_cup_evidence,No
3,Day 3,Tray 1,1,DJI_20260621125425_0001,17,2,7,2220.809,498.431,2087.672,365.294,2353.946,631.568,266.273,0.0696,direct_cup_evidence,No
3,Day 3,Tray 1,1,DJI_20260621125425_0001,18,2,8,2588.378,500.356,2455.241,367.219,2721.515,633.492,266.273,0.0085,direct_cup_evidence,No
3,Day 3,Tray 1,1,DJI_20260621125425_0001,19,2,9,2936.702,494.582,2803.565,361.445,3069.839,627.719,266.273,0.0177,direct_cup_evidence,No
3,Day 3,Tray 1,1,DJI_20260621125425_0001,20,2,10,3281.178,492.658,3148.041,359.521,3414.315,625.795,266.273,0.015,direct_cup_evidence,No
3,Day 3,Tray 1,1,DJI_20260621125425_0001,21,3,1,169.351,815.964,36.214,682.828,302.488,949.101,266.273,0.0253,direct_cup_evidence,No
3,Day 3,Tray 1,1,DJI_20260621125425_0001,22,3,2,521.524,806.342,388.388,673.205,654.661,939.479,266.273,0.018,direct_cup_evidence,No
3,Day 3,Tray 1,1,DJI_20260621125425_0001,23,3,3,885.244,792.871,752.108,659.734,1018.381,926.008,266.273,0.0895,direct_cup_evidence,No
3,Day 3,Tray 1,1,DJI_20260621125425_0001,24,3,4,1202.778,829.436,1069.641,696.299,1335.915,962.572,266.273,0.0918,direct_cup_evidence,No
3,Day 3,Tray 1,1,DJI_20260621125425_0001,25,3,5,1551.102,802.493,1417.965,669.357,1684.239,935.63,266.273,0.0074,direct_cup_evidence,No
3,Day 3,Tray 1,1,DJI_20260621125425_0001,26,3,6,1895.578,800.569,1762.441,667.432,2028.715,933.706,266.273,0.0093,direct_cup_evidence,No
3,Day 3,Tray 1,1,DJI_20260621125425_0001,27,3,7,2243.902,798.644,2110.765,665.508,2377.039,931.781,266.273,0.0083,direct_cup_evidence,No
3,Day 3,Tray 1,1,DJI_20260621125425_0001,28,3,8,2613.396,789.022,2480.259,655.885,2746.532,922.159,266.273,0.0877,direct_cup_evidence,No
3,Day 3,Tray 1,1,DJI_20260621125425_0001,29,3,9,2930.929,790.947,2797.792,657.81,3064.066,924.083,266.273,0.0096,direct_cup_evidence,No
3,Day 3,Tray 1,1,DJI_20260621125425_0001,30,3,10,3281.178,789.022,3148.041,655.885,3414.315,922.159,266.273,0.0098,direct_cup_evidence,No
3,Day 3,Tray 1,1,DJI_20260621125425_0001,31,4,1,175.124,1098.858,41.988,965.721,308.261,1231.995,266.273,0.0213,direct_cup_evidence,No
3,Day 3,Tray 1,1,DJI_20260621125425_0001,32,4,2,515.751,1104.631,382.614,971.494,648.888,1237.768,266.273,0.0097,direct_cup_evidence,No
3,Day 3,Tray 1,1,DJI_20260621125425_0001,33,4,3,858.302,1100.782,725.165,967.645,991.439,1233.919,266.273,0.0158,direct_cup_evidence,No
3,Day 3,Tray 1,1,DJI_20260621125425_0001,34,4,4,1202.778,1100.782,1069.641,967.645,1335.915,1233.919,266.273,0.0202,direct_cup_evidence,No
3,Day 3,Tray 1,1,DJI_20260621125425_0001,35,4,5,1553.027,1095.009,1419.89,961.872,1686.163,1228.146,266.273,0.0051,direct_cup_evidence,No
3,Day 3,Tray 1,1,DJI_20260621125425_0001,36,4,6,1897.502,1091.16,1764.365,958.023,2030.639,1224.297,266.273,0.0118,direct_cup_evidence,No
3,Day 3,Tray 1,1,DJI_20260621125425_0001,37,4,7,2247.751,1093.084,2114.614,959.948,2380.888,1226.221,266.273,0.0123,direct_cup_evidence,No
3,Day 3,Tray 1,1,DJI_20260621125425_0001,38,4,8,2592.227,1093.084,2459.09,959.948,2725.363,1226.221,266.273,0.0131,direct_cup_evidence,No
3,Day 3,Tray 1,1,DJI_20260621125425_0001,39,4,9,2936.702,1091.16,2803.565,958.023,3069.839,1224.297,266.273,0.0116,direct_cup_evidence,No
3,Day 3,Tray 1,1,DJI_20260621125425_0001,40,4,10,3283.102,1083.462,3149.965,950.325,3416.239,1216.599,266.273,0.0139,direct_cup_evidence,No
3,Day 3,Tray 1,1,DJI_20260621125425_0001,41,5,1,180.898,1391.373,47.761,1258.237,314.035,1524.51,266.273,0.0387,direct_cup_evidence,No
3,Day 3,Tray 1,1,DJI_20260621125425_0001,42,5,2,511.902,1400.996,378.765,1267.859,645.039,1534.132,266.273,0.026,direct_cup_evidence,No
3,Day 3,Tray 1,1,DJI_20260621125425_0001,43,5,3,860.227,1391.373,727.09,1258.237,993.363,1524.51,266.273,0.0219,direct_cup_evidence,No
3,Day 3,Tray 1,1,DJI_20260621125425_0001,44,5,4,1210.476,1393.298,1077.339,1260.161,1343.612,1526.435,266.273,0.0042,direct_cup_evidence,No
3,Day 3,Tray 1,1,DJI_20260621125425_0001,45,5,5,1551.102,1389.449,1417.965,1256.312,1684.239,1522.586,266.273,0.0163,direct_cup_evidence,No
3,Day 3,Tray 1,1,DJI_20260621125425_0001,46,5,6,1899.427,1389.449,1766.29,1256.312,2032.563,1522.586,266.273,0.0041,direct_cup_evidence,No
3,Day 3,Tray 1,1,DJI_20260621125425_0001,47,5,7,2249.676,1387.524,2116.539,1254.388,2382.812,1520.661,266.273,0.0138,direct_cup_evidence,No
3,Day 3,Tray 1,1,DJI_20260621125425_0001,48,5,8,2594.151,1387.524,2461.014,1254.388,2727.288,1520.661,266.273,0.0118,direct_cup_evidence,No
3,Day 3,Tray 1,1,DJI_20260621125425_0001,49,5,9,2936.702,1375.978,2803.565,1242.841,3069.839,1509.115,266.273,0.0277,direct_cup_evidence,No
3,Day 3,Tray 1,1,DJI_20260621125425_0001,50,5,10,3277.329,1375.978,3144.192,1242.841,3410.466,1509.115,266.273,0.0252,direct_cup_evidence,No
3,Day 3,Tray 1,1,DJI_20260621125425_0001,51,6,1,182.822,1683.889,49.685,1550.752,315.959,1817.026,266.273,0.0489,direct_cup_evidence,No
3,Day 3,Tray 1,1,DJI_20260621125425_0001,52,6,2,515.751,1695.436,382.614,1562.299,648.888,1828.572,266.273,0.0168,direct_cup_evidence,No
3,Day 3,Tray 1,1,DJI_20260621125425_0001,53,6,3,860.227,1695.436,727.09,1562.299,993.363,1828.572,266.273,0.0221,direct_cup_evidence,No
3,Day 3,Tray 1,1,DJI_20260621125425_0001,54,6,4,1202.778,1695.436,1069.641,1562.299,1335.915,1828.572,266.273,0.0336,direct_cup_evidence,No
3,Day 3,Tray 1,1,DJI_20260621125425_0001,55,6,5,1553.027,1691.587,1419.89,1558.45,1686.163,1824.723,266.273,0.0166,direct_cup_evidence,No
3,Day 3,Tray 1,1,DJI_20260621125425_0001,56,6,6,1901.351,1689.662,1768.214,1556.525,2034.488,1822.799,266.273,0.0122,direct_cup_evidence,No
3,Day 3,Tray 1,1,DJI_20260621125425_0001,57,6,7,2247.751,1681.964,2114.614,1548.828,2380.888,1815.101,266.273,0.0074,direct_cup_evidence,No
3,Day 3,Tray 1,1,DJI_20260621125425_0001,58,6,8,2594.151,1678.116,2461.014,1544.979,2727.288,1811.252,266.273,0.0145,direct_cup_evidence,No
3,Day 3,Tray 1,1,DJI_20260621125425_0001,59,6,9,2940.551,1710.831,2807.414,1577.694,3073.688,1843.968,266.273,0.1046,direct_cup_evidence,No
3,Day 3,Tray 1,1,DJI_20260621125425_0001,60,6,10,3285.027,1670.418,3151.89,1537.281,3418.163,1803.555,266.273,0.0265,direct_cup_evidence,No
3,Day 3,Tray 1,1,DJI_20260621125425_0001,61,7,1,180.898,1984.102,47.761,1850.965,314.035,2117.239,266.273,0.0304,direct_cup_evidence,No
3,Day 3,Tray 1,1,DJI_20260621125425_0001,62,7,2,523.449,1984.102,390.312,1850.965,656.586,2117.239,266.273,0.0207,direct_cup_evidence,No
3,Day 3,Tray 1,1,DJI_20260621125425_0001,63,7,3,860.227,1993.724,727.09,1860.588,993.363,2126.861,266.273,0.0308,direct_cup_evidence,No
3,Day 3,Tray 1,1,DJI_20260621125425_0001,64,7,4,1206.627,1993.724,1073.49,1860.588,1339.763,2126.861,266.273,0.0331,direct_cup_evidence,No
3,Day 3,Tray 1,1,DJI_20260621125425_0001,65,7,5,1554.951,1993.724,1421.814,1860.588,1688.088,2126.861,266.273,0.0345,direct_cup_evidence,No
3,Day 3,Tray 1,1,DJI_20260621125425_0001,66,7,6,1899.427,1984.102,1766.29,1850.965,2032.563,2117.239,266.273,0.0148,direct_cup_evidence,No
3,Day 3,Tray 1,1,DJI_20260621125425_0001,67,7,7,2249.676,1980.253,2116.539,1847.117,2382.812,2113.39,266.273,0.004,direct_cup_evidence,No
3,Day 3,Tray 1,1,DJI_20260621125425_0001,68,7,8,2599.924,1982.178,2466.788,1849.041,2733.061,2115.315,266.273,0.0251,direct_cup_evidence,No
3,Day 3,Tray 1,1,DJI_20260621125425_0001,69,7,9,2946.324,1976.404,2813.188,1843.268,3079.461,2109.541,266.273,0.0243,direct_cup_evidence,No
3,Day 3,Tray 1,1,DJI_20260621125425_0001,70,7,10,3281.178,1959.084,3148.041,1825.948,3414.315,2092.221,266.273,0.0511,direct_cup_evidence,No
3,Day 3,Tray 2,2,DJI_20260621125542_0002,1,1,1,150.352,199.919,34.814,84.381,265.89,315.457,231.076,0.0589,direct_cup_evidence,No
3,Day 3,Tray 2,2,DJI_20260621125542_0002,2,1,2,437.839,194.962,322.301,79.424,553.377,310.5,231.076,0.0291,direct_cup_evidence,No
3,Day 3,Tray 2,2,DJI_20260621125542_0002,3,1,3,731.934,190.006,616.397,74.468,847.472,305.543,231.076,0.0163,direct_cup_evidence,No
3,Day 3,Tray 2,2,DJI_20260621125542_0002,4,1,4,1026.03,186.701,910.492,71.163,1141.568,302.239,231.076,0.0205,direct_cup_evidence,No
3,Day 3,Tray 2,2,DJI_20260621125542_0002,5,1,5,1320.126,185.049,1204.588,69.511,1435.663,300.587,231.076,0.031,direct_cup_evidence,No
3,Day 3,Tray 2,2,DJI_20260621125542_0002,6,1,6,1620.83,183.397,1505.292,67.859,1736.368,298.934,231.076,0.0162,direct_cup_evidence,No
3,Day 3,Tray 2,2,DJI_20260621125542_0002,7,1,7,1918.23,181.744,1802.692,66.207,2033.768,297.282,231.076,0.0148,direct_cup_evidence,No
3,Day 3,Tray 2,2,DJI_20260621125542_0002,8,1,8,2217.282,176.788,2101.744,61.25,2332.82,292.326,231.076,0.0208,direct_cup_evidence,No
3,Day 3,Tray 2,2,DJI_20260621125542_0002,9,1,9,2519.639,180.092,2404.101,64.554,2635.177,295.63,231.076,0.016,direct_cup_evidence,No
3,Day 3,Tray 2,2,DJI_20260621125542_0002,10,1,10,2812.082,180.092,2696.544,64.554,2927.62,295.63,231.076,0.0017,direct_cup_evidence,No
3,Day 3,Tray 2,2,DJI_20260621125542_0002,11,2,1,152.004,457.666,36.467,342.128,267.542,573.203,231.076,0.064,direct_cup_evidence,No
3,Day 3,Tray 2,2,DJI_20260621125542_0002,12,2,2,444.448,441.143,328.91,325.606,559.986,556.681,231.076,0.0272,direct_cup_evidence,No
3,Day 3,Tray 2,2,DJI_20260621125542_0002,13,2,3,731.934,439.491,616.397,323.953,847.472,555.029,231.076,0.0193,direct_cup_evidence,No
3,Day 3,Tray 2,2,DJI_20260621125542_0002,14,2,4,1032.639,441.143,917.101,325.606,1148.177,556.681,231.076,0.0055,direct_cup_evidence,No
3,Day 3,Tray 2,2,DJI_20260621125542_0002,15,2,5,1323.43,441.143,1207.892,325.606,1438.968,556.681,231.076,0.0212,direct_cup_evidence,No
3,Day 3,Tray 2,2,DJI_20260621125542_0002,16,2,6,1617.526,441.143,1501.988,325.606,1733.063,556.681,231.076,0.0321,direct_cup_evidence,No
3,Day 3,Tray 2,2,DJI_20260621125542_0002,17,2,7,1918.23,439.491,1802.692,323.953,2033.768,555.029,231.076,0.0172,direct_cup_evidence,No
3,Day 3,Tray 2,2,DJI_20260621125542_0002,18,2,8,2218.934,434.534,2103.397,318.997,2334.472,550.072,231.076,0.0162,direct_cup_evidence,No
3,Day 3,Tray 2,2,DJI_20260621125542_0002,19,2,9,2521.291,434.534,2405.753,318.997,2636.829,550.072,231.076,0.0227,direct_cup_evidence,No
3,Day 3,Tray 2,2,DJI_20260621125542_0002,20,2,10,2817.039,424.621,2701.501,309.083,2932.577,540.159,231.076,0.0496,direct_cup_evidence,No
3,Day 3,Tray 2,2,DJI_20260621125542_0002,21,3,1,155.309,697.238,39.771,581.7,270.847,812.776,231.076,0.0546,direct_cup_evidence,No
3,Day 3,Tray 2,2,DJI_20260621125542_0002,22,3,2,439.491,702.194,323.953,586.657,555.029,817.732,231.076,0.0051,direct_cup_evidence,No
3,Day 3,Tray 2,2,DJI_20260621125542_0002,23,3,3,731.934,702.194,616.397,586.657,847.472,817.732,231.076,0.0174,direct_cup_evidence,No
3,Day 3,Tray 2,2,DJI_20260621125542_0002,24,3,4,1026.03,700.542,910.492,585.004,1141.568,816.08,231.076,0.0268,direct_cup_evidence,No
3,Day 3,Tray 2,2,DJI_20260621125542_0002,25,3,5,1323.43,697.238,1207.892,581.7,1438.968,812.776,231.076,0.0245,direct_cup_evidence,No
3,Day 3,Tray 2,2,DJI_20260621125542_0002,26,3,6,1622.482,698.89,1506.944,583.352,1738.02,814.428,231.076,0.017,direct_cup_evidence,No
3,Day 3,Tray 2,2,DJI_20260621125542_0002,27,3,7,1918.23,692.281,1802.692,576.743,2033.768,807.819,231.076,0.0257,direct_cup_evidence,No
3,Day 3,Tray 2,2,DJI_20260621125542_0002,28,3,8,2218.934,695.586,2103.397,580.048,2334.472,811.123,231.076,0.0054,direct_cup_evidence,No
3,Day 3,Tray 2,2,DJI_20260621125542_0002,29,3,9,2522.943,692.281,2407.406,576.743,2638.481,807.819,231.076,0.0239,direct_cup_evidence,No
3,Day 3,Tray 2,2,DJI_20260621125542_0002,30,3,10,2817.039,687.324,2701.501,571.787,2932.577,802.862,231.076,0.0268,direct_cup_evidence,No
3,Day 3,Tray 2,2,DJI_20260621125542_0002,31,4,1,147.048,954.984,31.51,839.447,262.586,1070.522,231.076,0.0217,direct_cup_evidence,No
3,Day 3,Tray 2,2,DJI_20260621125542_0002,32,4,2,439.491,959.941,323.953,844.403,555.029,1075.479,231.076,0.0086,direct_cup_evidence,No
3,Day 3,Tray 2,2,DJI_20260621125542_0002,33,4,3,735.239,954.984,619.701,839.447,850.777,1070.522,231.076,0.009,direct_cup_evidence,No
3,Day 3,Tray 2,2,DJI_20260621125542_0002,34,4,4,1027.682,956.637,912.144,841.099,1143.22,1072.174,231.076,0.023,direct_cup_evidence,No
3,Day 3,Tray 2,2,DJI_20260621125542_0002,35,4,5,1325.082,954.984,1209.544,839.447,1440.62,1070.522,231.076,0.0209,direct_cup_evidence,No
3,Day 3,Tray 2,2,DJI_20260621125542_0002,36,4,6,1609.264,948.376,1493.727,832.838,1724.802,1063.913,231.076,0.0737,direct_cup_evidence,No
3,Day 3,Tray 2,2,DJI_20260621125542_0002,37,4,7,1924.839,954.984,1809.301,839.447,2040.377,1070.522,231.076,0.0078,direct_cup_evidence,No
3,Day 3,Tray 2,2,DJI_20260621125542_0002,38,4,8,2218.934,950.028,2103.397,834.49,2334.472,1065.566,231.076,0.0118,direct_cup_evidence,No
3,Day 3,Tray 2,2,DJI_20260621125542_0002,39,4,9,2526.248,953.332,2410.71,837.794,2641.786,1068.87,231.076,0.0332,direct_cup_evidence,No
3,Day 3,Tray 2,2,DJI_20260621125542_0002,40,4,10,2820.343,948.376,2704.806,832.838,2935.881,1063.913,231.076,0.0226,direct_cup_evidence,No
3,Day 3,Tray 2,2,DJI_20260621125542_0002,41,5,1,152.004,1214.383,36.467,1098.846,267.542,1329.921,231.076,0.0327,direct_cup_evidence,No
3,Day 3,Tray 2,2,DJI_20260621125542_0002,42,5,2,447.752,1212.731,332.214,1097.193,563.29,1328.269,231.076,0.0289,direct_cup_evidence,No
3,Day 3,Tray 2,2,DJI_20260621125542_0002,43,5,3,731.934,1214.383,616.397,1098.846,847.472,1329.921,231.076,0.0217,direct_cup_evidence,No
3,Day 3,Tray 2,2,DJI_20260621125542_0002,44,5,4,1026.03,1214.383,910.492,1098.846,1141.568,1329.921,231.076,0.033,direct_cup_evidence,No
3,Day 3,Tray 2,2,DJI_20260621125542_0002,45,5,5,1323.43,1212.731,1207.892,1097.193,1438.968,1328.269,231.076,0.0306,direct_cup_evidence,No
3,Day 3,Tray 2,2,DJI_20260621125542_0002,46,5,6,1648.918,1230.906,1533.38,1115.368,1764.456,1346.443,231.076,0.1128,direct_cup_evidence,No
3,Day 3,Tray 2,2,DJI_20260621125542_0002,47,5,7,1921.534,1211.079,1805.997,1095.541,2037.072,1326.617,231.076,0.0143,direct_cup_evidence,No
3,Day 3,Tray 2,2,DJI_20260621125542_0002,48,5,8,2223.891,1214.383,2108.353,1098.846,2339.429,1329.921,231.076,0.0227,direct_cup_evidence,No
3,Day 3,Tray 2,2,DJI_20260621125542_0002,49,5,9,2562.597,1211.079,2447.059,1095.541,2678.134,1326.617,231.076,0.1711,direct_cup_evidence,No
3,Day 3,Tray 2,2,DJI_20260621125542_0002,50,5,10,2813.734,1211.079,2698.197,1095.541,2929.272,1326.617,231.076,0.0174,direct_cup_evidence,No
3,Day 3,Tray 2,2,DJI_20260621125542_0002,51,6,1,152.004,1462.217,36.467,1346.679,267.542,1577.754,231.076,0.0487,direct_cup_evidence,No
3,Day 3,Tray 2,2,DJI_20260621125542_0002,52,6,2,447.752,1465.521,332.214,1349.983,563.29,1581.059,231.076,0.0335,direct_cup_evidence,No
3,Day 3,Tray 2,2,DJI_20260621125542_0002,53,6,3,730.282,1470.478,614.744,1354.94,845.82,1586.016,231.076,0.031,direct_cup_evidence,No
3,Day 3,Tray 2,2,DJI_20260621125542_0002,54,6,4,1027.682,1470.478,912.144,1354.94,1143.22,1586.016,231.076,0.0293,direct_cup_evidence,No
3,Day 3,Tray 2,2,DJI_20260621125542_0002,55,6,5,1326.734,1465.521,1211.197,1349.983,1442.272,1581.059,231.076,0.0235,direct_cup_evidence,No
3,Day 3,Tray 2,2,DJI_20260621125542_0002,56,6,6,1629.091,1463.869,1513.553,1348.331,1744.629,1579.407,231.076,0.0142,direct_cup_evidence,No
3,Day 3,Tray 2,2,DJI_20260621125542_0002,57,6,7,1934.752,1450.651,1819.214,1335.113,2050.29,1566.189,231.076,0.0712,direct_cup_evidence,No
3,Day 3,Tray 2,2,DJI_20260621125542_0002,58,6,8,2225.543,1480.391,2110.006,1364.853,2341.081,1595.929,231.076,0.0585,direct_cup_evidence,No
3,Day 3,Tray 2,2,DJI_20260621125542_0002,59,6,9,2514.682,1463.869,2399.144,1348.331,2630.22,1579.407,231.076,0.0193,direct_cup_evidence,No
3,Day 3,Tray 2,2,DJI_20260621125542_0002,60,6,10,2813.734,1465.521,2698.197,1349.983,2929.272,1581.059,231.076,0.0125,direct_cup_evidence,No
3,Day 3,Tray 2,2,DJI_20260621125542_0002,61,7,1,155.309,1711.702,39.771,1596.164,270.847,1827.24,231.076,0.0777,direct_cup_evidence,No
3,Day 3,Tray 2,2,DJI_20260621125542_0002,62,7,2,442.796,1723.268,327.258,1607.73,558.333,1838.806,231.076,0.0186,direct_cup_evidence,No
3,Day 3,Tray 2,2,DJI_20260621125542_0002,63,7,3,731.934,1729.877,616.397,1614.339,847.472,1845.414,231.076,0.0297,direct_cup_evidence,No
3,Day 3,Tray 2,2,DJI_20260621125542_0002,64,7,4,1029.334,1733.181,913.797,1617.643,1144.872,1848.719,231.076,0.0375,direct_cup_evidence,No
3,Day 3,Tray 2,2,DJI_20260621125542_0002,65,7,5,1325.082,1726.572,1209.544,1611.034,1440.62,1842.11,231.076,0.0305,direct_cup_evidence,No
3,Day 3,Tray 2,2,DJI_20260621125542_0002,66,7,6,1624.134,1731.529,1508.597,1615.991,1739.672,1847.067,231.076,0.0356,direct_cup_evidence,No
3,Day 3,Tray 2,2,DJI_20260621125542_0002,67,7,7,1924.839,1728.224,1809.301,1612.687,2040.377,1843.762,231.076,0.0202,direct_cup_evidence,No
3,Day 3,Tray 2,2,DJI_20260621125542_0002,68,7,8,2217.282,1723.268,2101.744,1607.73,2332.82,1838.806,231.076,0.0243,direct_cup_evidence,No
3,Day 3,Tray 2,2,DJI_20260621125542_0002,69,7,9,2516.334,1723.268,2400.797,1607.73,2631.872,1838.806,231.076,0.0171,direct_cup_evidence,No
3,Day 3,Tray 2,2,DJI_20260621125542_0002,70,7,10,2818.691,1721.616,2703.153,1606.078,2934.229,1837.153,231.076,0.0071,direct_cup_evidence,No
3,Day 3,Tray 3,3,DJI_20260621125701_0003,1,1,1,180.879,190.836,66.805,76.762,294.954,304.91,228.148,0.1044,direct_cup_evidence,No
3,Day 3,Tray 3,3,DJI_20260621125701_0003,2,1,2,451.369,182.539,337.295,68.465,565.443,296.613,228.148,0.0236,direct_cup_evidence,No
3,Day 3,Tray 3,3,DJI_20260621125701_0003,3,1,3,758.366,177.561,644.292,63.486,872.44,291.635,228.148,0.0168,direct_cup_evidence,No
3,Day 3,Tray 3,3,DJI_20260621125701_0003,4,1,4,1050.428,172.582,936.354,58.508,1164.502,286.656,228.148,0.0192,direct_cup_evidence,No
3,Day 3,Tray 3,3,DJI_20260621125701_0003,5,1,5,1355.766,177.561,1241.692,63.486,1469.84,291.635,228.148,0.0194,direct_cup_evidence,No
3,Day 3,Tray 3,3,DJI_20260621125701_0003,6,1,6,1651.147,180.879,1537.073,66.805,1765.221,294.954,228.148,0.022,direct_cup_evidence,No
3,Day 3,Tray 3,3,DJI_20260621125701_0003,7,1,7,1946.528,174.242,1832.454,60.168,2060.602,288.316,228.148,0.0061,direct_cup_evidence,No
3,Day 3,Tray 3,3,DJI_20260621125701_0003,8,1,8,2241.909,177.561,2127.835,63.486,2355.984,291.635,228.148,0.0223,direct_cup_evidence,No
3,Day 3,Tray 3,3,DJI_20260621125701_0003,9,1,9,2535.631,175.901,2421.557,61.827,2649.705,289.975,228.148,0.0377,direct_cup_evidence,No
3,Day 3,Tray 3,3,DJI_20260621125701_0003,10,1,10,2832.672,175.901,2718.598,61.827,2946.746,289.975,228.148,0.0438,direct_cup_evidence,No
3,Day 3,Tray 3,3,DJI_20260621125701_0003,11,2,1,165.944,431.456,51.87,317.381,280.019,545.53,228.148,0.0445,direct_cup_evidence,No
3,Day 3,Tray 3,3,DJI_20260621125701_0003,12,2,2,451.369,431.456,337.295,317.381,565.443,545.53,228.148,0.0073,direct_cup_evidence,No
3,Day 3,Tray 3,3,DJI_20260621125701_0003,13,2,3,755.047,431.456,640.973,317.381,869.121,545.53,228.148,0.0135,direct_cup_evidence,No
3,Day 3,Tray 3,3,DJI_20260621125701_0003,14,2,4,1050.428,429.796,936.354,315.722,1164.502,543.87,228.148,0.0028,direct_cup_evidence,No
3,Day 3,Tray 3,3,DJI_20260621125701_0003,15,2,5,1345.809,429.796,1231.735,315.722,1459.884,543.87,228.148,0.0109,direct_cup_evidence,No
3,Day 3,Tray 3,3,DJI_20260621125701_0003,16,2,6,1647.828,431.456,1533.754,317.381,1761.902,545.53,228.148,0.0101,direct_cup_evidence,No
3,Day 3,Tray 3,3,DJI_20260621125701_0003,17,2,7,1943.209,429.796,1829.135,315.722,2057.284,543.87,228.148,0.0107,direct_cup_evidence,No
3,Day 3,Tray 3,3,DJI_20260621125701_0003,18,2,8,2245.228,429.796,2131.154,315.722,2359.302,543.87,228.148,0.0099,direct_cup_evidence,No
3,Day 3,Tray 3,3,DJI_20260621125701_0003,19,2,9,2542.269,429.796,2428.195,315.722,2656.343,543.87,228.148,0.0113,direct_cup_evidence,No
3,Day 3,Tray 3,3,DJI_20260621125701_0003,20,2,10,2834.331,426.477,2720.257,312.403,2948.405,540.551,228.148,0.0258,direct_cup_evidence,No
3,Day 3,Tray 3,3,DJI_20260621125701_0003,21,3,1,155.988,685.351,41.914,571.276,270.062,799.425,228.148,0.015,direct_cup_evidence,No
3,Day 3,Tray 3,3,DJI_20260621125701_0003,22,3,2,453.028,680.372,338.954,566.298,567.102,794.446,228.148,0.0215,direct_cup_evidence,No
3,Day 3,Tray 3,3,DJI_20260621125701_0003,23,3,3,743.431,682.032,629.357,567.958,857.505,796.106,228.148,0.0248,direct_cup_evidence,No
3,Day 3,Tray 3,3,DJI_20260621125701_0003,24,3,4,1043.791,683.691,929.716,569.617,1157.865,797.765,228.148,0.0152,direct_cup_evidence,No
3,Day 3,Tray 3,3,DJI_20260621125701_0003,25,3,5,1347.469,680.372,1233.395,566.298,1461.543,794.446,228.148,0.0125,direct_cup_evidence,No
3,Day 3,Tray 3,3,DJI_20260621125701_0003,26,3,6,1646.169,680.372,1532.095,566.298,1760.243,794.446,228.148,0.0106,direct_cup_evidence,No
3,Day 3,Tray 3,3,DJI_20260621125701_0003,27,3,7,1944.869,678.713,1830.795,564.639,2058.943,792.787,228.148,0.0143,direct_cup_evidence,No
3,Day 3,Tray 3,3,DJI_20260621125701_0003,28,3,8,2241.909,678.713,2127.835,564.639,2355.984,792.787,228.148,0.0097,direct_cup_evidence,No
3,Day 3,Tray 3,3,DJI_20260621125701_0003,29,3,9,2543.928,680.372,2429.854,566.298,2658.002,794.446,228.148,0.0158,direct_cup_evidence,No
3,Day 3,Tray 3,3,DJI_20260621125701_0003,30,3,10,2826.034,680.372,2711.96,566.298,2940.108,794.446,228.148,0.0488,direct_cup_evidence,No
3,Day 3,Tray 3,3,DJI_20260621125701_0003,31,4,1,146.031,934.267,31.957,820.193,260.105,1048.341,228.148,0.0254,direct_cup_evidence,No
3,Day 3,Tray 3,3,DJI_20260621125701_0003,32,4,2,446.391,934.267,332.316,820.193,560.465,1048.341,228.148,0.0193,direct_cup_evidence,No
3,Day 3,Tray 3,3,DJI_20260621125701_0003,33,4,3,741.772,937.586,627.698,823.512,855.846,1051.66,228.148,0.0196,direct_cup_evidence,No
3,Day 3,Tray 3,3,DJI_20260621125701_0003,34,4,4,1043.791,934.267,929.716,820.193,1157.865,1048.341,228.148,0.0135,direct_cup_evidence,No
3,Day 3,Tray 3,3,DJI_20260621125701_0003,35,4,5,1342.491,934.267,1228.416,820.193,1456.565,1048.341,228.148,0.0106,direct_cup_evidence,No
3,Day 3,Tray 3,3,DJI_20260621125701_0003,36,4,6,1644.509,932.608,1530.435,818.534,1758.584,1046.682,228.148,0.0165,direct_cup_evidence,No
3,Day 3,Tray 3,3,DJI_20260621125701_0003,37,4,7,1944.869,930.948,1830.795,816.874,2058.943,1045.022,228.148,0.0242,direct_cup_evidence,No
3,Day 3,Tray 3,3,DJI_20260621125701_0003,38,4,8,2243.569,932.608,2129.495,818.534,2357.643,1046.682,228.148,0.0196,direct_cup_evidence,No
3,Day 3,Tray 3,3,DJI_20260621125701_0003,39,4,9,2542.269,932.608,2428.195,818.534,2656.343,1046.682,228.148,0.0196,direct_cup_evidence,No
3,Day 3,Tray 3,3,DJI_20260621125701_0003,40,4,10,2832.672,930.948,2718.598,816.874,2946.746,1045.022,228.148,0.0156,direct_cup_evidence,No
3,Day 3,Tray 3,3,DJI_20260621125701_0003,41,5,1,146.031,1188.162,31.957,1074.088,260.105,1302.236,228.148,0.0197,direct_cup_evidence,No
3,Day 3,Tray 3,3,DJI_20260621125701_0003,42,5,2,443.072,1191.481,328.998,1077.407,557.146,1305.555,228.148,0.0112,direct_cup_evidence,No
3,Day 3,Tray 3,3,DJI_20260621125701_0003,43,5,3,738.453,1191.481,624.379,1077.407,852.527,1305.555,228.148,0.0229,direct_cup_evidence,No
3,Day 3,Tray 3,3,DJI_20260621125701_0003,44,5,4,1037.153,1189.822,923.079,1075.748,1151.227,1303.896,228.148,0.0223,direct_cup_evidence,No
3,Day 3,Tray 3,3,DJI_20260621125701_0003,45,5,5,1340.831,1189.822,1226.757,1075.748,1454.905,1303.896,228.148,0.002,direct_cup_evidence,No
3,Day 3,Tray 3,3,DJI_20260621125701_0003,46,5,6,1641.191,1191.481,1527.116,1077.407,1755.265,1305.555,228.148,0.01,direct_cup_evidence,No
3,Day 3,Tray 3,3,DJI_20260621125701_0003,47,5,7,1943.209,1181.524,1829.135,1067.45,2057.284,1295.599,228.148,0.0351,direct_cup_evidence,No
3,Day 3,Tray 3,3,DJI_20260621125701_0003,48,5,8,2238.591,1186.503,2124.516,1072.429,2352.665,1300.577,228.148,0.0102,direct_cup_evidence,No
3,Day 3,Tray 3,3,DJI_20260621125701_0003,49,5,9,2542.269,1186.503,2428.195,1072.429,2656.343,1300.577,228.148,0.0289,direct_cup_evidence,No
3,Day 3,Tray 3,3,DJI_20260621125701_0003,50,5,10,2834.331,1178.206,2720.257,1064.131,2948.405,1292.28,228.148,0.0337,direct_cup_evidence,No
3,Day 3,Tray 3,3,DJI_20260621125701_0003,51,6,1,144.372,1440.398,30.298,1326.324,258.446,1554.472,228.148,0.024,direct_cup_evidence,No
3,Day 3,Tray 3,3,DJI_20260621125701_0003,52,6,2,436.434,1445.376,322.36,1331.302,550.508,1559.45,228.148,0.0272,direct_cup_evidence,No
3,Day 3,Tray 3,3,DJI_20260621125701_0003,53,6,3,738.453,1445.376,624.379,1331.302,852.527,1559.45,228.148,0.0132,direct_cup_evidence,No
3,Day 3,Tray 3,3,DJI_20260621125701_0003,54,6,4,1033.834,1448.695,919.76,1334.621,1147.908,1562.769,228.148,0.0305,direct_cup_evidence,No
3,Day 3,Tray 3,3,DJI_20260621125701_0003,55,6,5,1339.172,1448.695,1225.098,1334.621,1453.246,1562.769,228.148,0.0199,direct_cup_evidence,No
3,Day 3,Tray 3,3,DJI_20260621125701_0003,56,6,6,1639.531,1447.036,1525.457,1332.961,1753.605,1561.11,228.148,0.0185,direct_cup_evidence,No
3,Day 3,Tray 3,3,DJI_20260621125701_0003,57,6,7,1939.891,1438.738,1825.816,1324.664,2053.965,1552.812,228.148,0.0219,direct_cup_evidence,No
3,Day 3,Tray 3,3,DJI_20260621125701_0003,58,6,8,2243.569,1438.738,2129.495,1324.664,2357.643,1552.812,228.148,0.0391,direct_cup_evidence,No
3,Day 3,Tray 3,3,DJI_20260621125701_0003,59,6,9,2537.291,1438.738,2423.216,1324.664,2651.365,1552.812,228.148,0.0206,direct_cup_evidence,No
3,Day 3,Tray 3,3,DJI_20260621125701_0003,60,6,10,2821.056,1452.014,2706.981,1337.94,2935.13,1566.088,228.148,0.061,direct_cup_evidence,No
3,Day 3,Tray 3,3,DJI_20260621125701_0003,61,7,1,136.074,1699.271,22.0,1585.197,250.149,1813.345,228.148,0.0251,direct_cup_evidence,No
3,Day 3,Tray 3,3,DJI_20260621125701_0003,62,7,2,434.774,1700.931,320.7,1586.856,548.849,1815.005,228.148,0.0249,direct_cup_evidence,No
3,Day 3,Tray 3,3,DJI_20260621125701_0003,63,7,3,731.815,1704.249,617.741,1590.175,845.889,1818.324,228.148,0.0371,direct_cup_evidence,No
3,Day 3,Tray 3,3,DJI_20260621125701_0003,64,7,4,1037.153,1704.249,923.079,1590.175,1151.227,1818.324,228.148,0.0253,direct_cup_evidence,No
3,Day 3,Tray 3,3,DJI_20260621125701_0003,65,7,5,1337.512,1705.909,1223.438,1591.835,1451.586,1819.983,228.148,0.0349,direct_cup_evidence,No
3,Day 3,Tray 3,3,DJI_20260621125701_0003,66,7,6,1637.872,1705.909,1523.798,1591.835,1751.946,1819.983,228.148,0.0393,direct_cup_evidence,No
3,Day 3,Tray 3,3,DJI_20260621125701_0003,67,7,7,1939.891,1704.249,1825.816,1590.175,2053.965,1818.324,228.148,0.0427,direct_cup_evidence,No
3,Day 3,Tray 3,3,DJI_20260621125701_0003,68,7,8,2238.591,1690.974,2124.516,1576.9,2352.665,1805.048,228.148,0.0319,direct_cup_evidence,No
3,Day 3,Tray 3,3,DJI_20260621125701_0003,69,7,9,2533.972,1689.314,2419.898,1575.24,2648.046,1803.389,228.148,0.0252,direct_cup_evidence,No
3,Day 3,Tray 3,3,DJI_20260621125701_0003,70,7,10,2832.672,1689.314,2718.598,1575.24,2946.746,1803.389,228.148,0.0237,direct_cup_evidence,No
3,Day 3,Tray 4,4,DJI_20260621125808_0004,1,1,1,200.725,182.642,76.679,58.595,324.771,306.688,248.093,0.015,direct_cup_evidence,No
3,Day 3,Tray 4,4,DJI_20260621125808_0004,2,1,2,528.033,177.217,403.987,53.17,652.08,301.263,248.093,0.0325,direct_cup_evidence,No
3,Day 3,Tray 4,4,DJI_20260621125808_0004,3,1,3,848.108,182.642,724.062,58.595,972.155,306.688,248.093,0.0182,direct_cup_evidence,No
3,Day 3,Tray 4,4,DJI_20260621125808_0004,4,1,4,1173.608,180.833,1049.562,56.787,1297.655,304.88,248.093,0.0292,direct_cup_evidence,No
3,Day 3,Tray 4,4,DJI_20260621125808_0004,5,1,5,1495.492,188.067,1371.445,64.02,1619.538,312.113,248.093,0.0269,direct_cup_evidence,No
3,Day 3,Tray 4,4,DJI_20260621125808_0004,6,1,6,1815.567,188.067,1691.52,64.02,1939.613,312.113,248.093,0.0161,direct_cup_evidence,No
3,Day 3,Tray 4,4,DJI_20260621125808_0004,7,1,7,2135.642,188.067,2011.595,64.02,2259.688,312.113,248.093,0.0061,direct_cup_evidence,No
3,Day 3,Tray 4,4,DJI_20260621125808_0004,8,1,8,2453.908,207.958,2329.862,83.912,2577.955,332.005,248.093,0.0751,direct_cup_evidence,No
3,Day 3,Tray 4,4,DJI_20260621125808_0004,9,1,9,2772.175,197.108,2648.129,73.062,2896.221,321.155,248.093,0.0437,direct_cup_evidence,No
3,Day 3,Tray 4,4,DJI_20260621125808_0004,10,1,10,3083.208,204.342,2959.162,80.295,3207.255,328.388,248.093,0.0914,direct_cup_evidence,No
3,Day 3,Tray 4,4,DJI_20260621125808_0004,11,2,1,197.108,452.083,73.062,328.037,321.155,576.13,248.093,0.0157,direct_cup_evidence,No
3,Day 3,Tray 4,4,DJI_20260621125808_0004,12,2,2,524.417,450.275,400.37,326.229,648.463,574.321,248.093,0.0269,direct_cup_evidence,No
3,Day 3,Tray 4,4,DJI_20260621125808_0004,13,2,3,851.725,461.125,727.679,337.079,975.771,585.171,248.093,0.0281,direct_cup_evidence,No
3,Day 3,Tray 4,4,DJI_20260621125808_0004,14,2,4,1175.417,457.508,1051.37,333.462,1299.463,581.555,248.093,0.0293,direct_cup_evidence,No
3,Day 3,Tray 4,4,DJI_20260621125808_0004,15,2,5,1499.108,457.508,1375.062,333.462,1623.155,581.555,248.093,0.0329,direct_cup_evidence,No
3,Day 3,Tray 4,4,DJI_20260621125808_0004,16,2,6,1819.183,459.317,1695.137,335.27,1943.23,583.363,248.093,0.0222,direct_cup_evidence,No
3,Day 3,Tray 4,4,DJI_20260621125808_0004,17,2,7,2141.067,462.933,2017.02,338.887,2265.113,586.98,248.093,0.0174,direct_cup_evidence,No
3,Day 3,Tray 4,4,DJI_20260621125808_0004,18,2,8,2459.333,464.742,2335.287,340.695,2583.38,588.788,248.093,0.0054,direct_cup_evidence,No
3,Day 3,Tray 4,4,DJI_20260621125808_0004,19,2,9,2773.983,464.742,2649.937,340.695,2898.03,588.788,248.093,0.0299,direct_cup_evidence,No
3,Day 3,Tray 4,4,DJI_20260621125808_0004,20,2,10,3090.442,468.358,2966.395,344.312,3214.488,592.405,248.093,0.0545,direct_cup_evidence,No
3,Day 3,Tray 4,4,DJI_20260621125808_0004,21,3,1,182.642,707.058,58.595,583.012,306.688,831.105,248.093,0.1099,direct_cup_evidence,No
3,Day 3,Tray 4,4,DJI_20260621125808_0004,22,3,2,522.608,732.375,398.562,608.329,646.655,856.421,248.093,0.0023,direct_cup_evidence,No
3,Day 3,Tray 4,4,DJI_20260621125808_0004,23,3,3,848.108,732.375,724.062,608.329,972.155,856.421,248.093,0.0091,direct_cup_evidence,No
3,Day 3,Tray 4,4,DJI_20260621125808_0004,24,3,4,1173.608,732.375,1049.562,608.329,1297.655,856.421,248.093,0.019,direct_cup_evidence,No
3,Day 3,Tray 4,4,DJI_20260621125808_0004,25,3,5,1482.833,735.992,1358.787,611.945,1606.88,860.038,248.093,0.0329,direct_cup_evidence,No
3,Day 3,Tray 4,4,DJI_20260621125808_0004,26,3,6,1820.992,735.992,1696.945,611.945,1945.038,860.038,248.093,0.0225,direct_cup_evidence,No
3,Day 3,Tray 4,4,DJI_20260621125808_0004,27,3,7,2141.067,734.183,2017.02,610.137,2265.113,858.23,248.093,0.018,direct_cup_evidence,No
3,Day 3,Tray 4,4,DJI_20260621125808_0004,28,3,8,2466.567,735.992,2342.52,611.945,2590.613,860.038,248.093,0.0237,direct_cup_evidence,No
3,Day 3,Tray 4,4,DJI_20260621125808_0004,29,3,9,2783.025,739.608,2658.979,615.562,2907.071,863.655,248.093,0.0027,direct_cup_evidence,No
3,Day 3,Tray 4,4,DJI_20260621125808_0004,30,3,10,3090.442,745.033,2966.395,620.987,3214.488,869.08,248.093,0.0605,direct_cup_evidence,No
3,Day 3,Tray 4,4,DJI_20260621125808_0004,31,4,1,191.683,1001.817,67.637,877.77,315.73,1125.863,248.093,0.0414,direct_cup_evidence,No
3,Day 3,Tray 4,4,DJI_20260621125808_0004,32,4,2,518.992,1007.242,394.945,883.195,643.038,1131.288,248.093,0.0207,direct_cup_evidence,No
3,Day 3,Tray 4,4,DJI_20260621125808_0004,33,4,3,848.108,1007.242,724.062,883.195,972.155,1131.288,248.093,0.0084,direct_cup_evidence,No
3,Day 3,Tray 4,4,DJI_20260621125808_0004,34,4,4,1177.225,1010.858,1053.179,886.812,1301.271,1134.905,248.093,0.0246,direct_cup_evidence,No
3,Day 3,Tray 4,4,DJI_20260621125808_0004,35,4,5,1499.108,1010.858,1375.062,886.812,1623.155,1134.905,248.093,0.0209,direct_cup_evidence,No
3,Day 3,Tray 4,4,DJI_20260621125808_0004,36,4,6,1820.992,1005.433,1696.945,881.387,1945.038,1129.48,248.093,0.0308,direct_cup_evidence,No
3,Day 3,Tray 4,4,DJI_20260621125808_0004,37,4,7,2146.492,1010.858,2022.445,886.812,2270.538,1134.905,248.093,0.028,direct_cup_evidence,No
3,Day 3,Tray 4,4,DJI_20260621125808_0004,38,4,8,2464.758,1007.242,2340.712,883.195,2588.805,1131.288,248.093,0.0282,direct_cup_evidence,No
3,Day 3,Tray 4,4,DJI_20260621125808_0004,39,4,9,2795.683,1025.325,2671.637,901.279,2919.73,1149.371,248.093,0.052,direct_cup_evidence,No
3,Day 3,Tray 4,4,DJI_20260621125808_0004,40,4,10,3097.675,1010.858,2973.629,886.812,3221.721,1134.905,248.093,0.0432,direct_cup_evidence,No
3,Day 3,Tray 4,4,DJI_20260621125808_0004,41,5,1,197.108,1282.108,73.062,1158.062,321.155,1406.155,248.093,0.022,direct_cup_evidence,No
3,Day 3,Tray 4,4,DJI_20260621125808_0004,42,5,2,515.375,1285.725,391.329,1161.679,639.421,1409.771,248.093,0.0391,direct_cup_evidence,No
3,Day 3,Tray 4,4,DJI_20260621125808_0004,43,5,3,848.108,1285.725,724.062,1161.679,972.155,1409.771,248.093,0.0038,direct_cup_evidence,No
3,Day 3,Tray 4,4,DJI_20260621125808_0004,44,5,4,1169.992,1287.533,1045.945,1163.487,1294.038,1411.58,248.093,0.0086,direct_cup_evidence,No
3,Day 3,Tray 4,4,DJI_20260621125808_0004,45,5,5,1500.917,1289.342,1376.87,1165.295,1624.963,1413.388,248.093,0.0233,direct_cup_evidence,No
3,Day 3,Tray 4,4,DJI_20260621125808_0004,46,5,6,1851.733,1300.192,1727.687,1176.145,1975.78,1424.238,248.093,0.1306,direct_cup_evidence,No
3,Day 3,Tray 4,4,DJI_20260621125808_0004,47,5,7,2150.108,1285.725,2026.062,1161.679,2274.155,1409.771,248.093,0.0363,direct_cup_evidence,No
3,Day 3,Tray 4,4,DJI_20260621125808_0004,48,5,8,2468.375,1285.725,2344.329,1161.679,2592.421,1409.771,248.093,0.0236,direct_cup_evidence,No
3,Day 3,Tray 4,4,DJI_20260621125808_0004,49,5,9,2763.133,1271.258,2639.087,1147.212,2887.18,1395.305,248.093,0.1119,direct_cup_evidence,No
3,Day 3,Tray 4,4,DJI_20260621125808_0004,50,5,10,3099.483,1285.725,2975.437,1161.679,3223.53,1409.771,248.093,0.0436,direct_cup_evidence,No
3,Day 3,Tray 4,4,DJI_20260621125808_0004,51,6,1,186.258,1560.592,62.212,1436.545,310.305,1684.638,248.093,0.0668,direct_cup_evidence,No
3,Day 3,Tray 4,4,DJI_20260621125808_0004,52,6,2,517.183,1564.208,393.137,1440.162,641.23,1688.255,248.093,0.0408,direct_cup_evidence,No
3,Day 3,Tray 4,4,DJI_20260621125808_0004,53,6,3,844.492,1560.592,720.445,1436.545,968.538,1684.638,248.093,0.0216,direct_cup_evidence,No
3,Day 3,Tray 4,4,DJI_20260621125808_0004,54,6,4,1177.225,1564.208,1053.179,1440.162,1301.271,1688.255,248.093,0.0164,direct_cup_evidence,No
3,Day 3,Tray 4,4,DJI_20260621125808_0004,55,6,5,1500.917,1567.825,1376.87,1443.779,1624.963,1691.871,248.093,0.0246,direct_cup_evidence,No
3,Day 3,Tray 4,4,DJI_20260621125808_0004,56,6,6,1824.608,1566.017,1700.562,1441.97,1948.655,1690.063,248.093,0.0209,direct_cup_evidence,No
3,Day 3,Tray 4,4,DJI_20260621125808_0004,57,6,7,2150.108,1567.825,2026.062,1443.779,2274.155,1691.871,248.093,0.0306,direct_cup_evidence,No
3,Day 3,Tray 4,4,DJI_20260621125808_0004,58,6,8,2455.717,1571.442,2331.67,1447.395,2579.763,1695.488,248.093,0.0397,direct_cup_evidence,No
3,Day 3,Tray 4,4,DJI_20260621125808_0004,59,6,9,2790.258,1553.358,2666.212,1429.312,2914.305,1677.405,248.093,0.0498,direct_cup_evidence,No
3,Day 3,Tray 4,4,DJI_20260621125808_0004,60,6,10,3104.908,1555.167,2980.862,1431.12,3228.955,1679.213,248.093,0.0514,direct_cup_evidence,No
3,Day 3,Tray 4,4,DJI_20260621125808_0004,61,7,1,197.108,1835.458,73.062,1711.412,321.155,1959.505,248.093,0.0327,direct_cup_evidence,No
3,Day 3,Tray 4,4,DJI_20260621125808_0004,62,7,2,517.183,1846.308,393.137,1722.262,641.23,1970.355,248.093,0.0583,direct_cup_evidence,No
3,Day 3,Tray 4,4,DJI_20260621125808_0004,63,7,3,844.492,1848.117,720.445,1724.07,968.538,1972.163,248.093,0.0502,direct_cup_evidence,No
3,Day 3,Tray 4,4,DJI_20260621125808_0004,64,7,4,1173.608,1842.692,1049.562,1718.645,1297.655,1966.738,248.093,0.0196,direct_cup_evidence,No
3,Day 3,Tray 4,4,DJI_20260621125808_0004,65,7,5,1504.533,1846.308,1380.487,1722.262,1628.58,1970.355,248.093,0.0375,direct_cup_evidence,No
3,Day 3,Tray 4,4,DJI_20260621125808_0004,66,7,6,1826.417,1846.308,1702.37,1722.262,1950.463,1970.355,248.093,0.0322,direct_cup_evidence,No
3,Day 3,Tray 4,4,DJI_20260621125808_0004,67,7,7,2173.617,1851.733,2049.57,1727.687,2297.663,1975.78,248.093,0.116,direct_cup_evidence,No
3,Day 3,Tray 4,4,DJI_20260621125808_0004,68,7,8,2471.992,1837.267,2347.945,1713.22,2596.038,1961.313,248.093,0.0249,direct_cup_evidence,No
3,Day 3,Tray 4,4,DJI_20260621125808_0004,69,7,9,2795.683,1831.842,2671.637,1707.795,2919.73,1955.888,248.093,0.0448,direct_cup_evidence,No
3,Day 3,Tray 4,4,DJI_20260621125808_0004,70,7,10,3108.525,1840.883,2984.479,1716.837,3232.571,1964.93,248.093,0.0175,direct_cup_evidence,No
3,Day 3,Tray 5,5,DJI_20260621125931_0005,1,1,1,188.562,211.688,65.359,88.485,311.765,334.891,246.406,0.0479,direct_cup_evidence,No
3,Day 3,Tray 5,5,DJI_20260621125931_0005,2,1,2,499.868,208.13,376.665,84.927,623.071,331.333,246.406,0.0154,direct_cup_evidence,No
3,Day 3,Tray 5,5,DJI_20260621125931_0005,3,1,3,809.394,208.13,686.192,84.927,932.597,331.333,246.406,0.0239,direct_cup_evidence,No
3,Day 3,Tray 5,5,DJI_20260621125931_0005,4,1,4,1133.152,201.014,1009.949,77.812,1256.355,324.217,246.406,0.0297,direct_cup_evidence,No
3,Day 3,Tray 5,5,DJI_20260621125931_0005,5,1,5,1455.131,201.014,1331.928,77.812,1578.334,324.217,246.406,0.0272,direct_cup_evidence,No
3,Day 3,Tray 5,5,DJI_20260621125931_0005,6,1,6,1777.11,204.572,1653.907,81.369,1900.313,327.775,246.406,0.0134,direct_cup_evidence,No
3,Day 3,Tray 5,5,DJI_20260621125931_0005,7,1,7,2100.868,206.351,1977.665,83.148,2224.071,329.554,246.406,0.0175,direct_cup_evidence,No
3,Day 3,Tray 5,5,DJI_20260621125931_0005,8,1,8,2419.289,206.351,2296.086,83.148,2542.492,329.554,246.406,0.0114,direct_cup_evidence,No
3,Day 3,Tray 5,5,DJI_20260621125931_0005,9,1,9,2737.71,209.909,2614.507,86.706,2860.913,333.112,246.406,0.0101,direct_cup_evidence,No
3,Day 3,Tray 5,5,DJI_20260621125931_0005,10,1,10,3050.794,211.688,2927.592,88.485,3173.997,334.891,246.406,0.0272,direct_cup_evidence,No
3,Day 3,Tray 5,5,DJI_20260621125931_0005,11,2,1,177.889,485.637,54.686,362.434,301.092,608.839,246.406,0.0201,direct_cup_evidence,No
3,Day 3,Tray 5,5,DJI_20260621125931_0005,12,2,2,489.194,483.858,365.992,360.655,612.397,607.061,246.406,0.0147,direct_cup_evidence,No
3,Day 3,Tray 5,5,DJI_20260621125931_0005,13,2,3,809.394,482.079,686.192,358.876,932.597,605.282,246.406,0.0141,direct_cup_evidence,No
3,Day 3,Tray 5,5,DJI_20260621125931_0005,14,2,4,1133.152,483.858,1009.949,360.655,1256.355,607.061,246.406,0.0053,direct_cup_evidence,No
3,Day 3,Tray 5,5,DJI_20260621125931_0005,15,2,5,1449.794,478.521,1326.592,355.318,1572.997,601.724,246.406,0.0188,direct_cup_evidence,No
3,Day 3,Tray 5,5,DJI_20260621125931_0005,16,2,6,1775.331,482.079,1652.128,358.876,1898.534,605.282,246.406,0.0065,direct_cup_evidence,No
3,Day 3,Tray 5,5,DJI_20260621125931_0005,17,2,7,2095.531,483.858,1972.328,360.655,2218.734,607.061,246.406,0.0105,direct_cup_evidence,No
3,Day 3,Tray 5,5,DJI_20260621125931_0005,18,2,8,2417.51,478.521,2294.307,355.318,2540.713,601.724,246.406,0.0172,direct_cup_evidence,No
3,Day 3,Tray 5,5,DJI_20260621125931_0005,19,2,9,2734.152,478.521,2610.949,355.318,2857.355,601.724,246.406,0.0097,direct_cup_evidence,No
3,Day 3,Tray 5,5,DJI_20260621125931_0005,20,2,10,3054.352,485.637,2931.149,362.434,3177.555,608.839,246.406,0.0173,direct_cup_evidence,No
3,Day 3,Tray 5,5,DJI_20260621125931_0005,21,3,1,172.552,759.586,49.349,636.383,295.755,882.788,246.406,0.0127,direct_cup_evidence,No
3,Day 3,Tray 5,5,DJI_20260621125931_0005,22,3,2,485.637,754.249,362.434,631.046,608.839,877.452,246.406,0.0196,direct_cup_evidence,No
3,Day 3,Tray 5,5,DJI_20260621125931_0005,23,3,3,807.616,759.586,684.413,636.383,930.818,882.788,246.406,0.0157,direct_cup_evidence,No
3,Day 3,Tray 5,5,DJI_20260621125931_0005,24,3,4,1126.037,756.028,1002.834,632.825,1249.239,879.231,246.406,0.0169,direct_cup_evidence,No
3,Day 3,Tray 5,5,DJI_20260621125931_0005,25,3,5,1449.794,756.028,1326.592,632.825,1572.997,879.231,246.406,0.0036,direct_cup_evidence,No
3,Day 3,Tray 5,5,DJI_20260621125931_0005,26,3,6,1773.552,756.028,1650.349,632.825,1896.755,879.231,246.406,0.0098,direct_cup_evidence,No
3,Day 3,Tray 5,5,DJI_20260621125931_0005,27,3,7,2095.531,754.249,1972.328,631.046,2218.734,877.452,246.406,0.0171,direct_cup_evidence,No
3,Day 3,Tray 5,5,DJI_20260621125931_0005,28,3,8,2415.731,756.028,2292.528,632.825,2538.934,879.231,246.406,0.0172,direct_cup_evidence,No
3,Day 3,Tray 5,5,DJI_20260621125931_0005,29,3,9,2734.152,756.028,2610.949,632.825,2857.355,879.231,246.406,0.0114,direct_cup_evidence,No
3,Day 3,Tray 5,5,DJI_20260621125931_0005,30,3,10,3049.016,752.47,2925.813,629.267,3172.218,875.673,246.406,0.0117,direct_cup_evidence,No
3,Day 3,Tray 5,5,DJI_20260621125931_0005,31,4,1,172.552,1022.861,49.349,899.658,295.755,1146.064,246.406,0.0338,direct_cup_evidence,No
3,Day 3,Tray 5,5,DJI_20260621125931_0005,32,4,2,487.416,1029.977,364.213,906.774,610.618,1153.179,246.406,0.0021,direct_cup_evidence,No
3,Day 3,Tray 5,5,DJI_20260621125931_0005,33,4,3,804.058,1029.977,680.855,906.774,927.261,1153.179,246.406,0.0139,direct_cup_evidence,No
3,Day 3,Tray 5,5,DJI_20260621125931_0005,34,4,4,1124.258,1031.756,1001.055,908.553,1247.461,1154.958,246.406,0.0151,direct_cup_evidence,No
3,Day 3,Tray 5,5,DJI_20260621125931_0005,35,4,5,1444.458,1029.977,1321.255,906.774,1567.661,1153.179,246.406,0.0133,direct_cup_evidence,No
3,Day 3,Tray 5,5,DJI_20260621125931_0005,36,4,6,1766.437,1033.534,1643.234,910.332,1889.639,1156.737,246.406,0.0162,direct_cup_evidence,No
3,Day 3,Tray 5,5,DJI_20260621125931_0005,37,4,7,2095.531,1033.534,1972.328,910.332,2218.734,1156.737,246.406,0.0307,direct_cup_evidence,No
3,Day 3,Tray 5,5,DJI_20260621125931_0005,38,4,8,2403.279,1033.534,2280.076,910.332,2526.482,1156.737,246.406,0.0252,direct_cup_evidence,No
3,Day 3,Tray 5,5,DJI_20260621125931_0005,39,4,9,2730.594,1028.198,2607.392,904.995,2853.797,1151.401,246.406,0.0077,direct_cup_evidence,No
3,Day 3,Tray 5,5,DJI_20260621125931_0005,40,4,10,3047.237,1022.861,2924.034,899.658,3170.439,1146.064,246.406,0.0211,direct_cup_evidence,No
3,Day 3,Tray 5,5,DJI_20260621125931_0005,41,5,1,165.437,1303.926,42.234,1180.723,288.639,1427.128,246.406,0.0027,direct_cup_evidence,No
3,Day 3,Tray 5,5,DJI_20260621125931_0005,42,5,2,482.079,1305.704,358.876,1182.502,605.282,1428.907,246.406,0.0122,direct_cup_evidence,No
3,Day 3,Tray 5,5,DJI_20260621125931_0005,43,5,3,798.721,1305.704,675.518,1182.502,921.924,1428.907,246.406,0.0244,direct_cup_evidence,No
3,Day 3,Tray 5,5,DJI_20260621125931_0005,44,5,4,1127.816,1307.483,1004.613,1184.281,1251.018,1430.686,246.406,0.0165,direct_cup_evidence,No
3,Day 3,Tray 5,5,DJI_20260621125931_0005,45,5,5,1401.764,1300.368,1278.562,1177.165,1524.967,1423.571,246.406,0.1598,direct_cup_evidence,No
3,Day 3,Tray 5,5,DJI_20260621125931_0005,46,5,6,1768.216,1307.483,1645.013,1184.281,1891.418,1430.686,246.406,0.0184,direct_cup_evidence,No
3,Day 3,Tray 5,5,DJI_20260621125931_0005,47,5,7,2090.194,1305.704,1966.992,1182.502,2213.397,1428.907,246.406,0.0194,direct_cup_evidence,No
3,Day 3,Tray 5,5,DJI_20260621125931_0005,48,5,8,2408.616,1307.483,2285.413,1184.281,2531.818,1430.686,246.406,0.0203,direct_cup_evidence,No
3,Day 3,Tray 5,5,DJI_20260621125931_0005,49,5,9,2728.816,1300.368,2605.613,1177.165,2852.018,1423.571,246.406,0.0132,direct_cup_evidence,No
3,Day 3,Tray 5,5,DJI_20260621125931_0005,50,5,10,3045.458,1303.926,2922.255,1180.723,3168.661,1427.128,246.406,0.0065,direct_cup_evidence,No
3,Day 3,Tray 5,5,DJI_20260621125931_0005,51,6,1,168.994,1572.538,45.792,1449.335,292.197,1695.741,246.406,0.0322,direct_cup_evidence,No
3,Day 3,Tray 5,5,DJI_20260621125931_0005,52,6,2,483.858,1577.874,360.655,1454.672,607.061,1701.077,246.406,0.0054,direct_cup_evidence,No
3,Day 3,Tray 5,5,DJI_20260621125931_0005,53,6,3,802.279,1581.432,679.076,1458.229,925.482,1704.635,246.406,0.0135,direct_cup_evidence,No
3,Day 3,Tray 5,5,DJI_20260621125931_0005,54,6,4,1124.258,1574.317,1001.055,1451.114,1247.461,1697.519,246.406,0.0131,direct_cup_evidence,No
3,Day 3,Tray 5,5,DJI_20260621125931_0005,55,6,5,1442.679,1581.432,1319.476,1458.229,1565.882,1704.635,246.406,0.0153,direct_cup_evidence,No
3,Day 3,Tray 5,5,DJI_20260621125931_0005,56,6,6,1780.668,1592.106,1657.465,1468.903,1903.871,1715.308,246.406,0.0853,direct_cup_evidence,No
3,Day 3,Tray 5,5,DJI_20260621125931_0005,57,6,7,2086.637,1576.096,1963.434,1452.893,2209.839,1699.298,246.406,0.0136,direct_cup_evidence,No
3,Day 3,Tray 5,5,DJI_20260621125931_0005,58,6,8,2406.837,1581.432,2283.634,1458.229,2530.039,1704.635,246.406,0.0226,direct_cup_evidence,No
3,Day 3,Tray 5,5,DJI_20260621125931_0005,59,6,9,2727.037,1576.096,2603.834,1452.893,2850.239,1699.298,246.406,0.014,direct_cup_evidence,No
3,Day 3,Tray 5,5,DJI_20260621125931_0005,60,6,10,3038.342,1567.201,2915.139,1443.998,3161.545,1690.404,246.406,0.0369,direct_cup_evidence,No
3,Day 3,Tray 5,5,DJI_20260621125931_0005,61,7,1,165.437,1844.708,42.234,1721.505,288.639,1967.911,246.406,0.0341,direct_cup_evidence,No
3,Day 3,Tray 5,5,DJI_20260621125931_0005,62,7,2,485.637,1842.929,362.434,1719.726,608.839,1966.132,246.406,0.0388,direct_cup_evidence,No
3,Day 3,Tray 5,5,DJI_20260621125931_0005,63,7,3,795.163,1853.602,671.961,1730.399,918.366,1976.805,246.406,0.0187,direct_cup_evidence,No
3,Day 3,Tray 5,5,DJI_20260621125931_0005,64,7,4,1115.363,1851.823,992.161,1728.621,1238.566,1975.026,246.406,0.0169,direct_cup_evidence,No
3,Day 3,Tray 5,5,DJI_20260621125931_0005,65,7,5,1439.121,1855.381,1315.918,1732.178,1562.324,1978.584,246.406,0.0163,direct_cup_evidence,No
3,Day 3,Tray 5,5,DJI_20260621125931_0005,66,7,6,1766.437,1851.823,1643.234,1728.621,1889.639,1975.026,246.406,0.0232,direct_cup_evidence,No
3,Day 3,Tray 5,5,DJI_20260621125931_0005,67,7,7,2083.079,1853.602,1959.876,1730.399,2206.282,1976.805,246.406,0.0152,direct_cup_evidence,No
3,Day 3,Tray 5,5,DJI_20260621125931_0005,68,7,8,2399.721,1844.708,2276.518,1721.505,2522.924,1967.911,246.406,0.0205,direct_cup_evidence,No
3,Day 3,Tray 5,5,DJI_20260621125931_0005,69,7,9,2719.921,1850.044,2596.718,1726.842,2843.124,1973.247,246.406,0.0022,direct_cup_evidence,No
3,Day 3,Tray 5,5,DJI_20260621125931_0005,70,7,10,3033.006,1837.592,2909.803,1714.389,3156.208,1960.795,246.406,0.0525,direct_cup_evidence,No
3,Day 3,Tray 6,6,DJI_20260621125958_0006,1,1,1,156.2,221.875,32.497,98.172,279.903,345.578,247.405,0.0119,direct_cup_evidence,No
3,Day 3,Tray 6,6,DJI_20260621125958_0006,2,1,2,473.925,216.55,350.222,92.847,597.628,340.253,247.405,0.0186,direct_cup_evidence,No
3,Day 3,Tray 6,6,DJI_20260621125958_0006,3,1,3,795.2,209.45,671.497,85.747,918.903,333.153,247.405,0.0334,direct_cup_evidence,No
3,Day 3,Tray 6,6,DJI_20260621125958_0006,4,1,4,1114.7,218.325,990.997,94.622,1238.403,342.028,247.405,0.0105,direct_cup_evidence,No
3,Day 3,Tray 6,6,DJI_20260621125958_0006,5,1,5,1435.975,211.225,1312.272,87.522,1559.678,334.928,247.405,0.0195,direct_cup_evidence,No
3,Day 3,Tray 6,6,DJI_20260621125958_0006,6,1,6,1760.8,211.225,1637.097,87.522,1884.503,334.928,247.405,0.0224,direct_cup_evidence,No
3,Day 3,Tray 6,6,DJI_20260621125958_0006,7,1,7,2082.075,211.225,1958.372,87.522,2205.778,334.928,247.405,0.0255,direct_cup_evidence,No
3,Day 3,Tray 6,6,DJI_20260621125958_0006,8,1,8,2399.8,211.225,2276.097,87.522,2523.503,334.928,247.405,0.0183,direct_cup_evidence,No
3,Day 3,Tray 6,6,DJI_20260621125958_0006,9,1,9,2719.3,211.225,2595.597,87.522,2843.003,334.928,247.405,0.0167,direct_cup_evidence,No
3,Day 3,Tray 6,6,DJI_20260621125958_0006,10,1,10,3031.7,216.55,2907.997,92.847,3155.403,340.253,247.405,0.019,direct_cup_evidence,No
3,Day 3,Tray 6,6,DJI_20260621125958_0006,11,2,1,161.525,495.225,37.822,371.522,285.228,618.928,247.405,0.0081,direct_cup_evidence,No
3,Day 3,Tray 6,6,DJI_20260621125958_0006,12,2,2,475.7,493.45,351.997,369.747,599.403,617.153,247.405,0.0117,direct_cup_evidence,No
3,Day 3,Tray 6,6,DJI_20260621125958_0006,13,2,3,796.975,488.125,673.272,364.422,920.678,611.828,247.405,0.0188,direct_cup_evidence,No
3,Day 3,Tray 6,6,DJI_20260621125958_0006,14,2,4,1114.7,493.45,990.997,369.747,1238.403,617.153,247.405,0.0125,direct_cup_evidence,No
3,Day 3,Tray 6,6,DJI_20260621125958_0006,15,2,5,1441.3,491.675,1317.597,367.972,1565.003,615.378,247.405,0.014,direct_cup_evidence,No
3,Day 3,Tray 6,6,DJI_20260621125958_0006,16,2,6,1760.8,486.35,1637.097,362.647,1884.503,610.053,247.405,0.0206,direct_cup_evidence,No
3,Day 3,Tray 6,6,DJI_20260621125958_0006,17,2,7,2082.075,491.675,1958.372,367.972,2205.778,615.378,247.405,0.0215,direct_cup_evidence,No
3,Day 3,Tray 6,6,DJI_20260621125958_0006,18,2,8,2399.8,493.45,2276.097,369.747,2523.503,617.153,247.405,0.0217,direct_cup_evidence,No
3,Day 3,Tray 6,6,DJI_20260621125958_0006,19,2,9,2721.075,488.125,2597.372,364.422,2844.778,611.828,247.405,0.02,direct_cup_evidence,No
3,Day 3,Tray 6,6,DJI_20260621125958_0006,20,2,10,3029.925,491.675,2906.222,367.972,3153.628,615.378,247.405,0.0251,direct_cup_evidence,No
3,Day 3,Tray 6,6,DJI_20260621125958_0006,21,3,1,152.65,765.025,28.947,641.322,276.353,888.728,247.405,0.0312,direct_cup_evidence,No
3,Day 3,Tray 6,6,DJI_20260621125958_0006,22,3,2,475.7,770.35,351.997,646.647,599.403,894.053,247.405,0.0144,direct_cup_evidence,No
3,Day 3,Tray 6,6,DJI_20260621125958_0006,23,3,3,795.2,768.575,671.497,644.872,918.903,892.278,247.405,0.0136,direct_cup_evidence,No
3,Day 3,Tray 6,6,DJI_20260621125958_0006,24,3,4,1116.475,768.575,992.772,644.872,1240.178,892.278,247.405,0.0088,direct_cup_evidence,No
3,Day 3,Tray 6,6,DJI_20260621125958_0006,25,3,5,1439.525,768.575,1315.822,644.872,1563.228,892.278,247.405,0.0101,direct_cup_evidence,No
3,Day 3,Tray 6,6,DJI_20260621125958_0006,26,3,6,1760.8,765.025,1637.097,641.322,1884.503,888.728,247.405,0.0122,direct_cup_evidence,No
3,Day 3,Tray 6,6,DJI_20260621125958_0006,27,3,7,2082.075,765.025,1958.372,641.322,2205.778,888.728,247.405,0.0185,direct_cup_evidence,No
3,Day 3,Tray 6,6,DJI_20260621125958_0006,28,3,8,2398.025,768.575,2274.322,644.872,2521.728,892.278,247.405,0.0185,direct_cup_evidence,No
3,Day 3,Tray 6,6,DJI_20260621125958_0006,29,3,9,2719.3,761.475,2595.597,637.772,2843.003,885.178,247.405,0.0128,direct_cup_evidence,No
3,Day 3,Tray 6,6,DJI_20260621125958_0006,30,3,10,3033.475,761.475,2909.772,637.772,3157.178,885.178,247.405,0.008,direct_cup_evidence,No
3,Day 3,Tray 6,6,DJI_20260621125958_0006,31,4,1,156.2,1038.375,32.497,914.672,279.903,1162.078,247.405,0.0272,direct_cup_evidence,No
3,Day 3,Tray 6,6,DJI_20260621125958_0006,32,4,2,477.475,1047.25,353.772,923.547,601.178,1170.953,247.405,0.0154,direct_cup_evidence,No
3,Day 3,Tray 6,6,DJI_20260621125958_0006,33,4,3,800.525,1041.925,676.822,918.222,924.228,1165.628,247.405,0.0055,direct_cup_evidence,No
3,Day 3,Tray 6,6,DJI_20260621125958_0006,34,4,4,1112.925,1041.925,989.222,918.222,1236.628,1165.628,247.405,0.0218,direct_cup_evidence,No
3,Day 3,Tray 6,6,DJI_20260621125958_0006,35,4,5,1418.225,1045.475,1294.522,921.772,1541.928,1169.178,247.405,0.0752,direct_cup_evidence,No
3,Day 3,Tray 6,6,DJI_20260621125958_0006,36,4,6,1760.8,1040.15,1637.097,916.447,1884.503,1163.853,247.405,0.0103,direct_cup_evidence,No
3,Day 3,Tray 6,6,DJI_20260621125958_0006,37,4,7,2080.3,1045.475,1956.597,921.772,2204.003,1169.178,247.405,0.0241,direct_cup_evidence,No
3,Day 3,Tray 6,6,DJI_20260621125958_0006,38,4,8,2401.575,1038.375,2277.872,914.672,2525.278,1162.078,247.405,0.0165,direct_cup_evidence,No
3,Day 3,Tray 6,6,DJI_20260621125958_0006,39,4,9,2703.325,1057.9,2579.622,934.197,2827.028,1181.603,247.405,0.0877,direct_cup_evidence,No
3,Day 3,Tray 6,6,DJI_20260621125958_0006,40,4,10,3038.8,1034.825,2915.097,911.122,3162.503,1158.528,247.405,0.0124,direct_cup_evidence,No
3,Day 3,Tray 6,6,DJI_20260621125958_0006,41,5,1,161.525,1313.5,37.822,1189.797,285.228,1437.203,247.405,0.022,direct_cup_evidence,No
3,Day 3,Tray 6,6,DJI_20260621125958_0006,42,5,2,486.35,1343.675,362.647,1219.972,610.053,1467.378,247.405,0.0936,direct_cup_evidence,No
3,Day 3,Tray 6,6,DJI_20260621125958_0006,43,5,3,796.975,1315.275,673.272,1191.572,920.678,1438.978,247.405,0.014,direct_cup_evidence,No
3,Day 3,Tray 6,6,DJI_20260621125958_0006,44,5,4,1114.7,1317.05,990.997,1193.347,1238.403,1440.753,247.405,0.0171,direct_cup_evidence,No
3,Day 3,Tray 6,6,DJI_20260621125958_0006,45,5,5,1439.525,1317.05,1315.822,1193.347,1563.228,1440.753,247.405,0.0041,direct_cup_evidence,No
3,Day 3,Tray 6,6,DJI_20260621125958_0006,46,5,6,1760.8,1317.05,1637.097,1193.347,1884.503,1440.753,247.405,0.0108,direct_cup_evidence,No
3,Day 3,Tray 6,6,DJI_20260621125958_0006,47,5,7,2082.075,1311.725,1958.372,1188.022,2205.778,1435.428,247.405,0.0177,direct_cup_evidence,No
3,Day 3,Tray 6,6,DJI_20260621125958_0006,48,5,8,2398.025,1313.5,2274.322,1189.797,2521.728,1437.203,247.405,0.0018,direct_cup_evidence,No
3,Day 3,Tray 6,6,DJI_20260621125958_0006,49,5,9,2712.2,1311.725,2588.497,1188.022,2835.903,1435.428,247.405,0.018,direct_cup_evidence,No
3,Day 3,Tray 6,6,DJI_20260621125958_0006,50,5,10,3029.925,1302.85,2906.222,1179.147,3153.628,1426.553,247.405,0.0406,direct_cup_evidence,No
3,Day 3,Tray 6,6,DJI_20260621125958_0006,51,6,1,193.475,1599.275,69.772,1475.572,317.178,1722.978,247.405,0.1184,direct_cup_evidence,No
3,Day 3,Tray 6,6,DJI_20260621125958_0006,52,6,2,482.8,1593.95,359.097,1470.247,606.503,1717.653,247.405,0.0073,direct_cup_evidence,No
3,Day 3,Tray 6,6,DJI_20260621125958_0006,53,6,3,796.975,1592.175,673.272,1468.472,920.678,1715.878,247.405,0.0125,direct_cup_evidence,No
3,Day 3,Tray 6,6,DJI_20260621125958_0006,54,6,4,1056.125,1579.75,932.422,1456.047,1179.828,1703.453,247.405,0.2361,direct_cup_evidence,No
3,Day 3,Tray 6,6,DJI_20260621125958_0006,55,6,5,1441.3,1593.95,1317.597,1470.247,1565.003,1717.653,247.405,0.0128,direct_cup_evidence,No
3,Day 3,Tray 6,6,DJI_20260621125958_0006,56,6,6,1762.575,1592.175,1638.872,1468.472,1886.278,1715.878,247.405,0.0151,direct_cup_evidence,No
3,Day 3,Tray 6,6,DJI_20260621125958_0006,57,6,7,2080.3,1588.625,1956.597,1464.922,2204.003,1712.328,247.405,0.007,direct_cup_evidence,No
3,Day 3,Tray 6,6,DJI_20260621125958_0006,58,6,8,2399.8,1585.075,2276.097,1461.372,2523.503,1708.778,247.405,0.0137,direct_cup_evidence,No
3,Day 3,Tray 6,6,DJI_20260621125958_0006,59,6,9,2701.55,1593.95,2577.847,1470.247,2825.253,1717.653,247.405,0.0627,direct_cup_evidence,No
3,Day 3,Tray 6,6,DJI_20260621125958_0006,60,6,10,3061.875,1585.075,2938.172,1461.372,3185.578,1708.778,247.405,0.0904,direct_cup_evidence,No
3,Day 3,Tray 6,6,DJI_20260621125958_0006,61,7,1,161.525,1861.975,37.822,1738.272,285.228,1985.678,247.405,0.0266,direct_cup_evidence,No
3,Day 3,Tray 6,6,DJI_20260621125958_0006,62,7,2,475.7,1865.525,351.997,1741.822,599.403,1989.228,247.405,0.0231,direct_cup_evidence,No
3,Day 3,Tray 6,6,DJI_20260621125958_0006,63,7,3,796.975,1869.075,673.272,1745.372,920.678,1992.778,247.405,0.0151,direct_cup_evidence,No
3,Day 3,Tray 6,6,DJI_20260621125958_0006,64,7,4,1120.025,1869.075,996.322,1745.372,1243.728,1992.778,247.405,0.0087,direct_cup_evidence,No
3,Day 3,Tray 6,6,DJI_20260621125958_0006,65,7,5,1446.625,1867.3,1322.922,1743.597,1570.328,1991.003,247.405,0.0249,direct_cup_evidence,No
3,Day 3,Tray 6,6,DJI_20260621125958_0006,66,7,6,1762.575,1867.3,1638.872,1743.597,1886.278,1991.003,247.405,0.0141,direct_cup_evidence,No
3,Day 3,Tray 6,6,DJI_20260621125958_0006,67,7,7,2083.85,1860.2,1960.147,1736.497,2207.553,1983.903,247.405,0.0228,direct_cup_evidence,No
3,Day 3,Tray 6,6,DJI_20260621125958_0006,68,7,8,2398.025,1856.65,2274.322,1732.947,2521.728,1980.353,247.405,0.0242,direct_cup_evidence,No
3,Day 3,Tray 6,6,DJI_20260621125958_0006,69,7,9,2690.9,1861.975,2567.197,1738.272,2814.603,1985.678,247.405,0.0988,direct_cup_evidence,No
3,Day 3,Tray 6,6,DJI_20260621125958_0006,70,7,10,3038.8,1847.775,2915.097,1724.072,3162.503,1971.478,247.405,0.0504,direct_cup_evidence,No
3,Day 3,Tray 7,7,DJI_20260621130023_0008,1,1,1,168.417,197.083,44.671,73.338,292.162,320.829,247.491,0.0136,direct_cup_evidence,No
3,Day 3,Tray 7,7,DJI_20260621130023_0008,2,1,2,481.958,197.083,358.213,73.338,605.704,320.829,247.491,0.0221,direct_cup_evidence,No
3,Day 3,Tray 7,7,DJI_20260621130023_0008,3,1,3,800.875,191.708,677.13,67.963,924.62,315.454,247.491,0.0236,direct_cup_evidence,No
3,Day 3,Tray 7,7,DJI_20260621130023_0008,4,1,4,1123.375,186.333,999.63,62.588,1247.12,310.079,247.491,0.0274,direct_cup_evidence,No
3,Day 3,Tray 7,7,DJI_20260621130023_0008,5,1,5,1445.875,188.125,1322.13,64.38,1569.62,311.87,247.491,0.0163,direct_cup_evidence,No
3,Day 3,Tray 7,7,DJI_20260621130023_0008,6,1,6,1768.375,188.125,1644.63,64.38,1892.12,311.87,247.491,0.0125,direct_cup_evidence,No
3,Day 3,Tray 7,7,DJI_20260621130023_0008,7,1,7,2092.667,189.917,1968.921,66.171,2216.412,313.662,247.491,0.0142,direct_cup_evidence,No
3,Day 3,Tray 7,7,DJI_20260621130023_0008,8,1,8,2415.167,188.125,2291.421,64.38,2538.912,311.87,247.491,0.023,direct_cup_evidence,No
3,Day 3,Tray 7,7,DJI_20260621130023_0008,9,1,9,2734.083,188.125,2610.338,64.38,2857.829,311.87,247.491,0.0173,direct_cup_evidence,No
3,Day 3,Tray 7,7,DJI_20260621130023_0008,10,1,10,3049.417,195.292,2925.671,71.546,3173.162,319.037,247.491,0.0206,direct_cup_evidence,No
3,Day 3,Tray 7,7,DJI_20260621130023_0008,11,2,1,179.167,474.792,55.421,351.046,302.912,598.537,247.491,0.0499,direct_cup_evidence,No
3,Day 3,Tray 7,7,DJI_20260621130023_0008,12,2,2,485.542,465.833,361.796,342.088,609.287,589.579,247.491,0.0112,direct_cup_evidence,No
3,Day 3,Tray 7,7,DJI_20260621130023_0008,13,2,3,811.625,467.625,687.88,343.88,935.37,591.37,247.491,0.0147,direct_cup_evidence,No
3,Day 3,Tray 7,7,DJI_20260621130023_0008,14,2,4,1087.542,469.417,963.796,345.671,1211.287,593.162,247.491,0.1474,direct_cup_evidence,No
3,Day 3,Tray 7,7,DJI_20260621130023_0008,15,2,5,1445.875,465.833,1322.13,342.088,1569.62,589.579,247.491,0.0103,direct_cup_evidence,No
3,Day 3,Tray 7,7,DJI_20260621130023_0008,16,2,6,1766.583,458.667,1642.838,334.921,1890.329,582.412,247.491,0.0299,direct_cup_evidence,No
3,Day 3,Tray 7,7,DJI_20260621130023_0008,17,2,7,2092.667,465.833,1968.921,342.088,2216.412,589.579,247.491,0.0123,direct_cup_evidence,No
3,Day 3,Tray 7,7,DJI_20260621130023_0008,18,2,8,2413.375,460.458,2289.63,336.713,2537.12,584.204,247.491,0.023,direct_cup_evidence,No
3,Day 3,Tray 7,7,DJI_20260621130023_0008,19,2,9,2734.083,465.833,2610.338,342.088,2857.829,589.579,247.491,0.0146,direct_cup_evidence,No
3,Day 3,Tray 7,7,DJI_20260621130023_0008,20,2,10,3051.208,467.625,2927.463,343.88,3174.954,591.37,247.491,0.011,direct_cup_evidence,No
3,Day 3,Tray 7,7,DJI_20260621130023_0008,21,3,1,177.375,738.167,53.63,614.421,301.12,861.912,247.491,0.0427,direct_cup_evidence,No
3,Day 3,Tray 7,7,DJI_20260621130023_0008,22,3,2,487.333,743.542,363.588,619.796,611.079,867.287,247.491,0.0008,direct_cup_evidence,No
3,Day 3,Tray 7,7,DJI_20260621130023_0008,23,3,3,804.458,743.542,680.713,619.796,928.204,867.287,247.491,0.0129,direct_cup_evidence,No
3,Day 3,Tray 7,7,DJI_20260621130023_0008,24,3,4,1123.375,738.167,999.63,614.421,1247.12,861.912,247.491,0.024,direct_cup_evidence,No
3,Day 3,Tray 7,7,DJI_20260621130023_0008,25,3,5,1445.875,743.542,1322.13,619.796,1569.62,867.287,247.491,0.012,direct_cup_evidence,No
3,Day 3,Tray 7,7,DJI_20260621130023_0008,26,3,6,1770.167,743.542,1646.421,619.796,1893.912,867.287,247.491,0.008,direct_cup_evidence,No
3,Day 3,Tray 7,7,DJI_20260621130023_0008,27,3,7,2090.875,745.333,1967.13,621.588,2214.62,869.079,247.491,0.0161,direct_cup_evidence,No
3,Day 3,Tray 7,7,DJI_20260621130023_0008,28,3,8,2415.167,743.542,2291.421,619.796,2538.912,867.287,247.491,0.0214,direct_cup_evidence,No
3,Day 3,Tray 7,7,DJI_20260621130023_0008,29,3,9,2735.875,745.333,2612.13,621.588,2859.62,869.079,247.491,0.0273,direct_cup_evidence,No
3,Day 3,Tray 7,7,DJI_20260621130023_0008,30,3,10,3054.792,743.542,2931.046,619.796,3178.537,867.287,247.491,0.02,direct_cup_evidence,No
3,Day 3,Tray 7,7,DJI_20260621130023_0008,31,4,1,173.792,1019.458,50.046,895.713,297.537,1143.204,247.491,0.0231,direct_cup_evidence,No
3,Day 3,Tray 7,7,DJI_20260621130023_0008,32,4,2,490.917,1017.667,367.171,893.921,614.662,1141.412,247.491,0.0114,direct_cup_evidence,No
3,Day 3,Tray 7,7,DJI_20260621130023_0008,33,4,3,804.458,1017.667,680.713,893.921,928.204,1141.412,247.491,0.014,direct_cup_evidence,No
3,Day 3,Tray 7,7,DJI_20260621130023_0008,34,4,4,1123.375,1019.458,999.63,895.713,1247.12,1143.204,247.491,0.0207,direct_cup_evidence,No
3,Day 3,Tray 7,7,DJI_20260621130023_0008,35,4,5,1445.875,1019.458,1322.13,895.713,1569.62,1143.204,247.491,0.0149,direct_cup_evidence,No
3,Day 3,Tray 7,7,DJI_20260621130023_0008,36,4,6,1764.792,1019.458,1641.046,895.713,1888.537,1143.204,247.491,0.0203,direct_cup_evidence,No
3,Day 3,Tray 7,7,DJI_20260621130023_0008,37,4,7,2081.917,1033.792,1958.171,910.046,2205.662,1157.537,247.491,0.0708,direct_cup_evidence,No
3,Day 3,Tray 7,7,DJI_20260621130023_0008,38,4,8,2411.583,1015.875,2287.838,892.13,2535.329,1139.62,247.491,0.0044,direct_cup_evidence,No
3,Day 3,Tray 7,7,DJI_20260621130023_0008,39,4,9,2760.958,1005.125,2637.213,881.38,2884.704,1128.87,247.491,0.1155,direct_cup_evidence,No
3,Day 3,Tray 7,7,DJI_20260621130023_0008,40,4,10,3054.792,1017.667,2931.046,893.921,3178.537,1141.412,247.491,0.0169,direct_cup_evidence,No
3,Day 3,Tray 7,7,DJI_20260621130023_0008,41,5,1,166.625,1286.417,42.88,1162.671,290.37,1410.162,247.491,0.0275,direct_cup_evidence,No
3,Day 3,Tray 7,7,DJI_20260621130023_0008,42,5,2,489.125,1291.792,365.38,1168.046,612.87,1415.537,247.491,0.0067,direct_cup_evidence,No
3,Day 3,Tray 7,7,DJI_20260621130023_0008,43,5,3,809.833,1295.375,686.088,1171.63,933.579,1419.12,247.491,0.0099,direct_cup_evidence,No
3,Day 3,Tray 7,7,DJI_20260621130023_0008,44,5,4,1076.792,1315.083,953.046,1191.338,1200.537,1438.829,247.491,0.2072,direct_cup_evidence,No
3,Day 3,Tray 7,7,DJI_20260621130023_0008,45,5,5,1444.083,1297.167,1320.338,1173.421,1567.829,1420.912,247.491,0.0272,direct_cup_evidence,No
3,Day 3,Tray 7,7,DJI_20260621130023_0008,46,5,6,1768.375,1293.583,1644.63,1169.838,1892.12,1417.329,247.491,0.0093,direct_cup_evidence,No
3,Day 3,Tray 7,7,DJI_20260621130023_0008,47,5,7,2090.875,1291.792,1967.13,1168.046,2214.62,1415.537,247.491,0.0033,direct_cup_evidence,No
3,Day 3,Tray 7,7,DJI_20260621130023_0008,48,5,8,2413.375,1291.792,2289.63,1168.046,2537.12,1415.537,247.491,0.0105,direct_cup_evidence,No
3,Day 3,Tray 7,7,DJI_20260621130023_0008,49,5,9,2728.708,1273.875,2604.963,1150.13,2852.454,1397.62,247.491,0.0597,direct_cup_evidence,No
3,Day 3,Tray 7,7,DJI_20260621130023_0008,50,5,10,3056.583,1291.792,2932.838,1168.046,3180.329,1415.537,247.491,0.0198,direct_cup_evidence,No
3,Day 3,Tray 7,7,DJI_20260621130023_0008,51,6,1,177.375,1560.542,53.63,1436.796,301.12,1684.287,247.491,0.0451,direct_cup_evidence,No
3,Day 3,Tray 7,7,DJI_20260621130023_0008,52,6,2,510.625,1587.417,386.88,1463.671,634.37,1711.162,247.491,0.1059,direct_cup_evidence,No
3,Day 3,Tray 7,7,DJI_20260621130023_0008,53,6,3,808.042,1567.708,684.296,1443.963,931.787,1691.454,247.491,0.0036,direct_cup_evidence,No
3,Day 3,Tray 7,7,DJI_20260621130023_0008,54,6,4,1125.167,1567.708,1001.421,1443.963,1248.912,1691.454,247.491,0.0155,direct_cup_evidence,No
3,Day 3,Tray 7,7,DJI_20260621130023_0008,55,6,5,1447.667,1573.083,1323.921,1449.338,1571.412,1696.829,247.491,0.0235,direct_cup_evidence,No
3,Day 3,Tray 7,7,DJI_20260621130023_0008,56,6,6,1768.375,1571.292,1644.63,1447.546,1892.12,1695.037,247.491,0.0187,direct_cup_evidence,No
3,Day 3,Tray 7,7,DJI_20260621130023_0008,57,6,7,2089.083,1565.917,1965.338,1442.171,2212.829,1689.662,247.491,0.0058,direct_cup_evidence,No
3,Day 3,Tray 7,7,DJI_20260621130023_0008,58,6,8,2409.792,1571.292,2286.046,1447.546,2533.537,1695.037,247.491,0.0213,direct_cup_evidence,No
3,Day 3,Tray 7,7,DJI_20260621130023_0008,59,6,9,2707.208,1544.417,2583.463,1420.671,2830.954,1668.162,247.491,0.1161,direct_cup_evidence,No
3,Day 3,Tray 7,7,DJI_20260621130023_0008,60,6,10,3051.208,1564.125,2927.463,1440.38,3174.954,1687.87,247.491,0.0032,direct_cup_evidence,No
3,Day 3,Tray 7,7,DJI_20260621130023_0008,61,7,1,173.792,1834.667,50.046,1710.921,297.537,1958.412,247.491,0.0385,direct_cup_evidence,No
3,Day 3,Tray 7,7,DJI_20260621130023_0008,62,7,2,489.125,1840.042,365.38,1716.296,612.87,1963.787,247.491,0.0122,direct_cup_evidence,No
3,Day 3,Tray 7,7,DJI_20260621130023_0008,63,7,3,804.458,1845.417,680.713,1721.671,928.204,1969.162,247.491,0.02,direct_cup_evidence,No
3,Day 3,Tray 7,7,DJI_20260621130023_0008,64,7,4,1123.375,1843.625,999.63,1719.88,1247.12,1967.37,247.491,0.0237,direct_cup_evidence,No
3,Day 3,Tray 7,7,DJI_20260621130023_0008,65,7,5,1449.458,1845.417,1325.713,1721.671,1573.204,1969.162,247.491,0.0128,direct_cup_evidence,No
3,Day 3,Tray 7,7,DJI_20260621130023_0008,66,7,6,1775.542,1834.667,1651.796,1710.921,1899.287,1958.412,247.491,0.0306,direct_cup_evidence,No
3,Day 3,Tray 7,7,DJI_20260621130023_0008,67,7,7,2078.333,1872.292,1954.588,1748.546,2202.079,1996.037,247.491,0.1227,direct_cup_evidence,No
3,Day 3,Tray 7,7,DJI_20260621130023_0008,68,7,8,2415.167,1847.208,2291.421,1723.463,2538.912,1970.954,247.491,0.0277,direct_cup_evidence,No
3,Day 3,Tray 7,7,DJI_20260621130023_0008,69,7,9,2714.375,1884.833,2590.63,1761.088,2838.12,2008.579,247.491,0.1747,direct_cup_evidence,No
3,Day 3,Tray 7,7,DJI_20260621130023_0008,70,7,10,3044.042,1836.458,2920.296,1712.713,3167.787,1960.204,247.491,0.0321,direct_cup_evidence,No
3,Day 3,Tray 8,8,DJI_20260621130058_0009,1,1,1,166.263,202.019,42.16,77.916,290.366,326.122,248.206,0.0637,direct_cup_evidence,No
3,Day 3,Tray 8,8,DJI_20260621130058_0009,2,1,2,479.124,198.443,355.021,74.34,603.227,322.546,248.206,0.0305,direct_cup_evidence,No
3,Day 3,Tray 8,8,DJI_20260621130058_0009,3,1,3,791.986,202.019,667.883,77.916,916.089,326.122,248.206,0.0284,direct_cup_evidence,No
3,Day 3,Tray 8,8,DJI_20260621130058_0009,4,1,4,1111.998,198.443,987.895,74.34,1236.101,322.546,248.206,0.0167,direct_cup_evidence,No
3,Day 3,Tray 8,8,DJI_20260621130058_0009,5,1,5,1435.586,198.443,1311.483,74.34,1559.689,322.546,248.206,0.0134,direct_cup_evidence,No
3,Day 3,Tray 8,8,DJI_20260621130058_0009,6,1,6,1760.961,191.292,1636.858,67.189,1885.064,315.395,248.206,0.0199,direct_cup_evidence,No
3,Day 3,Tray 8,8,DJI_20260621130058_0009,7,1,7,2077.398,200.231,1953.295,76.128,2201.501,324.334,248.206,0.0185,direct_cup_evidence,No
3,Day 3,Tray 8,8,DJI_20260621130058_0009,8,1,8,2397.41,189.504,2273.307,65.401,2521.513,313.607,248.206,0.0225,direct_cup_evidence,No
3,Day 3,Tray 8,8,DJI_20260621130058_0009,9,1,9,2710.271,194.868,2586.168,70.765,2834.374,318.971,248.206,0.0375,direct_cup_evidence,No
3,Day 3,Tray 8,8,DJI_20260621130058_0009,10,1,10,3041.01,200.231,2916.907,76.128,3165.113,324.334,248.206,0.0162,direct_cup_evidence,No
3,Day 3,Tray 8,8,DJI_20260621130058_0009,11,2,1,159.112,479.124,35.009,355.021,283.215,603.227,248.206,0.0448,direct_cup_evidence,No
3,Day 3,Tray 8,8,DJI_20260621130058_0009,12,2,2,475.549,473.761,351.446,349.658,599.652,597.864,248.206,0.0181,direct_cup_evidence,No
3,Day 3,Tray 8,8,DJI_20260621130058_0009,13,2,3,791.986,468.398,667.883,344.295,916.089,592.501,248.206,0.0086,direct_cup_evidence,No
3,Day 3,Tray 8,8,DJI_20260621130058_0009,14,2,4,1111.998,470.186,987.895,346.083,1236.101,594.289,248.206,0.0106,direct_cup_evidence,No
3,Day 3,Tray 8,8,DJI_20260621130058_0009,15,2,5,1435.586,470.186,1311.483,346.083,1559.689,594.289,248.206,0.0024,direct_cup_evidence,No
3,Day 3,Tray 8,8,DJI_20260621130058_0009,16,2,6,1760.961,470.186,1636.858,346.083,1885.064,594.289,248.206,0.0131,direct_cup_evidence,No
3,Day 3,Tray 8,8,DJI_20260621130058_0009,17,2,7,2079.186,470.186,1955.083,346.083,2203.289,594.289,248.206,0.0035,direct_cup_evidence,No
3,Day 3,Tray 8,8,DJI_20260621130058_0009,18,2,8,2400.986,468.398,2276.883,344.295,2525.089,592.501,248.206,0.0109,direct_cup_evidence,No
3,Day 3,Tray 8,8,DJI_20260621130058_0009,19,2,9,2722.786,473.761,2598.683,349.658,2846.889,597.864,248.206,0.0105,direct_cup_evidence,No
3,Day 3,Tray 8,8,DJI_20260621130058_0009,20,2,10,3044.586,470.186,2920.483,346.083,3168.689,594.289,248.206,0.0097,direct_cup_evidence,No
3,Day 3,Tray 8,8,DJI_20260621130058_0009,21,3,1,157.324,747.291,33.221,623.188,281.427,871.394,248.206,0.0215,direct_cup_evidence,No
3,Day 3,Tray 8,8,DJI_20260621130058_0009,22,3,2,475.549,747.291,351.446,623.188,599.652,871.394,248.206,0.0112,direct_cup_evidence,No
3,Day 3,Tray 8,8,DJI_20260621130058_0009,23,3,3,791.986,749.079,667.883,624.976,916.089,873.182,248.206,0.0141,direct_cup_evidence,No
3,Day 3,Tray 8,8,DJI_20260621130058_0009,24,3,4,1095.908,715.111,971.805,591.008,1220.011,839.214,248.206,0.1327,direct_cup_evidence,No
3,Day 3,Tray 8,8,DJI_20260621130058_0009,25,3,5,1439.161,752.654,1315.058,628.551,1563.264,876.757,248.206,0.0248,direct_cup_evidence,No
3,Day 3,Tray 8,8,DJI_20260621130058_0009,26,3,6,1760.961,747.291,1636.858,623.188,1885.064,871.394,248.206,0.0115,direct_cup_evidence,No
3,Day 3,Tray 8,8,DJI_20260621130058_0009,27,3,7,2036.279,736.564,1912.176,612.461,2160.382,860.667,248.206,0.1597,direct_cup_evidence,No
3,Day 3,Tray 8,8,DJI_20260621130058_0009,28,3,8,2408.137,745.503,2284.034,621.4,2532.24,869.606,248.206,0.0287,direct_cup_evidence,No
3,Day 3,Tray 8,8,DJI_20260621130058_0009,29,3,9,2728.149,738.352,2604.046,614.249,2852.252,862.455,248.206,0.0399,direct_cup_evidence,No
3,Day 3,Tray 8,8,DJI_20260621130058_0009,30,3,10,3051.737,743.716,2927.634,619.613,3175.84,867.819,248.206,0.035,direct_cup_evidence,No
3,Day 3,Tray 8,8,DJI_20260621130058_0009,31,4,1,159.112,1020.821,35.009,896.718,283.215,1144.924,248.206,0.0251,direct_cup_evidence,No
3,Day 3,Tray 8,8,DJI_20260621130058_0009,32,4,2,473.761,1022.609,349.658,898.506,597.864,1146.712,248.206,0.0045,direct_cup_evidence,No
3,Day 3,Tray 8,8,DJI_20260621130058_0009,33,4,3,791.986,1020.821,667.883,896.718,916.089,1144.924,248.206,0.0102,direct_cup_evidence,No
3,Day 3,Tray 8,8,DJI_20260621130058_0009,34,4,4,1113.786,1022.609,989.683,898.506,1237.889,1146.712,248.206,0.0082,direct_cup_evidence,No
3,Day 3,Tray 8,8,DJI_20260621130058_0009,35,4,5,1435.586,1024.397,1311.483,900.294,1559.689,1148.5,248.206,0.0101,direct_cup_evidence,No
3,Day 3,Tray 8,8,DJI_20260621130058_0009,36,4,6,1760.961,1024.397,1636.858,900.294,1885.064,1148.5,248.206,0.012,direct_cup_evidence,No
3,Day 3,Tray 8,8,DJI_20260621130058_0009,37,4,7,2086.337,1020.821,1962.234,896.718,2210.44,1144.924,248.206,0.0251,direct_cup_evidence,No
3,Day 3,Tray 8,8,DJI_20260621130058_0009,38,4,8,2395.622,1011.882,2271.519,887.779,2519.725,1135.985,248.206,0.0438,direct_cup_evidence,No
3,Day 3,Tray 8,8,DJI_20260621130058_0009,39,4,9,2722.786,1020.821,2598.683,896.718,2846.889,1144.924,248.206,0.0082,direct_cup_evidence,No
3,Day 3,Tray 8,8,DJI_20260621130058_0009,40,4,10,3051.737,1020.821,2927.634,896.718,3175.84,1144.924,248.206,0.0317,direct_cup_evidence,No
3,Day 3,Tray 8,8,DJI_20260621130058_0009,41,5,1,162.688,1290.776,38.585,1166.673,286.791,1414.879,248.206,0.0426,direct_cup_evidence,No
3,Day 3,Tray 8,8,DJI_20260621130058_0009,42,5,2,470.186,1296.139,346.083,1172.036,594.289,1420.242,248.206,0.0141,direct_cup_evidence,No
3,Day 3,Tray 8,8,DJI_20260621130058_0009,43,5,3,791.986,1292.563,667.883,1168.46,916.089,1416.666,248.206,0.0211,direct_cup_evidence,No
3,Day 3,Tray 8,8,DJI_20260621130058_0009,44,5,4,1111.998,1299.714,987.895,1175.611,1236.101,1423.817,248.206,0.0176,direct_cup_evidence,No
3,Day 3,Tray 8,8,DJI_20260621130058_0009,45,5,5,1435.586,1301.502,1311.483,1177.399,1559.689,1425.605,248.206,0.0151,direct_cup_evidence,No
3,Day 3,Tray 8,8,DJI_20260621130058_0009,46,5,6,1760.961,1296.139,1636.858,1172.036,1885.064,1420.242,248.206,0.0104,direct_cup_evidence,No
3,Day 3,Tray 8,8,DJI_20260621130058_0009,47,5,7,2032.703,1299.714,1908.6,1175.611,2156.806,1423.817,248.206,0.172,direct_cup_evidence,No
3,Day 3,Tray 8,8,DJI_20260621130058_0009,48,5,8,2406.349,1301.502,2282.246,1177.399,2530.452,1425.605,248.206,0.0211,direct_cup_evidence,No
3,Day 3,Tray 8,8,DJI_20260621130058_0009,49,5,9,2728.149,1305.078,2604.046,1180.975,2852.252,1429.181,248.206,0.0305,direct_cup_evidence,No
3,Day 3,Tray 8,8,DJI_20260621130058_0009,50,5,10,3049.949,1299.714,2925.846,1175.611,3174.052,1423.817,248.206,0.0224,direct_cup_evidence,No
3,Day 3,Tray 8,8,DJI_20260621130058_0009,51,6,1,157.324,1564.306,33.221,1440.203,281.427,1688.409,248.206,0.0341,direct_cup_evidence,No
3,Day 3,Tray 8,8,DJI_20260621130058_0009,52,6,2,455.883,1553.579,331.78,1429.476,579.986,1677.682,248.206,0.0973,direct_cup_evidence,No
3,Day 3,Tray 8,8,DJI_20260621130058_0009,53,6,3,795.561,1575.032,671.458,1450.929,919.664,1699.135,248.206,0.0066,direct_cup_evidence,No
3,Day 3,Tray 8,8,DJI_20260621130058_0009,54,6,4,1111.998,1575.032,987.895,1450.929,1236.101,1699.135,248.206,0.0187,direct_cup_evidence,No
3,Day 3,Tray 8,8,DJI_20260621130058_0009,55,6,5,1435.586,1583.971,1311.483,1459.868,1559.689,1708.074,248.206,0.0385,direct_cup_evidence,No
3,Day 3,Tray 8,8,DJI_20260621130058_0009,56,6,6,1762.749,1580.396,1638.646,1456.293,1886.852,1704.499,248.206,0.0266,direct_cup_evidence,No
3,Day 3,Tray 8,8,DJI_20260621130058_0009,57,6,7,2089.912,1573.244,1965.809,1449.141,2214.015,1697.347,248.206,0.0339,direct_cup_evidence,No
3,Day 3,Tray 8,8,DJI_20260621130058_0009,58,6,8,2406.349,1573.244,2282.246,1449.141,2530.452,1697.347,248.206,0.0168,direct_cup_evidence,No
3,Day 3,Tray 8,8,DJI_20260621130058_0009,59,6,9,2719.21,1578.608,2595.107,1454.505,2843.313,1702.711,248.206,0.0204,direct_cup_evidence,No
3,Day 3,Tray 8,8,DJI_20260621130058_0009,60,6,10,3053.524,1573.244,2929.421,1449.141,3177.627,1697.347,248.206,0.0338,direct_cup_evidence,No
3,Day 3,Tray 8,8,DJI_20260621130058_0009,61,7,1,159.112,1843.199,35.009,1719.096,283.215,1967.302,248.206,0.0276,direct_cup_evidence,No
3,Day 3,Tray 8,8,DJI_20260621130058_0009,62,7,2,475.549,1848.562,351.446,1724.459,599.652,1972.665,248.206,0.0024,direct_cup_evidence,No
3,Day 3,Tray 8,8,DJI_20260621130058_0009,63,7,3,797.349,1848.562,673.246,1724.459,921.452,1972.665,248.206,0.0046,direct_cup_evidence,No
3,Day 3,Tray 8,8,DJI_20260621130058_0009,64,7,4,1113.786,1853.926,989.683,1729.823,1237.889,1978.029,248.206,0.0215,direct_cup_evidence,No
3,Day 3,Tray 8,8,DJI_20260621130058_0009,65,7,5,1433.798,1850.35,1309.695,1726.247,1557.901,1974.453,248.206,0.0179,direct_cup_evidence,No
3,Day 3,Tray 8,8,DJI_20260621130058_0009,66,7,6,1760.961,1857.501,1636.858,1733.398,1885.064,1981.604,248.206,0.0287,direct_cup_evidence,No
3,Day 3,Tray 8,8,DJI_20260621130058_0009,67,7,7,2086.337,1857.501,1962.234,1733.398,2210.44,1981.604,248.206,0.0335,direct_cup_evidence,No
3,Day 3,Tray 8,8,DJI_20260621130058_0009,68,7,8,2411.712,1857.501,2287.609,1733.398,2535.815,1981.604,248.206,0.0433,direct_cup_evidence,No
3,Day 3,Tray 8,8,DJI_20260621130058_0009,69,7,9,2731.724,1850.35,2607.621,1726.247,2855.827,1974.453,248.206,0.0295,direct_cup_evidence,No
3,Day 3,Tray 8,8,DJI_20260621130058_0009,70,7,10,3042.798,1850.35,2918.695,1726.247,3166.901,1974.453,248.206,0.0074,direct_cup_evidence,No
4,Day 4,Tray 1,1,DJI_20260622122222_0001,1,1,1,210.722,248.652,65.599,103.529,355.845,393.775,290.246,0.0365,direct_cup_evidence,No
4,Day 4,Tray 1,1,DJI_20260622122222_0001,2,1,2,571.057,250.759,425.934,105.636,716.18,395.882,290.246,0.0184,direct_cup_evidence,No
4,Day 4,Tray 1,1,DJI_20260622122222_0001,3,1,3,952.464,250.759,807.341,105.636,1097.587,395.882,290.246,0.0097,direct_cup_evidence,No
4,Day 4,Tray 1,1,DJI_20260622122222_0001,4,1,4,1333.872,254.974,1188.749,109.851,1478.995,400.097,290.246,0.0039,direct_cup_evidence,No
4,Day 4,Tray 1,1,DJI_20260622122222_0001,5,1,5,1704.743,250.759,1559.62,105.636,1849.866,395.882,290.246,0.0244,direct_cup_evidence,No
4,Day 4,Tray 1,1,DJI_20260622122222_0001,6,1,6,2092.472,267.617,1947.349,122.494,2237.595,412.74,290.246,0.0342,direct_cup_evidence,No
4,Day 4,Tray 1,1,DJI_20260622122222_0001,7,1,7,2463.343,259.188,2318.22,114.065,2608.466,404.311,290.246,0.0108,direct_cup_evidence,No
4,Day 4,Tray 1,1,DJI_20260622122222_0001,8,1,8,2842.643,257.081,2697.52,111.958,2987.766,402.204,290.246,0.0118,direct_cup_evidence,No
4,Day 4,Tray 1,1,DJI_20260622122222_0001,9,1,9,3219.836,267.617,3074.713,122.494,3364.959,412.74,290.246,0.0203,direct_cup_evidence,No
4,Day 4,Tray 1,1,DJI_20260622122222_0001,10,1,10,3594.921,267.617,3449.798,122.494,3740.044,412.74,290.246,0.0224,direct_cup_evidence,No
4,Day 4,Tray 1,1,DJI_20260622122222_0001,11,2,1,200.186,577.379,55.063,432.256,345.309,722.502,290.246,0.017,direct_cup_evidence,No
4,Day 4,Tray 1,1,DJI_20260622122222_0001,12,2,2,577.379,573.164,432.256,428.041,722.502,718.287,290.246,0.0028,direct_cup_evidence,No
4,Day 4,Tray 1,1,DJI_20260622122222_0001,13,2,3,952.464,573.164,807.341,428.041,1097.587,718.287,290.246,0.0089,direct_cup_evidence,No
4,Day 4,Tray 1,1,DJI_20260622122222_0001,14,2,4,1333.872,583.701,1188.749,438.578,1478.995,728.824,290.246,0.0222,direct_cup_evidence,No
4,Day 4,Tray 1,1,DJI_20260622122222_0001,15,2,5,1708.957,573.164,1563.834,428.041,1854.08,718.287,290.246,0.0163,direct_cup_evidence,No
4,Day 4,Tray 1,1,DJI_20260622122222_0001,16,2,6,2088.257,579.486,1943.134,434.363,2233.38,724.609,290.246,0.0009,direct_cup_evidence,No
4,Day 4,Tray 1,1,DJI_20260622122222_0001,17,2,7,2471.772,583.701,2326.649,438.578,2616.895,728.824,290.246,0.0183,direct_cup_evidence,No
4,Day 4,Tray 1,1,DJI_20260622122222_0001,18,2,8,2846.857,583.701,2701.734,438.578,2991.98,728.824,290.246,0.0082,direct_cup_evidence,No
4,Day 4,Tray 1,1,DJI_20260622122222_0001,19,2,9,3221.943,577.379,3076.82,432.256,3367.066,722.502,290.246,0.0214,direct_cup_evidence,No
4,Day 4,Tray 1,1,DJI_20260622122222_0001,20,2,10,3597.028,590.022,3451.905,444.899,3742.151,735.145,290.246,0.0167,direct_cup_evidence,No
4,Day 4,Tray 1,1,DJI_20260622122222_0001,21,3,1,195.972,893.462,50.849,748.339,341.095,1038.585,290.246,0.0079,direct_cup_evidence,No
4,Day 4,Tray 1,1,DJI_20260622122222_0001,22,3,2,573.164,899.784,428.041,754.661,718.287,1044.907,290.246,0.0148,direct_cup_evidence,No
4,Day 4,Tray 1,1,DJI_20260622122222_0001,23,3,3,984.073,903.998,838.95,758.875,1129.196,1049.121,290.246,0.0948,direct_cup_evidence,No
4,Day 4,Tray 1,1,DJI_20260622122222_0001,24,3,4,1331.764,893.462,1186.641,748.339,1476.887,1038.585,290.246,0.0177,direct_cup_evidence,No
4,Day 4,Tray 1,1,DJI_20260622122222_0001,25,3,5,1708.957,901.891,1563.834,756.768,1854.08,1047.014,290.246,0.0052,direct_cup_evidence,No
4,Day 4,Tray 1,1,DJI_20260622122222_0001,26,3,6,2088.257,895.569,1943.134,750.446,2233.38,1040.692,290.246,0.0206,direct_cup_evidence,No
4,Day 4,Tray 1,1,DJI_20260622122222_0001,27,3,7,2471.772,903.998,2326.649,758.875,2616.895,1049.121,290.246,0.0177,direct_cup_evidence,No
4,Day 4,Tray 1,1,DJI_20260622122222_0001,28,3,8,2851.072,908.213,2705.949,763.09,2996.195,1053.336,290.246,0.0237,direct_cup_evidence,No
4,Day 4,Tray 1,1,DJI_20260622122222_0001,29,3,9,3221.943,906.106,3076.82,760.983,3367.066,1051.229,290.246,0.002,direct_cup_evidence,No
4,Day 4,Tray 1,1,DJI_20260622122222_0001,30,3,10,3601.243,889.248,3456.12,744.125,3746.366,1034.371,290.246,0.0591,direct_cup_evidence,No
4,Day 4,Tray 1,1,DJI_20260622122222_0001,31,4,1,206.508,1209.546,61.385,1064.423,351.631,1354.669,290.246,0.0356,direct_cup_evidence,No
4,Day 4,Tray 1,1,DJI_20260622122222_0001,32,4,2,573.164,1220.082,428.041,1074.959,718.287,1365.205,290.246,0.0094,direct_cup_evidence,No
4,Day 4,Tray 1,1,DJI_20260622122222_0001,33,4,3,956.679,1215.867,811.556,1070.744,1101.802,1360.99,290.246,0.016,direct_cup_evidence,No
4,Day 4,Tray 1,1,DJI_20260622122222_0001,34,4,4,1331.764,1220.082,1186.641,1074.959,1476.887,1365.205,290.246,0.0049,direct_cup_evidence,No
4,Day 4,Tray 1,1,DJI_20260622122222_0001,35,4,5,1715.279,1228.511,1570.156,1083.388,1860.402,1373.634,290.246,0.0238,direct_cup_evidence,No
4,Day 4,Tray 1,1,DJI_20260622122222_0001,36,4,6,2092.472,1209.546,1947.349,1064.423,2237.595,1354.669,290.246,0.0492,direct_cup_evidence,No
4,Day 4,Tray 1,1,DJI_20260622122222_0001,37,4,7,2463.343,1224.296,2318.22,1079.173,2608.466,1369.419,290.246,0.0094,direct_cup_evidence,No
4,Day 4,Tray 1,1,DJI_20260622122222_0001,38,4,8,2851.072,1230.618,2705.949,1085.495,2996.195,1375.741,290.246,0.0247,direct_cup_evidence,No
4,Day 4,Tray 1,1,DJI_20260622122222_0001,39,4,9,3217.728,1228.511,3072.605,1083.388,3362.851,1373.634,290.246,0.0123,direct_cup_evidence,No
4,Day 4,Tray 1,1,DJI_20260622122222_0001,40,4,10,3601.243,1228.511,3456.12,1083.388,3746.366,1373.634,290.246,0.0087,direct_cup_evidence,No
4,Day 4,Tray 1,1,DJI_20260622122222_0001,41,5,1,155.934,1510.878,10.811,1365.755,301.057,1656.001,290.246,0.1566,direct_cup_evidence,No
4,Day 4,Tray 1,1,DJI_20260622122222_0001,42,5,2,573.164,1540.379,428.041,1395.256,718.287,1685.502,290.246,0.0075,direct_cup_evidence,No
4,Day 4,Tray 1,1,DJI_20260622122222_0001,43,5,3,950.357,1546.701,805.234,1401.578,1095.48,1691.824,290.246,0.0158,direct_cup_evidence,No
4,Day 4,Tray 1,1,DJI_20260622122222_0001,44,5,4,1321.228,1557.237,1176.105,1412.114,1466.351,1702.36,290.246,0.0514,direct_cup_evidence,No
4,Day 4,Tray 1,1,DJI_20260622122222_0001,45,5,5,1713.172,1550.916,1568.049,1405.793,1858.295,1696.039,290.246,0.0201,direct_cup_evidence,No
4,Day 4,Tray 1,1,DJI_20260622122222_0001,46,5,6,2090.364,1553.023,1945.241,1407.9,2235.487,1698.146,290.246,0.0204,direct_cup_evidence,No
4,Day 4,Tray 1,1,DJI_20260622122222_0001,47,5,7,2467.557,1550.916,2322.434,1405.793,2612.68,1696.039,290.246,0.0098,direct_cup_evidence,No
4,Day 4,Tray 1,1,DJI_20260622122222_0001,48,5,8,2800.498,1601.489,2655.375,1456.366,2945.621,1746.612,290.246,0.207,direct_cup_evidence,No
4,Day 4,Tray 1,1,DJI_20260622122222_0001,49,5,9,3226.157,1550.916,3081.034,1405.793,3371.28,1696.039,290.246,0.0155,direct_cup_evidence,No
4,Day 4,Tray 1,1,DJI_20260622122222_0001,50,5,10,3594.921,1548.808,3449.798,1403.685,3740.044,1693.931,290.246,0.0192,direct_cup_evidence,No
4,Day 4,Tray 1,1,DJI_20260622122222_0001,51,6,1,200.186,1856.463,55.063,1711.34,345.309,2001.586,290.246,0.0199,direct_cup_evidence,No
4,Day 4,Tray 1,1,DJI_20260622122222_0001,52,6,2,573.164,1862.784,428.041,1717.661,718.287,2007.907,290.246,0.0065,direct_cup_evidence,No
4,Day 4,Tray 1,1,DJI_20260622122222_0001,53,6,3,977.751,1881.749,832.628,1736.626,1122.874,2026.872,290.246,0.0923,direct_cup_evidence,No
4,Day 4,Tray 1,1,DJI_20260622122222_0001,54,6,4,1306.478,1873.321,1161.355,1728.198,1451.601,2018.444,290.246,0.0789,direct_cup_evidence,No
4,Day 4,Tray 1,1,DJI_20260622122222_0001,55,6,5,1704.743,1826.962,1559.62,1681.839,1849.866,1972.085,290.246,0.1284,direct_cup_evidence,No
4,Day 4,Tray 1,1,DJI_20260622122222_0001,56,6,6,2092.472,1873.321,1947.349,1728.198,2237.595,2018.444,290.246,0.0205,direct_cup_evidence,No
4,Day 4,Tray 1,1,DJI_20260622122222_0001,57,6,7,2473.879,1877.535,2328.756,1732.412,2619.002,2022.658,290.246,0.034,direct_cup_evidence,No
4,Day 4,Tray 1,1,DJI_20260622122222_0001,58,6,8,2848.964,1866.999,2703.841,1721.876,2994.087,2012.122,290.246,0.0259,direct_cup_evidence,No
4,Day 4,Tray 1,1,DJI_20260622122222_0001,59,6,9,3226.157,1862.784,3081.034,1717.661,3371.28,2007.907,290.246,0.0391,direct_cup_evidence,No
4,Day 4,Tray 1,1,DJI_20260622122222_0001,60,6,10,3597.028,1869.106,3451.905,1723.983,3742.151,2014.229,290.246,0.0214,direct_cup_evidence,No
4,Day 4,Tray 1,1,DJI_20260622122222_0001,61,7,1,200.186,2180.975,55.063,2035.852,345.309,2326.098,290.246,0.0155,direct_cup_evidence,No
4,Day 4,Tray 1,1,DJI_20260622122222_0001,62,7,2,579.486,2189.404,434.363,2044.281,724.609,2334.527,290.246,0.018,direct_cup_evidence,No
4,Day 4,Tray 1,1,DJI_20260622122222_0001,63,7,3,941.928,2189.404,796.805,2044.281,1087.051,2334.527,290.246,0.0338,direct_cup_evidence,No
4,Day 4,Tray 1,1,DJI_20260622122222_0001,64,7,4,1333.872,2197.833,1188.749,2052.71,1478.995,2342.956,290.246,0.0287,direct_cup_evidence,No
4,Day 4,Tray 1,1,DJI_20260622122222_0001,65,7,5,1711.064,2204.154,1565.941,2059.031,1856.187,2349.277,290.246,0.0425,direct_cup_evidence,No
4,Day 4,Tray 1,1,DJI_20260622122222_0001,66,7,6,2090.364,2195.726,1945.241,2050.603,2235.487,2340.849,290.246,0.0161,direct_cup_evidence,No
4,Day 4,Tray 1,1,DJI_20260622122222_0001,67,7,7,2473.879,2202.047,2328.756,2056.924,2619.002,2347.17,290.246,0.0388,direct_cup_evidence,No
4,Day 4,Tray 1,1,DJI_20260622122222_0001,68,7,8,2848.964,2197.833,2703.841,2052.71,2994.087,2342.956,290.246,0.0216,direct_cup_evidence,No
4,Day 4,Tray 1,1,DJI_20260622122222_0001,69,7,9,3219.836,2191.511,3074.713,2046.388,3364.959,2336.634,290.246,0.0163,direct_cup_evidence,No
4,Day 4,Tray 1,1,DJI_20260622122222_0001,70,7,10,3594.921,2183.082,3449.798,2037.959,3740.044,2328.205,290.246,0.0483,direct_cup_evidence,No
4,Day 4,Tray 2,2,DJI_20260622122329_0002,1,1,1,213.777,242.428,59.849,88.499,367.706,396.356,307.857,0.054,direct_cup_evidence,No
4,Day 4,Tray 2,2,DJI_20260622122329_0002,2,1,2,597.254,229.204,443.325,75.276,751.183,383.133,307.857,0.0031,direct_cup_evidence,No
4,Day 4,Tray 2,2,DJI_20260622122329_0002,3,1,3,989.546,227.001,835.617,73.072,1143.475,380.929,307.857,0.0163,direct_cup_evidence,No
4,Day 4,Tray 2,2,DJI_20260622122329_0002,4,1,4,1377.431,229.204,1223.502,75.276,1531.359,383.133,307.857,0.0318,direct_cup_evidence,No
4,Day 4,Tray 2,2,DJI_20260622122329_0002,5,1,5,1778.538,235.816,1624.61,81.887,1932.467,389.745,307.857,0.0093,direct_cup_evidence,No
4,Day 4,Tray 2,2,DJI_20260622122329_0002,6,1,6,2175.238,235.816,2021.31,81.887,2329.167,389.745,307.857,0.0085,direct_cup_evidence,No
4,Day 4,Tray 2,2,DJI_20260622122329_0002,7,1,7,2558.715,235.816,2404.786,81.887,2712.644,389.745,307.857,0.0379,direct_cup_evidence,No
4,Day 4,Tray 2,2,DJI_20260622122329_0002,8,1,8,2957.619,240.224,2803.69,86.295,3111.548,394.153,307.857,0.0236,direct_cup_evidence,No
4,Day 4,Tray 2,2,DJI_20260622122329_0002,9,1,9,3363.134,242.428,3209.206,88.499,3517.063,396.356,307.857,0.0141,direct_cup_evidence,No
4,Day 4,Tray 2,2,DJI_20260622122329_0002,10,1,10,3753.223,244.632,3599.294,90.703,3907.151,398.56,307.857,0.0101,direct_cup_evidence,No
4,Day 4,Tray 2,2,DJI_20260622122329_0002,11,2,1,209.369,575.215,55.441,421.286,363.298,729.144,307.857,0.0281,direct_cup_evidence,No
4,Day 4,Tray 2,2,DJI_20260622122329_0002,12,2,2,592.846,575.215,438.917,421.286,746.775,729.144,307.857,0.016,direct_cup_evidence,No
4,Day 4,Tray 2,2,DJI_20260622122329_0002,13,2,3,985.138,579.623,831.21,425.694,1139.067,733.551,307.857,0.0247,direct_cup_evidence,No
4,Day 4,Tray 2,2,DJI_20260622122329_0002,14,2,4,1377.431,575.215,1223.502,421.286,1531.359,729.144,307.857,0.0237,direct_cup_evidence,No
4,Day 4,Tray 2,2,DJI_20260622122329_0002,15,2,5,1767.519,579.623,1613.59,425.694,1921.448,733.551,307.857,0.0366,direct_cup_evidence,No
4,Day 4,Tray 2,2,DJI_20260622122329_0002,16,2,6,2166.423,577.419,2012.494,423.49,2320.351,731.348,307.857,0.0252,direct_cup_evidence,No
4,Day 4,Tray 2,2,DJI_20260622122329_0002,17,2,7,2560.919,579.623,2406.99,425.694,2714.848,733.551,307.857,0.0253,direct_cup_evidence,No
4,Day 4,Tray 2,2,DJI_20260622122329_0002,18,2,8,2959.823,579.623,2805.894,425.694,3113.751,733.551,307.857,0.0196,direct_cup_evidence,No
4,Day 4,Tray 2,2,DJI_20260622122329_0002,19,2,9,3360.931,584.031,3207.002,430.102,3514.859,737.959,307.857,0.0141,direct_cup_evidence,No
4,Day 4,Tray 2,2,DJI_20260622122329_0002,20,2,10,3757.631,588.438,3603.702,434.51,3911.559,742.367,307.857,0.0164,direct_cup_evidence,No
4,Day 4,Tray 2,2,DJI_20260622122329_0002,21,3,1,209.369,919.022,55.441,765.093,363.298,1072.95,307.857,0.0353,direct_cup_evidence,No
4,Day 4,Tray 2,2,DJI_20260622122329_0002,22,3,2,590.642,914.614,436.714,760.685,744.571,1068.543,307.857,0.0129,direct_cup_evidence,No
4,Day 4,Tray 2,2,DJI_20260622122329_0002,23,3,3,1035.828,960.896,881.899,806.967,1189.756,1114.824,307.857,0.1897,direct_cup_evidence,No
4,Day 4,Tray 2,2,DJI_20260622122329_0002,24,3,4,1373.023,921.226,1219.094,767.297,1526.951,1075.154,307.857,0.0328,direct_cup_evidence,No
4,Day 4,Tray 2,2,DJI_20260622122329_0002,25,3,5,1769.723,921.226,1615.794,767.297,1923.651,1075.154,307.857,0.025,direct_cup_evidence,No
4,Day 4,Tray 2,2,DJI_20260622122329_0002,26,3,6,2166.423,921.226,2012.494,767.297,2320.351,1075.154,307.857,0.0189,direct_cup_evidence,No
4,Day 4,Tray 2,2,DJI_20260622122329_0002,27,3,7,2569.734,919.022,2415.806,765.093,2723.663,1072.95,307.857,0.0192,direct_cup_evidence,No
4,Day 4,Tray 2,2,DJI_20260622122329_0002,28,3,8,2959.823,919.022,2805.894,765.093,3113.751,1072.95,307.857,0.0251,direct_cup_evidence,No
4,Day 4,Tray 2,2,DJI_20260622122329_0002,29,3,9,3365.338,930.041,3211.41,776.112,3519.267,1083.97,307.857,0.0271,direct_cup_evidence,No
4,Day 4,Tray 2,2,DJI_20260622122329_0002,30,3,10,3762.038,930.041,3608.11,776.112,3915.967,1083.97,307.857,0.0341,direct_cup_evidence,No
4,Day 4,Tray 2,2,DJI_20260622122329_0002,31,4,1,215.981,1247.401,62.052,1093.472,369.91,1401.33,307.857,0.0532,direct_cup_evidence,No
4,Day 4,Tray 2,2,DJI_20260622122329_0002,32,4,2,599.458,1251.809,445.529,1097.88,753.386,1405.738,307.857,0.0212,direct_cup_evidence,No
4,Day 4,Tray 2,2,DJI_20260622122329_0002,33,4,3,985.138,1254.013,831.21,1100.084,1139.067,1407.941,307.857,0.013,direct_cup_evidence,No
4,Day 4,Tray 2,2,DJI_20260622122329_0002,34,4,4,1403.877,1247.401,1249.949,1093.472,1557.806,1401.33,307.857,0.0738,direct_cup_evidence,No
4,Day 4,Tray 2,2,DJI_20260622122329_0002,35,4,5,1767.519,1262.828,1613.59,1108.9,1921.448,1416.757,307.857,0.0263,direct_cup_evidence,No
4,Day 4,Tray 2,2,DJI_20260622122329_0002,36,4,6,2164.219,1265.032,2010.29,1111.104,2318.148,1418.961,307.857,0.0198,direct_cup_evidence,No
4,Day 4,Tray 2,2,DJI_20260622122329_0002,37,4,7,2616.016,1234.178,2462.087,1080.249,2769.945,1388.106,307.857,0.1765,direct_cup_evidence,No
4,Day 4,Tray 2,2,DJI_20260622122329_0002,38,4,8,2959.823,1291.479,2805.894,1137.55,3113.751,1445.408,307.857,0.0644,direct_cup_evidence,No
4,Day 4,Tray 2,2,DJI_20260622122329_0002,39,4,9,3365.338,1271.644,3211.41,1117.715,3519.267,1425.573,307.857,0.0321,direct_cup_evidence,No
4,Day 4,Tray 2,2,DJI_20260622122329_0002,40,4,10,3753.223,1262.828,3599.294,1108.9,3907.151,1416.757,307.857,0.0356,direct_cup_evidence,No
4,Day 4,Tray 2,2,DJI_20260622122329_0002,41,5,1,204.962,1591.208,51.033,1437.279,358.89,1745.136,307.857,0.026,direct_cup_evidence,No
4,Day 4,Tray 2,2,DJI_20260622122329_0002,42,5,2,557.584,1580.188,403.655,1426.26,711.513,1734.117,307.857,0.1109,direct_cup_evidence,No
4,Day 4,Tray 2,2,DJI_20260622122329_0002,43,5,3,980.731,1595.616,826.802,1441.687,1134.659,1749.544,307.857,0.0193,direct_cup_evidence,No
4,Day 4,Tray 2,2,DJI_20260622122329_0002,44,5,4,1370.819,1604.431,1216.89,1450.502,1524.748,1758.36,307.857,0.0286,direct_cup_evidence,No
4,Day 4,Tray 2,2,DJI_20260622122329_0002,45,5,5,1769.723,1604.431,1615.794,1450.502,1923.651,1758.36,307.857,0.0148,direct_cup_evidence,No
4,Day 4,Tray 2,2,DJI_20260622122329_0002,46,5,6,2175.238,1635.286,2021.31,1481.357,2329.167,1789.214,307.857,0.085,direct_cup_evidence,No
4,Day 4,Tray 2,2,DJI_20260622122329_0002,47,5,7,2556.511,1611.043,2402.582,1457.114,2710.44,1764.971,307.857,0.0217,direct_cup_evidence,No
4,Day 4,Tray 2,2,DJI_20260622122329_0002,48,5,8,2920.153,1630.878,2766.224,1476.949,3074.081,1784.806,307.857,0.1247,direct_cup_evidence,No
4,Day 4,Tray 2,2,DJI_20260622122329_0002,49,5,9,3360.931,1617.654,3207.002,1463.726,3514.859,1771.583,307.857,0.0267,direct_cup_evidence,No
4,Day 4,Tray 2,2,DJI_20260622122329_0002,50,5,10,3751.019,1615.451,3597.09,1461.522,3904.948,1769.379,307.857,0.0117,direct_cup_evidence,No
4,Day 4,Tray 2,2,DJI_20260622122329_0002,51,6,1,204.962,1926.199,51.033,1772.27,358.89,2080.128,307.857,0.0428,direct_cup_evidence,No
4,Day 4,Tray 2,2,DJI_20260622122329_0002,52,6,2,599.458,1926.199,445.529,1772.27,753.386,2080.128,307.857,0.0482,direct_cup_evidence,No
4,Day 4,Tray 2,2,DJI_20260622122329_0002,53,6,3,969.711,1941.626,815.782,1787.697,1123.64,2095.555,307.857,0.0421,direct_cup_evidence,No
4,Day 4,Tray 2,2,DJI_20260622122329_0002,54,6,4,1377.431,1939.422,1223.502,1785.494,1531.359,2093.351,307.857,0.0143,direct_cup_evidence,No
4,Day 4,Tray 2,2,DJI_20260622122329_0002,55,6,5,1763.111,1950.442,1609.182,1796.513,1917.04,2104.37,307.857,0.0312,direct_cup_evidence,No
4,Day 4,Tray 2,2,DJI_20260622122329_0002,56,6,6,2162.015,1954.849,2008.086,1800.921,2315.944,2108.778,307.857,0.0237,direct_cup_evidence,No
4,Day 4,Tray 2,2,DJI_20260622122329_0002,57,6,7,2560.919,1959.257,2406.99,1805.329,2714.848,2113.186,307.857,0.0237,direct_cup_evidence,No
4,Day 4,Tray 2,2,DJI_20260622122329_0002,58,6,8,2957.619,1952.646,2803.69,1798.717,3111.548,2106.574,307.857,0.0044,direct_cup_evidence,No
4,Day 4,Tray 2,2,DJI_20260622122329_0002,59,6,9,3349.911,1954.849,3195.982,1800.921,3503.84,2108.778,307.857,0.0043,direct_cup_evidence,No
4,Day 4,Tray 2,2,DJI_20260622122329_0002,60,6,10,3753.223,1961.461,3599.294,1807.532,3907.151,2115.39,307.857,0.0248,direct_cup_evidence,No
4,Day 4,Tray 2,2,DJI_20260622122329_0002,61,7,1,207.166,2263.394,53.237,2109.465,361.094,2417.323,307.857,0.0611,direct_cup_evidence,No
4,Day 4,Tray 2,2,DJI_20260622122329_0002,62,7,2,588.438,2265.598,434.51,2111.669,742.367,2419.526,307.857,0.0466,direct_cup_evidence,No
4,Day 4,Tray 2,2,DJI_20260622122329_0002,63,7,3,976.323,2292.044,822.394,2138.116,1130.251,2445.973,307.857,0.0297,direct_cup_evidence,No
4,Day 4,Tray 2,2,DJI_20260622122329_0002,64,7,4,1368.615,2292.044,1214.686,2138.116,1522.544,2445.973,307.857,0.0295,direct_cup_evidence,No
4,Day 4,Tray 2,2,DJI_20260622122329_0002,65,7,5,1763.111,2296.452,1609.182,2142.524,1917.04,2450.381,307.857,0.0332,direct_cup_evidence,No
4,Day 4,Tray 2,2,DJI_20260622122329_0002,66,7,6,2162.015,2296.452,2008.086,2142.524,2315.944,2450.381,307.857,0.0195,direct_cup_evidence,No
4,Day 4,Tray 2,2,DJI_20260622122329_0002,67,7,7,2560.919,2303.064,2406.99,2149.135,2714.848,2456.993,307.857,0.0286,direct_cup_evidence,No
4,Day 4,Tray 2,2,DJI_20260622122329_0002,68,7,8,2951.007,2292.044,2797.079,2138.116,3104.936,2445.973,307.857,0.0151,direct_cup_evidence,No
4,Day 4,Tray 2,2,DJI_20260622122329_0002,69,7,9,3352.115,2298.656,3198.186,2144.727,3506.044,2452.585,307.857,0.0089,direct_cup_evidence,No
4,Day 4,Tray 2,2,DJI_20260622122329_0002,70,7,10,3751.019,2296.452,3597.09,2142.524,3904.948,2450.381,307.857,0.0244,direct_cup_evidence,No
4,Day 4,Tray 3,3,DJI_20260622122437_0003,1,1,1,216.471,240.769,64.066,88.364,368.876,393.174,304.81,0.0384,direct_cup_evidence,No
4,Day 4,Tray 3,3,DJI_20260622122437_0003,2,1,2,598.609,242.978,446.204,90.573,751.014,395.383,304.81,0.0073,direct_cup_evidence,No
4,Day 4,Tray 3,3,DJI_20260622122437_0003,3,1,3,996.209,236.351,843.804,83.946,1148.614,388.756,304.81,0.0105,direct_cup_evidence,No
4,Day 4,Tray 3,3,DJI_20260622122437_0003,4,1,4,1387.182,234.142,1234.777,81.737,1539.587,386.547,304.81,0.0184,direct_cup_evidence,No
4,Day 4,Tray 3,3,DJI_20260622122437_0003,5,1,5,1782.573,240.769,1630.168,88.364,1934.978,393.174,304.81,0.0154,direct_cup_evidence,No
4,Day 4,Tray 3,3,DJI_20260622122437_0003,6,1,6,2182.382,236.351,2029.977,83.946,2334.787,388.756,304.81,0.003,direct_cup_evidence,No
4,Day 4,Tray 3,3,DJI_20260622122437_0003,7,1,7,2582.191,240.769,2429.786,88.364,2734.596,393.174,304.81,0.0164,direct_cup_evidence,No
4,Day 4,Tray 3,3,DJI_20260622122437_0003,8,1,8,2977.582,236.351,2825.177,83.946,3129.987,388.756,304.81,0.0088,direct_cup_evidence,No
4,Day 4,Tray 3,3,DJI_20260622122437_0003,9,1,9,3372.973,242.978,3220.568,90.573,3525.378,395.383,304.81,0.0256,direct_cup_evidence,No
4,Day 4,Tray 3,3,DJI_20260622122437_0003,10,1,10,3757.32,240.769,3604.915,88.364,3909.725,393.174,304.81,0.034,direct_cup_evidence,No
4,Day 4,Tray 3,3,DJI_20260622122437_0003,11,2,1,214.262,574.311,61.857,421.906,366.667,726.716,304.81,0.0358,direct_cup_evidence,No
4,Day 4,Tray 3,3,DJI_20260622122437_0003,12,2,2,594.191,567.684,441.786,415.279,746.596,720.09,304.81,0.0378,direct_cup_evidence,No
4,Day 4,Tray 3,3,DJI_20260622122437_0003,13,2,3,991.791,574.311,839.386,421.906,1144.196,726.716,304.81,0.0163,direct_cup_evidence,No
4,Day 4,Tray 3,3,DJI_20260622122437_0003,14,2,4,1389.391,576.52,1236.986,424.115,1541.796,728.925,304.81,0.0065,direct_cup_evidence,No
4,Day 4,Tray 3,3,DJI_20260622122437_0003,15,2,5,1780.364,578.729,1627.959,426.324,1932.77,731.134,304.81,0.021,direct_cup_evidence,No
4,Day 4,Tray 3,3,DJI_20260622122437_0003,16,2,6,2182.382,578.729,2029.977,426.324,2334.787,731.134,304.81,0.0086,direct_cup_evidence,No
4,Day 4,Tray 3,3,DJI_20260622122437_0003,17,2,7,2579.982,576.52,2427.577,424.115,2732.387,728.925,304.81,0.0053,direct_cup_evidence,No
4,Day 4,Tray 3,3,DJI_20260622122437_0003,18,2,8,2975.373,576.52,2822.968,424.115,3127.778,728.925,304.81,0.0071,direct_cup_evidence,No
4,Day 4,Tray 3,3,DJI_20260622122437_0003,19,2,9,3359.72,574.311,3207.315,421.906,3512.125,726.716,304.81,0.0327,direct_cup_evidence,No
4,Day 4,Tray 3,3,DJI_20260622122437_0003,20,2,10,3755.111,574.311,3602.706,421.906,3907.516,726.716,304.81,0.0345,direct_cup_evidence,No
4,Day 4,Tray 3,3,DJI_20260622122437_0003,21,3,1,201.009,916.689,48.604,764.284,353.414,1069.094,304.81,0.0104,direct_cup_evidence,No
4,Day 4,Tray 3,3,DJI_20260622122437_0003,22,3,2,600.818,912.271,448.413,759.866,753.223,1064.676,304.81,0.0172,direct_cup_evidence,No
4,Day 4,Tray 3,3,DJI_20260622122437_0003,23,3,3,1031.551,916.689,879.146,764.284,1183.956,1069.094,304.81,0.1062,direct_cup_evidence,No
4,Day 4,Tray 3,3,DJI_20260622122437_0003,24,3,4,1387.182,918.898,1234.777,766.493,1539.587,1071.303,304.81,0.0148,direct_cup_evidence,No
4,Day 4,Tray 3,3,DJI_20260622122437_0003,25,3,5,1791.409,910.062,1639.004,757.657,1943.814,1062.467,304.81,0.0198,direct_cup_evidence,No
4,Day 4,Tray 3,3,DJI_20260622122437_0003,26,3,6,2180.173,912.271,2027.768,759.866,2332.578,1064.676,304.81,0.0113,direct_cup_evidence,No
4,Day 4,Tray 3,3,DJI_20260622122437_0003,27,3,7,2588.818,912.271,2436.413,759.866,2741.223,1064.676,304.81,0.0289,direct_cup_evidence,No
4,Day 4,Tray 3,3,DJI_20260622122437_0003,28,3,8,2975.373,916.689,2822.968,764.284,3127.778,1069.094,304.81,0.0114,direct_cup_evidence,No
4,Day 4,Tray 3,3,DJI_20260622122437_0003,29,3,9,3375.182,912.271,3222.777,759.866,3527.587,1064.676,304.81,0.0127,direct_cup_evidence,No
4,Day 4,Tray 3,3,DJI_20260622122437_0003,30,3,10,3755.111,912.271,3602.706,759.866,3907.516,1064.676,304.81,0.0346,direct_cup_evidence,No
4,Day 4,Tray 3,3,DJI_20260622122437_0003,31,4,1,209.844,1248.022,57.439,1095.617,362.25,1400.427,304.81,0.033,direct_cup_evidence,No
4,Day 4,Tray 3,3,DJI_20260622122437_0003,32,4,2,598.609,1252.44,446.204,1100.035,751.014,1404.845,304.81,0.013,direct_cup_evidence,No
4,Day 4,Tray 3,3,DJI_20260622122437_0003,33,4,3,991.791,1261.276,839.386,1108.87,1144.196,1413.681,304.81,0.0199,direct_cup_evidence,No
4,Day 4,Tray 3,3,DJI_20260622122437_0003,34,4,4,1382.764,1252.44,1230.359,1100.035,1535.17,1404.845,304.81,0.0272,direct_cup_evidence,No
4,Day 4,Tray 3,3,DJI_20260622122437_0003,35,4,5,1784.782,1250.231,1632.377,1097.826,1937.187,1402.636,304.81,0.014,direct_cup_evidence,No
4,Day 4,Tray 3,3,DJI_20260622122437_0003,36,4,6,2189.009,1250.231,2036.604,1097.826,2341.414,1402.636,304.81,0.0188,direct_cup_evidence,No
4,Day 4,Tray 3,3,DJI_20260622122437_0003,37,4,7,2582.191,1254.649,2429.786,1102.244,2734.596,1407.054,304.81,0.0109,direct_cup_evidence,No
4,Day 4,Tray 3,3,DJI_20260622122437_0003,38,4,8,2979.791,1256.858,2827.386,1104.453,3132.196,1409.263,304.81,0.0208,direct_cup_evidence,No
4,Day 4,Tray 3,3,DJI_20260622122437_0003,39,4,9,3375.182,1256.858,3222.777,1104.453,3527.587,1409.263,304.81,0.0219,direct_cup_evidence,No
4,Day 4,Tray 3,3,DJI_20260622122437_0003,40,4,10,3761.738,1241.396,3609.333,1088.99,3914.143,1393.801,304.81,0.0292,direct_cup_evidence,No
4,Day 4,Tray 3,3,DJI_20260622122437_0003,41,5,1,205.427,1588.191,53.022,1435.786,357.832,1740.596,304.81,0.024,direct_cup_evidence,No
4,Day 4,Tray 3,3,DJI_20260622122437_0003,42,5,2,603.027,1592.609,450.622,1440.204,755.432,1745.014,304.81,0.0121,direct_cup_evidence,No
4,Day 4,Tray 3,3,DJI_20260622122437_0003,43,5,3,998.418,1588.191,846.013,1435.786,1150.823,1740.596,304.81,0.02,direct_cup_evidence,No
4,Day 4,Tray 3,3,DJI_20260622122437_0003,44,5,4,1384.973,1601.444,1232.568,1449.039,1537.378,1753.85,304.81,0.0306,direct_cup_evidence,No
4,Day 4,Tray 3,3,DJI_20260622122437_0003,45,5,5,1742.813,1634.578,1590.408,1482.173,1895.218,1786.983,304.81,0.181,direct_cup_evidence,No
4,Day 4,Tray 3,3,DJI_20260622122437_0003,46,5,6,2180.173,1592.609,2027.768,1440.204,2332.578,1745.014,304.81,0.0101,direct_cup_evidence,No
4,Day 4,Tray 3,3,DJI_20260622122437_0003,47,5,7,2586.609,1594.818,2434.204,1442.413,2739.014,1747.223,304.81,0.0239,direct_cup_evidence,No
4,Day 4,Tray 3,3,DJI_20260622122437_0003,48,5,8,2979.791,1588.191,2827.386,1435.786,3132.196,1740.596,304.81,0.0145,direct_cup_evidence,No
4,Day 4,Tray 3,3,DJI_20260622122437_0003,49,5,9,3388.436,1561.684,3236.03,1409.279,3540.841,1714.09,304.81,0.0963,direct_cup_evidence,No
4,Day 4,Tray 3,3,DJI_20260622122437_0003,50,5,10,3766.156,1588.191,3613.75,1435.786,3918.561,1740.596,304.81,0.0029,direct_cup_evidence,No
4,Day 4,Tray 3,3,DJI_20260622122437_0003,51,6,1,205.427,1923.942,53.022,1771.537,357.832,2076.347,304.81,0.0325,direct_cup_evidence,No
4,Day 4,Tray 3,3,DJI_20260622122437_0003,52,6,2,594.191,1930.569,441.786,1778.164,746.596,2082.974,304.81,0.0203,direct_cup_evidence,No
4,Day 4,Tray 3,3,DJI_20260622122437_0003,53,6,3,991.791,1937.196,839.386,1784.79,1144.196,2089.601,304.81,0.0173,direct_cup_evidence,No
4,Day 4,Tray 3,3,DJI_20260622122437_0003,54,6,4,1396.018,1983.582,1243.613,1831.177,1548.423,2135.987,304.81,0.1519,direct_cup_evidence,No
4,Day 4,Tray 3,3,DJI_20260622122437_0003,55,6,5,1782.573,1932.778,1630.168,1780.373,1934.978,2085.183,304.81,0.0159,direct_cup_evidence,No
4,Day 4,Tray 3,3,DJI_20260622122437_0003,56,6,6,2184.591,1937.196,2032.186,1784.79,2336.996,2089.601,304.81,0.0197,direct_cup_evidence,No
4,Day 4,Tray 3,3,DJI_20260622122437_0003,57,6,7,2579.982,1930.569,2427.577,1778.164,2732.387,2082.974,304.81,0.0027,direct_cup_evidence,No
4,Day 4,Tray 3,3,DJI_20260622122437_0003,58,6,8,2975.373,1930.569,2822.968,1778.164,3127.778,2082.974,304.81,0.005,direct_cup_evidence,No
4,Day 4,Tray 3,3,DJI_20260622122437_0003,59,6,9,3370.764,1932.778,3218.359,1780.373,3523.17,2085.183,304.81,0.0141,direct_cup_evidence,No
4,Day 4,Tray 3,3,DJI_20260622122437_0003,60,6,10,3801.498,1893.018,3649.093,1740.613,3953.903,2045.423,304.81,0.1428,direct_cup_evidence,No
4,Day 4,Tray 3,3,DJI_20260622122437_0003,61,7,1,214.262,2261.902,61.857,2109.497,366.667,2414.307,304.81,0.0451,direct_cup_evidence,No
4,Day 4,Tray 3,3,DJI_20260622122437_0003,62,7,2,594.191,2272.947,441.786,2120.542,746.596,2425.352,304.81,0.018,direct_cup_evidence,No
4,Day 4,Tray 3,3,DJI_20260622122437_0003,63,7,3,991.791,2272.947,839.386,2120.542,1144.196,2425.352,304.81,0.0133,direct_cup_evidence,No
4,Day 4,Tray 3,3,DJI_20260622122437_0003,64,7,4,1389.391,2277.364,1236.986,2124.959,1541.796,2429.77,304.81,0.0204,direct_cup_evidence,No
4,Day 4,Tray 3,3,DJI_20260622122437_0003,65,7,5,1773.738,2270.738,1621.333,2118.333,1926.143,2423.143,304.81,0.042,direct_cup_evidence,No
4,Day 4,Tray 3,3,DJI_20260622122437_0003,66,7,6,2184.591,2281.782,2032.186,2129.377,2336.996,2434.187,304.81,0.037,direct_cup_evidence,No
4,Day 4,Tray 3,3,DJI_20260622122437_0003,67,7,7,2577.773,2270.738,2425.368,2118.333,2730.178,2423.143,304.81,0.0089,direct_cup_evidence,No
4,Day 4,Tray 3,3,DJI_20260622122437_0003,68,7,8,2977.582,2272.947,2825.177,2120.542,3129.987,2425.352,304.81,0.0169,direct_cup_evidence,No
4,Day 4,Tray 3,3,DJI_20260622122437_0003,69,7,9,3384.018,2244.231,3231.613,2091.826,3536.423,2396.636,304.81,0.076,direct_cup_evidence,No
4,Day 4,Tray 3,3,DJI_20260622122437_0003,70,7,10,3757.32,2259.693,3604.915,2107.288,3909.725,2412.098,304.81,0.0349,direct_cup_evidence,No
4,Day 4,Tray 4,4,DJI_20260622122526_0004,1,1,1,216.253,240.527,63.473,87.747,369.033,393.307,305.56,0.0049,direct_cup_evidence,No
4,Day 4,Tray 4,4,DJI_20260622122526_0004,2,1,2,611.247,262.593,458.467,109.813,764.027,415.373,305.56,0.0676,direct_cup_evidence,No
4,Day 4,Tray 4,4,DJI_20260622122526_0004,3,1,3,999.62,236.113,846.84,83.333,1152.4,388.893,305.56,0.022,direct_cup_evidence,No
4,Day 4,Tray 4,4,DJI_20260622122526_0004,4,1,4,1396.82,233.907,1244.04,81.127,1549.6,386.687,305.56,0.0226,direct_cup_evidence,No
4,Day 4,Tray 4,4,DJI_20260622122526_0004,5,1,5,1794.02,233.907,1641.24,81.127,1946.8,386.687,305.56,0.0199,direct_cup_evidence,No
4,Day 4,Tray 4,4,DJI_20260622122526_0004,6,1,6,2193.427,233.907,2040.647,81.127,2346.207,386.687,305.56,0.017,direct_cup_evidence,No
4,Day 4,Tray 4,4,DJI_20260622122526_0004,7,1,7,2590.627,229.493,2437.847,76.713,2743.407,382.273,305.56,0.0305,direct_cup_evidence,No
4,Day 4,Tray 4,4,DJI_20260622122526_0004,8,1,8,2983.413,231.7,2830.633,78.92,3136.193,384.48,305.56,0.0238,direct_cup_evidence,No
4,Day 4,Tray 4,4,DJI_20260622122526_0004,9,1,9,3380.613,229.493,3227.833,76.713,3533.393,382.273,305.56,0.0301,direct_cup_evidence,No
4,Day 4,Tray 4,4,DJI_20260622122526_0004,10,1,10,3780.02,247.147,3627.24,94.367,3932.8,399.927,305.56,0.025,direct_cup_evidence,No
4,Day 4,Tray 4,4,DJI_20260622122526_0004,11,2,1,214.047,580.353,61.267,427.573,366.827,733.133,305.56,0.0041,direct_cup_evidence,No
4,Day 4,Tray 4,4,DJI_20260622122526_0004,12,2,2,611.247,584.767,458.467,431.987,764.027,737.547,305.56,0.0167,direct_cup_evidence,No
4,Day 4,Tray 4,4,DJI_20260622122526_0004,13,2,3,997.413,575.94,844.633,423.16,1150.193,728.72,305.56,0.0272,direct_cup_evidence,No
4,Day 4,Tray 4,4,DJI_20260622122526_0004,14,2,4,1396.82,578.147,1244.04,425.367,1549.6,730.927,305.56,0.0148,direct_cup_evidence,No
4,Day 4,Tray 4,4,DJI_20260622122526_0004,15,2,5,1796.227,575.94,1643.447,423.16,1949.007,728.72,305.56,0.0102,direct_cup_evidence,No
4,Day 4,Tray 4,4,DJI_20260622122526_0004,16,2,6,2193.427,573.733,2040.647,420.953,2346.207,726.513,305.56,0.0161,direct_cup_evidence,No
4,Day 4,Tray 4,4,DJI_20260622122526_0004,17,2,7,2590.627,573.733,2437.847,420.953,2743.407,726.513,305.56,0.017,direct_cup_evidence,No
4,Day 4,Tray 4,4,DJI_20260622122526_0004,18,2,8,2983.413,578.147,2830.633,425.367,3136.193,730.927,305.56,0.0044,direct_cup_evidence,No
4,Day 4,Tray 4,4,DJI_20260622122526_0004,19,2,9,3387.233,573.733,3234.453,420.953,3540.013,726.513,305.56,0.0265,direct_cup_evidence,No
4,Day 4,Tray 4,4,DJI_20260622122526_0004,20,2,10,3775.607,567.113,3622.827,414.333,3928.387,719.893,305.56,0.0357,direct_cup_evidence,No
4,Day 4,Tray 4,4,DJI_20260622122526_0004,21,3,1,209.633,917.973,56.853,765.193,362.413,1070.753,305.56,0.0147,direct_cup_evidence,No
4,Day 4,Tray 4,4,DJI_20260622122526_0004,22,3,2,606.833,915.767,454.053,762.987,759.613,1068.547,305.56,0.0132,direct_cup_evidence,No
4,Day 4,Tray 4,4,DJI_20260622122526_0004,23,3,3,995.207,920.18,842.427,767.4,1147.987,1072.96,305.56,0.0318,direct_cup_evidence,No
4,Day 4,Tray 4,4,DJI_20260622122526_0004,24,3,4,1396.82,920.18,1244.04,767.4,1549.6,1072.96,305.56,0.0147,direct_cup_evidence,No
4,Day 4,Tray 4,4,DJI_20260622122526_0004,25,3,5,1789.607,920.18,1636.827,767.4,1942.387,1072.96,305.56,0.023,direct_cup_evidence,No
4,Day 4,Tray 4,4,DJI_20260622122526_0004,26,3,6,2193.427,917.973,2040.647,765.193,2346.207,1070.753,305.56,0.0026,direct_cup_evidence,No
4,Day 4,Tray 4,4,DJI_20260622122526_0004,27,3,7,2617.107,931.213,2464.327,778.433,2769.887,1083.993,305.56,0.0916,direct_cup_evidence,No
4,Day 4,Tray 4,4,DJI_20260622122526_0004,28,3,8,2987.827,915.767,2835.047,762.987,3140.607,1068.547,305.56,0.0136,direct_cup_evidence,No
4,Day 4,Tray 4,4,DJI_20260622122526_0004,29,3,9,3378.407,917.973,3225.627,765.193,3531.187,1070.753,305.56,0.0051,direct_cup_evidence,No
4,Day 4,Tray 4,4,DJI_20260622122526_0004,30,3,10,3766.78,911.353,3614.0,758.573,3919.56,1064.133,305.56,0.034,direct_cup_evidence,No
4,Day 4,Tray 4,4,DJI_20260622122526_0004,31,4,1,214.047,1255.593,61.267,1102.813,366.827,1408.373,305.56,0.0077,direct_cup_evidence,No
4,Day 4,Tray 4,4,DJI_20260622122526_0004,32,4,2,611.247,1255.593,458.467,1102.813,764.027,1408.373,305.56,0.0083,direct_cup_evidence,No
4,Day 4,Tray 4,4,DJI_20260622122526_0004,33,4,3,999.62,1262.213,846.84,1109.433,1152.4,1414.993,305.56,0.0216,direct_cup_evidence,No
4,Day 4,Tray 4,4,DJI_20260622122526_0004,34,4,4,1401.233,1264.42,1248.453,1111.64,1554.013,1417.2,305.56,0.0183,direct_cup_evidence,No
4,Day 4,Tray 4,4,DJI_20260622122526_0004,35,4,5,1794.02,1262.213,1641.24,1109.433,1946.8,1414.993,305.56,0.0149,direct_cup_evidence,No
4,Day 4,Tray 4,4,DJI_20260622122526_0004,36,4,6,2193.427,1260.007,2040.647,1107.227,2346.207,1412.787,305.56,0.0056,direct_cup_evidence,No
4,Day 4,Tray 4,4,DJI_20260622122526_0004,37,4,7,2588.466,1258.224,2435.686,1105.444,2741.246,1411.004,305.56,0.2417,global_lattice_fitted,Yes
4,Day 4,Tray 4,4,DJI_20260622122526_0004,38,4,8,2994.447,1260.007,2841.667,1107.227,3147.227,1412.787,305.56,0.0308,direct_cup_evidence,No
4,Day 4,Tray 4,4,DJI_20260622122526_0004,39,4,9,3385.027,1262.213,3232.247,1109.433,3537.807,1414.993,305.56,0.0193,direct_cup_evidence,No
4,Day 4,Tray 4,4,DJI_20260622122526_0004,40,4,10,3771.193,1253.387,3618.413,1100.607,3923.973,1406.167,305.56,0.0191,direct_cup_evidence,No
4,Day 4,Tray 4,4,DJI_20260622122526_0004,41,5,1,216.253,1595.42,63.473,1442.64,369.033,1748.2,305.56,0.0089,direct_cup_evidence,No
4,Day 4,Tray 4,4,DJI_20260622122526_0004,42,5,2,606.833,1591.007,454.053,1438.227,759.613,1743.787,305.56,0.0217,direct_cup_evidence,No
4,Day 4,Tray 4,4,DJI_20260622122526_0004,43,5,3,1001.827,1597.627,849.047,1444.847,1154.607,1750.407,305.56,0.0112,direct_cup_evidence,No
4,Day 4,Tray 4,4,DJI_20260622122526_0004,44,5,4,1396.82,1599.833,1244.04,1447.053,1549.6,1752.613,305.56,0.0146,direct_cup_evidence,No
4,Day 4,Tray 4,4,DJI_20260622122526_0004,45,5,5,1802.847,1599.833,1650.067,1447.053,1955.627,1752.613,305.56,0.0184,direct_cup_evidence,No
4,Day 4,Tray 4,4,DJI_20260622122526_0004,46,5,6,2200.047,1606.453,2047.267,1453.673,2352.827,1759.233,305.56,0.0337,direct_cup_evidence,No
4,Day 4,Tray 4,4,DJI_20260622122526_0004,47,5,7,2590.627,1597.627,2437.847,1444.847,2743.407,1750.407,305.56,0.0068,direct_cup_evidence,No
4,Day 4,Tray 4,4,DJI_20260622122526_0004,48,5,8,2937.073,1597.627,2784.293,1444.847,3089.853,1750.407,305.56,0.1382,direct_cup_evidence,No
4,Day 4,Tray 4,4,DJI_20260622122526_0004,49,5,9,3380.613,1595.42,3227.833,1442.64,3533.393,1748.2,305.56,0.0074,direct_cup_evidence,No
4,Day 4,Tray 4,4,DJI_20260622122526_0004,50,5,10,3771.193,1591.007,3618.413,1438.227,3923.973,1743.787,305.56,0.0234,direct_cup_evidence,No
4,Day 4,Tray 4,4,DJI_20260622122526_0004,51,6,1,218.46,1935.247,65.68,1782.467,371.24,2088.027,305.56,0.014,direct_cup_evidence,No
4,Day 4,Tray 4,4,DJI_20260622122526_0004,52,6,2,613.453,1937.453,460.673,1784.673,766.233,2090.233,305.56,0.0108,direct_cup_evidence,No
4,Day 4,Tray 4,4,DJI_20260622122526_0004,53,6,3,1004.033,1937.453,851.253,1784.673,1156.813,2090.233,305.56,0.0043,direct_cup_evidence,No
4,Day 4,Tray 4,4,DJI_20260622122526_0004,54,6,4,1401.233,1939.66,1248.453,1786.88,1554.013,2092.44,305.56,0.0072,direct_cup_evidence,No
4,Day 4,Tray 4,4,DJI_20260622122526_0004,55,6,5,1794.02,1941.867,1641.24,1789.087,1946.8,2094.647,305.56,0.016,direct_cup_evidence,No
4,Day 4,Tray 4,4,DJI_20260622122526_0004,56,6,6,2195.633,1941.867,2042.853,1789.087,2348.413,2094.647,305.56,0.0165,direct_cup_evidence,No
4,Day 4,Tray 4,4,DJI_20260622122526_0004,57,6,7,2588.42,1930.833,2435.64,1778.053,2741.2,2083.613,305.56,0.0189,direct_cup_evidence,No
4,Day 4,Tray 4,4,DJI_20260622122526_0004,58,6,8,2983.413,1928.627,2830.633,1775.847,3136.193,2081.407,305.56,0.0254,direct_cup_evidence,No
4,Day 4,Tray 4,4,DJI_20260622122526_0004,59,6,9,3387.233,1950.693,3234.453,1797.913,3540.013,2103.473,305.56,0.0456,direct_cup_evidence,No
4,Day 4,Tray 4,4,DJI_20260622122526_0004,60,6,10,3771.193,1966.14,3618.413,1813.36,3923.973,2118.92,305.56,0.0858,direct_cup_evidence,No
4,Day 4,Tray 4,4,DJI_20260622122526_0004,61,7,1,222.873,2261.833,70.093,2109.053,375.653,2414.613,305.56,0.0511,direct_cup_evidence,No
4,Day 4,Tray 4,4,DJI_20260622122526_0004,62,7,2,617.867,2268.453,465.087,2115.673,770.647,2421.233,305.56,0.0343,direct_cup_evidence,No
4,Day 4,Tray 4,4,DJI_20260622122526_0004,63,7,3,1008.447,2270.66,855.667,2117.88,1161.227,2423.44,305.56,0.0201,direct_cup_evidence,No
4,Day 4,Tray 4,4,DJI_20260622122526_0004,64,7,4,1401.233,2281.693,1248.453,2128.913,1554.013,2434.473,305.56,0.0146,direct_cup_evidence,No
4,Day 4,Tray 4,4,DJI_20260622122526_0004,65,7,5,1794.02,2270.66,1641.24,2117.88,1946.8,2423.44,305.56,0.0195,direct_cup_evidence,No
4,Day 4,Tray 4,4,DJI_20260622122526_0004,66,7,6,2193.427,2281.693,2040.647,2128.913,2346.207,2434.473,305.56,0.0149,direct_cup_evidence,No
4,Day 4,Tray 4,4,DJI_20260622122526_0004,67,7,7,2588.42,2268.453,2435.64,2115.673,2741.2,2421.233,305.56,0.0245,direct_cup_evidence,No
4,Day 4,Tray 4,4,DJI_20260622122526_0004,68,7,8,2976.793,2272.867,2824.013,2120.087,3129.573,2425.647,305.56,0.0233,direct_cup_evidence,No
4,Day 4,Tray 4,4,DJI_20260622122526_0004,69,7,9,3369.58,2270.66,3216.8,2117.88,3522.36,2423.44,305.56,0.034,direct_cup_evidence,No
4,Day 4,Tray 4,4,DJI_20260622122526_0004,70,7,10,3764.573,2259.627,3611.793,2106.847,3917.353,2412.407,305.56,0.0592,direct_cup_evidence,No
4,Day 4,Tray 5,5,DJI_20260622122624_0005,1,1,1,194.284,247.271,40.782,93.768,347.787,400.774,307.006,0.0686,direct_cup_evidence,No
4,Day 4,Tray 5,5,DJI_20260622122624_0005,2,1,2,574.022,253.894,420.519,100.392,727.525,407.397,307.006,0.0452,direct_cup_evidence,No
4,Day 4,Tray 5,5,DJI_20260622122624_0005,3,1,3,971.422,242.856,817.919,89.353,1124.925,396.358,307.006,0.0112,direct_cup_evidence,No
4,Day 4,Tray 5,5,DJI_20260622122624_0005,4,1,4,1366.614,245.063,1213.112,91.56,1520.117,398.566,307.006,0.0067,direct_cup_evidence,No
4,Day 4,Tray 5,5,DJI_20260622122624_0005,5,1,5,1755.183,245.063,1601.68,91.56,1908.686,398.566,307.006,0.0223,direct_cup_evidence,No
4,Day 4,Tray 5,5,DJI_20260622122624_0005,6,1,6,2150.376,240.648,1996.873,87.145,2303.878,394.151,307.006,0.0347,direct_cup_evidence,No
4,Day 4,Tray 5,5,DJI_20260622122624_0005,7,1,7,2552.191,240.648,2398.688,87.145,2705.694,394.151,307.006,0.0303,direct_cup_evidence,No
4,Day 4,Tray 5,5,DJI_20260622122624_0005,8,1,8,2951.799,245.063,2798.296,91.56,3105.302,398.566,307.006,0.0214,direct_cup_evidence,No
4,Day 4,Tray 5,5,DJI_20260622122624_0005,9,1,9,3340.368,245.063,3186.865,91.56,3493.871,398.566,307.006,0.043,direct_cup_evidence,No
4,Day 4,Tray 5,5,DJI_20260622122624_0005,10,1,10,3746.599,242.856,3593.096,89.353,3900.102,396.358,307.006,0.0395,direct_cup_evidence,No
4,Day 4,Tray 5,5,DJI_20260622122624_0005,11,2,1,189.869,578.438,36.366,424.935,343.372,731.941,307.006,0.048,direct_cup_evidence,No
4,Day 4,Tray 5,5,DJI_20260622122624_0005,12,2,2,576.23,585.061,422.727,431.558,729.733,738.564,307.006,0.0218,direct_cup_evidence,No
4,Day 4,Tray 5,5,DJI_20260622122624_0005,13,2,3,971.422,578.438,817.919,424.935,1124.925,731.941,307.006,0.0143,direct_cup_evidence,No
4,Day 4,Tray 5,5,DJI_20260622122624_0005,14,2,4,1366.614,580.646,1213.112,427.143,1520.117,734.148,307.006,0.011,direct_cup_evidence,No
4,Day 4,Tray 5,5,DJI_20260622122624_0005,15,2,5,1750.768,591.684,1597.265,438.182,1904.271,745.187,307.006,0.0387,direct_cup_evidence,No
4,Day 4,Tray 5,5,DJI_20260622122624_0005,16,2,6,2152.583,587.269,1999.08,433.766,2306.086,740.772,307.006,0.0226,direct_cup_evidence,No
4,Day 4,Tray 5,5,DJI_20260622122624_0005,17,2,7,2554.399,589.477,2400.896,435.974,2707.902,742.98,307.006,0.0098,direct_cup_evidence,No
4,Day 4,Tray 5,5,DJI_20260622122624_0005,18,2,8,2945.176,589.477,2791.673,435.974,3098.678,742.98,307.006,0.03,direct_cup_evidence,No
4,Day 4,Tray 5,5,DJI_20260622122624_0005,19,2,9,3355.822,587.269,3202.319,433.766,3509.325,740.772,307.006,0.025,direct_cup_evidence,No
4,Day 4,Tray 5,5,DJI_20260622122624_0005,20,2,10,3753.222,589.477,3599.719,435.974,3906.725,742.98,307.006,0.0249,direct_cup_evidence,No
4,Day 4,Tray 5,5,DJI_20260622122624_0005,21,3,1,187.661,918.436,34.158,764.933,341.164,1071.938,307.006,0.0413,direct_cup_evidence,No
4,Day 4,Tray 5,5,DJI_20260622122624_0005,22,3,2,567.399,920.643,413.896,767.14,720.902,1074.146,307.006,0.0104,direct_cup_evidence,No
4,Day 4,Tray 5,5,DJI_20260622122624_0005,23,3,3,958.176,925.059,804.673,771.556,1111.678,1078.562,307.006,0.0301,direct_cup_evidence,No
4,Day 4,Tray 5,5,DJI_20260622122624_0005,24,3,4,1359.991,922.851,1206.488,769.348,1513.494,1076.354,307.006,0.018,direct_cup_evidence,No
4,Day 4,Tray 5,5,DJI_20260622122624_0005,25,3,5,1762.928,927.5,1609.425,773.997,1916.431,1081.003,307.006,0.2582,global_lattice_fitted,Yes
4,Day 4,Tray 5,5,DJI_20260622122624_0005,26,3,6,2152.583,929.474,1999.08,775.972,2306.086,1082.977,307.006,0.0225,direct_cup_evidence,No
4,Day 4,Tray 5,5,DJI_20260622122624_0005,27,3,7,2549.983,929.474,2396.48,775.972,2703.486,1082.977,307.006,0.0233,direct_cup_evidence,No
4,Day 4,Tray 5,5,DJI_20260622122624_0005,28,3,8,2956.214,929.474,2802.712,775.972,3109.717,1082.977,307.006,0.0137,direct_cup_evidence,No
4,Day 4,Tray 5,5,DJI_20260622122624_0005,29,3,9,3346.991,931.682,3193.488,778.179,3500.494,1085.185,307.006,0.0202,direct_cup_evidence,No
4,Day 4,Tray 5,5,DJI_20260622122624_0005,30,3,10,3751.014,933.89,3597.512,780.387,3904.517,1087.393,307.006,0.0134,direct_cup_evidence,No
4,Day 4,Tray 5,5,DJI_20260622122624_0005,31,4,1,192.077,1251.81,38.574,1098.307,345.58,1405.313,307.006,0.0591,direct_cup_evidence,No
4,Day 4,Tray 5,5,DJI_20260622122624_0005,32,4,2,567.399,1256.226,413.896,1102.723,720.902,1409.728,307.006,0.0204,direct_cup_evidence,No
4,Day 4,Tray 5,5,DJI_20260622122624_0005,33,4,3,958.176,1260.641,804.673,1107.138,1111.678,1414.144,307.006,0.0317,direct_cup_evidence,No
4,Day 4,Tray 5,5,DJI_20260622122624_0005,34,4,4,1329.082,1273.888,1175.579,1120.385,1482.585,1427.391,307.006,0.1095,direct_cup_evidence,No
4,Day 4,Tray 5,5,DJI_20260622122624_0005,35,4,5,1757.391,1267.264,1603.888,1113.762,1910.894,1420.767,307.006,0.0169,direct_cup_evidence,No
4,Day 4,Tray 5,5,DJI_20260622122624_0005,36,4,6,2161.414,1267.264,2007.912,1113.762,2314.917,1420.767,307.006,0.0107,direct_cup_evidence,No
4,Day 4,Tray 5,5,DJI_20260622122624_0005,37,4,7,2554.399,1273.888,2400.896,1120.385,2707.902,1427.391,307.006,0.01,direct_cup_evidence,No
4,Day 4,Tray 5,5,DJI_20260622122624_0005,38,4,8,2958.422,1273.888,2804.919,1120.385,3111.925,1427.391,307.006,0.0106,direct_cup_evidence,No
4,Day 4,Tray 5,5,DJI_20260622122624_0005,39,4,9,3353.614,1267.264,3200.112,1113.762,3507.117,1420.767,307.006,0.0294,direct_cup_evidence,No
4,Day 4,Tray 5,5,DJI_20260622122624_0005,40,4,10,3757.638,1273.888,3604.135,1120.385,3911.141,1427.391,307.006,0.0283,direct_cup_evidence,No
4,Day 4,Tray 5,5,DJI_20260622122624_0005,41,5,1,181.038,1591.808,27.535,1438.305,334.541,1745.311,307.006,0.0347,direct_cup_evidence,No
4,Day 4,Tray 5,5,DJI_20260622122624_0005,42,5,2,618.178,1611.678,464.675,1458.175,771.681,1765.181,307.006,0.1402,direct_cup_evidence,No
4,Day 4,Tray 5,5,DJI_20260622122624_0005,43,5,3,960.383,1607.262,806.88,1453.759,1113.886,1760.765,307.006,0.0242,direct_cup_evidence,No
4,Day 4,Tray 5,5,DJI_20260622122624_0005,44,5,4,1353.368,1600.639,1199.865,1447.136,1506.871,1754.142,307.006,0.0416,direct_cup_evidence,No
4,Day 4,Tray 5,5,DJI_20260622122624_0005,45,5,5,1752.976,1611.678,1599.473,1458.175,1906.478,1765.181,307.006,0.0302,direct_cup_evidence,No
4,Day 4,Tray 5,5,DJI_20260622122624_0005,46,5,6,2187.908,1624.924,2034.405,1471.422,2341.411,1778.427,307.006,0.0892,direct_cup_evidence,No
4,Day 4,Tray 5,5,DJI_20260622122624_0005,47,5,7,2552.191,1613.886,2398.688,1460.383,2705.694,1767.388,307.006,0.0163,direct_cup_evidence,No
4,Day 4,Tray 5,5,DJI_20260622122624_0005,48,5,8,2951.799,1618.301,2798.296,1464.798,3105.302,1771.804,307.006,0.0115,direct_cup_evidence,No
4,Day 4,Tray 5,5,DJI_20260622122624_0005,49,5,9,3353.614,1618.301,3200.112,1464.798,3507.117,1771.804,307.006,0.0035,direct_cup_evidence,No
4,Day 4,Tray 5,5,DJI_20260622122624_0005,50,5,10,3759.846,1620.509,3606.343,1467.006,3913.348,1774.012,307.006,0.0296,direct_cup_evidence,No
4,Day 4,Tray 5,5,DJI_20260622122624_0005,51,6,1,183.246,1918.559,29.743,1765.056,336.748,2072.062,307.006,0.0747,direct_cup_evidence,No
4,Day 4,Tray 5,5,DJI_20260622122624_0005,52,6,2,565.191,1940.637,411.688,1787.134,718.694,2094.14,307.006,0.0207,direct_cup_evidence,No
4,Day 4,Tray 5,5,DJI_20260622122624_0005,53,6,3,958.176,1945.052,804.673,1791.549,1111.678,2098.555,307.006,0.0306,direct_cup_evidence,No
4,Day 4,Tray 5,5,DJI_20260622122624_0005,54,6,4,1359.991,1951.676,1206.488,1798.173,1513.494,2105.178,307.006,0.0192,direct_cup_evidence,No
4,Day 4,Tray 5,5,DJI_20260622122624_0005,55,6,5,1752.976,1956.091,1599.473,1802.588,1906.478,2109.594,307.006,0.0336,direct_cup_evidence,No
4,Day 4,Tray 5,5,DJI_20260622122624_0005,56,6,6,2154.791,1962.714,2001.288,1809.212,2308.294,2116.217,307.006,0.033,direct_cup_evidence,No
4,Day 4,Tray 5,5,DJI_20260622122624_0005,57,6,7,2549.983,1958.299,2396.48,1804.796,2703.486,2111.802,307.006,0.0248,direct_cup_evidence,No
4,Day 4,Tray 5,5,DJI_20260622122624_0005,58,6,8,2958.422,1962.714,2804.919,1809.212,3111.925,2116.217,307.006,0.0185,direct_cup_evidence,No
4,Day 4,Tray 5,5,DJI_20260622122624_0005,59,6,9,3358.03,1953.883,3204.527,1800.38,3511.533,2107.386,307.006,0.023,direct_cup_evidence,No
4,Day 4,Tray 5,5,DJI_20260622122624_0005,60,6,10,3797.378,1951.676,3643.875,1798.173,3950.881,2105.178,307.006,0.1424,direct_cup_evidence,No
4,Day 4,Tray 5,5,DJI_20260622122624_0005,61,7,1,187.661,2256.349,34.158,2102.846,341.164,2409.852,307.006,0.0889,direct_cup_evidence,No
4,Day 4,Tray 5,5,DJI_20260622122624_0005,62,7,2,551.944,2247.518,398.442,2094.015,705.447,2401.021,307.006,0.1249,direct_cup_evidence,No
4,Day 4,Tray 5,5,DJI_20260622122624_0005,63,7,3,942.721,2289.466,789.218,2135.963,1096.224,2442.968,307.006,0.076,direct_cup_evidence,No
4,Day 4,Tray 5,5,DJI_20260622122624_0005,64,7,4,1355.576,2293.881,1202.073,2140.378,1509.078,2447.384,307.006,0.0326,direct_cup_evidence,No
4,Day 4,Tray 5,5,DJI_20260622122624_0005,65,7,5,1752.976,2307.128,1599.473,2153.625,1906.478,2460.631,307.006,0.0537,direct_cup_evidence,No
4,Day 4,Tray 5,5,DJI_20260622122624_0005,66,7,6,2154.791,2309.336,2001.288,2155.833,2308.294,2462.838,307.006,0.0477,direct_cup_evidence,No
4,Day 4,Tray 5,5,DJI_20260622122624_0005,67,7,7,2558.814,2313.751,2405.312,2160.248,2712.317,2467.254,307.006,0.0513,direct_cup_evidence,No
4,Day 4,Tray 5,5,DJI_20260622122624_0005,68,7,8,2960.63,2311.543,2807.127,2158.04,3114.133,2465.046,307.006,0.0416,direct_cup_evidence,No
4,Day 4,Tray 5,5,DJI_20260622122624_0005,69,7,9,3360.238,2309.336,3206.735,2155.833,3513.741,2462.838,307.006,0.0341,direct_cup_evidence,No
4,Day 4,Tray 5,5,DJI_20260622122624_0005,70,7,10,3753.222,2296.089,3599.719,2142.586,3906.725,2449.592,307.006,0.0217,direct_cup_evidence,No
4,Day 4,Tray 6,6,DJI_20260622122657_0006,1,1,1,204.858,270.942,52.184,118.267,357.533,423.616,305.349,0.0175,direct_cup_evidence,No
4,Day 4,Tray 6,6,DJI_20260622122657_0006,2,1,2,592.547,268.739,439.873,116.064,745.222,421.414,305.349,0.0221,direct_cup_evidence,No
4,Day 4,Tray 6,6,DJI_20260622122657_0006,3,1,3,995.656,262.131,842.981,109.456,1148.33,414.805,305.349,0.0062,direct_cup_evidence,No
4,Day 4,Tray 6,6,DJI_20260622122657_0006,4,1,4,1383.344,262.131,1230.67,109.456,1536.019,414.805,305.349,0.0213,direct_cup_evidence,No
4,Day 4,Tray 6,6,DJI_20260622122657_0006,5,1,5,1782.047,255.522,1629.373,102.848,1934.722,408.197,305.349,0.0243,direct_cup_evidence,No
4,Day 4,Tray 6,6,DJI_20260622122657_0006,6,1,6,2174.142,259.928,2021.467,107.253,2326.816,412.602,305.349,0.0242,direct_cup_evidence,No
4,Day 4,Tray 6,6,DJI_20260622122657_0006,7,1,7,2575.047,257.725,2422.373,105.05,2727.722,410.4,305.349,0.0134,direct_cup_evidence,No
4,Day 4,Tray 6,6,DJI_20260622122657_0006,8,1,8,2969.344,259.928,2816.67,107.253,3122.019,412.602,305.349,0.0132,direct_cup_evidence,No
4,Day 4,Tray 6,6,DJI_20260622122657_0006,9,1,9,3368.047,257.725,3215.373,105.05,3520.722,410.4,305.349,0.0078,direct_cup_evidence,No
4,Day 4,Tray 6,6,DJI_20260622122657_0006,10,1,10,3749.128,257.725,3596.453,105.05,3901.802,410.4,305.349,0.0482,direct_cup_evidence,No
4,Day 4,Tray 6,6,DJI_20260622122657_0006,11,2,1,202.656,603.561,49.981,450.886,355.33,756.236,305.349,0.0069,direct_cup_evidence,No
4,Day 4,Tray 6,6,DJI_20260622122657_0006,12,2,2,601.358,599.156,448.684,446.481,754.033,751.83,305.349,0.0203,direct_cup_evidence,No
4,Day 4,Tray 6,6,DJI_20260622122657_0006,13,2,3,984.642,603.561,831.967,450.886,1137.316,756.236,305.349,0.0223,direct_cup_evidence,No
4,Day 4,Tray 6,6,DJI_20260622122657_0006,14,2,4,1407.575,592.547,1254.9,439.873,1560.25,745.222,305.349,0.0647,direct_cup_evidence,No
4,Day 4,Tray 6,6,DJI_20260622122657_0006,15,2,5,1777.642,601.358,1624.967,448.684,1930.316,754.033,305.349,0.0184,direct_cup_evidence,No
4,Day 4,Tray 6,6,DJI_20260622122657_0006,16,2,6,2178.547,603.561,2025.873,450.886,2331.222,756.236,305.349,0.0077,direct_cup_evidence,No
4,Day 4,Tray 6,6,DJI_20260622122657_0006,17,2,7,2572.844,599.156,2420.17,446.481,2725.519,751.83,305.349,0.0088,direct_cup_evidence,No
4,Day 4,Tray 6,6,DJI_20260622122657_0006,18,2,8,2997.981,592.547,2845.306,439.873,3150.655,745.222,305.349,0.0814,direct_cup_evidence,No
4,Day 4,Tray 6,6,DJI_20260622122657_0006,19,2,9,3368.047,579.331,3215.373,426.656,3520.722,732.005,305.349,0.0585,direct_cup_evidence,No
4,Day 4,Tray 6,6,DJI_20260622122657_0006,20,2,10,3757.939,627.792,3605.264,475.117,3910.614,780.466,305.349,0.0877,direct_cup_evidence,No
4,Day 4,Tray 6,6,DJI_20260622122657_0006,21,3,1,202.656,942.789,49.981,790.114,355.33,1095.464,305.349,0.0137,direct_cup_evidence,No
4,Day 4,Tray 6,6,DJI_20260622122657_0006,22,3,2,592.547,942.789,439.873,790.114,745.222,1095.464,305.349,0.0043,direct_cup_evidence,No
4,Day 4,Tray 6,6,DJI_20260622122657_0006,23,3,3,1026.494,982.439,873.82,829.764,1179.169,1135.114,305.349,0.1599,direct_cup_evidence,No
4,Day 4,Tray 6,6,DJI_20260622122657_0006,24,3,4,1383.344,936.181,1230.67,783.506,1536.019,1088.855,305.349,0.0179,direct_cup_evidence,No
4,Day 4,Tray 6,6,DJI_20260622122657_0006,25,3,5,1777.642,942.789,1624.967,790.114,1930.316,1095.464,305.349,0.0121,direct_cup_evidence,No
4,Day 4,Tray 6,6,DJI_20260622122657_0006,26,3,6,2174.142,942.789,2021.467,790.114,2326.816,1095.464,305.349,0.0114,direct_cup_evidence,No
4,Day 4,Tray 6,6,DJI_20260622122657_0006,27,3,7,2572.844,942.789,2420.17,790.114,2725.519,1095.464,305.349,0.0089,direct_cup_evidence,No
4,Day 4,Tray 6,6,DJI_20260622122657_0006,28,3,8,2964.939,942.789,2812.264,790.114,3117.614,1095.464,305.349,0.0159,direct_cup_evidence,No
4,Day 4,Tray 6,6,DJI_20260622122657_0006,29,3,9,3335.006,905.342,3182.331,752.667,3487.68,1058.016,305.349,0.1311,direct_cup_evidence,No
4,Day 4,Tray 6,6,DJI_20260622122657_0006,30,3,10,3757.939,936.181,3605.264,783.506,3910.614,1088.855,305.349,0.0089,direct_cup_evidence,No
4,Day 4,Tray 6,6,DJI_20260622122657_0006,31,4,1,200.453,1277.611,47.778,1124.936,353.127,1430.286,305.349,0.0215,direct_cup_evidence,No
4,Day 4,Tray 6,6,DJI_20260622122657_0006,32,4,2,590.344,1277.611,437.67,1124.936,743.019,1430.286,305.349,0.0146,direct_cup_evidence,No
4,Day 4,Tray 6,6,DJI_20260622122657_0006,33,4,3,984.642,1275.408,831.967,1122.734,1137.316,1428.083,305.349,0.0203,direct_cup_evidence,No
4,Day 4,Tray 6,6,DJI_20260622122657_0006,34,4,4,1381.142,1284.219,1228.467,1131.545,1533.816,1436.894,305.349,0.011,direct_cup_evidence,No
4,Day 4,Tray 6,6,DJI_20260622122657_0006,35,4,5,1768.831,1284.219,1616.156,1131.545,1921.505,1436.894,305.349,0.0319,direct_cup_evidence,No
4,Day 4,Tray 6,6,DJI_20260622122657_0006,36,4,6,2178.547,1271.003,2025.873,1118.328,2331.222,1423.677,305.349,0.028,direct_cup_evidence,No
4,Day 4,Tray 6,6,DJI_20260622122657_0006,37,4,7,2572.844,1279.814,2420.17,1127.139,2725.519,1432.489,305.349,0.0069,direct_cup_evidence,No
4,Day 4,Tray 6,6,DJI_20260622122657_0006,38,4,8,2971.547,1279.814,2818.873,1127.139,3124.222,1432.489,305.349,0.0156,direct_cup_evidence,No
4,Day 4,Tray 6,6,DJI_20260622122657_0006,39,4,9,3361.439,1277.611,3208.764,1124.936,3514.114,1430.286,305.349,0.0025,direct_cup_evidence,No
4,Day 4,Tray 6,6,DJI_20260622122657_0006,40,4,10,3760.142,1264.394,3607.467,1111.72,3912.816,1417.069,305.349,0.0377,direct_cup_evidence,No
4,Day 4,Tray 6,6,DJI_20260622122657_0006,41,5,1,200.453,1616.839,47.778,1464.164,353.127,1769.514,305.349,0.0268,direct_cup_evidence,No
4,Day 4,Tray 6,6,DJI_20260622122657_0006,42,5,2,592.547,1619.042,439.873,1466.367,745.222,1771.716,305.349,0.0129,direct_cup_evidence,No
4,Day 4,Tray 6,6,DJI_20260622122657_0006,43,5,3,986.844,1619.042,834.17,1466.367,1139.519,1771.716,305.349,0.0082,direct_cup_evidence,No
4,Day 4,Tray 6,6,DJI_20260622122657_0006,44,5,4,1378.939,1621.244,1226.264,1468.57,1531.614,1773.919,305.349,0.0058,direct_cup_evidence,No
4,Day 4,Tray 6,6,DJI_20260622122657_0006,45,5,5,1779.844,1614.636,1627.17,1461.961,1932.519,1767.311,305.349,0.0178,direct_cup_evidence,No
4,Day 4,Tray 6,6,DJI_20260622122657_0006,46,5,6,2174.142,1623.447,2021.467,1470.773,2326.816,1776.122,305.349,0.0141,direct_cup_evidence,No
4,Day 4,Tray 6,6,DJI_20260622122657_0006,47,5,7,2566.236,1619.042,2413.561,1466.367,2718.911,1771.716,305.349,0.0061,direct_cup_evidence,No
4,Day 4,Tray 6,6,DJI_20260622122657_0006,48,5,8,2969.344,1621.244,2816.67,1468.57,3122.019,1773.919,305.349,0.019,direct_cup_evidence,No
4,Day 4,Tray 6,6,DJI_20260622122657_0006,49,5,9,3365.844,1616.839,3213.17,1464.164,3518.519,1769.514,305.349,0.0177,direct_cup_evidence,No
4,Day 4,Tray 6,6,DJI_20260622122657_0006,50,5,10,3760.142,1614.636,3607.467,1461.961,3912.816,1767.311,305.349,0.0141,direct_cup_evidence,No
4,Day 4,Tray 6,6,DJI_20260622122657_0006,51,6,1,202.656,1951.661,49.981,1798.986,355.33,2104.336,305.349,0.0457,direct_cup_evidence,No
4,Day 4,Tray 6,6,DJI_20260622122657_0006,52,6,2,559.506,1971.486,406.831,1818.811,712.18,2124.161,305.349,0.0857,direct_cup_evidence,No
4,Day 4,Tray 6,6,DJI_20260622122657_0006,53,6,3,956.006,2002.325,803.331,1849.65,1108.68,2155.0,305.349,0.1463,direct_cup_evidence,No
4,Day 4,Tray 6,6,DJI_20260622122657_0006,54,6,4,1378.939,1967.081,1226.264,1814.406,1531.614,2119.755,305.349,0.0221,direct_cup_evidence,No
4,Day 4,Tray 6,6,DJI_20260622122657_0006,55,6,5,1775.439,1964.878,1622.764,1812.203,1928.114,2117.552,305.349,0.0179,direct_cup_evidence,No
4,Day 4,Tray 6,6,DJI_20260622122657_0006,56,6,6,2176.344,1967.081,2023.67,1814.406,2329.019,2119.755,305.349,0.0321,direct_cup_evidence,No
4,Day 4,Tray 6,6,DJI_20260622122657_0006,57,6,7,2561.831,1958.269,2409.156,1805.595,2714.505,2110.944,305.349,0.0117,direct_cup_evidence,No
4,Day 4,Tray 6,6,DJI_20260622122657_0006,58,6,8,2964.939,1958.269,2812.264,1805.595,3117.614,2110.944,305.349,0.0107,direct_cup_evidence,No
4,Day 4,Tray 6,6,DJI_20260622122657_0006,59,6,9,3368.047,1912.011,3215.373,1759.336,3520.722,2064.686,305.349,0.1341,direct_cup_evidence,No
4,Day 4,Tray 6,6,DJI_20260622122657_0006,60,6,10,3757.939,1947.256,3605.264,1794.581,3910.614,2099.93,305.349,0.0281,direct_cup_evidence,No
4,Day 4,Tray 6,6,DJI_20260622122657_0006,61,7,1,200.453,2284.281,47.778,2131.606,353.127,2436.955,305.349,0.0606,direct_cup_evidence,No
4,Day 4,Tray 6,6,DJI_20260622122657_0006,62,7,2,552.897,2290.889,400.223,2138.214,705.572,2443.564,305.349,0.0962,direct_cup_evidence,No
4,Day 4,Tray 6,6,DJI_20260622122657_0006,63,7,3,986.844,2288.686,834.17,2136.011,1139.519,2441.361,305.349,0.0379,direct_cup_evidence,No
4,Day 4,Tray 6,6,DJI_20260622122657_0006,64,7,4,1376.736,2290.889,1224.061,2138.214,1529.411,2443.564,305.349,0.0237,direct_cup_evidence,No
4,Day 4,Tray 6,6,DJI_20260622122657_0006,65,7,5,1768.831,2295.294,1616.156,2142.62,1921.505,2447.969,305.349,0.012,direct_cup_evidence,No
4,Day 4,Tray 6,6,DJI_20260622122657_0006,66,7,6,2171.939,2304.106,2019.264,2151.431,2324.614,2456.78,305.349,0.0234,direct_cup_evidence,No
4,Day 4,Tray 6,6,DJI_20260622122657_0006,67,7,7,2566.236,2293.092,2413.561,2140.417,2718.911,2445.766,305.349,0.0141,direct_cup_evidence,No
4,Day 4,Tray 6,6,DJI_20260622122657_0006,68,7,8,2967.142,2301.903,2814.467,2149.228,3119.816,2454.577,305.349,0.029,direct_cup_evidence,No
4,Day 4,Tray 6,6,DJI_20260622122657_0006,69,7,9,3339.411,2295.294,3186.736,2142.62,3492.086,2447.969,305.349,0.0458,direct_cup_evidence,No
4,Day 4,Tray 6,6,DJI_20260622122657_0006,70,7,10,3755.736,2293.092,3603.061,2140.417,3908.411,2445.766,305.349,0.0155,direct_cup_evidence,No
4,Day 4,Tray 7,7,DJI_20260622122752_0007,1,1,1,215.933,251.551,63.527,99.145,368.339,403.956,304.812,0.0378,direct_cup_evidence,No
4,Day 4,Tray 7,7,DJI_20260622122752_0007,2,1,2,612.181,247.098,459.775,94.693,764.586,399.504,304.812,0.0459,direct_cup_evidence,No
4,Day 4,Tray 7,7,DJI_20260622122752_0007,3,1,3,1006.202,251.551,853.796,99.145,1158.608,403.956,304.812,0.0481,direct_cup_evidence,No
4,Day 4,Tray 7,7,DJI_20260622122752_0007,4,1,4,1411.354,247.098,1258.949,94.693,1563.76,399.504,304.812,0.0354,direct_cup_evidence,No
4,Day 4,Tray 7,7,DJI_20260622122752_0007,5,1,5,1814.281,251.551,1661.875,99.145,1966.686,403.956,304.812,0.0162,direct_cup_evidence,No
4,Day 4,Tray 7,7,DJI_20260622122752_0007,6,1,6,2219.433,256.003,2067.027,103.597,2371.839,408.409,304.812,0.0208,direct_cup_evidence,No
4,Day 4,Tray 7,7,DJI_20260622122752_0007,7,1,7,2622.359,258.229,2469.953,105.823,2774.765,410.635,304.812,0.0384,direct_cup_evidence,No
4,Day 4,Tray 7,7,DJI_20260622122752_0007,8,1,8,3016.381,258.229,2863.975,105.823,3168.786,410.635,304.812,0.0299,direct_cup_evidence,No
4,Day 4,Tray 7,7,DJI_20260622122752_0007,9,1,9,3412.628,260.455,3260.223,108.049,3565.034,412.861,304.812,0.0289,direct_cup_evidence,No
4,Day 4,Tray 7,7,DJI_20260622122752_0007,10,1,10,3802.198,264.907,3649.792,112.501,3954.604,417.313,304.812,0.0205,direct_cup_evidence,No
4,Day 4,Tray 7,7,DJI_20260622122752_0007,11,2,1,218.159,592.146,65.753,439.74,370.565,744.551,304.812,0.0318,direct_cup_evidence,No
4,Day 4,Tray 7,7,DJI_20260622122752_0007,12,2,2,616.633,596.598,464.227,444.192,769.039,749.004,304.812,0.027,direct_cup_evidence,No
4,Day 4,Tray 7,7,DJI_20260622122752_0007,13,2,3,1012.881,605.502,860.475,453.096,1165.286,757.908,304.812,0.042,direct_cup_evidence,No
4,Day 4,Tray 7,7,DJI_20260622122752_0007,14,2,4,1413.581,596.598,1261.175,444.192,1565.986,749.004,304.812,0.0175,direct_cup_evidence,No
4,Day 4,Tray 7,7,DJI_20260622122752_0007,15,2,5,1818.733,596.598,1666.327,444.192,1971.139,749.004,304.812,0.0079,direct_cup_evidence,No
4,Day 4,Tray 7,7,DJI_20260622122752_0007,16,2,6,2219.433,596.598,2067.027,444.192,2371.839,749.004,304.812,0.0187,direct_cup_evidence,No
4,Day 4,Tray 7,7,DJI_20260622122752_0007,17,2,7,2613.454,594.372,2461.049,441.966,2765.86,746.777,304.812,0.0113,direct_cup_evidence,No
4,Day 4,Tray 7,7,DJI_20260622122752_0007,18,2,8,3016.381,596.598,2863.975,444.192,3168.786,749.004,304.812,0.0279,direct_cup_evidence,No
4,Day 4,Tray 7,7,DJI_20260622122752_0007,19,2,9,3403.724,605.502,3251.318,453.096,3556.13,757.908,304.812,0.026,direct_cup_evidence,No
4,Day 4,Tray 7,7,DJI_20260622122752_0007,20,2,10,3802.198,603.276,3649.792,450.87,3954.604,755.682,304.812,0.0191,direct_cup_evidence,No
4,Day 4,Tray 7,7,DJI_20260622122752_0007,21,3,1,220.385,937.193,67.979,784.787,372.791,1089.599,304.812,0.0291,direct_cup_evidence,No
4,Day 4,Tray 7,7,DJI_20260622122752_0007,22,3,2,621.085,932.741,468.679,780.335,773.491,1085.146,304.812,0.0154,direct_cup_evidence,No
4,Day 4,Tray 7,7,DJI_20260622122752_0007,23,3,3,1012.881,937.193,860.475,784.787,1165.286,1089.599,304.812,0.0321,direct_cup_evidence,No
4,Day 4,Tray 7,7,DJI_20260622122752_0007,24,3,4,1418.033,939.419,1265.627,787.013,1570.439,1091.825,304.812,0.0172,direct_cup_evidence,No
4,Day 4,Tray 7,7,DJI_20260622122752_0007,25,3,5,1820.959,939.419,1668.553,787.013,1973.365,1091.825,304.812,0.0194,direct_cup_evidence,No
4,Day 4,Tray 7,7,DJI_20260622122752_0007,26,3,6,2214.981,932.741,2062.575,780.335,2367.386,1085.146,304.812,0.0062,direct_cup_evidence,No
4,Day 4,Tray 7,7,DJI_20260622122752_0007,27,3,7,2615.681,932.741,2463.275,780.335,2768.086,1085.146,304.812,0.0158,direct_cup_evidence,No
4,Day 4,Tray 7,7,DJI_20260622122752_0007,28,3,8,3027.511,932.741,2875.105,780.335,3179.917,1085.146,304.812,0.0591,direct_cup_evidence,No
4,Day 4,Tray 7,7,DJI_20260622122752_0007,29,3,9,3408.176,941.645,3255.77,789.239,3560.582,1094.051,304.812,0.0215,direct_cup_evidence,No
4,Day 4,Tray 7,7,DJI_20260622122752_0007,30,3,10,3791.067,926.062,3638.661,773.656,3943.473,1078.468,304.812,0.0416,direct_cup_evidence,No
4,Day 4,Tray 7,7,DJI_20260622122752_0007,31,4,1,229.289,1273.336,76.884,1120.93,381.695,1425.741,304.812,0.0051,direct_cup_evidence,No
4,Day 4,Tray 7,7,DJI_20260622122752_0007,32,4,2,661.155,1226.587,508.749,1074.181,813.561,1378.993,304.812,0.168,direct_cup_evidence,No
4,Day 4,Tray 7,7,DJI_20260622122752_0007,33,4,3,1026.237,1273.336,873.831,1120.93,1178.643,1425.741,304.812,0.0077,direct_cup_evidence,No
4,Day 4,Tray 7,7,DJI_20260622122752_0007,34,4,4,1418.033,1273.336,1265.627,1120.93,1570.439,1425.741,304.812,0.0082,direct_cup_evidence,No
4,Day 4,Tray 7,7,DJI_20260622122752_0007,35,4,5,1814.281,1280.014,1661.875,1127.608,1966.686,1432.42,304.812,0.0232,direct_cup_evidence,No
4,Day 4,Tray 7,7,DJI_20260622122752_0007,36,4,6,2219.433,1280.014,2067.027,1127.608,2371.839,1432.42,304.812,0.0248,direct_cup_evidence,No
4,Day 4,Tray 7,7,DJI_20260622122752_0007,37,4,7,2615.681,1277.788,2463.275,1125.382,2768.086,1430.194,304.812,0.0179,direct_cup_evidence,No
4,Day 4,Tray 7,7,DJI_20260622122752_0007,38,4,8,3011.928,1277.788,2859.523,1125.382,3164.334,1430.194,304.812,0.016,direct_cup_evidence,No
4,Day 4,Tray 7,7,DJI_20260622122752_0007,39,4,9,3403.724,1266.657,3251.318,1114.251,3556.13,1419.063,304.812,0.0222,direct_cup_evidence,No
4,Day 4,Tray 7,7,DJI_20260622122752_0007,40,4,10,3797.746,1277.788,3645.34,1125.382,3950.151,1430.194,304.812,0.0164,direct_cup_evidence,No
4,Day 4,Tray 7,7,DJI_20260622122752_0007,41,5,1,229.289,1607.252,76.884,1454.846,381.695,1759.658,304.812,0.0103,direct_cup_evidence,No
4,Day 4,Tray 7,7,DJI_20260622122752_0007,42,5,2,629.989,1609.478,477.584,1457.073,782.395,1761.884,304.812,0.0079,direct_cup_evidence,No
4,Day 4,Tray 7,7,DJI_20260622122752_0007,43,5,3,1024.011,1613.931,871.605,1461.525,1176.417,1766.336,304.812,0.0087,direct_cup_evidence,No
4,Day 4,Tray 7,7,DJI_20260622122752_0007,44,5,4,1424.711,1613.931,1272.305,1461.525,1577.117,1766.336,304.812,0.0125,direct_cup_evidence,No
4,Day 4,Tray 7,7,DJI_20260622122752_0007,45,5,5,1818.733,1618.383,1666.327,1465.977,1971.139,1770.789,304.812,0.0201,direct_cup_evidence,No
4,Day 4,Tray 7,7,DJI_20260622122752_0007,46,5,6,2214.981,1618.383,2062.575,1465.977,2367.386,1770.789,304.812,0.0192,direct_cup_evidence,No
4,Day 4,Tray 7,7,DJI_20260622122752_0007,47,5,7,2606.776,1618.383,2454.37,1465.977,2759.182,1770.789,304.812,0.0242,direct_cup_evidence,No
4,Day 4,Tray 7,7,DJI_20260622122752_0007,48,5,8,3003.024,1609.478,2850.618,1457.073,3155.43,1761.884,304.812,0.0196,direct_cup_evidence,No
4,Day 4,Tray 7,7,DJI_20260622122752_0007,49,5,9,3401.498,1611.704,3249.092,1459.299,3553.904,1764.11,304.812,0.0132,direct_cup_evidence,No
4,Day 4,Tray 7,7,DJI_20260622122752_0007,50,5,10,3791.067,1600.574,3638.661,1448.168,3943.473,1752.98,304.812,0.0504,direct_cup_evidence,No
4,Day 4,Tray 7,7,DJI_20260622122752_0007,51,6,1,247.098,1947.847,94.693,1795.441,399.504,2100.253,304.812,0.0465,direct_cup_evidence,No
4,Day 4,Tray 7,7,DJI_20260622122752_0007,52,6,2,625.537,1952.299,473.131,1799.894,777.943,2104.705,304.812,0.0118,direct_cup_evidence,No
4,Day 4,Tray 7,7,DJI_20260622122752_0007,53,6,3,1024.011,1952.299,871.605,1799.894,1176.417,2104.705,304.812,0.0084,direct_cup_evidence,No
4,Day 4,Tray 7,7,DJI_20260622122752_0007,54,6,4,1420.259,1987.917,1267.853,1835.511,1572.665,2140.323,304.812,0.1121,direct_cup_evidence,No
4,Day 4,Tray 7,7,DJI_20260622122752_0007,55,6,5,1872.159,1943.395,1719.754,1790.989,2024.565,2095.801,304.812,0.1584,direct_cup_evidence,No
4,Day 4,Tray 7,7,DJI_20260622122752_0007,56,6,6,2221.659,1954.526,2069.253,1802.12,2374.065,2106.931,304.812,0.0208,direct_cup_evidence,No
4,Day 4,Tray 7,7,DJI_20260622122752_0007,57,6,7,2611.228,1954.526,2458.823,1802.12,2763.634,2106.931,304.812,0.0118,direct_cup_evidence,No
4,Day 4,Tray 7,7,DJI_20260622122752_0007,58,6,8,2974.084,1958.978,2821.679,1806.572,3126.49,2111.384,304.812,0.1075,direct_cup_evidence,No
4,Day 4,Tray 7,7,DJI_20260622122752_0007,59,6,9,3394.819,1947.847,3242.414,1795.441,3547.225,2100.253,304.812,0.0362,direct_cup_evidence,No
4,Day 4,Tray 7,7,DJI_20260622122752_0007,60,6,10,3835.589,1941.169,3683.184,1788.763,3987.995,2093.575,304.812,0.0999,direct_cup_evidence,No
4,Day 4,Tray 7,7,DJI_20260622122752_0007,61,7,1,242.646,2277.312,90.24,2124.906,395.052,2429.717,304.812,0.044,direct_cup_evidence,No
4,Day 4,Tray 7,7,DJI_20260622122752_0007,62,7,2,607.728,2272.859,455.323,2120.454,760.134,2425.265,304.812,0.0772,direct_cup_evidence,No
4,Day 4,Tray 7,7,DJI_20260622122752_0007,63,7,3,1026.237,2286.216,873.831,2133.81,1178.643,2438.622,304.812,0.0065,direct_cup_evidence,No
4,Day 4,Tray 7,7,DJI_20260622122752_0007,64,7,4,1420.259,2292.894,1267.853,2140.489,1572.665,2445.3,304.812,0.0145,direct_cup_evidence,No
4,Day 4,Tray 7,7,DJI_20260622122752_0007,65,7,5,1792.019,2266.181,1639.614,2113.775,1944.425,2418.587,304.812,0.1057,direct_cup_evidence,No
4,Day 4,Tray 7,7,DJI_20260622122752_0007,66,7,6,2219.433,2286.216,2067.027,2133.81,2371.839,2438.622,304.812,0.0123,direct_cup_evidence,No
4,Day 4,Tray 7,7,DJI_20260622122752_0007,67,7,7,2611.228,2290.668,2458.823,2138.263,2763.634,2443.074,304.812,0.0073,direct_cup_evidence,No
4,Day 4,Tray 7,7,DJI_20260622122752_0007,68,7,8,3007.476,2281.764,2855.07,2129.358,3159.882,2434.17,304.812,0.0252,direct_cup_evidence,No
4,Day 4,Tray 7,7,DJI_20260622122752_0007,69,7,9,3381.463,2275.086,3229.057,2122.68,3533.869,2427.491,304.812,0.088,direct_cup_evidence,No
4,Day 4,Tray 7,7,DJI_20260622122752_0007,70,7,10,3775.484,2268.407,3623.079,2116.001,3927.89,2420.813,304.812,0.1065,direct_cup_evidence,No
4,Day 4,Tray 8,8,DJI_20260622122838_0008,1,1,1,211.058,233.275,58.171,80.388,363.946,386.162,305.774,0.0327,direct_cup_evidence,No
4,Day 4,Tray 8,8,DJI_20260622122838_0008,2,1,2,610.958,228.832,458.071,75.944,763.846,381.719,305.774,0.0352,direct_cup_evidence,No
4,Day 4,Tray 8,8,DJI_20260622122838_0008,3,1,3,1006.415,233.275,853.528,80.388,1159.302,386.162,305.774,0.0308,direct_cup_evidence,No
4,Day 4,Tray 8,8,DJI_20260622122838_0008,4,1,4,1392.985,233.275,1240.098,80.388,1545.872,386.162,305.774,0.0104,direct_cup_evidence,No
4,Day 4,Tray 8,8,DJI_20260622122838_0008,5,1,5,1795.107,235.497,1642.219,82.609,1947.994,388.384,305.774,0.0166,direct_cup_evidence,No
4,Day 4,Tray 8,8,DJI_20260622122838_0008,6,1,6,2183.898,231.053,2031.011,78.166,2336.786,383.941,305.774,0.0174,direct_cup_evidence,No
4,Day 4,Tray 8,8,DJI_20260622122838_0008,7,1,7,2590.463,235.497,2437.576,82.609,2743.351,388.384,305.774,0.0134,direct_cup_evidence,No
4,Day 4,Tray 8,8,DJI_20260622122838_0008,8,1,8,2981.477,233.275,2828.589,80.388,3134.364,386.162,305.774,0.0111,direct_cup_evidence,No
4,Day 4,Tray 8,8,DJI_20260622122838_0008,9,1,9,3376.933,237.718,3224.046,84.831,3529.821,390.606,305.774,0.0217,direct_cup_evidence,No
4,Day 4,Tray 8,8,DJI_20260622122838_0008,10,1,10,3770.168,235.497,3617.281,82.609,3923.056,388.384,305.774,0.031,direct_cup_evidence,No
4,Day 4,Tray 8,8,DJI_20260622122838_0008,11,2,1,222.167,555.417,69.279,402.529,375.054,708.304,305.774,0.0694,direct_cup_evidence,No
4,Day 4,Tray 8,8,DJI_20260622122838_0008,12,2,2,606.515,575.412,453.628,422.524,759.402,728.299,305.774,0.0285,direct_cup_evidence,No
4,Day 4,Tray 8,8,DJI_20260622122838_0008,13,2,3,981.977,575.412,829.089,422.524,1134.864,728.299,305.774,0.0493,direct_cup_evidence,No
4,Day 4,Tray 8,8,DJI_20260622122838_0008,14,2,4,1401.872,566.525,1248.984,413.638,1554.759,719.412,305.774,0.0218,direct_cup_evidence,No
4,Day 4,Tray 8,8,DJI_20260622122838_0008,15,2,5,1792.885,566.525,1639.998,413.638,1945.772,719.412,305.774,0.0116,direct_cup_evidence,No
4,Day 4,Tray 8,8,DJI_20260622122838_0008,16,2,6,2192.785,570.968,2039.898,418.081,2345.672,723.856,305.774,0.0064,direct_cup_evidence,No
4,Day 4,Tray 8,8,DJI_20260622122838_0008,17,2,7,2590.463,570.968,2437.576,418.081,2743.351,723.856,305.774,0.0068,direct_cup_evidence,No
4,Day 4,Tray 8,8,DJI_20260622122838_0008,18,2,8,2961.482,568.747,2808.594,415.859,3114.369,721.634,305.774,0.073,direct_cup_evidence,No
4,Day 4,Tray 8,8,DJI_20260622122838_0008,19,2,9,3381.377,575.412,3228.489,422.524,3534.264,728.299,305.774,0.0096,direct_cup_evidence,No
4,Day 4,Tray 8,8,DJI_20260622122838_0008,20,2,10,3761.282,562.082,3608.394,409.194,3914.169,714.969,305.774,0.0686,direct_cup_evidence,No
4,Day 4,Tray 8,8,DJI_20260622122838_0008,21,3,1,206.615,904.218,53.728,751.331,359.502,1057.106,305.774,0.0146,direct_cup_evidence,No
4,Day 4,Tray 8,8,DJI_20260622122838_0008,22,3,2,602.072,908.662,449.184,755.774,754.959,1061.549,305.774,0.0045,direct_cup_evidence,No
4,Day 4,Tray 8,8,DJI_20260622122838_0008,23,3,3,995.307,908.662,842.419,755.774,1148.194,1061.549,305.774,0.0089,direct_cup_evidence,No
4,Day 4,Tray 8,8,DJI_20260622122838_0008,24,3,4,1401.872,910.883,1248.984,757.996,1554.759,1063.771,305.774,0.0177,direct_cup_evidence,No
4,Day 4,Tray 8,8,DJI_20260622122838_0008,25,3,5,1795.107,913.105,1642.219,760.218,1947.994,1065.992,305.774,0.0095,direct_cup_evidence,No
4,Day 4,Tray 8,8,DJI_20260622122838_0008,26,3,6,2195.007,913.105,2042.119,760.218,2347.894,1065.992,305.774,0.0124,direct_cup_evidence,No
4,Day 4,Tray 8,8,DJI_20260622122838_0008,27,3,7,2590.463,904.218,2437.576,751.331,2743.351,1057.106,305.774,0.0219,direct_cup_evidence,No
4,Day 4,Tray 8,8,DJI_20260622122838_0008,28,3,8,3019.245,915.327,2866.358,762.439,3172.132,1068.214,305.774,0.0959,direct_cup_evidence,No
4,Day 4,Tray 8,8,DJI_20260622122838_0008,29,3,9,3383.598,913.105,3230.711,760.218,3536.486,1065.992,305.774,0.0028,direct_cup_evidence,No
4,Day 4,Tray 8,8,DJI_20260622122838_0008,30,3,10,3781.277,910.883,3628.389,757.996,3934.164,1063.771,305.774,0.0084,direct_cup_evidence,No
4,Day 4,Tray 8,8,DJI_20260622122838_0008,31,4,1,204.393,1244.133,51.506,1091.246,357.281,1397.021,305.774,0.0094,direct_cup_evidence,No
4,Day 4,Tray 8,8,DJI_20260622122838_0008,32,4,2,597.628,1246.355,444.741,1093.468,750.516,1399.242,305.774,0.0121,direct_cup_evidence,No
4,Day 4,Tray 8,8,DJI_20260622122838_0008,33,4,3,1001.972,1241.912,849.084,1089.024,1154.859,1394.799,305.774,0.0214,direct_cup_evidence,No
4,Day 4,Tray 8,8,DJI_20260622122838_0008,34,4,4,1328.557,1268.572,1175.669,1115.684,1481.444,1421.459,305.774,0.2088,direct_cup_evidence,No
4,Day 4,Tray 8,8,DJI_20260622122838_0008,35,4,5,1795.107,1250.798,1642.219,1097.911,1947.994,1403.686,305.774,0.003,direct_cup_evidence,No
4,Day 4,Tray 8,8,DJI_20260622122838_0008,36,4,6,2197.228,1250.798,2044.341,1097.911,2350.116,1403.686,305.774,0.0147,direct_cup_evidence,No
4,Day 4,Tray 8,8,DJI_20260622122838_0008,37,4,7,2594.907,1246.355,2442.019,1093.468,2747.794,1399.242,305.774,0.0207,direct_cup_evidence,No
4,Day 4,Tray 8,8,DJI_20260622122838_0008,38,4,8,2994.807,1250.798,2841.919,1097.911,3147.694,1403.686,305.774,0.0214,direct_cup_evidence,No
4,Day 4,Tray 8,8,DJI_20260622122838_0008,39,4,9,3388.042,1250.798,3235.154,1097.911,3540.929,1403.686,305.774,0.0097,direct_cup_evidence,No
4,Day 4,Tray 8,8,DJI_20260622122838_0008,40,4,10,3781.277,1250.798,3628.389,1097.911,3934.164,1403.686,305.774,0.009,direct_cup_evidence,No
4,Day 4,Tray 8,8,DJI_20260622122838_0008,41,5,1,204.393,1581.827,51.506,1428.939,357.281,1734.714,305.774,0.0153,direct_cup_evidence,No
4,Day 4,Tray 8,8,DJI_20260622122838_0008,42,5,2,582.077,1581.827,429.189,1428.939,734.964,1734.714,305.774,0.0618,direct_cup_evidence,No
4,Day 4,Tray 8,8,DJI_20260622122838_0008,43,5,3,1001.972,1579.605,849.084,1426.718,1154.859,1732.492,305.774,0.0264,direct_cup_evidence,No
4,Day 4,Tray 8,8,DJI_20260622122838_0008,44,5,4,1390.763,1592.935,1237.876,1440.048,1543.651,1745.822,305.774,0.0233,direct_cup_evidence,No
4,Day 4,Tray 8,8,DJI_20260622122838_0008,45,5,5,1792.885,1592.935,1639.998,1440.048,1945.772,1745.822,305.774,0.0119,direct_cup_evidence,No
4,Day 4,Tray 8,8,DJI_20260622122838_0008,46,5,6,2217.223,1595.157,2064.336,1442.269,2370.111,1748.044,305.774,0.0726,direct_cup_evidence,No
4,Day 4,Tray 8,8,DJI_20260622122838_0008,47,5,7,2617.123,1566.275,2464.236,1413.388,2770.011,1719.162,305.774,0.1065,direct_cup_evidence,No
4,Day 4,Tray 8,8,DJI_20260622122838_0008,48,5,8,2992.585,1592.935,2839.698,1440.048,3145.472,1745.822,305.774,0.0127,direct_cup_evidence,No
4,Day 4,Tray 8,8,DJI_20260622122838_0008,49,5,9,3379.155,1606.265,3226.268,1453.378,3532.042,1759.152,305.774,0.0457,direct_cup_evidence,No
4,Day 4,Tray 8,8,DJI_20260622122838_0008,50,5,10,3776.833,1590.713,3623.946,1437.826,3929.721,1743.601,305.774,0.0218,direct_cup_evidence,No
4,Day 4,Tray 8,8,DJI_20260622122838_0008,51,6,1,208.837,1912.855,55.949,1759.968,361.724,2065.742,305.774,0.0422,direct_cup_evidence,No
4,Day 4,Tray 8,8,DJI_20260622122838_0008,52,6,2,597.628,1926.185,444.741,1773.298,750.516,2079.072,305.774,0.0163,direct_cup_evidence,No
4,Day 4,Tray 8,8,DJI_20260622122838_0008,53,6,3,1001.972,1928.407,849.084,1775.519,1154.859,2081.294,305.774,0.0037,direct_cup_evidence,No
4,Day 4,Tray 8,8,DJI_20260622122838_0008,54,6,4,1392.985,1930.628,1240.098,1777.741,1545.872,2083.516,305.774,0.017,direct_cup_evidence,No
4,Day 4,Tray 8,8,DJI_20260622122838_0008,55,6,5,1790.663,1930.628,1637.776,1777.741,1943.551,2083.516,305.774,0.0165,direct_cup_evidence,No
4,Day 4,Tray 8,8,DJI_20260622122838_0008,56,6,6,2197.228,1937.293,2044.341,1784.406,2350.116,2090.181,305.774,0.0233,direct_cup_evidence,No
4,Day 4,Tray 8,8,DJI_20260622122838_0008,57,6,7,2592.685,1937.293,2439.798,1784.406,2745.572,2090.181,305.774,0.0194,direct_cup_evidence,No
4,Day 4,Tray 8,8,DJI_20260622122838_0008,58,6,8,2992.585,1935.072,2839.698,1782.184,3145.472,2087.959,305.774,0.0145,direct_cup_evidence,No
4,Day 4,Tray 8,8,DJI_20260622122838_0008,59,6,9,3390.263,1930.628,3237.376,1777.741,3543.151,2083.516,305.774,0.0107,direct_cup_evidence,No
4,Day 4,Tray 8,8,DJI_20260622122838_0008,60,6,10,3792.385,1928.407,3639.498,1775.519,3945.272,2081.294,305.774,0.0262,direct_cup_evidence,No
4,Day 4,Tray 8,8,DJI_20260622122838_0008,61,7,1,206.615,2259.435,53.728,2106.548,359.502,2412.322,305.774,0.0209,direct_cup_evidence,No
4,Day 4,Tray 8,8,DJI_20260622122838_0008,62,7,2,597.628,2268.322,444.741,2115.434,750.516,2421.209,305.774,0.0186,direct_cup_evidence,No
4,Day 4,Tray 8,8,DJI_20260622122838_0008,63,7,3,995.307,2274.987,842.419,2122.099,1148.194,2427.874,305.774,0.0279,direct_cup_evidence,No
4,Day 4,Tray 8,8,DJI_20260622122838_0008,64,7,4,1392.985,2281.652,1240.098,2128.764,1545.872,2434.539,305.774,0.0428,direct_cup_evidence,No
4,Day 4,Tray 8,8,DJI_20260622122838_0008,65,7,5,1795.107,2270.543,1642.219,2117.656,1947.994,2423.431,305.774,0.0067,direct_cup_evidence,No
4,Day 4,Tray 8,8,DJI_20260622122838_0008,66,7,6,2195.007,2274.987,2042.119,2122.099,2347.894,2427.874,305.774,0.0151,direct_cup_evidence,No
4,Day 4,Tray 8,8,DJI_20260622122838_0008,67,7,7,2601.572,2281.652,2448.684,2128.764,2754.459,2434.539,305.774,0.0425,direct_cup_evidence,No
4,Day 4,Tray 8,8,DJI_20260622122838_0008,68,7,8,2997.028,2274.987,2844.141,2122.099,3149.916,2427.874,305.774,0.0233,direct_cup_evidence,No
4,Day 4,Tray 8,8,DJI_20260622122838_0008,69,7,9,3392.485,2268.322,3239.598,2115.434,3545.372,2421.209,305.774,0.0174,direct_cup_evidence,No
4,Day 4,Tray 8,8,DJI_20260622122838_0008,70,7,10,3783.498,2259.435,3630.611,2106.548,3936.386,2412.322,305.774,0.0391,direct_cup_evidence,No
5,Day 5,Tray 1,1,DJI_20260623123614_0001,1,1,1,174.923,203.777,51.238,80.092,298.608,327.462,247.37,0.0645,direct_cup_evidence,No
5,Day 5,Tray 1,1,DJI_20260623123614_0001,2,1,2,483.293,201.973,359.608,78.288,606.978,325.658,247.37,0.0057,direct_cup_evidence,No
5,Day 5,Tray 1,1,DJI_20260623123614_0001,3,1,3,804.287,200.17,680.602,76.485,927.972,323.855,247.37,0.008,direct_cup_evidence,No
5,Day 5,Tray 1,1,DJI_20260623123614_0001,4,1,4,1137.903,198.367,1014.218,74.682,1261.588,322.052,247.37,0.0247,direct_cup_evidence,No
5,Day 5,Tray 1,1,DJI_20260623123614_0001,5,1,5,1457.093,191.153,1333.408,67.468,1580.778,314.838,247.37,0.0222,direct_cup_evidence,No
5,Day 5,Tray 1,1,DJI_20260623123614_0001,6,1,6,1778.087,196.563,1654.402,72.878,1901.772,320.248,247.37,0.009,direct_cup_evidence,No
5,Day 5,Tray 1,1,DJI_20260623123614_0001,7,1,7,2104.49,196.563,1980.805,72.878,2228.175,320.248,247.37,0.0087,direct_cup_evidence,No
5,Day 5,Tray 1,1,DJI_20260623123614_0001,8,1,8,2427.287,196.563,2303.602,72.878,2550.972,320.248,247.37,0.0162,direct_cup_evidence,No
5,Day 5,Tray 1,1,DJI_20260623123614_0001,9,1,9,2746.477,192.957,2622.792,69.272,2870.162,316.642,247.37,0.0291,direct_cup_evidence,No
5,Day 5,Tray 1,1,DJI_20260623123614_0001,10,1,10,3076.487,196.563,2952.802,72.878,3200.172,320.248,247.37,0.0257,direct_cup_evidence,No
5,Day 5,Tray 1,1,DJI_20260623123614_0001,11,2,1,164.103,477.883,40.418,354.198,287.788,601.568,247.37,0.0216,direct_cup_evidence,No
5,Day 5,Tray 1,1,DJI_20260623123614_0001,12,2,2,481.49,477.883,357.805,354.198,605.175,601.568,247.37,0.0077,direct_cup_evidence,No
5,Day 5,Tray 1,1,DJI_20260623123614_0001,13,2,3,807.893,472.473,684.208,348.788,931.578,596.158,247.37,0.0087,direct_cup_evidence,No
5,Day 5,Tray 1,1,DJI_20260623123614_0001,14,2,4,1132.493,472.473,1008.808,348.788,1256.178,596.158,247.37,0.0036,direct_cup_evidence,No
5,Day 5,Tray 1,1,DJI_20260623123614_0001,15,2,5,1458.897,472.473,1335.212,348.788,1582.582,596.158,247.37,0.0081,direct_cup_evidence,No
5,Day 5,Tray 1,1,DJI_20260623123614_0001,16,2,6,1783.497,474.277,1659.812,350.592,1907.182,597.962,247.37,0.0157,direct_cup_evidence,No
5,Day 5,Tray 1,1,DJI_20260623123614_0001,17,2,7,2106.293,468.867,1982.608,345.182,2229.978,592.552,247.37,0.0013,direct_cup_evidence,No
5,Day 5,Tray 1,1,DJI_20260623123614_0001,18,2,8,2429.09,463.457,2305.405,339.772,2552.775,587.142,247.37,0.0163,direct_cup_evidence,No
5,Day 5,Tray 1,1,DJI_20260623123614_0001,19,2,9,2750.083,467.063,2626.398,343.378,2873.768,590.748,247.37,0.0192,direct_cup_evidence,No
5,Day 5,Tray 1,1,DJI_20260623123614_0001,20,2,10,3069.273,459.85,2945.588,336.165,3192.958,583.535,247.37,0.0427,direct_cup_evidence,No
5,Day 5,Tray 1,1,DJI_20260623123614_0001,21,3,1,160.497,750.187,36.812,626.502,284.182,873.872,247.37,0.0099,direct_cup_evidence,No
5,Day 5,Tray 1,1,DJI_20260623123614_0001,22,3,2,479.687,750.187,356.002,626.502,603.372,873.872,247.37,0.0152,direct_cup_evidence,No
5,Day 5,Tray 1,1,DJI_20260623123614_0001,23,3,3,804.287,750.187,680.602,626.502,927.972,873.872,247.37,0.0151,direct_cup_evidence,No
5,Day 5,Tray 1,1,DJI_20260623123614_0001,24,3,4,1134.297,766.417,1010.612,642.732,1257.982,890.102,247.37,0.0663,direct_cup_evidence,No
5,Day 5,Tray 1,1,DJI_20260623123614_0001,25,3,5,1453.487,753.793,1329.802,630.108,1577.172,877.478,247.37,0.0297,direct_cup_evidence,No
5,Day 5,Tray 1,1,DJI_20260623123614_0001,26,3,6,1787.103,748.383,1663.418,624.698,1910.788,872.068,247.37,0.0205,direct_cup_evidence,No
5,Day 5,Tray 1,1,DJI_20260623123614_0001,27,3,7,2108.097,741.17,1984.412,617.485,2231.782,864.855,247.37,0.0109,direct_cup_evidence,No
5,Day 5,Tray 1,1,DJI_20260623123614_0001,28,3,8,2432.697,744.777,2309.012,621.092,2556.382,868.462,247.37,0.0091,direct_cup_evidence,No
5,Day 5,Tray 1,1,DJI_20260623123614_0001,29,3,9,2753.69,744.777,2630.005,621.092,2877.375,868.462,247.37,0.0163,direct_cup_evidence,No
5,Day 5,Tray 1,1,DJI_20260623123614_0001,30,3,10,3081.897,737.563,2958.212,613.878,3205.582,861.248,247.37,0.0085,direct_cup_evidence,No
5,Day 5,Tray 1,1,DJI_20260623123614_0001,31,4,1,165.907,1018.883,42.222,895.198,289.592,1142.568,247.37,0.0375,direct_cup_evidence,No
5,Day 5,Tray 1,1,DJI_20260623123614_0001,32,4,2,488.703,1018.883,365.018,895.198,612.388,1142.568,247.37,0.0295,direct_cup_evidence,No
5,Day 5,Tray 1,1,DJI_20260623123614_0001,33,4,3,807.893,1013.473,684.208,889.788,931.578,1137.158,247.37,0.0405,direct_cup_evidence,No
5,Day 5,Tray 1,1,DJI_20260623123614_0001,34,4,4,1130.69,1029.703,1007.005,906.018,1254.375,1153.388,247.37,0.0269,direct_cup_evidence,No
5,Day 5,Tray 1,1,DJI_20260623123614_0001,35,4,5,1455.29,1018.883,1331.605,895.198,1578.975,1142.568,247.37,0.0158,direct_cup_evidence,No
5,Day 5,Tray 1,1,DJI_20260623123614_0001,36,4,6,1783.497,1015.277,1659.812,891.592,1907.182,1138.962,247.37,0.018,direct_cup_evidence,No
5,Day 5,Tray 1,1,DJI_20260623123614_0001,37,4,7,2091.867,1000.85,1968.182,877.165,2215.552,1124.535,247.37,0.0876,direct_cup_evidence,No
5,Day 5,Tray 1,1,DJI_20260623123614_0001,38,4,8,2436.303,1020.687,2312.618,897.002,2559.988,1144.372,247.37,0.0182,direct_cup_evidence,No
5,Day 5,Tray 1,1,DJI_20260623123614_0001,39,4,9,2760.903,1015.277,2637.218,891.592,2884.588,1138.962,247.37,0.0137,direct_cup_evidence,No
5,Day 5,Tray 1,1,DJI_20260623123614_0001,40,4,10,3089.11,1013.473,2965.425,889.788,3212.795,1137.158,247.37,0.0267,direct_cup_evidence,No
5,Day 5,Tray 1,1,DJI_20260623123614_0001,41,5,1,158.693,1296.597,35.008,1172.912,282.378,1420.282,247.37,0.0222,direct_cup_evidence,No
5,Day 5,Tray 1,1,DJI_20260623123614_0001,42,5,2,481.49,1300.203,357.805,1176.518,605.175,1423.888,247.37,0.0154,direct_cup_evidence,No
5,Day 5,Tray 1,1,DJI_20260623123614_0001,43,5,3,806.09,1307.417,682.405,1183.732,929.775,1431.102,247.37,0.0331,direct_cup_evidence,No
5,Day 5,Tray 1,1,DJI_20260623123614_0001,44,5,4,1137.903,1296.597,1014.218,1172.912,1261.588,1420.282,247.37,0.0118,direct_cup_evidence,No
5,Day 5,Tray 1,1,DJI_20260623123614_0001,45,5,5,1448.077,1294.793,1324.392,1171.108,1571.762,1418.478,247.37,0.0424,direct_cup_evidence,No
5,Day 5,Tray 1,1,DJI_20260623123614_0001,46,5,6,1783.497,1302.007,1659.812,1178.322,1907.182,1425.692,247.37,0.0253,direct_cup_evidence,No
5,Day 5,Tray 1,1,DJI_20260623123614_0001,47,5,7,2115.31,1292.99,1991.625,1169.305,2238.995,1416.675,247.37,0.0235,direct_cup_evidence,No
5,Day 5,Tray 1,1,DJI_20260623123614_0001,48,5,8,2438.107,1283.973,2314.422,1160.288,2561.792,1407.658,247.37,0.0343,direct_cup_evidence,No
5,Day 5,Tray 1,1,DJI_20260623123614_0001,49,5,9,2762.707,1292.99,2639.022,1169.305,2886.392,1416.675,247.37,0.0184,direct_cup_evidence,No
5,Day 5,Tray 1,1,DJI_20260623123614_0001,50,5,10,3087.307,1291.187,2963.622,1167.502,3210.992,1414.872,247.37,0.0177,direct_cup_evidence,No
5,Day 5,Tray 1,1,DJI_20260623123614_0001,51,6,1,160.497,1565.293,36.812,1441.608,284.182,1688.978,247.37,0.0433,direct_cup_evidence,No
5,Day 5,Tray 1,1,DJI_20260623123614_0001,52,6,2,481.49,1576.113,357.805,1452.428,605.175,1699.798,247.37,0.0188,direct_cup_evidence,No
5,Day 5,Tray 1,1,DJI_20260623123614_0001,53,6,3,807.893,1572.507,684.208,1448.822,931.578,1696.192,247.37,0.0138,direct_cup_evidence,No
5,Day 5,Tray 1,1,DJI_20260623123614_0001,54,6,4,1130.69,1581.523,1007.005,1457.838,1254.375,1705.208,247.37,0.037,direct_cup_evidence,No
5,Day 5,Tray 1,1,DJI_20260623123614_0001,55,6,5,1457.093,1577.917,1333.408,1454.232,1580.778,1701.602,247.37,0.027,direct_cup_evidence,No
5,Day 5,Tray 1,1,DJI_20260623123614_0001,56,6,6,1783.497,1572.507,1659.812,1448.822,1907.182,1696.192,247.37,0.0112,direct_cup_evidence,No
5,Day 5,Tray 1,1,DJI_20260623123614_0001,57,6,7,2111.703,1570.703,1988.018,1447.018,2235.388,1694.388,247.37,0.0105,direct_cup_evidence,No
5,Day 5,Tray 1,1,DJI_20260623123614_0001,58,6,8,2439.91,1561.687,2316.225,1438.002,2563.595,1685.372,247.37,0.0278,direct_cup_evidence,No
5,Day 5,Tray 1,1,DJI_20260623123614_0001,59,6,9,2760.903,1554.473,2637.218,1430.788,2884.588,1678.158,247.37,0.0412,direct_cup_evidence,No
5,Day 5,Tray 1,1,DJI_20260623123614_0001,60,6,10,3090.913,1561.687,2967.228,1438.002,3214.598,1685.372,247.37,0.0276,direct_cup_evidence,No
5,Day 5,Tray 1,1,DJI_20260623123614_0001,61,7,1,169.513,1848.417,45.828,1724.732,293.198,1972.102,247.37,0.027,direct_cup_evidence,No
5,Day 5,Tray 1,1,DJI_20260623123614_0001,62,7,2,485.097,1852.023,361.412,1728.338,608.782,1975.708,247.37,0.0107,direct_cup_evidence,No
5,Day 5,Tray 1,1,DJI_20260623123614_0001,63,7,3,809.697,1846.613,686.012,1722.928,933.382,1970.298,247.37,0.0129,direct_cup_evidence,No
5,Day 5,Tray 1,1,DJI_20260623123614_0001,64,7,4,1132.493,1859.237,1008.808,1735.552,1256.178,1982.922,247.37,0.0451,direct_cup_evidence,No
5,Day 5,Tray 1,1,DJI_20260623123614_0001,65,7,5,1458.897,1859.237,1335.212,1735.552,1582.582,1982.922,247.37,0.0483,direct_cup_evidence,No
5,Day 5,Tray 1,1,DJI_20260623123614_0001,66,7,6,1787.103,1853.827,1663.418,1730.142,1910.788,1977.512,247.37,0.0331,direct_cup_evidence,No
5,Day 5,Tray 1,1,DJI_20260623123614_0001,67,7,7,2113.507,1846.613,1989.822,1722.928,2237.192,1970.298,247.37,0.0154,direct_cup_evidence,No
5,Day 5,Tray 1,1,DJI_20260623123614_0001,68,7,8,2441.713,1846.613,2318.028,1722.928,2565.398,1970.298,247.37,0.0285,direct_cup_evidence,No
5,Day 5,Tray 1,1,DJI_20260623123614_0001,69,7,9,2764.51,1841.203,2640.825,1717.518,2888.195,1964.888,247.37,0.0163,direct_cup_evidence,No
5,Day 5,Tray 1,1,DJI_20260623123614_0001,70,7,10,3081.897,1824.973,2958.212,1701.288,3205.582,1948.658,247.37,0.0523,direct_cup_evidence,No
5,Day 5,Tray 2,2,DJI_20260623123731_0002,1,1,1,165.856,203.714,41.74,79.599,289.971,327.829,248.23,0.0603,direct_cup_evidence,No
5,Day 5,Tray 2,2,DJI_20260623123731_0002,2,1,2,477.736,207.319,353.621,83.204,601.851,331.435,248.23,0.0356,direct_cup_evidence,No
5,Day 5,Tray 2,2,DJI_20260623123731_0002,3,1,3,798.631,203.714,674.515,79.599,922.746,327.829,248.23,0.0199,direct_cup_evidence,No
5,Day 5,Tray 2,2,DJI_20260623123731_0002,4,1,4,1115.919,198.306,991.804,74.19,1240.035,322.421,248.23,0.0159,direct_cup_evidence,No
5,Day 5,Tray 2,2,DJI_20260623123731_0002,5,1,5,1442.222,201.911,1318.107,77.796,1566.337,326.026,248.23,0.0134,direct_cup_evidence,No
5,Day 5,Tray 2,2,DJI_20260623123731_0002,6,1,6,1764.919,201.911,1640.804,77.796,1889.035,326.026,248.23,0.0145,direct_cup_evidence,No
5,Day 5,Tray 2,2,DJI_20260623123731_0002,7,1,7,2091.222,198.306,1967.107,74.19,2215.337,322.421,248.23,0.0028,direct_cup_evidence,No
5,Day 5,Tray 2,2,DJI_20260623123731_0002,8,1,8,2408.511,192.897,2284.396,68.782,2532.626,317.012,248.23,0.0284,direct_cup_evidence,No
5,Day 5,Tray 2,2,DJI_20260623123731_0002,9,1,9,2738.419,192.897,2614.304,68.782,2862.535,317.012,248.23,0.0211,direct_cup_evidence,No
5,Day 5,Tray 2,2,DJI_20260623123731_0002,10,1,10,3057.511,191.094,2933.396,66.979,3181.626,315.21,248.23,0.0297,direct_cup_evidence,No
5,Day 5,Tray 2,2,DJI_20260623123731_0002,11,2,1,164.053,483.144,39.938,359.029,288.168,607.26,248.23,0.0548,direct_cup_evidence,No
5,Day 5,Tray 2,2,DJI_20260623123731_0002,12,2,2,470.525,474.131,346.41,350.015,594.64,598.246,248.23,0.0171,direct_cup_evidence,No
5,Day 5,Tray 2,2,DJI_20260623123731_0002,13,2,3,795.025,474.131,670.91,350.015,919.14,598.246,248.23,0.0131,direct_cup_evidence,No
5,Day 5,Tray 2,2,DJI_20260623123731_0002,14,2,4,1119.525,477.736,995.41,353.621,1243.64,601.851,248.23,0.0154,direct_cup_evidence,No
5,Day 5,Tray 2,2,DJI_20260623123731_0002,15,2,5,1444.025,481.342,1319.91,357.227,1568.14,605.457,248.23,0.0259,direct_cup_evidence,No
5,Day 5,Tray 2,2,DJI_20260623123731_0002,16,2,6,1786.553,461.511,1662.438,337.396,1910.668,585.626,248.23,0.0793,direct_cup_evidence,No
5,Day 5,Tray 2,2,DJI_20260623123731_0002,17,2,7,2091.222,477.736,1967.107,353.621,2215.337,601.851,248.23,0.0128,direct_cup_evidence,No
5,Day 5,Tray 2,2,DJI_20260623123731_0002,18,2,8,2419.328,468.722,2295.213,344.607,2543.443,592.837,248.23,0.0245,direct_cup_evidence,No
5,Day 5,Tray 2,2,DJI_20260623123731_0002,19,2,9,2740.222,470.525,2616.107,346.41,2864.337,594.64,248.23,0.0147,direct_cup_evidence,No
5,Day 5,Tray 2,2,DJI_20260623123731_0002,20,2,10,3064.722,468.722,2940.607,344.607,3188.837,592.837,248.23,0.0222,direct_cup_evidence,No
5,Day 5,Tray 2,2,DJI_20260623123731_0002,21,3,1,164.053,751.758,39.938,627.643,288.168,875.873,248.23,0.0384,direct_cup_evidence,No
5,Day 5,Tray 2,2,DJI_20260623123731_0002,22,3,2,450.694,730.125,326.579,606.01,574.81,854.24,248.23,0.1197,direct_cup_evidence,No
5,Day 5,Tray 2,2,DJI_20260623123731_0002,23,3,3,798.631,751.758,674.515,627.643,922.746,875.873,248.23,0.0087,direct_cup_evidence,No
5,Day 5,Tray 2,2,DJI_20260623123731_0002,24,3,4,1117.722,751.758,993.607,627.643,1241.837,875.873,248.23,0.0228,direct_cup_evidence,No
5,Day 5,Tray 2,2,DJI_20260623123731_0002,25,3,5,1422.392,737.336,1298.277,613.221,1546.507,861.451,248.23,0.1012,direct_cup_evidence,No
5,Day 5,Tray 2,2,DJI_20260623123731_0002,26,3,6,1761.314,753.561,1637.199,629.446,1885.429,877.676,248.23,0.0359,direct_cup_evidence,No
5,Day 5,Tray 2,2,DJI_20260623123731_0002,27,3,7,2093.025,753.561,1968.91,629.446,2217.14,877.676,248.23,0.0128,direct_cup_evidence,No
5,Day 5,Tray 2,2,DJI_20260623123731_0002,28,3,8,2419.328,751.758,2295.213,627.643,2543.443,875.873,248.23,0.009,direct_cup_evidence,No
5,Day 5,Tray 2,2,DJI_20260623123731_0002,29,3,9,2742.025,749.956,2617.91,625.84,2866.14,874.071,248.23,0.0045,direct_cup_evidence,No
5,Day 5,Tray 2,2,DJI_20260623123731_0002,30,3,10,3075.539,744.547,2951.424,620.432,3199.654,868.662,248.23,0.0459,direct_cup_evidence,No
5,Day 5,Tray 2,2,DJI_20260623123731_0002,31,4,1,169.461,1022.175,45.346,898.06,293.576,1146.29,248.23,0.053,direct_cup_evidence,No
5,Day 5,Tray 2,2,DJI_20260623123731_0002,32,4,2,477.736,1029.386,353.621,905.271,601.851,1153.501,248.23,0.0131,direct_cup_evidence,No
5,Day 5,Tray 2,2,DJI_20260623123731_0002,33,4,3,795.025,1031.189,670.91,907.074,919.14,1155.304,248.23,0.0321,direct_cup_evidence,No
5,Day 5,Tray 2,2,DJI_20260623123731_0002,34,4,4,1155.581,1042.006,1031.465,917.89,1279.696,1166.121,248.23,0.1235,direct_cup_evidence,No
5,Day 5,Tray 2,2,DJI_20260623123731_0002,35,4,5,1445.828,1023.978,1321.713,899.863,1569.943,1148.093,248.23,0.0134,direct_cup_evidence,No
5,Day 5,Tray 2,2,DJI_20260623123731_0002,36,4,6,1770.328,1023.978,1646.213,899.863,1894.443,1148.093,248.23,0.0103,direct_cup_evidence,No
5,Day 5,Tray 2,2,DJI_20260623123731_0002,37,4,7,2094.828,1029.386,1970.713,905.271,2218.943,1153.501,248.23,0.0128,direct_cup_evidence,No
5,Day 5,Tray 2,2,DJI_20260623123731_0002,38,4,8,2417.525,1023.978,2293.41,899.863,2541.64,1148.093,248.23,0.0094,direct_cup_evidence,No
5,Day 5,Tray 2,2,DJI_20260623123731_0002,39,4,9,2740.222,1051.019,2616.107,926.904,2864.337,1175.135,248.23,0.091,direct_cup_evidence,No
5,Day 5,Tray 2,2,DJI_20260623123731_0002,40,4,10,3070.131,1022.175,2946.015,898.06,3194.246,1146.29,248.23,0.0206,direct_cup_evidence,No
5,Day 5,Tray 2,2,DJI_20260623123731_0002,41,5,1,165.856,1296.197,41.74,1172.082,289.971,1420.312,248.23,0.0375,direct_cup_evidence,No
5,Day 5,Tray 2,2,DJI_20260623123731_0002,42,5,2,484.947,1294.394,360.832,1170.279,609.062,1418.51,248.23,0.031,direct_cup_evidence,No
5,Day 5,Tray 2,2,DJI_20260623123731_0002,43,5,3,796.828,1305.211,672.713,1181.096,920.943,1429.326,248.23,0.0286,direct_cup_evidence,No
5,Day 5,Tray 2,2,DJI_20260623123731_0002,44,5,4,1119.525,1305.211,995.41,1181.096,1243.64,1429.326,248.23,0.0309,direct_cup_evidence,No
5,Day 5,Tray 2,2,DJI_20260623123731_0002,45,5,5,1402.561,1294.394,1278.446,1170.279,1526.676,1418.51,248.23,0.1766,direct_cup_evidence,No
5,Day 5,Tray 2,2,DJI_20260623123731_0002,46,5,6,1770.328,1307.014,1646.213,1182.899,1894.443,1431.129,248.23,0.0234,direct_cup_evidence,No
5,Day 5,Tray 2,2,DJI_20260623123731_0002,47,5,7,2100.236,1305.211,1976.121,1181.096,2224.351,1429.326,248.23,0.0159,direct_cup_evidence,No
5,Day 5,Tray 2,2,DJI_20260623123731_0002,48,5,8,2424.736,1301.606,2300.621,1177.49,2548.851,1425.721,248.23,0.0139,direct_cup_evidence,No
5,Day 5,Tray 2,2,DJI_20260623123731_0002,49,5,9,2745.631,1303.408,2621.515,1179.293,2869.746,1427.523,248.23,0.0074,direct_cup_evidence,No
5,Day 5,Tray 2,2,DJI_20260623123731_0002,50,5,10,3070.131,1296.197,2946.015,1172.082,3194.246,1420.312,248.23,0.0223,direct_cup_evidence,No
5,Day 5,Tray 2,2,DJI_20260623123731_0002,51,6,1,169.461,1566.614,45.346,1442.499,293.576,1690.729,248.23,0.0551,direct_cup_evidence,No
5,Day 5,Tray 2,2,DJI_20260623123731_0002,52,6,2,481.342,1575.628,357.227,1451.513,605.457,1699.743,248.23,0.0076,direct_cup_evidence,No
5,Day 5,Tray 2,2,DJI_20260623123731_0002,53,6,3,798.631,1582.839,674.515,1458.724,922.746,1706.954,248.23,0.0319,direct_cup_evidence,No
5,Day 5,Tray 2,2,DJI_20260623123731_0002,54,6,4,1123.131,1575.628,999.015,1451.513,1247.246,1699.743,248.23,0.0226,direct_cup_evidence,No
5,Day 5,Tray 2,2,DJI_20260623123731_0002,55,6,5,1453.039,1584.642,1328.924,1460.527,1577.154,1708.757,248.23,0.0258,direct_cup_evidence,No
5,Day 5,Tray 2,2,DJI_20260623123731_0002,56,6,6,1770.328,1581.036,1646.213,1456.921,1894.443,1705.151,248.23,0.0236,direct_cup_evidence,No
5,Day 5,Tray 2,2,DJI_20260623123731_0002,57,6,7,2094.828,1581.036,1970.713,1456.921,2218.943,1705.151,248.23,0.0203,direct_cup_evidence,No
5,Day 5,Tray 2,2,DJI_20260623123731_0002,58,6,8,2428.342,1566.614,2304.227,1442.499,2552.457,1690.729,248.23,0.0449,direct_cup_evidence,No
5,Day 5,Tray 2,2,DJI_20260623123731_0002,59,6,9,2756.447,1581.036,2632.332,1456.921,2880.562,1705.151,248.23,0.0396,direct_cup_evidence,No
5,Day 5,Tray 2,2,DJI_20260623123731_0002,60,6,10,3079.144,1570.219,2955.029,1446.104,3203.26,1694.335,248.23,0.0442,direct_cup_evidence,No
5,Day 5,Tray 2,2,DJI_20260623123731_0002,61,7,1,180.278,1837.031,56.163,1712.915,304.393,1961.146,248.23,0.0926,direct_cup_evidence,No
5,Day 5,Tray 2,2,DJI_20260623123731_0002,62,7,2,484.947,1829.819,360.832,1705.704,609.062,1953.935,248.23,0.0853,direct_cup_evidence,No
5,Day 5,Tray 2,2,DJI_20260623123731_0002,63,7,3,809.447,1858.664,685.332,1734.549,933.562,1982.779,248.23,0.0207,direct_cup_evidence,No
5,Day 5,Tray 2,2,DJI_20260623123731_0002,64,7,4,1128.539,1855.058,1004.424,1730.943,1252.654,1979.173,248.23,0.0103,direct_cup_evidence,No
5,Day 5,Tray 2,2,DJI_20260623123731_0002,65,7,5,1445.828,1864.072,1321.713,1739.957,1569.943,1988.187,248.23,0.0493,direct_cup_evidence,No
5,Day 5,Tray 2,2,DJI_20260623123731_0002,66,7,6,1761.314,1878.494,1637.199,1754.379,1885.429,2002.61,248.23,0.1085,direct_cup_evidence,No
5,Day 5,Tray 2,2,DJI_20260623123731_0002,67,7,7,2102.039,1864.072,1977.924,1739.957,2226.154,1988.187,248.23,0.0389,direct_cup_evidence,No
5,Day 5,Tray 2,2,DJI_20260623123731_0002,68,7,8,2426.539,1847.847,2302.424,1723.732,2550.654,1971.962,248.23,0.0216,direct_cup_evidence,No
5,Day 5,Tray 2,2,DJI_20260623123731_0002,69,7,9,2756.447,1856.861,2632.332,1732.746,2880.562,1980.976,248.23,0.0336,direct_cup_evidence,No
5,Day 5,Tray 2,2,DJI_20260623123731_0002,70,7,10,3077.342,1846.044,2953.227,1721.929,3201.457,1970.16,248.23,0.0348,direct_cup_evidence,No
5,Day 5,Tray 3,3,DJI_20260623123926_0003,1,1,1,169.2,212.4,45.073,88.273,293.327,336.527,248.253,0.0102,direct_cup_evidence,No
5,Day 5,Tray 3,3,DJI_20260623123926_0003,2,1,2,493.2,210.6,369.073,86.473,617.327,334.727,248.253,0.005,direct_cup_evidence,No
5,Day 5,Tray 3,3,DJI_20260623123926_0003,3,1,3,815.4,212.4,691.273,88.273,939.527,336.527,248.253,0.0031,direct_cup_evidence,No
5,Day 5,Tray 3,3,DJI_20260623123926_0003,4,1,4,1135.8,217.8,1011.673,93.673,1259.927,341.927,248.253,0.015,direct_cup_evidence,No
5,Day 5,Tray 3,3,DJI_20260623123926_0003,5,1,5,1454.4,212.4,1330.273,88.273,1578.527,336.527,248.253,0.0139,direct_cup_evidence,No
5,Day 5,Tray 3,3,DJI_20260623123926_0003,6,1,6,1776.6,210.6,1652.473,86.473,1900.727,334.727,248.253,0.0196,direct_cup_evidence,No
5,Day 5,Tray 3,3,DJI_20260623123926_0003,7,1,7,2102.4,214.2,1978.273,90.073,2226.527,338.327,248.253,0.0101,direct_cup_evidence,No
5,Day 5,Tray 3,3,DJI_20260623123926_0003,8,1,8,2426.4,214.2,2302.273,90.073,2550.527,338.327,248.253,0.0191,direct_cup_evidence,No
5,Day 5,Tray 3,3,DJI_20260623123926_0003,9,1,9,2741.4,219.6,2617.273,95.473,2865.527,343.727,248.253,0.0096,direct_cup_evidence,No
5,Day 5,Tray 3,3,DJI_20260623123926_0003,10,1,10,3072.6,219.6,2948.473,95.473,3196.727,343.727,248.253,0.0279,direct_cup_evidence,No
5,Day 5,Tray 3,3,DJI_20260623123926_0003,11,2,1,171.0,484.2,46.873,360.073,295.127,608.327,248.253,0.0103,direct_cup_evidence,No
5,Day 5,Tray 3,3,DJI_20260623123926_0003,12,2,2,487.8,487.8,363.673,363.673,611.927,611.927,248.253,0.0196,direct_cup_evidence,No
5,Day 5,Tray 3,3,DJI_20260623123926_0003,13,2,3,808.2,489.6,684.073,365.473,932.327,613.727,248.253,0.0237,direct_cup_evidence,No
5,Day 5,Tray 3,3,DJI_20260623123926_0003,14,2,4,1130.4,491.4,1006.273,367.273,1254.527,615.527,248.253,0.0219,direct_cup_evidence,No
5,Day 5,Tray 3,3,DJI_20260623123926_0003,15,2,5,1456.2,493.2,1332.073,369.073,1580.327,617.327,248.253,0.0114,direct_cup_evidence,No
5,Day 5,Tray 3,3,DJI_20260623123926_0003,16,2,6,1780.2,493.2,1656.073,369.073,1904.327,617.327,248.253,0.0082,direct_cup_evidence,No
5,Day 5,Tray 3,3,DJI_20260623123926_0003,17,2,7,2086.2,468.0,1962.073,343.873,2210.327,592.127,248.253,0.1017,direct_cup_evidence,No
5,Day 5,Tray 3,3,DJI_20260623123926_0003,18,2,8,2426.4,493.2,2302.273,369.073,2550.527,617.327,248.253,0.0159,direct_cup_evidence,No
5,Day 5,Tray 3,3,DJI_20260623123926_0003,19,2,9,2745.0,493.2,2620.873,369.073,2869.127,617.327,248.253,0.0058,direct_cup_evidence,No
5,Day 5,Tray 3,3,DJI_20260623123926_0003,20,2,10,3069.0,495.0,2944.873,370.873,3193.127,619.127,248.253,0.0146,direct_cup_evidence,No
5,Day 5,Tray 3,3,DJI_20260623123926_0003,21,3,1,165.6,761.4,41.473,637.273,289.727,885.527,248.253,0.0229,direct_cup_evidence,No
5,Day 5,Tray 3,3,DJI_20260623123926_0003,22,3,2,489.6,765.0,365.473,640.873,613.727,889.127,248.253,0.014,direct_cup_evidence,No
5,Day 5,Tray 3,3,DJI_20260623123926_0003,23,3,3,815.4,765.0,691.273,640.873,939.527,889.127,248.253,0.0031,direct_cup_evidence,No
5,Day 5,Tray 3,3,DJI_20260623123926_0003,24,3,4,1130.4,768.6,1006.273,644.473,1254.527,892.727,248.253,0.024,direct_cup_evidence,No
5,Day 5,Tray 3,3,DJI_20260623123926_0003,25,3,5,1454.4,770.4,1330.273,646.273,1578.527,894.527,248.253,0.0192,direct_cup_evidence,No
5,Day 5,Tray 3,3,DJI_20260623123926_0003,26,3,6,1780.2,772.2,1656.073,648.073,1904.327,896.327,248.253,0.019,direct_cup_evidence,No
5,Day 5,Tray 3,3,DJI_20260623123926_0003,27,3,7,2104.2,761.4,1980.073,637.273,2228.327,885.527,248.253,0.0271,direct_cup_evidence,No
5,Day 5,Tray 3,3,DJI_20260623123926_0003,28,3,8,2422.8,772.2,2298.673,648.073,2546.927,896.327,248.253,0.0127,direct_cup_evidence,No
5,Day 5,Tray 3,3,DJI_20260623123926_0003,29,3,9,2752.2,772.2,2628.073,648.073,2876.327,896.327,248.253,0.0328,direct_cup_evidence,No
5,Day 5,Tray 3,3,DJI_20260623123926_0003,30,3,10,3070.8,770.4,2946.673,646.273,3194.927,894.527,248.253,0.021,direct_cup_evidence,No
5,Day 5,Tray 3,3,DJI_20260623123926_0003,31,4,1,174.6,1035.0,50.473,910.873,298.727,1159.127,248.253,0.0167,direct_cup_evidence,No
5,Day 5,Tray 3,3,DJI_20260623123926_0003,32,4,2,457.2,1018.8,333.073,894.673,581.327,1142.927,248.253,0.1507,direct_cup_evidence,No
5,Day 5,Tray 3,3,DJI_20260623123926_0003,33,4,3,817.2,1011.6,693.073,887.473,941.327,1135.727,248.253,0.1046,direct_cup_evidence,No
5,Day 5,Tray 3,3,DJI_20260623123926_0003,34,4,4,1130.4,1045.8,1006.273,921.673,1254.527,1169.927,248.253,0.0268,direct_cup_evidence,No
5,Day 5,Tray 3,3,DJI_20260623123926_0003,35,4,5,1456.2,1045.8,1332.073,921.673,1580.327,1169.927,248.253,0.0146,direct_cup_evidence,No
5,Day 5,Tray 3,3,DJI_20260623123926_0003,36,4,6,1774.8,1044.0,1650.673,919.873,1898.927,1168.127,248.253,0.0162,direct_cup_evidence,No
5,Day 5,Tray 3,3,DJI_20260623123926_0003,37,4,7,2100.6,1049.4,1976.473,925.273,2224.727,1173.527,248.253,0.0204,direct_cup_evidence,No
5,Day 5,Tray 3,3,DJI_20260623123926_0003,38,4,8,2426.4,1049.4,2302.273,925.273,2550.527,1173.527,248.253,0.0233,direct_cup_evidence,No
5,Day 5,Tray 3,3,DJI_20260623123926_0003,39,4,9,2750.4,1049.4,2626.273,925.273,2874.527,1173.527,248.253,0.0286,direct_cup_evidence,No
5,Day 5,Tray 3,3,DJI_20260623123926_0003,40,4,10,3069.0,1044.0,2944.873,919.873,3193.127,1168.127,248.253,0.0167,direct_cup_evidence,No
5,Day 5,Tray 3,3,DJI_20260623123926_0003,41,5,1,169.2,1301.4,45.073,1177.273,293.327,1425.527,248.253,0.0483,direct_cup_evidence,No
5,Day 5,Tray 3,3,DJI_20260623123926_0003,42,5,2,489.6,1319.4,365.473,1195.273,613.727,1443.527,248.253,0.0199,direct_cup_evidence,No
5,Day 5,Tray 3,3,DJI_20260623123926_0003,43,5,3,808.2,1323.0,684.073,1198.873,932.327,1447.127,248.253,0.0343,direct_cup_evidence,No
5,Day 5,Tray 3,3,DJI_20260623123926_0003,44,5,4,1132.2,1323.0,1008.073,1198.873,1256.327,1447.127,248.253,0.0261,direct_cup_evidence,No
5,Day 5,Tray 3,3,DJI_20260623123926_0003,45,5,5,1431.0,1292.4,1306.873,1168.273,1555.127,1416.527,248.253,0.1338,direct_cup_evidence,No
5,Day 5,Tray 3,3,DJI_20260623123926_0003,46,5,6,1780.2,1330.2,1656.073,1206.073,1904.327,1454.327,248.253,0.0417,direct_cup_evidence,No
5,Day 5,Tray 3,3,DJI_20260623123926_0003,47,5,7,2102.4,1315.8,1978.273,1191.673,2226.527,1439.927,248.253,0.0152,direct_cup_evidence,No
5,Day 5,Tray 3,3,DJI_20260623123926_0003,48,5,8,2426.4,1323.0,2302.273,1198.873,2550.527,1447.127,248.253,0.0181,direct_cup_evidence,No
5,Day 5,Tray 3,3,DJI_20260623123926_0003,49,5,9,2748.6,1323.0,2624.473,1198.873,2872.727,1447.127,248.253,0.0192,direct_cup_evidence,No
5,Day 5,Tray 3,3,DJI_20260623123926_0003,50,5,10,3065.4,1319.4,2941.273,1195.273,3189.527,1443.527,248.253,0.0101,direct_cup_evidence,No
5,Day 5,Tray 3,3,DJI_20260623123926_0003,51,6,1,171.0,1578.6,46.873,1454.473,295.127,1702.727,248.253,0.0425,direct_cup_evidence,No
5,Day 5,Tray 3,3,DJI_20260623123926_0003,52,6,2,511.2,1584.0,387.073,1459.873,635.327,1708.127,248.253,0.0699,direct_cup_evidence,No
5,Day 5,Tray 3,3,DJI_20260623123926_0003,53,6,3,815.4,1589.4,691.273,1465.273,939.527,1713.527,248.253,0.0098,direct_cup_evidence,No
5,Day 5,Tray 3,3,DJI_20260623123926_0003,54,6,4,1130.4,1602.0,1006.273,1477.873,1254.527,1726.127,248.253,0.0393,direct_cup_evidence,No
5,Day 5,Tray 3,3,DJI_20260623123926_0003,55,6,5,1459.8,1603.8,1335.673,1479.673,1583.927,1727.927,248.253,0.0373,direct_cup_evidence,No
5,Day 5,Tray 3,3,DJI_20260623123926_0003,56,6,6,1780.2,1602.0,1656.073,1477.873,1904.327,1726.127,248.253,0.0271,direct_cup_evidence,No
5,Day 5,Tray 3,3,DJI_20260623123926_0003,57,6,7,2100.6,1594.8,1976.473,1470.673,2224.727,1718.927,248.253,0.0023,direct_cup_evidence,No
5,Day 5,Tray 3,3,DJI_20260623123926_0003,58,6,8,2401.2,1611.0,2277.073,1486.873,2525.327,1735.127,248.253,0.0928,direct_cup_evidence,No
5,Day 5,Tray 3,3,DJI_20260623123926_0003,59,6,9,2741.4,1591.2,2617.273,1467.073,2865.527,1715.327,248.253,0.023,direct_cup_evidence,No
5,Day 5,Tray 3,3,DJI_20260623123926_0003,60,6,10,3063.6,1593.0,2939.473,1468.873,3187.727,1717.127,248.253,0.0189,direct_cup_evidence,No
5,Day 5,Tray 3,3,DJI_20260623123926_0003,61,7,1,180.0,1854.0,55.873,1729.873,304.127,1978.127,248.253,0.053,direct_cup_evidence,No
5,Day 5,Tray 3,3,DJI_20260623123926_0003,62,7,2,493.2,1866.6,369.073,1742.473,617.327,1990.727,248.253,0.0015,direct_cup_evidence,No
5,Day 5,Tray 3,3,DJI_20260623123926_0003,63,7,3,819.0,1863.0,694.873,1738.873,943.127,1987.127,248.253,0.0233,direct_cup_evidence,No
5,Day 5,Tray 3,3,DJI_20260623123926_0003,64,7,4,1135.8,1873.8,1011.673,1749.673,1259.927,1997.927,248.253,0.0185,direct_cup_evidence,No
5,Day 5,Tray 3,3,DJI_20260623123926_0003,65,7,5,1456.2,1875.6,1332.073,1751.473,1580.327,1999.727,248.253,0.0226,direct_cup_evidence,No
5,Day 5,Tray 3,3,DJI_20260623123926_0003,66,7,6,1783.8,1877.4,1659.673,1753.273,1907.927,2001.527,248.253,0.0303,direct_cup_evidence,No
5,Day 5,Tray 3,3,DJI_20260623123926_0003,67,7,7,2102.4,1870.2,1978.273,1746.073,2226.527,1994.327,248.253,0.0073,direct_cup_evidence,No
5,Day 5,Tray 3,3,DJI_20260623123926_0003,68,7,8,2424.6,1872.0,2300.473,1747.873,2548.727,1996.127,248.253,0.0088,direct_cup_evidence,No
5,Day 5,Tray 3,3,DJI_20260623123926_0003,69,7,9,2741.4,1870.2,2617.273,1746.073,2865.527,1994.327,248.253,0.013,direct_cup_evidence,No
5,Day 5,Tray 3,3,DJI_20260623123926_0003,70,7,10,3054.6,1861.2,2930.473,1737.073,3178.727,1985.327,248.253,0.0596,direct_cup_evidence,No
5,Day 5,Tray 4,4,DJI_20260623123956_0004,1,1,1,181.444,210.476,57.563,86.594,305.326,334.357,247.763,0.022,direct_cup_evidence,No
5,Day 5,Tray 4,4,DJI_20260623123956_0004,2,1,2,497.158,210.476,373.276,86.594,621.039,334.357,247.763,0.0107,direct_cup_evidence,No
5,Day 5,Tray 4,4,DJI_20260623123956_0004,3,1,3,818.314,210.476,694.433,86.594,942.196,334.357,247.763,0.0235,direct_cup_evidence,No
5,Day 5,Tray 4,4,DJI_20260623123956_0004,4,1,4,1148.543,203.218,1024.662,79.336,1272.425,327.099,247.763,0.0142,direct_cup_evidence,No
5,Day 5,Tray 4,4,DJI_20260623123956_0004,5,1,5,1475.143,205.032,1351.262,81.151,1599.025,328.914,247.763,0.0071,direct_cup_evidence,No
5,Day 5,Tray 4,4,DJI_20260623123956_0004,6,1,6,1798.114,203.218,1674.233,79.336,1921.996,327.099,247.763,0.0058,direct_cup_evidence,No
5,Day 5,Tray 4,4,DJI_20260623123956_0004,7,1,7,2124.714,205.032,2000.833,81.151,2248.596,328.914,247.763,0.0097,direct_cup_evidence,No
5,Day 5,Tray 4,4,DJI_20260623123956_0004,8,1,8,2445.871,199.589,2321.989,75.707,2569.753,323.471,247.763,0.0113,direct_cup_evidence,No
5,Day 5,Tray 4,4,DJI_20260623123956_0004,9,1,9,2767.028,203.218,2643.146,79.336,2890.909,327.099,247.763,0.0174,direct_cup_evidence,No
5,Day 5,Tray 4,4,DJI_20260623123956_0004,10,1,10,3086.37,203.218,2962.488,79.336,3210.252,327.099,247.763,0.0364,direct_cup_evidence,No
5,Day 5,Tray 4,4,DJI_20260623123956_0004,11,2,1,190.517,480.828,66.635,356.946,314.398,604.709,247.763,0.0538,direct_cup_evidence,No
5,Day 5,Tray 4,4,DJI_20260623123956_0004,12,2,2,506.23,477.199,382.348,353.317,630.112,601.081,247.763,0.033,direct_cup_evidence,No
5,Day 5,Tray 4,4,DJI_20260623123956_0004,13,2,3,825.572,482.642,701.691,358.761,949.454,606.524,247.763,0.0032,direct_cup_evidence,No
5,Day 5,Tray 4,4,DJI_20260623123956_0004,14,2,4,1150.358,482.642,1026.476,358.761,1274.239,606.524,247.763,0.0013,direct_cup_evidence,No
5,Day 5,Tray 4,4,DJI_20260623123956_0004,15,2,5,1475.143,477.199,1351.262,353.317,1599.025,601.081,247.763,0.0148,direct_cup_evidence,No
5,Day 5,Tray 4,4,DJI_20260623123956_0004,16,2,6,1798.114,480.828,1674.233,356.946,1921.996,604.709,247.763,0.0045,direct_cup_evidence,No
5,Day 5,Tray 4,4,DJI_20260623123956_0004,17,2,7,2126.529,480.828,2002.647,356.946,2250.411,604.709,247.763,0.0126,direct_cup_evidence,No
5,Day 5,Tray 4,4,DJI_20260623123956_0004,18,2,8,2447.686,475.384,2323.804,351.503,2571.567,599.266,247.763,0.0089,direct_cup_evidence,No
5,Day 5,Tray 4,4,DJI_20260623123956_0004,19,2,9,2767.028,475.384,2643.146,351.503,2890.909,599.266,247.763,0.0209,direct_cup_evidence,No
5,Day 5,Tray 4,4,DJI_20260623123956_0004,20,2,10,3104.514,486.271,2980.633,362.389,3228.396,610.153,247.763,0.0474,direct_cup_evidence,No
5,Day 5,Tray 4,4,DJI_20260623123956_0004,21,3,1,172.372,758.438,48.491,634.556,296.254,882.319,247.763,0.0218,direct_cup_evidence,No
5,Day 5,Tray 4,4,DJI_20260623123956_0004,22,3,2,498.972,758.438,375.091,634.556,622.854,882.319,247.763,0.0132,direct_cup_evidence,No
5,Day 5,Tray 4,4,DJI_20260623123956_0004,23,3,3,820.129,756.623,696.247,632.742,944.011,880.505,247.763,0.0254,direct_cup_evidence,No
5,Day 5,Tray 4,4,DJI_20260623123956_0004,24,3,4,1152.172,758.438,1028.291,634.556,1276.054,882.319,247.763,0.0043,direct_cup_evidence,No
5,Day 5,Tray 4,4,DJI_20260623123956_0004,25,3,5,1476.958,756.623,1353.076,632.742,1600.839,880.505,247.763,0.0043,direct_cup_evidence,No
5,Day 5,Tray 4,4,DJI_20260623123956_0004,26,3,6,1803.558,756.623,1679.676,632.742,1927.439,880.505,247.763,0.0127,direct_cup_evidence,No
5,Day 5,Tray 4,4,DJI_20260623123956_0004,27,3,7,2130.158,754.809,2006.276,630.927,2254.039,878.691,247.763,0.0196,direct_cup_evidence,No
5,Day 5,Tray 4,4,DJI_20260623123956_0004,28,3,8,2454.943,752.994,2331.062,629.113,2578.825,876.876,247.763,0.0205,direct_cup_evidence,No
5,Day 5,Tray 4,4,DJI_20260623123956_0004,29,3,9,2781.543,749.366,2657.662,625.484,2905.425,873.247,247.763,0.0296,direct_cup_evidence,No
5,Day 5,Tray 4,4,DJI_20260623123956_0004,30,3,10,3095.442,752.994,2971.561,629.113,3219.324,876.876,247.763,0.0131,direct_cup_evidence,No
5,Day 5,Tray 4,4,DJI_20260623123956_0004,31,4,1,199.589,1046.934,75.707,923.053,323.471,1170.816,247.763,0.0842,direct_cup_evidence,No
5,Day 5,Tray 4,4,DJI_20260623123956_0004,32,4,2,504.416,1036.048,380.534,912.166,628.297,1159.929,247.763,0.0045,direct_cup_evidence,No
5,Day 5,Tray 4,4,DJI_20260623123956_0004,33,4,3,823.758,1032.419,699.876,908.537,947.639,1156.301,247.763,0.0164,direct_cup_evidence,No
5,Day 5,Tray 4,4,DJI_20260623123956_0004,34,4,4,1155.801,1032.419,1031.919,908.537,1279.683,1156.301,247.763,0.0123,direct_cup_evidence,No
5,Day 5,Tray 4,4,DJI_20260623123956_0004,35,4,5,1473.329,1037.862,1349.447,913.981,1597.211,1161.744,247.763,0.0256,direct_cup_evidence,No
5,Day 5,Tray 4,4,DJI_20260623123956_0004,36,4,6,1803.558,1032.419,1679.676,908.537,1927.439,1156.301,247.763,0.0099,direct_cup_evidence,No
5,Day 5,Tray 4,4,DJI_20260623123956_0004,37,4,7,2128.343,1030.604,2004.462,906.723,2252.225,1154.486,247.763,0.0094,direct_cup_evidence,No
5,Day 5,Tray 4,4,DJI_20260623123956_0004,38,4,8,2456.758,1026.976,2332.876,903.094,2580.639,1150.857,247.763,0.0233,direct_cup_evidence,No
5,Day 5,Tray 4,4,DJI_20260623123956_0004,39,4,9,2759.77,1054.192,2635.888,930.311,2883.652,1178.074,247.763,0.1124,direct_cup_evidence,No
5,Day 5,Tray 4,4,DJI_20260623123956_0004,40,4,10,3082.741,996.13,2958.859,872.248,3206.623,1120.012,247.763,0.1247,direct_cup_evidence,No
5,Day 5,Tray 4,4,DJI_20260623123956_0004,41,5,1,172.372,1308.214,48.491,1184.333,296.254,1432.096,247.763,0.0309,direct_cup_evidence,No
5,Day 5,Tray 4,4,DJI_20260623123956_0004,42,5,2,498.972,1310.029,375.091,1186.147,622.854,1433.911,247.763,0.0206,direct_cup_evidence,No
5,Day 5,Tray 4,4,DJI_20260623123956_0004,43,5,3,807.428,1290.07,683.546,1166.188,931.309,1413.952,247.763,0.1056,direct_cup_evidence,No
5,Day 5,Tray 4,4,DJI_20260623123956_0004,44,5,4,1150.358,1313.658,1026.476,1189.776,1274.239,1437.539,247.763,0.023,direct_cup_evidence,No
5,Day 5,Tray 4,4,DJI_20260623123956_0004,45,5,5,1478.772,1311.843,1354.891,1187.962,1602.654,1435.725,247.763,0.0173,direct_cup_evidence,No
5,Day 5,Tray 4,4,DJI_20260623123956_0004,46,5,6,1810.816,1313.658,1686.934,1189.776,1934.697,1437.539,247.763,0.0407,direct_cup_evidence,No
5,Day 5,Tray 4,4,DJI_20260623123956_0004,47,5,7,2135.601,1308.214,2011.719,1184.333,2259.483,1432.096,247.763,0.033,direct_cup_evidence,No
5,Day 5,Tray 4,4,DJI_20260623123956_0004,48,5,8,2476.717,1322.73,2352.835,1198.848,2600.598,1446.612,247.763,0.1143,direct_cup_evidence,No
5,Day 5,Tray 4,4,DJI_20260623123956_0004,49,5,9,2756.141,1297.328,2632.259,1173.446,2880.023,1421.209,247.763,0.0752,direct_cup_evidence,No
5,Day 5,Tray 4,4,DJI_20260623123956_0004,50,5,10,3095.442,1291.884,2971.561,1168.003,3219.324,1415.766,247.763,0.0394,direct_cup_evidence,No
5,Day 5,Tray 4,4,DJI_20260623123956_0004,51,6,1,177.816,1580.381,53.934,1456.499,301.697,1704.263,247.763,0.0271,direct_cup_evidence,No
5,Day 5,Tray 4,4,DJI_20260623123956_0004,52,6,2,498.972,1585.824,375.091,1461.943,622.854,1709.706,247.763,0.0249,direct_cup_evidence,No
5,Day 5,Tray 4,4,DJI_20260623123956_0004,53,6,3,831.016,1584.01,707.134,1460.128,954.897,1707.892,247.763,0.0035,direct_cup_evidence,No
5,Day 5,Tray 4,4,DJI_20260623123956_0004,54,6,4,1152.172,1596.711,1028.291,1472.829,1276.054,1720.593,247.763,0.0488,direct_cup_evidence,No
5,Day 5,Tray 4,4,DJI_20260623123956_0004,55,6,5,1478.772,1587.639,1354.891,1463.757,1602.654,1711.521,247.763,0.0191,direct_cup_evidence,No
5,Day 5,Tray 4,4,DJI_20260623123956_0004,56,6,6,1810.816,1582.196,1686.934,1458.314,1934.697,1706.077,247.763,0.0255,direct_cup_evidence,No
5,Day 5,Tray 4,4,DJI_20260623123956_0004,57,6,7,2137.416,1582.196,2013.534,1458.314,2261.297,1706.077,247.763,0.0338,direct_cup_evidence,No
5,Day 5,Tray 4,4,DJI_20260623123956_0004,58,6,8,2467.644,1580.381,2343.763,1456.499,2591.526,1704.263,247.763,0.0539,direct_cup_evidence,No
5,Day 5,Tray 4,4,DJI_20260623123956_0004,59,6,9,2759.77,1587.639,2635.888,1463.757,2883.652,1711.521,247.763,0.0732,direct_cup_evidence,No
5,Day 5,Tray 4,4,DJI_20260623123956_0004,60,6,10,3100.886,1560.422,2977.004,1436.541,3224.767,1684.304,247.763,0.0592,direct_cup_evidence,No
5,Day 5,Tray 4,4,DJI_20260623123956_0004,61,7,1,181.444,1852.548,57.563,1728.666,305.326,1976.429,247.763,0.0355,direct_cup_evidence,No
5,Day 5,Tray 4,4,DJI_20260623123956_0004,62,7,2,502.601,1859.806,378.719,1735.924,626.483,1983.687,247.763,0.0167,direct_cup_evidence,No
5,Day 5,Tray 4,4,DJI_20260623123956_0004,63,7,3,825.572,1865.249,701.691,1741.367,949.454,1989.131,247.763,0.0288,direct_cup_evidence,No
5,Day 5,Tray 4,4,DJI_20260623123956_0004,64,7,4,1155.801,1859.806,1031.919,1735.924,1279.683,1983.687,247.763,0.0036,direct_cup_evidence,No
5,Day 5,Tray 4,4,DJI_20260623123956_0004,65,7,5,1484.216,1865.249,1360.334,1741.367,1608.097,1989.131,247.763,0.0305,direct_cup_evidence,No
5,Day 5,Tray 4,4,DJI_20260623123956_0004,66,7,6,1794.486,1867.063,1670.604,1743.182,1918.367,1990.945,247.763,0.0541,direct_cup_evidence,No
5,Day 5,Tray 4,4,DJI_20260623123956_0004,67,7,7,2139.23,1857.991,2015.348,1734.109,2263.112,1981.873,247.763,0.0364,direct_cup_evidence,No
5,Day 5,Tray 4,4,DJI_20260623123956_0004,68,7,8,2462.201,1845.29,2338.319,1721.408,2586.083,1969.172,247.763,0.044,direct_cup_evidence,No
5,Day 5,Tray 4,4,DJI_20260623123956_0004,69,7,9,2788.801,1847.104,2664.919,1723.223,2912.683,1970.986,247.763,0.0431,direct_cup_evidence,No
5,Day 5,Tray 4,4,DJI_20260623123956_0004,70,7,10,3104.514,1838.032,2980.633,1714.151,3228.396,1961.914,247.763,0.0509,direct_cup_evidence,No
5,Day 5,Tray 5,5,DJI_20260623124057_0005,1,1,1,167.268,206.416,41.876,81.024,292.66,331.807,250.784,0.0247,direct_cup_evidence,No
5,Day 5,Tray 5,5,DJI_20260623124057_0005,2,1,2,482.229,206.416,356.838,81.024,607.621,331.807,250.784,0.0181,direct_cup_evidence,No
5,Day 5,Tray 5,5,DJI_20260623124057_0005,3,1,3,802.529,204.636,677.138,79.244,927.921,330.028,250.784,0.0144,direct_cup_evidence,No
5,Day 5,Tray 5,5,DJI_20260623124057_0005,4,1,4,1124.609,197.518,999.217,72.126,1250.001,322.91,250.784,0.0263,direct_cup_evidence,No
5,Day 5,Tray 5,5,DJI_20260623124057_0005,5,1,5,1443.129,195.739,1317.738,70.347,1568.521,321.131,250.784,0.0405,direct_cup_evidence,No
5,Day 5,Tray 5,5,DJI_20260623124057_0005,6,1,6,1766.988,201.077,1641.596,75.685,1892.38,326.469,250.784,0.0232,direct_cup_evidence,No
5,Day 5,Tray 5,5,DJI_20260623124057_0005,7,1,7,2094.406,199.298,1969.014,73.906,2219.798,324.69,250.784,0.0295,direct_cup_evidence,No
5,Day 5,Tray 5,5,DJI_20260623124057_0005,8,1,8,2416.486,204.636,2291.094,79.244,2541.877,330.028,250.784,0.016,direct_cup_evidence,No
5,Day 5,Tray 5,5,DJI_20260623124057_0005,9,1,9,2749.242,199.298,2623.85,73.906,2874.634,324.69,250.784,0.061,direct_cup_evidence,No
5,Day 5,Tray 5,5,DJI_20260623124057_0005,10,1,10,3057.086,201.077,2931.694,75.685,3182.477,326.469,250.784,0.0337,direct_cup_evidence,No
5,Day 5,Tray 5,5,DJI_20260623124057_0005,11,2,1,163.709,485.788,38.317,360.396,289.101,611.18,250.784,0.0252,direct_cup_evidence,No
5,Day 5,Tray 5,5,DJI_20260623124057_0005,12,2,2,492.906,484.009,367.514,358.617,618.298,609.401,250.784,0.0411,direct_cup_evidence,No
5,Day 5,Tray 5,5,DJI_20260623124057_0005,13,2,3,795.412,485.788,670.02,360.396,920.804,611.18,250.784,0.0326,direct_cup_evidence,No
5,Day 5,Tray 5,5,DJI_20260623124057_0005,14,2,4,1145.962,492.906,1020.57,367.514,1271.354,618.298,250.784,0.0833,direct_cup_evidence,No
5,Day 5,Tray 5,5,DJI_20260623124057_0005,15,2,5,1439.571,484.009,1314.179,358.617,1564.962,609.401,250.784,0.0254,direct_cup_evidence,No
5,Day 5,Tray 5,5,DJI_20260623124057_0005,16,2,6,1765.209,487.568,1639.817,362.176,1890.601,612.96,250.784,0.0145,direct_cup_evidence,No
5,Day 5,Tray 5,5,DJI_20260623124057_0005,17,2,7,2096.186,485.788,1970.794,360.396,2221.577,611.18,250.784,0.023,direct_cup_evidence,No
5,Day 5,Tray 5,5,DJI_20260623124057_0005,18,2,8,2418.265,484.009,2292.873,358.617,2543.657,609.401,250.784,0.0271,direct_cup_evidence,No
5,Day 5,Tray 5,5,DJI_20260623124057_0005,19,2,9,2738.565,487.568,2613.173,362.176,2863.957,612.96,250.784,0.0204,direct_cup_evidence,No
5,Day 5,Tray 5,5,DJI_20260623124057_0005,20,2,10,3060.644,487.568,2935.253,362.176,3186.036,612.96,250.784,0.0229,direct_cup_evidence,No
5,Day 5,Tray 5,5,DJI_20260623124057_0005,21,3,1,165.488,761.602,40.096,636.21,290.88,886.994,250.784,0.0304,direct_cup_evidence,No
5,Day 5,Tray 5,5,DJI_20260623124057_0005,22,3,2,475.112,765.161,349.72,639.769,600.504,890.553,250.784,0.0259,direct_cup_evidence,No
5,Day 5,Tray 5,5,DJI_20260623124057_0005,23,3,3,797.191,761.602,671.799,636.21,922.583,886.994,250.784,0.0139,direct_cup_evidence,No
5,Day 5,Tray 5,5,DJI_20260623124057_0005,24,3,4,1115.712,766.941,990.32,641.549,1241.104,892.332,250.784,0.0312,direct_cup_evidence,No
5,Day 5,Tray 5,5,DJI_20260623124057_0005,25,3,5,1437.791,763.382,1312.399,637.99,1563.183,888.774,250.784,0.0224,direct_cup_evidence,No
5,Day 5,Tray 5,5,DJI_20260623124057_0005,26,3,6,1756.312,765.161,1630.92,639.769,1881.704,890.553,250.784,0.0336,direct_cup_evidence,No
5,Day 5,Tray 5,5,DJI_20260623124057_0005,27,3,7,2062.376,754.484,1936.984,629.093,2187.768,879.876,250.784,0.0958,direct_cup_evidence,No
5,Day 5,Tray 5,5,DJI_20260623124057_0005,28,3,8,2418.265,765.161,2292.873,639.769,2543.657,890.553,250.784,0.0346,direct_cup_evidence,No
5,Day 5,Tray 5,5,DJI_20260623124057_0005,29,3,9,2740.344,765.161,2614.953,639.769,2865.736,890.553,250.784,0.0368,direct_cup_evidence,No
5,Day 5,Tray 5,5,DJI_20260623124057_0005,30,3,10,3058.865,766.941,2933.473,641.549,3184.257,892.332,250.784,0.0256,direct_cup_evidence,No
5,Day 5,Tray 5,5,DJI_20260623124057_0005,31,4,1,161.929,1037.416,36.538,912.024,287.321,1162.808,250.784,0.0248,direct_cup_evidence,No
5,Day 5,Tray 5,5,DJI_20260623124057_0005,32,4,2,473.332,1039.196,347.94,913.804,598.724,1164.587,250.784,0.0126,direct_cup_evidence,No
5,Day 5,Tray 5,5,DJI_20260623124057_0005,33,4,3,797.191,1037.416,671.799,912.024,922.583,1162.808,250.784,0.0066,direct_cup_evidence,No
5,Day 5,Tray 5,5,DJI_20260623124057_0005,34,4,4,1113.932,1044.534,988.54,919.142,1239.324,1169.926,250.784,0.0263,direct_cup_evidence,No
5,Day 5,Tray 5,5,DJI_20260623124057_0005,35,4,5,1436.012,1048.093,1310.62,922.701,1561.404,1173.485,250.784,0.0315,direct_cup_evidence,No
5,Day 5,Tray 5,5,DJI_20260623124057_0005,36,4,6,1756.312,1097.917,1630.92,972.525,1881.704,1223.309,250.784,0.2015,direct_cup_evidence,No
5,Day 5,Tray 5,5,DJI_20260623124057_0005,37,4,7,2087.288,1048.093,1961.896,922.701,2212.68,1173.485,250.784,0.0204,direct_cup_evidence,No
5,Day 5,Tray 5,5,DJI_20260623124057_0005,38,4,8,2384.456,1083.682,2259.064,958.29,2509.847,1209.074,250.784,0.1612,direct_cup_evidence,No
5,Day 5,Tray 5,5,DJI_20260623124057_0005,39,4,9,2736.786,1044.534,2611.394,919.142,2862.177,1169.926,250.784,0.0334,direct_cup_evidence,No
5,Day 5,Tray 5,5,DJI_20260623124057_0005,40,4,10,3055.306,1042.754,2929.914,917.363,3180.698,1168.146,250.784,0.0258,direct_cup_evidence,No
5,Day 5,Tray 5,5,DJI_20260623124057_0005,41,5,1,165.488,1307.892,40.096,1182.5,290.88,1433.284,250.784,0.0545,direct_cup_evidence,No
5,Day 5,Tray 5,5,DJI_20260623124057_0005,42,5,2,475.112,1316.789,349.72,1191.397,600.504,1442.181,250.784,0.0044,direct_cup_evidence,No
5,Day 5,Tray 5,5,DJI_20260623124057_0005,43,5,3,791.853,1318.568,666.461,1193.176,917.245,1443.96,250.784,0.0134,direct_cup_evidence,No
5,Day 5,Tray 5,5,DJI_20260623124057_0005,44,5,4,1113.932,1322.127,988.54,1196.735,1239.324,1447.519,250.784,0.0167,direct_cup_evidence,No
5,Day 5,Tray 5,5,DJI_20260623124057_0005,45,5,5,1423.556,1307.892,1298.164,1182.5,1548.947,1433.284,250.784,0.0686,direct_cup_evidence,No
5,Day 5,Tray 5,5,DJI_20260623124057_0005,46,5,6,1759.871,1327.466,1634.479,1202.074,1885.262,1452.857,250.784,0.024,direct_cup_evidence,No
5,Day 5,Tray 5,5,DJI_20260623124057_0005,47,5,7,2087.288,1329.245,1961.896,1203.853,2212.68,1454.637,250.784,0.0333,direct_cup_evidence,No
5,Day 5,Tray 5,5,DJI_20260623124057_0005,48,5,8,2400.471,1322.127,2275.079,1196.735,2525.862,1447.519,250.784,0.0104,direct_cup_evidence,No
5,Day 5,Tray 5,5,DJI_20260623124057_0005,49,5,9,2731.447,1327.466,2606.055,1202.074,2856.839,1452.857,250.784,0.0269,direct_cup_evidence,No
5,Day 5,Tray 5,5,DJI_20260623124057_0005,50,5,10,3048.188,1325.686,2922.796,1200.294,3173.58,1451.078,250.784,0.0069,direct_cup_evidence,No
5,Day 5,Tray 5,5,DJI_20260623124057_0005,51,6,1,163.709,1589.044,38.317,1463.652,289.101,1714.436,250.784,0.0536,direct_cup_evidence,No
5,Day 5,Tray 5,5,DJI_20260623124057_0005,52,6,2,475.112,1594.382,349.72,1468.99,600.504,1719.774,250.784,0.0142,direct_cup_evidence,No
5,Day 5,Tray 5,5,DJI_20260623124057_0005,53,6,3,795.412,1597.941,670.02,1472.549,920.804,1723.333,250.784,0.0112,direct_cup_evidence,No
5,Day 5,Tray 5,5,DJI_20260623124057_0005,54,6,4,1115.712,1596.162,990.32,1470.77,1241.104,1721.554,250.784,0.0064,direct_cup_evidence,No
5,Day 5,Tray 5,5,DJI_20260623124057_0005,55,6,5,1432.453,1606.838,1307.061,1481.446,1557.845,1732.23,250.784,0.0329,direct_cup_evidence,No
5,Day 5,Tray 5,5,DJI_20260623124057_0005,56,6,6,1758.091,1606.838,1632.699,1481.446,1883.483,1732.23,250.784,0.0268,direct_cup_evidence,No
5,Day 5,Tray 5,5,DJI_20260623124057_0005,57,6,7,2083.729,1610.397,1958.338,1485.005,2209.121,1735.789,250.784,0.0394,direct_cup_evidence,No
5,Day 5,Tray 5,5,DJI_20260623124057_0005,58,6,8,2396.912,1596.162,2271.52,1470.77,2522.304,1721.554,250.784,0.0233,direct_cup_evidence,No
5,Day 5,Tray 5,5,DJI_20260623124057_0005,59,6,9,2729.668,1603.279,2604.276,1477.888,2855.06,1728.671,250.784,0.0271,direct_cup_evidence,No
5,Day 5,Tray 5,5,DJI_20260623124057_0005,60,6,10,3055.306,1603.279,2929.914,1477.888,3180.698,1728.671,250.784,0.0417,direct_cup_evidence,No
5,Day 5,Tray 5,5,DJI_20260623124057_0005,61,7,1,161.929,1852.402,36.538,1727.01,287.321,1977.794,250.784,0.0906,direct_cup_evidence,No
5,Day 5,Tray 5,5,DJI_20260623124057_0005,62,7,2,471.553,1866.637,346.161,1741.245,596.945,1992.029,250.784,0.0279,direct_cup_evidence,No
5,Day 5,Tray 5,5,DJI_20260623124057_0005,63,7,3,788.294,1875.534,662.902,1750.143,913.686,2000.926,250.784,0.0069,direct_cup_evidence,No
5,Day 5,Tray 5,5,DJI_20260623124057_0005,64,7,4,1106.814,1863.078,981.423,1737.686,1232.206,1988.47,250.784,0.0493,direct_cup_evidence,No
5,Day 5,Tray 5,5,DJI_20260623124057_0005,65,7,5,1428.894,1882.652,1303.502,1757.26,1554.286,2008.044,250.784,0.0256,direct_cup_evidence,No
5,Day 5,Tray 5,5,DJI_20260623124057_0005,66,7,6,1749.194,1877.314,1623.802,1751.922,1874.586,2002.706,250.784,0.0202,direct_cup_evidence,No
5,Day 5,Tray 5,5,DJI_20260623124057_0005,67,7,7,2074.832,1877.314,1949.44,1751.922,2200.224,2002.706,250.784,0.0084,direct_cup_evidence,No
5,Day 5,Tray 5,5,DJI_20260623124057_0005,68,7,8,2400.471,1877.314,2275.079,1751.922,2525.862,2002.706,250.784,0.0138,direct_cup_evidence,No
5,Day 5,Tray 5,5,DJI_20260623124057_0005,69,7,9,2718.991,1882.652,2593.599,1757.26,2844.383,2008.044,250.784,0.0054,direct_cup_evidence,No
5,Day 5,Tray 5,5,DJI_20260623124057_0005,70,7,10,3035.732,1884.432,2910.34,1759.04,3161.124,2009.824,250.784,0.0205,direct_cup_evidence,No
5,Day 5,Tray 6,6,DJI_20260623124159_0006,1,1,1,169.67,203.965,44.255,78.55,295.085,329.38,250.829,0.0148,direct_cup_evidence,No
5,Day 5,Tray 6,6,DJI_20260623124159_0006,2,1,2,483.74,200.355,358.325,74.94,609.155,325.77,250.829,0.0249,direct_cup_evidence,No
5,Day 5,Tray 6,6,DJI_20260623124159_0006,3,1,3,806.835,198.55,681.42,73.135,932.25,323.965,250.829,0.0192,direct_cup_evidence,No
5,Day 5,Tray 6,6,DJI_20260623124159_0006,4,1,4,1129.93,198.55,1004.515,73.135,1255.345,323.965,250.829,0.0146,direct_cup_evidence,No
5,Day 5,Tray 6,6,DJI_20260623124159_0006,5,1,5,1454.83,196.745,1329.415,71.33,1580.245,322.16,250.829,0.0024,direct_cup_evidence,No
5,Day 5,Tray 6,6,DJI_20260623124159_0006,6,1,6,1770.705,191.33,1645.29,65.915,1896.12,316.745,250.829,0.0273,direct_cup_evidence,No
5,Day 5,Tray 6,6,DJI_20260623124159_0006,7,1,7,2099.215,189.525,1973.8,64.11,2224.63,314.94,250.829,0.0187,direct_cup_evidence,No
5,Day 5,Tray 6,6,DJI_20260623124159_0006,8,1,8,2427.725,187.72,2302.31,62.305,2553.14,313.135,250.829,0.0346,direct_cup_evidence,No
5,Day 5,Tray 6,6,DJI_20260623124159_0006,9,1,9,2745.405,191.33,2619.99,65.915,2870.82,316.745,250.829,0.0139,direct_cup_evidence,No
5,Day 5,Tray 6,6,DJI_20260623124159_0006,10,1,10,3073.915,185.915,2948.5,60.5,3199.33,311.33,250.829,0.0434,direct_cup_evidence,No
5,Day 5,Tray 6,6,DJI_20260623124159_0006,11,2,1,175.085,480.13,49.67,354.715,300.5,605.545,250.829,0.0248,direct_cup_evidence,No
5,Day 5,Tray 6,6,DJI_20260623124159_0006,12,2,2,489.155,478.325,363.74,352.91,614.57,603.74,250.829,0.0035,direct_cup_evidence,No
5,Day 5,Tray 6,6,DJI_20260623124159_0006,13,2,3,808.64,483.74,683.225,358.325,934.055,609.155,250.829,0.0268,direct_cup_evidence,No
5,Day 5,Tray 6,6,DJI_20260623124159_0006,14,2,4,1122.71,478.325,997.295,352.91,1248.125,603.74,250.829,0.0385,direct_cup_evidence,No
5,Day 5,Tray 6,6,DJI_20260623124159_0006,15,2,5,1456.635,472.91,1331.22,347.495,1582.05,598.325,250.829,0.0103,direct_cup_evidence,No
5,Day 5,Tray 6,6,DJI_20260623124159_0006,16,2,6,1772.51,474.715,1647.095,349.3,1897.925,600.13,250.829,0.0142,direct_cup_evidence,No
5,Day 5,Tray 6,6,DJI_20260623124159_0006,17,2,7,2099.215,472.91,1973.8,347.495,2224.63,598.325,250.829,0.0045,direct_cup_evidence,No
5,Day 5,Tray 6,6,DJI_20260623124159_0006,18,2,8,2427.725,469.3,2302.31,343.885,2553.14,594.715,250.829,0.0311,direct_cup_evidence,No
5,Day 5,Tray 6,6,DJI_20260623124159_0006,19,2,9,2752.625,471.105,2627.21,345.69,2878.04,596.52,250.829,0.0407,direct_cup_evidence,No
5,Day 5,Tray 6,6,DJI_20260623124159_0006,20,2,10,3073.915,469.3,2948.5,343.885,3199.33,594.715,250.829,0.0398,direct_cup_evidence,No
5,Day 5,Tray 6,6,DJI_20260623124159_0006,21,3,1,171.475,754.49,46.06,629.075,296.89,879.905,250.829,0.0168,direct_cup_evidence,No
5,Day 5,Tray 6,6,DJI_20260623124159_0006,22,3,2,485.545,756.295,360.13,630.88,610.96,881.71,250.829,0.0137,direct_cup_evidence,No
5,Day 5,Tray 6,6,DJI_20260623124159_0006,23,3,3,805.03,756.295,679.615,630.88,930.445,881.71,250.829,0.0215,direct_cup_evidence,No
5,Day 5,Tray 6,6,DJI_20260623124159_0006,24,3,4,1128.125,754.49,1002.71,629.075,1253.54,879.905,250.829,0.0161,direct_cup_evidence,No
5,Day 5,Tray 6,6,DJI_20260623124159_0006,25,3,5,1449.415,756.295,1324.0,630.88,1574.83,881.71,250.829,0.0194,direct_cup_evidence,No
5,Day 5,Tray 6,6,DJI_20260623124159_0006,26,3,6,1772.51,754.49,1647.095,629.075,1897.925,879.905,250.829,0.0132,direct_cup_evidence,No
5,Day 5,Tray 6,6,DJI_20260623124159_0006,27,3,7,2099.215,745.465,1973.8,620.05,2224.63,870.88,250.829,0.0246,direct_cup_evidence,No
5,Day 5,Tray 6,6,DJI_20260623124159_0006,28,3,8,2424.115,752.685,2298.7,627.27,2549.53,878.1,250.829,0.0188,direct_cup_evidence,No
5,Day 5,Tray 6,6,DJI_20260623124159_0006,29,3,9,2749.015,750.88,2623.6,625.465,2874.43,876.295,250.829,0.0299,direct_cup_evidence,No
5,Day 5,Tray 6,6,DJI_20260623124159_0006,30,3,10,3072.11,749.075,2946.695,623.66,3197.525,874.49,250.829,0.0351,direct_cup_evidence,No
5,Day 5,Tray 6,6,DJI_20260623124159_0006,31,4,1,176.89,1027.045,51.475,901.63,302.305,1152.46,250.829,0.0475,direct_cup_evidence,No
5,Day 5,Tray 6,6,DJI_20260623124159_0006,32,4,2,485.545,1034.265,360.13,908.85,610.96,1159.68,250.829,0.012,direct_cup_evidence,No
5,Day 5,Tray 6,6,DJI_20260623124159_0006,33,4,3,805.03,1032.46,679.615,907.045,930.445,1157.875,250.829,0.0203,direct_cup_evidence,No
5,Day 5,Tray 6,6,DJI_20260623124159_0006,34,4,4,1128.125,1034.265,1002.71,908.85,1253.54,1159.68,250.829,0.0143,direct_cup_evidence,No
5,Day 5,Tray 6,6,DJI_20260623124159_0006,35,4,5,1449.415,1037.875,1324.0,912.46,1574.83,1163.29,250.829,0.0244,direct_cup_evidence,No
5,Day 5,Tray 6,6,DJI_20260623124159_0006,36,4,6,1774.315,1036.07,1648.9,910.655,1899.73,1161.485,250.829,0.0162,direct_cup_evidence,No
5,Day 5,Tray 6,6,DJI_20260623124159_0006,37,4,7,2043.26,1016.215,1917.845,890.8,2168.675,1141.63,250.829,0.1994,direct_cup_evidence,No
5,Day 5,Tray 6,6,DJI_20260623124159_0006,38,4,8,2422.31,1034.265,2296.895,908.85,2547.725,1159.68,250.829,0.0207,direct_cup_evidence,No
5,Day 5,Tray 6,6,DJI_20260623124159_0006,39,4,9,2749.015,1027.045,2623.6,901.63,2874.43,1152.46,250.829,0.0327,direct_cup_evidence,No
5,Day 5,Tray 6,6,DJI_20260623124159_0006,40,4,10,3072.11,1030.655,2946.695,905.24,3197.525,1156.07,250.829,0.0382,direct_cup_evidence,No
5,Day 5,Tray 6,6,DJI_20260623124159_0006,41,5,1,169.67,1305.015,44.255,1179.6,295.085,1430.43,250.829,0.0365,direct_cup_evidence,No
5,Day 5,Tray 6,6,DJI_20260623124159_0006,42,5,2,485.545,1305.015,360.13,1179.6,610.96,1430.43,250.829,0.033,direct_cup_evidence,No
5,Day 5,Tray 6,6,DJI_20260623124159_0006,43,5,3,806.835,1312.235,681.42,1186.82,932.25,1437.65,250.829,0.011,direct_cup_evidence,No
5,Day 5,Tray 6,6,DJI_20260623124159_0006,44,5,4,1155.2,1314.04,1029.785,1188.625,1280.615,1439.455,250.829,0.0856,direct_cup_evidence,No
5,Day 5,Tray 6,6,DJI_20260623124159_0006,45,5,5,1447.61,1315.845,1322.195,1190.43,1573.025,1441.26,250.829,0.0256,direct_cup_evidence,No
5,Day 5,Tray 6,6,DJI_20260623124159_0006,46,5,6,1770.705,1315.845,1645.29,1190.43,1896.12,1441.26,250.829,0.0243,direct_cup_evidence,No
5,Day 5,Tray 6,6,DJI_20260623124159_0006,47,5,7,2054.09,1314.04,1928.675,1188.625,2179.505,1439.455,250.829,0.1523,direct_cup_evidence,No
5,Day 5,Tray 6,6,DJI_20260623124159_0006,48,5,8,2409.675,1314.04,2284.26,1188.625,2535.09,1439.455,250.829,0.0353,direct_cup_evidence,No
5,Day 5,Tray 6,6,DJI_20260623124159_0006,49,5,9,2745.405,1314.04,2619.99,1188.625,2870.82,1439.455,250.829,0.0309,direct_cup_evidence,No
5,Day 5,Tray 6,6,DJI_20260623124159_0006,50,5,10,3066.695,1308.625,2941.28,1183.21,3192.11,1434.04,250.829,0.0209,direct_cup_evidence,No
5,Day 5,Tray 6,6,DJI_20260623124159_0006,51,6,1,180.5,1568.545,55.085,1443.13,305.915,1693.96,250.829,0.1033,direct_cup_evidence,No
5,Day 5,Tray 6,6,DJI_20260623124159_0006,52,6,2,505.4,1633.525,379.985,1508.11,630.815,1758.94,250.829,0.1604,direct_cup_evidence,No
5,Day 5,Tray 6,6,DJI_20260623124159_0006,53,6,3,808.64,1633.525,683.225,1508.11,934.055,1758.94,250.829,0.1502,direct_cup_evidence,No
5,Day 5,Tray 6,6,DJI_20260623124159_0006,54,6,4,1144.37,1633.525,1018.955,1508.11,1269.785,1758.94,250.829,0.1608,direct_cup_evidence,No
5,Day 5,Tray 6,6,DJI_20260623124159_0006,55,6,5,1449.415,1593.815,1324.0,1468.4,1574.83,1719.23,250.829,0.0177,direct_cup_evidence,No
5,Day 5,Tray 6,6,DJI_20260623124159_0006,56,6,6,1770.705,1590.205,1645.29,1464.79,1896.12,1715.62,250.829,0.0127,direct_cup_evidence,No
5,Day 5,Tray 6,6,DJI_20260623124159_0006,57,6,7,2086.58,1588.4,1961.165,1462.985,2211.995,1713.815,250.829,0.0327,direct_cup_evidence,No
5,Day 5,Tray 6,6,DJI_20260623124159_0006,58,6,8,2418.7,1588.4,2293.285,1462.985,2544.115,1713.815,250.829,0.0063,direct_cup_evidence,No
5,Day 5,Tray 6,6,DJI_20260623124159_0006,59,6,9,2743.6,1588.4,2618.185,1462.985,2869.015,1713.815,250.829,0.0181,direct_cup_evidence,No
5,Day 5,Tray 6,6,DJI_20260623124159_0006,60,6,10,3061.28,1579.375,2935.865,1453.96,3186.695,1704.79,250.829,0.0224,direct_cup_evidence,No
5,Day 5,Tray 6,6,DJI_20260623124159_0006,61,7,1,180.5,1844.71,55.085,1719.295,305.915,1970.125,250.829,0.1123,direct_cup_evidence,No
5,Day 5,Tray 6,6,DJI_20260623124159_0006,62,7,2,489.155,1850.125,363.74,1724.71,614.57,1975.54,250.829,0.0761,direct_cup_evidence,No
5,Day 5,Tray 6,6,DJI_20260623124159_0006,63,7,3,810.445,1859.15,685.03,1733.735,935.86,1984.565,250.829,0.0408,direct_cup_evidence,No
5,Day 5,Tray 6,6,DJI_20260623124159_0006,64,7,4,1129.93,1860.955,1004.515,1735.54,1255.345,1986.37,250.829,0.0307,direct_cup_evidence,No
5,Day 5,Tray 6,6,DJI_20260623124159_0006,65,7,5,1449.415,1864.565,1324.0,1739.15,1574.83,1989.98,250.829,0.017,direct_cup_evidence,No
5,Day 5,Tray 6,6,DJI_20260623124159_0006,66,7,6,1770.705,1868.175,1645.29,1742.76,1896.12,1993.59,250.829,0.0101,direct_cup_evidence,No
5,Day 5,Tray 6,6,DJI_20260623124159_0006,67,7,7,2093.8,1871.785,1968.385,1746.37,2219.215,1997.2,250.829,0.0182,direct_cup_evidence,No
5,Day 5,Tray 6,6,DJI_20260623124159_0006,68,7,8,2407.87,1857.345,2282.455,1731.93,2533.285,1982.76,250.829,0.0445,direct_cup_evidence,No
5,Day 5,Tray 6,6,DJI_20260623124159_0006,69,7,9,2736.38,1859.15,2610.965,1733.735,2861.795,1984.565,250.829,0.0227,direct_cup_evidence,No
5,Day 5,Tray 6,6,DJI_20260623124159_0006,70,7,10,3059.475,1859.15,2934.06,1733.735,3184.89,1984.565,250.829,0.0185,direct_cup_evidence,No
5,Day 5,Tray 7,7,DJI_20260623124307_0007,1,1,1,159.656,222.442,36.269,99.055,283.043,345.829,246.774,0.0106,direct_cup_evidence,No
5,Day 5,Tray 7,7,DJI_20260623124307_0007,2,1,2,480.762,227.824,357.375,104.437,604.149,351.211,246.774,0.0168,direct_cup_evidence,No
5,Day 5,Tray 7,7,DJI_20260623124307_0007,3,1,3,803.662,217.061,680.275,93.674,927.049,340.447,246.774,0.0238,direct_cup_evidence,No
5,Day 5,Tray 7,7,DJI_20260623124307_0007,4,1,4,1121.181,213.473,997.794,90.086,1244.567,336.86,246.774,0.0386,direct_cup_evidence,No
5,Day 5,Tray 7,7,DJI_20260623124307_0007,5,1,5,1447.668,206.297,1324.281,82.91,1571.055,329.684,246.774,0.0615,direct_cup_evidence,No
5,Day 5,Tray 7,7,DJI_20260623124307_0007,6,1,6,1770.568,202.709,1647.181,79.323,1893.955,326.096,246.774,0.0746,direct_cup_evidence,No
5,Day 5,Tray 7,7,DJI_20260623124307_0007,7,1,7,2100.644,206.297,1977.257,82.91,2224.031,329.684,246.774,0.0752,direct_cup_evidence,No
5,Day 5,Tray 7,7,DJI_20260623124307_0007,8,1,8,2419.956,206.297,2296.569,82.91,2543.343,329.684,246.774,0.0709,direct_cup_evidence,No
5,Day 5,Tray 7,7,DJI_20260623124307_0007,9,1,9,2757.207,213.473,2633.82,90.086,2880.594,336.86,246.774,0.1041,direct_cup_evidence,No
5,Day 5,Tray 7,7,DJI_20260623124307_0007,10,1,10,3060.374,202.709,2936.988,79.323,3183.761,326.096,246.774,0.0777,direct_cup_evidence,No
5,Day 5,Tray 7,7,DJI_20260623124307_0007,11,2,1,163.244,498.701,39.857,375.314,286.631,622.088,246.774,0.0078,direct_cup_evidence,No
5,Day 5,Tray 7,7,DJI_20260623124307_0007,12,2,2,496.907,477.174,373.52,353.788,620.294,600.561,246.774,0.0852,direct_cup_evidence,No
5,Day 5,Tray 7,7,DJI_20260623124307_0007,13,2,3,801.868,496.907,678.481,373.52,925.255,620.294,246.774,0.0202,direct_cup_evidence,No
5,Day 5,Tray 7,7,DJI_20260623124307_0007,14,2,4,1124.768,491.526,1001.381,368.139,1248.155,614.912,246.774,0.0254,direct_cup_evidence,No
5,Day 5,Tray 7,7,DJI_20260623124307_0007,15,2,5,1451.256,491.526,1327.869,368.139,1574.643,614.912,246.774,0.0221,direct_cup_evidence,No
5,Day 5,Tray 7,7,DJI_20260623124307_0007,16,2,6,1777.744,489.732,1654.357,366.345,1901.131,613.119,246.774,0.038,direct_cup_evidence,No
5,Day 5,Tray 7,7,DJI_20260623124307_0007,17,2,7,2102.438,489.732,1979.051,366.345,2225.825,613.119,246.774,0.048,direct_cup_evidence,No
5,Day 5,Tray 7,7,DJI_20260623124307_0007,18,2,8,2423.544,486.144,2300.157,362.757,2546.931,609.531,246.774,0.0558,direct_cup_evidence,No
5,Day 5,Tray 7,7,DJI_20260623124307_0007,19,2,9,2742.856,482.556,2619.469,359.169,2866.243,605.943,246.774,0.061,direct_cup_evidence,No
5,Day 5,Tray 7,7,DJI_20260623124307_0007,20,2,10,3062.168,480.762,2938.781,357.375,3185.555,604.149,246.774,0.0627,direct_cup_evidence,No
5,Day 5,Tray 7,7,DJI_20260623124307_0007,21,3,1,165.038,776.754,41.651,653.367,288.425,900.141,246.774,0.0205,direct_cup_evidence,No
5,Day 5,Tray 7,7,DJI_20260623124307_0007,22,3,2,480.762,771.372,357.375,647.985,604.149,894.759,246.774,0.0324,direct_cup_evidence,No
5,Day 5,Tray 7,7,DJI_20260623124307_0007,23,3,3,805.456,767.784,682.069,644.398,928.843,891.171,246.774,0.0241,direct_cup_evidence,No
5,Day 5,Tray 7,7,DJI_20260623124307_0007,24,3,4,1128.356,771.372,1004.969,647.985,1251.743,894.759,246.774,0.0119,direct_cup_evidence,No
5,Day 5,Tray 7,7,DJI_20260623124307_0007,25,3,5,1456.638,769.578,1333.251,646.191,1580.025,892.965,246.774,0.0162,direct_cup_evidence,No
5,Day 5,Tray 7,7,DJI_20260623124307_0007,26,3,6,1774.156,771.372,1650.769,647.985,1897.543,894.759,246.774,0.0022,direct_cup_evidence,No
5,Day 5,Tray 7,7,DJI_20260623124307_0007,27,3,7,2102.438,765.991,1979.051,642.604,2225.825,889.377,246.774,0.0339,direct_cup_evidence,No
5,Day 5,Tray 7,7,DJI_20260623124307_0007,28,3,8,2419.956,757.021,2296.569,633.634,2543.343,880.408,246.774,0.0524,direct_cup_evidence,No
5,Day 5,Tray 7,7,DJI_20260623124307_0007,29,3,9,2732.093,809.044,2608.706,685.657,2855.48,932.431,246.774,0.1417,direct_cup_evidence,No
5,Day 5,Tray 7,7,DJI_20260623124307_0007,30,3,10,3065.756,757.021,2942.369,633.634,3189.143,880.408,246.774,0.0566,direct_cup_evidence,No
5,Day 5,Tray 7,7,DJI_20260623124307_0007,31,4,1,166.832,1049.425,43.445,926.038,290.219,1172.812,246.774,0.0212,direct_cup_evidence,No
5,Day 5,Tray 7,7,DJI_20260623124307_0007,32,4,2,493.319,1049.425,369.933,926.038,616.706,1172.812,246.774,0.0113,direct_cup_evidence,No
5,Day 5,Tray 7,7,DJI_20260623124307_0007,33,4,3,816.219,1047.631,692.833,924.244,939.606,1171.018,246.774,0.0101,direct_cup_evidence,No
5,Day 5,Tray 7,7,DJI_20260623124307_0007,34,4,4,1131.944,1049.425,1008.557,926.038,1255.331,1172.812,246.774,0.0169,direct_cup_evidence,No
5,Day 5,Tray 7,7,DJI_20260623124307_0007,35,4,5,1456.638,1049.425,1333.251,926.038,1580.025,1172.812,246.774,0.0142,direct_cup_evidence,No
5,Day 5,Tray 7,7,DJI_20260623124307_0007,36,4,6,1783.126,1047.631,1659.739,924.244,1906.512,1171.018,246.774,0.0243,direct_cup_evidence,No
5,Day 5,Tray 7,7,DJI_20260623124307_0007,37,4,7,2100.644,1053.013,1977.257,929.626,2224.031,1176.4,246.774,0.0305,direct_cup_evidence,No
5,Day 5,Tray 7,7,DJI_20260623124307_0007,38,4,8,2423.544,1038.662,2300.157,915.275,2546.931,1162.049,246.774,0.0284,direct_cup_evidence,No
5,Day 5,Tray 7,7,DJI_20260623124307_0007,39,4,9,2741.062,1035.074,2617.675,911.687,2864.449,1158.461,246.774,0.0351,direct_cup_evidence,No
5,Day 5,Tray 7,7,DJI_20260623124307_0007,40,4,10,3062.168,1027.898,2938.781,904.511,3185.555,1151.285,246.774,0.0603,direct_cup_evidence,No
5,Day 5,Tray 7,7,DJI_20260623124307_0007,41,5,1,177.595,1318.508,54.208,1195.121,300.982,1441.895,246.774,0.0121,direct_cup_evidence,No
5,Day 5,Tray 7,7,DJI_20260623124307_0007,42,5,2,496.907,1320.302,373.52,1196.915,620.294,1443.689,246.774,0.0028,direct_cup_evidence,No
5,Day 5,Tray 7,7,DJI_20260623124307_0007,43,5,3,814.426,1322.096,691.039,1198.709,937.812,1445.483,246.774,0.012,direct_cup_evidence,No
5,Day 5,Tray 7,7,DJI_20260623124307_0007,44,5,4,1133.738,1325.684,1010.351,1202.297,1257.125,1449.071,246.774,0.0262,direct_cup_evidence,No
5,Day 5,Tray 7,7,DJI_20260623124307_0007,45,5,5,1458.432,1322.096,1335.045,1198.709,1581.819,1445.483,246.774,0.0088,direct_cup_evidence,No
5,Day 5,Tray 7,7,DJI_20260623124307_0007,46,5,6,1784.919,1325.684,1661.533,1202.297,1908.306,1449.071,246.774,0.0284,direct_cup_evidence,No
5,Day 5,Tray 7,7,DJI_20260623124307_0007,47,5,7,2102.438,1314.921,1979.051,1191.534,2225.825,1438.307,246.774,0.0166,direct_cup_evidence,No
5,Day 5,Tray 7,7,DJI_20260623124307_0007,48,5,8,2423.544,1309.539,2300.157,1186.152,2546.931,1432.926,246.774,0.035,direct_cup_evidence,No
5,Day 5,Tray 7,7,DJI_20260623124307_0007,49,5,9,2750.032,1309.539,2626.645,1186.152,2873.419,1432.926,246.774,0.0421,direct_cup_evidence,No
5,Day 5,Tray 7,7,DJI_20260623124307_0007,50,5,10,3065.756,1305.951,2942.369,1182.564,3189.143,1429.338,246.774,0.0463,direct_cup_evidence,No
5,Day 5,Tray 7,7,DJI_20260623124307_0007,51,6,1,177.595,1594.767,54.208,1471.38,300.982,1718.154,246.774,0.0033,direct_cup_evidence,No
5,Day 5,Tray 7,7,DJI_20260623124307_0007,52,6,2,496.907,1598.355,373.52,1474.968,620.294,1721.742,246.774,0.0163,direct_cup_evidence,No
5,Day 5,Tray 7,7,DJI_20260623124307_0007,53,6,3,816.219,1598.355,692.833,1474.968,939.606,1721.742,246.774,0.021,direct_cup_evidence,No
5,Day 5,Tray 7,7,DJI_20260623124307_0007,54,6,4,1135.532,1598.355,1012.145,1474.968,1258.919,1721.742,246.774,0.0264,direct_cup_evidence,No
5,Day 5,Tray 7,7,DJI_20260623124307_0007,55,6,5,1460.226,1600.149,1336.839,1476.762,1583.612,1723.536,246.774,0.024,direct_cup_evidence,No
5,Day 5,Tray 7,7,DJI_20260623124307_0007,56,6,6,1783.126,1600.149,1659.739,1476.762,1906.512,1723.536,246.774,0.0235,direct_cup_evidence,No
5,Day 5,Tray 7,7,DJI_20260623124307_0007,57,6,7,2100.644,1594.767,1977.257,1471.38,2224.031,1718.154,246.774,0.0146,direct_cup_evidence,No
5,Day 5,Tray 7,7,DJI_20260623124307_0007,58,6,8,2439.689,1600.149,2316.302,1476.762,2563.076,1723.536,246.774,0.0579,direct_cup_evidence,No
5,Day 5,Tray 7,7,DJI_20260623124307_0007,59,6,9,2748.238,1585.798,2624.851,1462.411,2871.625,1709.185,246.774,0.027,direct_cup_evidence,No
5,Day 5,Tray 7,7,DJI_20260623124307_0007,60,6,10,3060.374,1575.034,2936.988,1451.648,3183.761,1698.421,246.774,0.0694,direct_cup_evidence,No
5,Day 5,Tray 7,7,DJI_20260623124307_0007,61,7,1,211.679,1887.171,88.292,1763.784,335.066,2010.558,246.774,0.1275,direct_cup_evidence,No
5,Day 5,Tray 7,7,DJI_20260623124307_0007,62,7,2,496.907,1869.232,373.52,1745.845,620.294,1992.619,246.774,0.0213,direct_cup_evidence,No
5,Day 5,Tray 7,7,DJI_20260623124307_0007,63,7,3,823.395,1869.232,700.008,1745.845,946.782,1992.619,246.774,0.0025,direct_cup_evidence,No
5,Day 5,Tray 7,7,DJI_20260623124307_0007,64,7,4,1139.119,1871.026,1015.733,1747.639,1262.506,1994.413,246.774,0.0226,direct_cup_evidence,No
5,Day 5,Tray 7,7,DJI_20260623124307_0007,65,7,5,1458.432,1871.026,1335.045,1747.639,1581.819,1994.413,246.774,0.0286,direct_cup_evidence,No
5,Day 5,Tray 7,7,DJI_20260623124307_0007,66,7,6,1784.919,1874.614,1661.533,1751.227,1908.306,1998.001,246.774,0.0254,direct_cup_evidence,No
5,Day 5,Tray 7,7,DJI_20260623124307_0007,67,7,7,2106.026,1871.026,1982.639,1747.639,2229.412,1994.413,246.774,0.0138,direct_cup_evidence,No
5,Day 5,Tray 7,7,DJI_20260623124307_0007,68,7,8,2428.926,1858.469,2305.539,1735.082,2552.312,1981.856,246.774,0.0325,direct_cup_evidence,No
5,Day 5,Tray 7,7,DJI_20260623124307_0007,69,7,9,2748.238,1856.675,2624.851,1733.288,2871.625,1980.062,246.774,0.0385,direct_cup_evidence,No
5,Day 5,Tray 7,7,DJI_20260623124307_0007,70,7,10,3060.374,1854.881,2936.988,1731.494,3183.761,1978.268,246.774,0.0577,direct_cup_evidence,No
5,Day 5,Tray 8,8,DJI_20260623124403_0008,1,1,1,186.659,219.279,62.437,95.057,310.881,343.501,248.445,0.0306,direct_cup_evidence,No
5,Day 5,Tray 8,8,DJI_20260623124403_0008,2,1,2,505.61,215.654,381.388,91.432,629.832,339.877,248.445,0.0066,direct_cup_evidence,No
5,Day 5,Tray 8,8,DJI_20260623124403_0008,3,1,3,829.998,212.03,705.776,87.808,954.22,336.252,248.445,0.0173,direct_cup_evidence,No
5,Day 5,Tray 8,8,DJI_20260623124403_0008,4,1,4,1148.949,213.842,1024.727,89.62,1273.171,338.064,248.445,0.0152,direct_cup_evidence,No
5,Day 5,Tray 8,8,DJI_20260623124403_0008,5,1,5,1471.524,219.279,1347.302,95.057,1595.747,343.501,248.445,0.0036,direct_cup_evidence,No
5,Day 5,Tray 8,8,DJI_20260623124403_0008,6,1,6,1795.912,219.279,1671.69,95.057,1920.134,343.501,248.445,0.0102,direct_cup_evidence,No
5,Day 5,Tray 8,8,DJI_20260623124403_0008,7,1,7,2114.863,219.279,1990.641,95.057,2239.086,343.501,248.445,0.0187,direct_cup_evidence,No
5,Day 5,Tray 8,8,DJI_20260623124403_0008,8,1,8,2442.876,279.082,2318.653,154.86,2567.098,403.304,248.445,0.1933,direct_cup_evidence,No
5,Day 5,Tray 8,8,DJI_20260623124403_0008,9,1,9,2767.263,219.279,2643.041,95.057,2891.486,343.501,248.445,0.0356,direct_cup_evidence,No
5,Day 5,Tray 8,8,DJI_20260623124403_0008,10,1,10,3084.402,237.401,2960.18,113.179,3208.624,361.623,248.445,0.0279,direct_cup_evidence,No
5,Day 5,Tray 8,8,DJI_20260623124403_0008,11,2,1,177.598,463.929,53.376,339.707,301.82,588.151,248.445,0.0883,direct_cup_evidence,No
5,Day 5,Tray 8,8,DJI_20260623124403_0008,12,2,2,501.986,492.924,377.763,368.702,626.208,617.147,248.445,0.0115,direct_cup_evidence,No
5,Day 5,Tray 8,8,DJI_20260623124403_0008,13,2,3,820.937,494.737,696.714,370.514,945.159,618.959,248.445,0.0203,direct_cup_evidence,No
5,Day 5,Tray 8,8,DJI_20260623124403_0008,14,2,4,1154.386,496.549,1030.163,372.327,1278.608,620.771,248.445,0.0238,direct_cup_evidence,No
5,Day 5,Tray 8,8,DJI_20260623124403_0008,15,2,5,1466.088,491.112,1341.866,366.89,1590.31,615.334,248.445,0.0246,direct_cup_evidence,No
5,Day 5,Tray 8,8,DJI_20260623124403_0008,16,2,6,1792.288,496.549,1668.066,372.327,1916.51,620.771,248.445,0.0063,direct_cup_evidence,No
5,Day 5,Tray 8,8,DJI_20260623124403_0008,17,2,7,2116.676,494.737,1992.453,370.514,2240.898,618.959,248.445,0.0189,direct_cup_evidence,No
5,Day 5,Tray 8,8,DJI_20260623124403_0008,18,2,8,2437.439,496.549,2313.217,372.327,2561.661,620.771,248.445,0.0195,direct_cup_evidence,No
5,Day 5,Tray 8,8,DJI_20260623124403_0008,19,2,9,2763.639,494.737,2639.417,370.514,2887.861,618.959,248.445,0.0344,direct_cup_evidence,No
5,Day 5,Tray 8,8,DJI_20260623124403_0008,20,2,10,3100.712,449.431,2976.49,325.209,3224.934,573.653,248.445,0.2136,direct_cup_evidence,No
5,Day 5,Tray 8,8,DJI_20260623124403_0008,21,3,1,175.786,766.57,51.563,642.348,300.008,890.792,248.445,0.0157,direct_cup_evidence,No
5,Day 5,Tray 8,8,DJI_20260623124403_0008,22,3,2,536.418,757.509,412.196,633.287,660.64,881.731,248.445,0.129,direct_cup_evidence,No
5,Day 5,Tray 8,8,DJI_20260623124403_0008,23,3,3,822.749,770.194,698.527,645.972,946.971,894.417,248.445,0.0097,direct_cup_evidence,No
5,Day 5,Tray 8,8,DJI_20260623124403_0008,24,3,4,1116.329,773.819,992.107,649.597,1240.551,898.041,248.445,0.1115,direct_cup_evidence,No
5,Day 5,Tray 8,8,DJI_20260623124403_0008,25,3,5,1466.088,775.631,1341.866,651.409,1590.31,899.853,248.445,0.0178,direct_cup_evidence,No
5,Day 5,Tray 8,8,DJI_20260623124403_0008,26,3,6,1792.288,775.631,1668.066,651.409,1916.51,899.853,248.445,0.0062,direct_cup_evidence,No
5,Day 5,Tray 8,8,DJI_20260623124403_0008,27,3,7,2125.737,762.946,2001.514,638.723,2249.959,887.168,248.445,0.0625,direct_cup_evidence,No
5,Day 5,Tray 8,8,DJI_20260623124403_0008,28,3,8,2437.439,779.256,2313.217,655.033,2561.661,903.478,248.445,0.0053,direct_cup_evidence,No
5,Day 5,Tray 8,8,DJI_20260623124403_0008,29,3,9,2763.639,766.57,2639.417,642.348,2887.861,890.792,248.445,0.0505,direct_cup_evidence,No
5,Day 5,Tray 8,8,DJI_20260623124403_0008,30,3,10,3031.848,795.566,2907.626,671.343,3156.07,919.788,248.445,0.188,direct_cup_evidence,No
5,Day 5,Tray 8,8,DJI_20260623124403_0008,31,4,1,179.41,1038.403,55.188,914.181,303.632,1162.626,248.445,0.0085,direct_cup_evidence,No
5,Day 5,Tray 8,8,DJI_20260623124403_0008,32,4,2,509.234,1020.281,385.012,896.059,633.457,1144.503,248.445,0.0854,direct_cup_evidence,No
5,Day 5,Tray 8,8,DJI_20260623124403_0008,33,4,3,820.937,1042.028,696.714,917.806,945.159,1166.25,248.445,0.0104,direct_cup_evidence,No
5,Day 5,Tray 8,8,DJI_20260623124403_0008,34,4,4,1139.888,1049.277,1015.666,925.054,1264.11,1173.499,248.445,0.0231,direct_cup_evidence,No
5,Day 5,Tray 8,8,DJI_20260623124403_0008,35,4,5,1466.088,1051.089,1341.866,926.867,1590.31,1175.311,248.445,0.0129,direct_cup_evidence,No
5,Day 5,Tray 8,8,DJI_20260623124403_0008,36,4,6,1781.414,1052.901,1657.192,928.679,1905.637,1177.123,248.445,0.0343,direct_cup_evidence,No
5,Day 5,Tray 8,8,DJI_20260623124403_0008,37,4,7,2123.924,1042.028,1999.702,917.806,2248.147,1166.25,248.445,0.0537,direct_cup_evidence,No
5,Day 5,Tray 8,8,DJI_20260623124403_0008,38,4,8,2435.421,1053.934,2311.199,929.711,2559.643,1178.156,248.445,0.2402,global_lattice_fitted,Yes
5,Day 5,Tray 8,8,DJI_20260623124403_0008,39,4,9,2757.923,1055.897,2633.701,931.675,2882.145,1180.119,248.445,0.2465,global_lattice_fitted,Yes
5,Day 5,Tray 8,8,DJI_20260623124403_0008,40,4,10,3086.214,1049.277,2961.992,925.054,3210.437,1173.499,248.445,0.0375,direct_cup_evidence,No
5,Day 5,Tray 8,8,DJI_20260623124403_0008,41,5,1,177.598,1319.298,53.376,1195.076,301.82,1443.52,248.445,0.0118,direct_cup_evidence,No
5,Day 5,Tray 8,8,DJI_20260623124403_0008,42,5,2,492.924,1319.298,368.702,1195.076,617.147,1443.52,248.445,0.0222,direct_cup_evidence,No
5,Day 5,Tray 8,8,DJI_20260623124403_0008,43,5,3,817.312,1330.171,693.09,1205.949,941.534,1454.393,248.445,0.0392,direct_cup_evidence,No
5,Day 5,Tray 8,8,DJI_20260623124403_0008,44,5,4,1138.076,1330.171,1013.853,1205.949,1262.298,1454.393,248.445,0.0361,direct_cup_evidence,No
5,Day 5,Tray 8,8,DJI_20260623124403_0008,45,5,5,1462.463,1330.171,1338.241,1205.949,1586.686,1454.393,248.445,0.0263,direct_cup_evidence,No
5,Day 5,Tray 8,8,DJI_20260623124403_0008,46,5,6,1786.851,1333.796,1662.629,1209.573,1911.073,1458.018,248.445,0.0291,direct_cup_evidence,No
5,Day 5,Tray 8,8,DJI_20260623124403_0008,47,5,7,2167.418,1317.486,2043.196,1193.263,2291.64,1441.708,248.445,0.2063,direct_cup_evidence,No
5,Day 5,Tray 8,8,DJI_20260623124403_0008,48,5,8,2437.439,1330.171,2313.217,1205.949,2561.661,1454.393,248.445,0.0126,direct_cup_evidence,No
5,Day 5,Tray 8,8,DJI_20260623124403_0008,49,5,9,2760.014,1331.983,2635.792,1207.761,2884.237,1456.206,248.445,0.0129,direct_cup_evidence,No
5,Day 5,Tray 8,8,DJI_20260623124403_0008,50,5,10,3080.778,1328.359,2956.556,1204.137,3205.0,1452.581,248.445,0.0211,direct_cup_evidence,No
5,Day 5,Tray 8,8,DJI_20260623124403_0008,51,6,1,179.41,1583.882,55.188,1459.66,303.632,1708.104,248.445,0.0344,direct_cup_evidence,No
5,Day 5,Tray 8,8,DJI_20260623124403_0008,52,6,2,492.924,1600.192,368.702,1475.97,617.147,1724.414,248.445,0.0271,direct_cup_evidence,No
5,Day 5,Tray 8,8,DJI_20260623124403_0008,53,6,3,813.688,1602.004,689.466,1477.782,937.91,1726.227,248.445,0.031,direct_cup_evidence,No
5,Day 5,Tray 8,8,DJI_20260623124403_0008,54,6,4,1134.451,1607.441,1010.229,1483.219,1258.673,1731.663,248.445,0.0444,direct_cup_evidence,No
5,Day 5,Tray 8,8,DJI_20260623124403_0008,55,6,5,1460.651,1607.441,1336.429,1483.219,1584.873,1731.663,248.445,0.0308,direct_cup_evidence,No
5,Day 5,Tray 8,8,DJI_20260623124403_0008,56,6,6,1795.912,1612.878,1671.69,1488.656,1920.134,1737.1,248.445,0.0495,direct_cup_evidence,No
5,Day 5,Tray 8,8,DJI_20260623124403_0008,57,6,7,2111.239,1603.817,1987.017,1479.594,2235.461,1728.039,248.445,0.0046,direct_cup_evidence,No
5,Day 5,Tray 8,8,DJI_20260623124403_0008,58,6,8,2433.814,1607.441,2309.592,1483.219,2558.037,1731.663,248.445,0.007,direct_cup_evidence,No
5,Day 5,Tray 8,8,DJI_20260623124403_0008,59,6,9,2756.39,1607.441,2632.168,1483.219,2880.612,1731.663,248.445,0.0054,direct_cup_evidence,No
5,Day 5,Tray 8,8,DJI_20260623124403_0008,60,6,10,3078.966,1603.817,2954.743,1479.594,3203.188,1728.039,248.445,0.0228,direct_cup_evidence,No
5,Day 5,Tray 8,8,DJI_20260623124403_0008,61,7,1,172.161,1852.091,47.939,1727.869,296.383,1976.313,248.445,0.059,direct_cup_evidence,No
5,Day 5,Tray 8,8,DJI_20260623124403_0008,62,7,2,492.924,1873.838,368.702,1749.616,617.147,1998.06,248.445,0.0171,direct_cup_evidence,No
5,Day 5,Tray 8,8,DJI_20260623124403_0008,63,7,3,811.876,1882.899,687.653,1758.677,936.098,2007.121,248.445,0.0455,direct_cup_evidence,No
5,Day 5,Tray 8,8,DJI_20260623124403_0008,64,7,4,1136.263,1882.899,1012.041,1758.677,1260.486,2007.121,248.445,0.0359,direct_cup_evidence,No
5,Day 5,Tray 8,8,DJI_20260623124403_0008,65,7,5,1475.149,1877.462,1350.927,1753.24,1599.371,2001.684,248.445,0.0423,direct_cup_evidence,No
5,Day 5,Tray 8,8,DJI_20260623124403_0008,66,7,6,1781.414,1882.899,1657.192,1758.677,1905.637,2007.121,248.445,0.024,direct_cup_evidence,No
5,Day 5,Tray 8,8,DJI_20260623124403_0008,67,7,7,2105.802,1879.274,1981.58,1755.052,2230.024,2003.497,248.445,0.0103,direct_cup_evidence,No
5,Day 5,Tray 8,8,DJI_20260623124403_0008,68,7,8,2430.19,1877.462,2305.968,1753.24,2554.412,2001.684,248.445,0.017,direct_cup_evidence,No
5,Day 5,Tray 8,8,DJI_20260623124403_0008,69,7,9,2756.39,1879.274,2632.168,1755.052,2880.612,2003.497,248.445,0.0201,direct_cup_evidence,No
5,Day 5,Tray 8,8,DJI_20260623124403_0008,70,7,10,3069.904,1875.65,2945.682,1751.428,3194.127,1999.872,248.445,0.0436,direct_cup_evidence,No
9,Day 9,Tray 1,1,DJI_20260627101229_0001,1,1,1,214.225,259.325,58.303,103.403,370.147,415.247,311.844,0.0386,direct_cup_evidence,No
9,Day 9,Tray 1,1,DJI_20260627101229_0001,2,1,2,602.085,259.325,446.163,103.403,758.007,415.247,311.844,0.0376,direct_cup_evidence,No
9,Day 9,Tray 1,1,DJI_20260627101229_0001,3,1,3,1005.73,254.815,849.808,98.893,1161.652,410.737,311.844,0.0303,direct_cup_evidence,No
9,Day 9,Tray 1,1,DJI_20260627101229_0001,4,1,4,1416.14,245.795,1260.218,89.873,1572.062,401.717,311.844,0.0059,direct_cup_evidence,No
9,Day 9,Tray 1,1,DJI_20260627101229_0001,5,1,5,1815.275,245.795,1659.353,89.873,1971.197,401.717,311.844,0.019,direct_cup_evidence,No
9,Day 9,Tray 1,1,DJI_20260627101229_0001,6,1,6,2221.175,241.285,2065.253,85.363,2377.097,397.207,311.844,0.0187,direct_cup_evidence,No
9,Day 9,Tray 1,1,DJI_20260627101229_0001,7,1,7,2631.585,245.795,2475.663,89.873,2787.507,401.717,311.844,0.005,direct_cup_evidence,No
9,Day 9,Tray 1,1,DJI_20260627101229_0001,8,1,8,3051.015,236.775,2895.093,80.853,3206.937,392.697,311.844,0.053,direct_cup_evidence,No
9,Day 9,Tray 1,1,DJI_20260627101229_0001,9,1,9,3447.895,239.03,3291.973,83.108,3603.817,394.952,311.844,0.0304,direct_cup_evidence,No
9,Day 9,Tray 1,1,DJI_20260627101229_0001,10,1,10,3844.775,239.03,3688.853,83.108,4000.697,394.952,311.844,0.0125,direct_cup_evidence,No
9,Day 9,Tray 1,1,DJI_20260627101229_0001,11,2,1,205.205,604.34,49.283,448.418,361.127,760.262,311.844,0.0248,direct_cup_evidence,No
9,Day 9,Tray 1,1,DJI_20260627101229_0001,12,2,2,653.95,599.83,498.028,443.908,809.872,755.752,311.844,0.1263,direct_cup_evidence,No
9,Day 9,Tray 1,1,DJI_20260627101229_0001,13,2,3,1007.985,590.81,852.063,434.888,1163.907,746.732,311.844,0.0216,direct_cup_evidence,No
9,Day 9,Tray 1,1,DJI_20260627101229_0001,14,2,4,1411.63,597.575,1255.708,441.653,1567.552,753.497,311.844,0.0234,direct_cup_evidence,No
9,Day 9,Tray 1,1,DJI_20260627101229_0001,15,2,5,1817.53,593.065,1661.608,437.143,1973.452,748.987,311.844,0.0153,direct_cup_evidence,No
9,Day 9,Tray 1,1,DJI_20260627101229_0001,16,2,6,2223.43,599.83,2067.508,443.908,2379.352,755.752,311.844,0.0244,direct_cup_evidence,No
9,Day 9,Tray 1,1,DJI_20260627101229_0001,17,2,7,2627.075,597.575,2471.153,441.653,2782.997,753.497,311.844,0.0212,direct_cup_evidence,No
9,Day 9,Tray 1,1,DJI_20260627101229_0001,18,2,8,3039.74,590.81,2883.818,434.888,3195.662,746.732,311.844,0.0131,direct_cup_evidence,No
9,Day 9,Tray 1,1,DJI_20260627101229_0001,19,2,9,3443.385,586.3,3287.463,430.378,3599.307,742.222,311.844,0.0157,direct_cup_evidence,No
9,Day 9,Tray 1,1,DJI_20260627101229_0001,20,2,10,3851.54,588.555,3695.618,432.633,4007.462,744.477,311.844,0.0234,direct_cup_evidence,No
9,Day 9,Tray 1,1,DJI_20260627101229_0001,21,3,1,207.46,951.61,51.538,795.688,363.382,1107.532,311.844,0.0269,direct_cup_evidence,No
9,Day 9,Tray 1,1,DJI_20260627101229_0001,22,3,2,626.89,976.415,470.968,820.493,782.812,1132.337,311.844,0.11,direct_cup_evidence,No
9,Day 9,Tray 1,1,DJI_20260627101229_0001,23,3,3,1023.77,980.925,867.848,825.003,1179.692,1136.847,311.844,0.1181,direct_cup_evidence,No
9,Day 9,Tray 1,1,DJI_20260627101229_0001,24,3,4,1413.885,940.335,1257.963,784.413,1569.807,1096.257,311.844,0.0168,direct_cup_evidence,No
9,Day 9,Tray 1,1,DJI_20260627101229_0001,25,3,5,1819.785,942.59,1663.863,786.668,1975.707,1098.512,311.844,0.0149,direct_cup_evidence,No
9,Day 9,Tray 1,1,DJI_20260627101229_0001,26,3,6,2225.685,942.59,2069.763,786.668,2381.607,1098.512,311.844,0.0132,direct_cup_evidence,No
9,Day 9,Tray 1,1,DJI_20260627101229_0001,27,3,7,2631.585,940.335,2475.663,784.413,2787.507,1096.257,311.844,0.0072,direct_cup_evidence,No
9,Day 9,Tray 1,1,DJI_20260627101229_0001,28,3,8,3046.505,935.825,2890.583,779.903,3202.427,1091.747,311.844,0.0299,direct_cup_evidence,No
9,Day 9,Tray 1,1,DJI_20260627101229_0001,29,3,9,3454.66,924.55,3298.738,768.628,3610.582,1080.472,311.844,0.0537,direct_cup_evidence,No
9,Day 9,Tray 1,1,DJI_20260627101229_0001,30,3,10,3849.285,949.355,3693.363,793.433,4005.207,1105.277,311.844,0.0418,direct_cup_evidence,No
9,Day 9,Tray 1,1,DJI_20260627101229_0001,31,4,1,207.46,1294.37,51.538,1138.448,363.382,1450.292,311.844,0.0163,direct_cup_evidence,No
9,Day 9,Tray 1,1,DJI_20260627101229_0001,32,4,2,611.105,1294.37,455.183,1138.448,767.027,1450.292,311.844,0.0186,direct_cup_evidence,No
9,Day 9,Tray 1,1,DJI_20260627101229_0001,33,4,3,1010.24,1292.115,854.318,1136.193,1166.162,1448.037,311.844,0.0229,direct_cup_evidence,No
9,Day 9,Tray 1,1,DJI_20260627101229_0001,34,4,4,1418.395,1287.605,1262.473,1131.683,1574.317,1443.527,311.844,0.0073,direct_cup_evidence,No
9,Day 9,Tray 1,1,DJI_20260627101229_0001,35,4,5,1819.785,1289.86,1663.863,1133.938,1975.707,1445.782,311.844,0.0186,direct_cup_evidence,No
9,Day 9,Tray 1,1,DJI_20260627101229_0001,36,4,6,2225.685,1292.115,2069.763,1136.193,2381.607,1448.037,311.844,0.0223,direct_cup_evidence,No
9,Day 9,Tray 1,1,DJI_20260627101229_0001,37,4,7,2631.585,1289.86,2475.663,1133.938,2787.507,1445.782,311.844,0.0164,direct_cup_evidence,No
9,Day 9,Tray 1,1,DJI_20260627101229_0001,38,4,8,3048.76,1280.84,2892.838,1124.918,3204.682,1436.762,311.844,0.0343,direct_cup_evidence,No
9,Day 9,Tray 1,1,DJI_20260627101229_0001,39,4,9,3443.385,1278.585,3287.463,1122.663,3599.307,1434.507,311.844,0.0139,direct_cup_evidence,No
9,Day 9,Tray 1,1,DJI_20260627101229_0001,40,4,10,3847.03,1289.86,3691.108,1133.938,4002.952,1445.782,311.844,0.0226,direct_cup_evidence,No
9,Day 9,Tray 1,1,DJI_20260627101229_0001,41,5,1,218.735,1639.385,62.813,1483.463,374.657,1795.307,311.844,0.0296,direct_cup_evidence,No
9,Day 9,Tray 1,1,DJI_20260627101229_0001,42,5,2,613.36,1639.385,457.438,1483.463,769.282,1795.307,311.844,0.0139,direct_cup_evidence,No
9,Day 9,Tray 1,1,DJI_20260627101229_0001,43,5,3,1021.515,1641.64,865.593,1485.718,1177.437,1797.562,311.844,0.0253,direct_cup_evidence,No
9,Day 9,Tray 1,1,DJI_20260627101229_0001,44,5,4,1422.905,1634.875,1266.983,1478.953,1578.827,1790.797,311.844,0.0062,direct_cup_evidence,No
9,Day 9,Tray 1,1,DJI_20260627101229_0001,45,5,5,1819.785,1639.385,1663.863,1483.463,1975.707,1795.307,311.844,0.0268,direct_cup_evidence,No
9,Day 9,Tray 1,1,DJI_20260627101229_0001,46,5,6,2230.195,1630.365,2074.273,1474.443,2386.117,1786.287,311.844,0.0037,direct_cup_evidence,No
9,Day 9,Tray 1,1,DJI_20260627101229_0001,47,5,7,2631.585,1634.875,2475.663,1478.953,2787.507,1790.797,311.844,0.0136,direct_cup_evidence,No
9,Day 9,Tray 1,1,DJI_20260627101229_0001,48,5,8,3037.485,1628.11,2881.563,1472.188,3193.407,1784.032,311.844,0.0063,direct_cup_evidence,No
9,Day 9,Tray 1,1,DJI_20260627101229_0001,49,5,9,3441.13,1625.855,3285.208,1469.933,3597.052,1781.777,311.844,0.0109,direct_cup_evidence,No
9,Day 9,Tray 1,1,DJI_20260627101229_0001,50,5,10,3847.03,1630.365,3691.108,1474.443,4002.952,1786.287,311.844,0.0051,direct_cup_evidence,No
9,Day 9,Tray 1,1,DJI_20260627101229_0001,51,6,1,225.5,1973.125,69.578,1817.203,381.422,2129.047,311.844,0.0504,direct_cup_evidence,No
9,Day 9,Tray 1,1,DJI_20260627101229_0001,52,6,2,617.87,1982.145,461.948,1826.223,773.792,2138.067,311.844,0.0104,direct_cup_evidence,No
9,Day 9,Tray 1,1,DJI_20260627101229_0001,53,6,3,1017.005,1982.145,861.083,1826.223,1172.927,2138.067,311.844,0.007,direct_cup_evidence,No
9,Day 9,Tray 1,1,DJI_20260627101229_0001,54,6,4,1384.57,1979.89,1228.648,1823.968,1540.492,2135.812,311.844,0.11,direct_cup_evidence,No
9,Day 9,Tray 1,1,DJI_20260627101229_0001,55,6,5,1822.04,1984.4,1666.118,1828.478,1977.962,2140.322,311.844,0.0212,direct_cup_evidence,No
9,Day 9,Tray 1,1,DJI_20260627101229_0001,56,6,6,2227.94,1982.145,2072.018,1826.223,2383.862,2138.067,311.844,0.0145,direct_cup_evidence,No
9,Day 9,Tray 1,1,DJI_20260627101229_0001,57,6,7,2640.605,1979.89,2484.683,1823.968,2796.527,2135.812,311.844,0.0175,direct_cup_evidence,No
9,Day 9,Tray 1,1,DJI_20260627101229_0001,58,6,8,3039.74,1973.125,2883.818,1817.203,3195.662,2129.047,311.844,0.0103,direct_cup_evidence,No
9,Day 9,Tray 1,1,DJI_20260627101229_0001,59,6,9,3441.13,1979.89,3285.208,1823.968,3597.052,2135.812,311.844,0.0131,direct_cup_evidence,No
9,Day 9,Tray 1,1,DJI_20260627101229_0001,60,6,10,3849.285,1977.635,3693.363,1821.713,4005.207,2133.557,311.844,0.0088,direct_cup_evidence,No
9,Day 9,Tray 1,1,DJI_20260627101229_0001,61,7,1,248.05,2309.12,92.128,2153.198,403.972,2465.042,311.844,0.1196,direct_cup_evidence,No
9,Day 9,Tray 1,1,DJI_20260627101229_0001,62,7,2,626.89,2320.395,470.968,2164.473,782.812,2476.317,311.844,0.0389,direct_cup_evidence,No
9,Day 9,Tray 1,1,DJI_20260627101229_0001,63,7,3,1030.535,2320.395,874.613,2164.473,1186.457,2476.317,311.844,0.0367,direct_cup_evidence,No
9,Day 9,Tray 1,1,DJI_20260627101229_0001,64,7,4,1422.905,2331.67,1266.983,2175.748,1578.827,2487.592,311.844,0.0163,direct_cup_evidence,No
9,Day 9,Tray 1,1,DJI_20260627101229_0001,65,7,5,1824.295,2342.945,1668.373,2187.023,1980.217,2498.867,311.844,0.0518,direct_cup_evidence,No
9,Day 9,Tray 1,1,DJI_20260627101229_0001,66,7,6,2227.94,2329.415,2072.018,2173.493,2383.862,2485.337,311.844,0.0181,direct_cup_evidence,No
9,Day 9,Tray 1,1,DJI_20260627101229_0001,67,7,7,2633.84,2329.415,2477.918,2173.493,2789.762,2485.337,311.844,0.0172,direct_cup_evidence,No
9,Day 9,Tray 1,1,DJI_20260627101229_0001,68,7,8,3037.485,2329.415,2881.563,2173.493,3193.407,2485.337,311.844,0.0197,direct_cup_evidence,No
9,Day 9,Tray 1,1,DJI_20260627101229_0001,69,7,9,3438.875,2311.375,3282.953,2155.453,3594.797,2467.297,311.844,0.0355,direct_cup_evidence,No
9,Day 9,Tray 1,1,DJI_20260627101229_0001,70,7,10,3838.01,2306.865,3682.088,2150.943,3993.932,2462.787,311.844,0.0523,direct_cup_evidence,No
9,Day 9,Tray 2,2,DJI_20260627101425_0002,1,1,1,234.809,237.067,80.101,82.359,389.517,391.775,309.416,0.023,direct_cup_evidence,No
9,Day 9,Tray 2,2,DJI_20260627101425_0002,2,1,2,602.827,228.036,448.119,73.328,757.535,382.744,309.416,0.0904,direct_cup_evidence,No
9,Day 9,Tray 2,2,DJI_20260627101425_0002,3,1,3,1038.578,232.551,883.87,77.843,1193.286,387.259,309.416,0.022,direct_cup_evidence,No
9,Day 9,Tray 2,2,DJI_20260627101425_0002,4,1,4,1444.978,241.582,1290.27,86.874,1599.686,396.29,309.416,0.0133,direct_cup_evidence,No
9,Day 9,Tray 2,2,DJI_20260627101425_0002,5,1,5,1849.12,241.582,1694.412,86.874,2003.828,396.29,309.416,0.0121,direct_cup_evidence,No
9,Day 9,Tray 2,2,DJI_20260627101425_0002,6,1,6,2253.262,239.324,2098.554,84.616,2407.97,394.032,309.416,0.0107,direct_cup_evidence,No
9,Day 9,Tray 2,2,DJI_20260627101425_0002,7,1,7,2648.373,241.582,2493.665,86.874,2803.081,396.29,309.416,0.0173,direct_cup_evidence,No
9,Day 9,Tray 2,2,DJI_20260627101425_0002,8,1,8,3059.289,241.582,2904.581,86.874,3213.997,396.29,309.416,0.0028,direct_cup_evidence,No
9,Day 9,Tray 2,2,DJI_20260627101425_0002,9,1,9,3456.658,255.129,3301.95,100.421,3611.366,409.837,309.416,0.0453,direct_cup_evidence,No
9,Day 9,Tray 2,2,DJI_20260627101425_0002,10,1,10,3851.769,248.356,3697.061,93.648,4006.477,403.064,309.416,0.0508,direct_cup_evidence,No
9,Day 9,Tray 2,2,DJI_20260627101425_0002,11,2,1,228.036,580.249,73.328,425.541,382.744,734.957,309.416,0.0093,direct_cup_evidence,No
9,Day 9,Tray 2,2,DJI_20260627101425_0002,12,2,2,629.92,577.991,475.212,423.283,784.628,732.699,309.416,0.0159,direct_cup_evidence,No
9,Day 9,Tray 2,2,DJI_20260627101425_0002,13,2,3,1036.32,580.249,881.612,425.541,1191.028,734.957,309.416,0.0098,direct_cup_evidence,No
9,Day 9,Tray 2,2,DJI_20260627101425_0002,14,2,4,1442.72,573.476,1288.012,418.768,1597.428,728.184,309.416,0.0308,direct_cup_evidence,No
9,Day 9,Tray 2,2,DJI_20260627101425_0002,15,2,5,1864.924,575.733,1710.216,421.025,2019.632,730.441,309.416,0.0638,direct_cup_evidence,No
9,Day 9,Tray 2,2,DJI_20260627101425_0002,16,2,6,2246.489,584.764,2091.781,430.056,2401.197,739.472,309.416,0.0078,direct_cup_evidence,No
9,Day 9,Tray 2,2,DJI_20260627101425_0002,17,2,7,2691.271,593.796,2536.563,439.088,2845.979,748.504,309.416,0.1129,direct_cup_evidence,No
9,Day 9,Tray 2,2,DJI_20260627101425_0002,18,2,8,3059.289,591.538,2904.581,436.83,3213.997,746.246,309.416,0.0205,direct_cup_evidence,No
9,Day 9,Tray 2,2,DJI_20260627101425_0002,19,2,9,3456.658,591.538,3301.95,436.83,3611.366,746.246,309.416,0.0261,direct_cup_evidence,No
9,Day 9,Tray 2,2,DJI_20260627101425_0002,20,2,10,3856.284,584.764,3701.576,430.056,4010.992,739.472,309.416,0.0315,direct_cup_evidence,No
9,Day 9,Tray 2,2,DJI_20260627101425_0002,21,3,1,223.52,916.658,68.812,761.95,378.228,1071.366,309.416,0.0306,direct_cup_evidence,No
9,Day 9,Tray 2,2,DJI_20260627101425_0002,22,3,2,632.178,923.431,477.47,768.723,786.886,1078.139,309.416,0.0118,direct_cup_evidence,No
9,Day 9,Tray 2,2,DJI_20260627101425_0002,23,3,3,1027.289,968.587,872.581,813.879,1181.997,1123.295,309.416,0.1221,direct_cup_evidence,No
9,Day 9,Tray 2,2,DJI_20260627101425_0002,24,3,4,1447.236,927.947,1292.528,773.239,1601.944,1082.655,309.416,0.0226,direct_cup_evidence,No
9,Day 9,Tray 2,2,DJI_20260627101425_0002,25,3,5,1844.604,927.947,1689.896,773.239,1999.312,1082.655,309.416,0.0019,direct_cup_evidence,No
9,Day 9,Tray 2,2,DJI_20260627101425_0002,26,3,6,2253.262,927.947,2098.554,773.239,2407.97,1082.655,309.416,0.0139,direct_cup_evidence,No
9,Day 9,Tray 2,2,DJI_20260627101425_0002,27,3,7,2670.951,898.596,2516.243,743.888,2825.659,1053.304,309.416,0.1006,direct_cup_evidence,No
9,Day 9,Tray 2,2,DJI_20260627101425_0002,28,3,8,3059.289,930.204,2904.581,775.496,3213.997,1084.912,309.416,0.0075,direct_cup_evidence,No
9,Day 9,Tray 2,2,DJI_20260627101425_0002,29,3,9,3470.204,930.204,3315.496,775.496,3624.912,1084.912,309.416,0.0244,direct_cup_evidence,No
9,Day 9,Tray 2,2,DJI_20260627101425_0002,30,3,10,3865.316,930.204,3710.608,775.496,4020.024,1084.912,309.416,0.0053,direct_cup_evidence,No
9,Day 9,Tray 2,2,DJI_20260627101425_0002,31,4,1,234.809,1264.356,80.101,1109.648,389.517,1419.064,309.416,0.0331,direct_cup_evidence,No
9,Day 9,Tray 2,2,DJI_20260627101425_0002,32,4,2,625.404,1271.129,470.696,1116.421,780.112,1425.837,309.416,0.013,direct_cup_evidence,No
9,Day 9,Tray 2,2,DJI_20260627101425_0002,33,4,3,1031.804,1268.871,877.096,1114.163,1186.512,1423.579,309.416,0.0099,direct_cup_evidence,No
9,Day 9,Tray 2,2,DJI_20260627101425_0002,34,4,4,1442.72,1268.871,1288.012,1114.163,1597.428,1423.579,309.416,0.0133,direct_cup_evidence,No
9,Day 9,Tray 2,2,DJI_20260627101425_0002,35,4,5,1844.604,1266.613,1689.896,1111.905,1999.312,1421.321,309.416,0.0148,direct_cup_evidence,No
9,Day 9,Tray 2,2,DJI_20260627101425_0002,36,4,6,2223.911,1264.356,2069.203,1109.648,2378.619,1419.064,309.416,0.0729,direct_cup_evidence,No
9,Day 9,Tray 2,2,DJI_20260627101425_0002,37,4,7,2657.404,1266.613,2502.696,1111.905,2812.112,1421.321,309.416,0.0214,direct_cup_evidence,No
9,Day 9,Tray 2,2,DJI_20260627101425_0002,38,4,8,3057.031,1275.644,2902.323,1120.936,3211.739,1430.352,309.416,0.0101,direct_cup_evidence,No
9,Day 9,Tray 2,2,DJI_20260627101425_0002,39,4,9,3458.916,1277.902,3304.208,1123.194,3613.624,1432.61,309.416,0.0176,direct_cup_evidence,No
9,Day 9,Tray 2,2,DJI_20260627101425_0002,40,4,10,3858.542,1277.902,3703.834,1123.194,4013.25,1432.61,309.416,0.0263,direct_cup_evidence,No
9,Day 9,Tray 2,2,DJI_20260627101425_0002,41,5,1,239.324,1605.28,84.616,1450.572,394.032,1759.988,309.416,0.0502,direct_cup_evidence,No
9,Day 9,Tray 2,2,DJI_20260627101425_0002,42,5,2,605.084,1636.889,450.376,1482.181,759.792,1791.597,309.416,0.0954,direct_cup_evidence,No
9,Day 9,Tray 2,2,DJI_20260627101425_0002,43,5,3,1027.289,1616.569,872.581,1461.861,1181.997,1771.277,309.416,0.0194,direct_cup_evidence,No
9,Day 9,Tray 2,2,DJI_20260627101425_0002,44,5,4,1438.204,1614.311,1283.496,1459.603,1592.912,1769.019,309.416,0.0024,direct_cup_evidence,No
9,Day 9,Tray 2,2,DJI_20260627101425_0002,45,5,5,1840.089,1618.827,1685.381,1464.119,1994.797,1773.535,309.416,0.0128,direct_cup_evidence,No
9,Day 9,Tray 2,2,DJI_20260627101425_0002,46,5,6,2255.52,1618.827,2100.812,1464.119,2410.228,1773.535,309.416,0.0259,direct_cup_evidence,No
9,Day 9,Tray 2,2,DJI_20260627101425_0002,47,5,7,2650.631,1618.827,2495.923,1464.119,2805.339,1773.535,309.416,0.0095,direct_cup_evidence,No
9,Day 9,Tray 2,2,DJI_20260627101425_0002,48,5,8,3057.031,1616.569,2902.323,1461.861,3211.739,1771.277,309.416,0.0029,direct_cup_evidence,No
9,Day 9,Tray 2,2,DJI_20260627101425_0002,49,5,9,3458.916,1621.084,3304.208,1466.376,3613.624,1775.792,309.416,0.0152,direct_cup_evidence,No
9,Day 9,Tray 2,2,DJI_20260627101425_0002,50,5,10,3851.769,1614.311,3697.061,1459.603,4006.477,1769.019,309.416,0.0396,direct_cup_evidence,No
9,Day 9,Tray 2,2,DJI_20260627101425_0002,51,6,1,225.778,1948.462,71.07,1793.754,380.486,2103.17,309.416,0.029,direct_cup_evidence,No
9,Day 9,Tray 2,2,DJI_20260627101425_0002,52,6,2,627.662,1955.236,472.954,1800.528,782.37,2109.944,309.416,0.0099,direct_cup_evidence,No
9,Day 9,Tray 2,2,DJI_20260627101425_0002,53,6,3,1025.031,1962.009,870.323,1807.301,1179.739,2116.717,309.416,0.0254,direct_cup_evidence,No
9,Day 9,Tray 2,2,DJI_20260627101425_0002,54,6,4,1431.431,1966.524,1276.723,1811.816,1586.139,2121.232,309.416,0.0285,direct_cup_evidence,No
9,Day 9,Tray 2,2,DJI_20260627101425_0002,55,6,5,1840.089,1966.524,1685.381,1811.816,1994.797,2121.232,309.416,0.0223,direct_cup_evidence,No
9,Day 9,Tray 2,2,DJI_20260627101425_0002,56,6,6,2251.004,1973.298,2096.296,1818.59,2405.712,2128.006,309.416,0.0426,direct_cup_evidence,No
9,Day 9,Tray 2,2,DJI_20260627101425_0002,57,6,7,2652.889,1962.009,2498.181,1807.301,2807.597,2116.717,309.416,0.0088,direct_cup_evidence,No
9,Day 9,Tray 2,2,DJI_20260627101425_0002,58,6,8,3068.32,1962.009,2913.612,1807.301,3223.028,2116.717,309.416,0.0375,direct_cup_evidence,No
9,Day 9,Tray 2,2,DJI_20260627101425_0002,59,6,9,3463.431,1946.204,3308.723,1791.496,3618.139,2100.912,309.416,0.0412,direct_cup_evidence,No
9,Day 9,Tray 2,2,DJI_20260627101425_0002,60,6,10,3840.48,1932.658,3685.772,1777.95,3995.188,2087.366,309.416,0.1065,direct_cup_evidence,No
9,Day 9,Tray 2,2,DJI_20260627101425_0002,61,7,1,225.778,2293.902,71.07,2139.194,380.486,2448.61,309.416,0.0247,direct_cup_evidence,No
9,Day 9,Tray 2,2,DJI_20260627101425_0002,62,7,2,625.404,2305.191,470.696,2150.483,780.112,2459.899,309.416,0.0113,direct_cup_evidence,No
9,Day 9,Tray 2,2,DJI_20260627101425_0002,63,7,3,1031.804,2305.191,877.096,2150.483,1186.512,2459.899,309.416,0.0081,direct_cup_evidence,No
9,Day 9,Tray 2,2,DJI_20260627101425_0002,64,7,4,1433.689,2311.964,1278.981,2157.256,1588.397,2466.672,309.416,0.0286,direct_cup_evidence,No
9,Day 9,Tray 2,2,DJI_20260627101425_0002,65,7,5,1837.831,2311.964,1683.123,2157.256,1992.539,2466.672,309.416,0.0284,direct_cup_evidence,No
9,Day 9,Tray 2,2,DJI_20260627101425_0002,66,7,6,2241.973,2314.222,2087.265,2159.514,2396.681,2468.93,309.416,0.0343,direct_cup_evidence,No
9,Day 9,Tray 2,2,DJI_20260627101425_0002,67,7,7,2657.404,2307.449,2502.696,2152.741,2812.112,2462.157,309.416,0.0234,direct_cup_evidence,No
9,Day 9,Tray 2,2,DJI_20260627101425_0002,68,7,8,3063.804,2311.964,2909.096,2157.256,3218.512,2466.672,309.416,0.0354,direct_cup_evidence,No
9,Day 9,Tray 2,2,DJI_20260627101425_0002,69,7,9,3452.142,2298.418,3297.434,2143.71,3606.85,2453.126,309.416,0.0265,direct_cup_evidence,No
9,Day 9,Tray 2,2,DJI_20260627101425_0002,70,7,10,3892.409,2273.582,3737.701,2118.874,4047.117,2428.29,309.416,0.121,direct_cup_evidence,No
9,Day 9,Tray 3,3,DJI_20260627101610_0003,1,1,1,214.7,277.98,58.975,122.255,370.425,433.705,311.449,0.0224,direct_cup_evidence,No
9,Day 9,Tray 3,3,DJI_20260627101610_0003,2,1,2,614.72,275.72,458.995,119.995,770.445,431.445,311.449,0.0133,direct_cup_evidence,No
9,Day 9,Tray 3,3,DJI_20260627101610_0003,3,1,3,1023.78,273.46,868.055,117.735,1179.505,429.185,311.449,0.0131,direct_cup_evidence,No
9,Day 9,Tray 3,3,DJI_20260627101610_0003,4,1,4,1419.28,264.42,1263.555,108.695,1575.005,420.145,311.449,0.0241,direct_cup_evidence,No
9,Day 9,Tray 3,3,DJI_20260627101610_0003,5,1,5,1823.82,268.94,1668.095,113.215,1979.545,424.665,311.449,0.0167,direct_cup_evidence,No
9,Day 9,Tray 3,3,DJI_20260627101610_0003,6,1,6,2230.62,268.94,2074.895,113.215,2386.345,424.665,311.449,0.0107,direct_cup_evidence,No
9,Day 9,Tray 3,3,DJI_20260627101610_0003,7,1,7,2639.68,266.68,2483.955,110.955,2795.405,422.405,311.449,0.0107,direct_cup_evidence,No
9,Day 9,Tray 3,3,DJI_20260627101610_0003,8,1,8,3046.48,264.42,2890.755,108.695,3202.205,420.145,311.449,0.0186,direct_cup_evidence,No
9,Day 9,Tray 3,3,DJI_20260627101610_0003,9,1,9,3453.28,266.68,3297.555,110.955,3609.005,422.405,311.449,0.0178,direct_cup_evidence,No
9,Day 9,Tray 3,3,DJI_20260627101610_0003,10,1,10,3860.08,268.94,3704.355,113.215,4015.805,424.665,311.449,0.0215,direct_cup_evidence,No
9,Day 9,Tray 3,3,DJI_20260627101610_0003,11,2,1,214.7,619.24,58.975,463.515,370.425,774.965,311.449,0.0173,direct_cup_evidence,No
9,Day 9,Tray 3,3,DJI_20260627101610_0003,12,2,2,605.68,616.98,449.955,461.255,761.405,772.705,311.449,0.0231,direct_cup_evidence,No
9,Day 9,Tray 3,3,DJI_20260627101610_0003,13,2,3,1014.74,616.98,859.015,461.255,1170.465,772.705,311.449,0.0104,direct_cup_evidence,No
9,Day 9,Tray 3,3,DJI_20260627101610_0003,14,2,4,1419.28,614.72,1263.555,458.995,1575.005,770.445,311.449,0.0124,direct_cup_evidence,No
9,Day 9,Tray 3,3,DJI_20260627101610_0003,15,2,5,1821.56,616.98,1665.835,461.255,1977.285,772.705,311.449,0.0177,direct_cup_evidence,No
9,Day 9,Tray 3,3,DJI_20260627101610_0003,16,2,6,2232.88,612.46,2077.155,456.735,2388.605,768.185,311.449,0.0117,direct_cup_evidence,No
9,Day 9,Tray 3,3,DJI_20260627101610_0003,17,2,7,2639.68,619.24,2483.955,463.515,2795.405,774.965,311.449,0.0115,direct_cup_evidence,No
9,Day 9,Tray 3,3,DJI_20260627101610_0003,18,2,8,3044.22,619.24,2888.495,463.515,3199.945,774.965,311.449,0.0117,direct_cup_evidence,No
9,Day 9,Tray 3,3,DJI_20260627101610_0003,19,2,9,3453.28,607.94,3297.555,452.215,3609.005,763.665,311.449,0.0305,direct_cup_evidence,No
9,Day 9,Tray 3,3,DJI_20260627101610_0003,20,2,10,3857.82,607.94,3702.095,452.215,4013.545,763.665,311.449,0.0298,direct_cup_evidence,No
9,Day 9,Tray 3,3,DJI_20260627101610_0003,21,3,1,207.92,965.02,52.195,809.295,363.645,1120.745,311.449,0.0048,direct_cup_evidence,No
9,Day 9,Tray 3,3,DJI_20260627101610_0003,22,3,2,612.46,967.28,456.735,811.555,768.185,1123.005,311.449,0.0117,direct_cup_evidence,No
9,Day 9,Tray 3,3,DJI_20260627101610_0003,23,3,3,1010.22,965.02,854.495,809.295,1165.945,1120.745,311.449,0.0195,direct_cup_evidence,No
9,Day 9,Tray 3,3,DJI_20260627101610_0003,24,3,4,1421.54,969.54,1265.815,813.815,1577.265,1125.265,311.449,0.0192,direct_cup_evidence,No
9,Day 9,Tray 3,3,DJI_20260627101610_0003,25,3,5,1823.82,967.28,1668.095,811.555,1979.545,1123.005,311.449,0.0147,direct_cup_evidence,No
9,Day 9,Tray 3,3,DJI_20260627101610_0003,26,3,6,2226.1,965.02,2070.375,809.295,2381.825,1120.745,311.449,0.0151,direct_cup_evidence,No
9,Day 9,Tray 3,3,DJI_20260627101610_0003,27,3,7,2637.42,960.5,2481.695,804.775,2793.145,1116.225,311.449,0.008,direct_cup_evidence,No
9,Day 9,Tray 3,3,DJI_20260627101610_0003,28,3,8,3041.96,967.28,2886.235,811.555,3197.685,1123.005,311.449,0.0158,direct_cup_evidence,No
9,Day 9,Tray 3,3,DJI_20260627101610_0003,29,3,9,3451.02,960.5,3295.295,804.775,3606.745,1116.225,311.449,0.0187,direct_cup_evidence,No
9,Day 9,Tray 3,3,DJI_20260627101610_0003,30,3,10,3846.52,960.5,3690.795,804.775,4002.245,1116.225,311.449,0.009,direct_cup_evidence,No
9,Day 9,Tray 3,3,DJI_20260627101610_0003,31,4,1,221.48,1310.8,65.755,1155.075,377.205,1466.525,311.449,0.0458,direct_cup_evidence,No
9,Day 9,Tray 3,3,DJI_20260627101610_0003,32,4,2,580.82,1283.68,425.095,1127.955,736.545,1439.405,311.449,0.113,direct_cup_evidence,No
9,Day 9,Tray 3,3,DJI_20260627101610_0003,33,4,3,1012.48,1313.06,856.755,1157.335,1168.205,1468.785,311.449,0.0135,direct_cup_evidence,No
9,Day 9,Tray 3,3,DJI_20260627101610_0003,34,4,4,1417.02,1317.58,1261.295,1161.855,1572.745,1473.305,311.449,0.0261,direct_cup_evidence,No
9,Day 9,Tray 3,3,DJI_20260627101610_0003,35,4,5,1821.56,1310.8,1665.835,1155.075,1977.285,1466.525,311.449,0.01,direct_cup_evidence,No
9,Day 9,Tray 3,3,DJI_20260627101610_0003,36,4,6,2228.36,1310.8,2072.635,1155.075,2384.085,1466.525,311.449,0.0067,direct_cup_evidence,No
9,Day 9,Tray 3,3,DJI_20260627101610_0003,37,4,7,2635.16,1310.8,2479.435,1155.075,2790.885,1466.525,311.449,0.0082,direct_cup_evidence,No
9,Day 9,Tray 3,3,DJI_20260627101610_0003,38,4,8,3035.18,1308.54,2879.455,1152.815,3190.905,1464.265,311.449,0.0093,direct_cup_evidence,No
9,Day 9,Tray 3,3,DJI_20260627101610_0003,39,4,9,3446.5,1310.8,3290.775,1155.075,3602.225,1466.525,311.449,0.0128,direct_cup_evidence,No
9,Day 9,Tray 3,3,DJI_20260627101610_0003,40,4,10,3846.52,1306.28,3690.795,1150.555,4002.245,1462.005,311.449,0.0056,direct_cup_evidence,No
9,Day 9,Tray 3,3,DJI_20260627101610_0003,41,5,1,212.44,1645.28,56.715,1489.555,368.165,1801.005,311.449,0.0384,direct_cup_evidence,No
9,Day 9,Tray 3,3,DJI_20260627101610_0003,42,5,2,607.94,1656.58,452.215,1500.855,763.665,1812.305,311.449,0.0041,direct_cup_evidence,No
9,Day 9,Tray 3,3,DJI_20260627101610_0003,43,5,3,1012.48,1658.84,856.755,1503.115,1168.205,1814.565,311.449,0.0109,direct_cup_evidence,No
9,Day 9,Tray 3,3,DJI_20260627101610_0003,44,5,4,1417.02,1656.58,1261.295,1500.855,1572.745,1812.305,311.449,0.0054,direct_cup_evidence,No
9,Day 9,Tray 3,3,DJI_20260627101610_0003,45,5,5,1819.3,1661.1,1663.575,1505.375,1975.025,1816.825,311.449,0.0207,direct_cup_evidence,No
9,Day 9,Tray 3,3,DJI_20260627101610_0003,46,5,6,2226.1,1661.1,2070.375,1505.375,2381.825,1816.825,311.449,0.0191,direct_cup_evidence,No
9,Day 9,Tray 3,3,DJI_20260627101610_0003,47,5,7,2628.38,1658.84,2472.655,1503.115,2784.105,1814.565,311.449,0.0165,direct_cup_evidence,No
9,Day 9,Tray 3,3,DJI_20260627101610_0003,48,5,8,3035.18,1658.84,2879.455,1503.115,3190.905,1814.565,311.449,0.014,direct_cup_evidence,No
9,Day 9,Tray 3,3,DJI_20260627101610_0003,49,5,9,3441.98,1656.58,3286.255,1500.855,3597.705,1812.305,311.449,0.0075,direct_cup_evidence,No
9,Day 9,Tray 3,3,DJI_20260627101610_0003,50,5,10,3842.0,1658.84,3686.275,1503.115,3997.725,1814.565,311.449,0.0185,direct_cup_evidence,No
9,Day 9,Tray 3,3,DJI_20260627101610_0003,51,6,1,210.18,1995.58,54.455,1839.855,365.905,2151.305,311.449,0.0285,direct_cup_evidence,No
9,Day 9,Tray 3,3,DJI_20260627101610_0003,52,6,2,607.94,2000.1,452.215,1844.375,763.665,2155.825,311.449,0.0046,direct_cup_evidence,No
9,Day 9,Tray 3,3,DJI_20260627101610_0003,53,6,3,1019.26,2000.1,863.535,1844.375,1174.985,2155.825,311.449,0.0221,direct_cup_evidence,No
9,Day 9,Tray 3,3,DJI_20260627101610_0003,54,6,4,1417.02,2011.4,1261.295,1855.675,1572.745,2167.125,311.449,0.03,direct_cup_evidence,No
9,Day 9,Tray 3,3,DJI_20260627101610_0003,55,6,5,1819.3,2000.1,1663.575,1844.375,1975.025,2155.825,311.449,0.0055,direct_cup_evidence,No
9,Day 9,Tray 3,3,DJI_20260627101610_0003,56,6,6,2228.36,2000.1,2072.635,1844.375,2384.085,2155.825,311.449,0.0078,direct_cup_evidence,No
9,Day 9,Tray 3,3,DJI_20260627101610_0003,57,6,7,2626.12,2004.62,2470.395,1848.895,2781.845,2160.345,311.449,0.0172,direct_cup_evidence,No
9,Day 9,Tray 3,3,DJI_20260627101610_0003,58,6,8,2978.68,1972.98,2822.955,1817.255,3134.405,2128.705,311.449,0.181,direct_cup_evidence,No
9,Day 9,Tray 3,3,DJI_20260627101610_0003,59,6,9,3451.02,2000.1,3295.295,1844.375,3606.745,2155.825,311.449,0.0327,direct_cup_evidence,No
9,Day 9,Tray 3,3,DJI_20260627101610_0003,60,6,10,3842.0,1991.06,3686.275,1835.335,3997.725,2146.785,311.449,0.0265,direct_cup_evidence,No
9,Day 9,Tray 3,3,DJI_20260627101610_0003,61,7,1,226.0,2330.06,70.275,2174.335,381.725,2485.785,311.449,0.0891,direct_cup_evidence,No
9,Day 9,Tray 3,3,DJI_20260627101610_0003,62,7,2,619.24,2336.84,463.515,2181.115,774.965,2492.565,311.449,0.0505,direct_cup_evidence,No
9,Day 9,Tray 3,3,DJI_20260627101610_0003,63,7,3,1010.22,2339.1,854.495,2183.375,1165.945,2494.825,311.449,0.0237,direct_cup_evidence,No
9,Day 9,Tray 3,3,DJI_20260627101610_0003,64,7,4,1417.02,2348.14,1261.295,2192.415,1572.745,2503.865,311.449,0.0073,direct_cup_evidence,No
9,Day 9,Tray 3,3,DJI_20260627101610_0003,65,7,5,1819.3,2350.4,1663.575,2194.675,1975.025,2506.125,311.449,0.0101,direct_cup_evidence,No
9,Day 9,Tray 3,3,DJI_20260627101610_0003,66,7,6,2217.06,2343.62,2061.335,2187.895,2372.785,2499.345,311.449,0.0221,direct_cup_evidence,No
9,Day 9,Tray 3,3,DJI_20260627101610_0003,67,7,7,2632.9,2348.14,2477.175,2192.415,2788.625,2503.865,311.449,0.0129,direct_cup_evidence,No
9,Day 9,Tray 3,3,DJI_20260627101610_0003,68,7,8,3030.66,2350.4,2874.935,2194.675,3186.385,2506.125,311.449,0.0141,direct_cup_evidence,No
9,Day 9,Tray 3,3,DJI_20260627101610_0003,69,7,9,3437.46,2352.66,3281.735,2196.935,3593.185,2508.385,311.449,0.0189,direct_cup_evidence,No
9,Day 9,Tray 3,3,DJI_20260627101610_0003,70,7,10,3830.7,2334.58,3674.975,2178.855,3986.425,2490.305,311.449,0.0479,direct_cup_evidence,No
9,Day 9,Tray 4,4,DJI_20260627101707_0004,1,1,1,214.7,262.16,58.169,105.629,371.231,418.691,313.062,0.0546,direct_cup_evidence,No
9,Day 9,Tray 4,4,DJI_20260627101707_0004,2,1,2,619.24,255.38,462.709,98.849,775.771,411.911,313.062,0.0344,direct_cup_evidence,No
9,Day 9,Tray 4,4,DJI_20260627101707_0004,3,1,3,1012.48,250.86,855.949,94.329,1169.011,407.391,313.062,0.0133,direct_cup_evidence,No
9,Day 9,Tray 4,4,DJI_20260627101707_0004,4,1,4,1419.28,248.6,1262.749,92.069,1575.811,405.131,313.062,0.0082,direct_cup_evidence,No
9,Day 9,Tray 4,4,DJI_20260627101707_0004,5,1,5,1821.56,248.6,1665.029,92.069,1978.091,405.131,313.062,0.0185,direct_cup_evidence,No
9,Day 9,Tray 4,4,DJI_20260627101707_0004,6,1,6,2228.36,250.86,2071.829,94.329,2384.891,407.391,313.062,0.0145,direct_cup_evidence,No
9,Day 9,Tray 4,4,DJI_20260627101707_0004,7,1,7,2635.16,248.6,2478.629,92.069,2791.691,405.131,313.062,0.0172,direct_cup_evidence,No
9,Day 9,Tray 4,4,DJI_20260627101707_0004,8,1,8,3044.22,255.38,2887.689,98.849,3200.751,411.911,313.062,0.0028,direct_cup_evidence,No
9,Day 9,Tray 4,4,DJI_20260627101707_0004,9,1,9,3446.5,250.86,3289.969,94.329,3603.031,407.391,313.062,0.0176,direct_cup_evidence,No
9,Day 9,Tray 4,4,DJI_20260627101707_0004,10,1,10,3844.26,255.38,3687.729,98.849,4000.791,411.911,313.062,0.0337,direct_cup_evidence,No
9,Day 9,Tray 4,4,DJI_20260627101707_0004,11,2,1,219.22,594.38,62.689,437.849,375.751,750.911,313.062,0.0415,direct_cup_evidence,No
9,Day 9,Tray 4,4,DJI_20260627101707_0004,12,2,2,612.46,598.9,455.929,442.369,768.991,755.431,313.062,0.0129,direct_cup_evidence,No
9,Day 9,Tray 4,4,DJI_20260627101707_0004,13,2,3,1014.74,594.38,858.209,437.849,1171.271,750.911,313.062,0.0064,direct_cup_evidence,No
9,Day 9,Tray 4,4,DJI_20260627101707_0004,14,2,4,1414.76,594.38,1258.229,437.849,1571.291,750.911,313.062,0.0218,direct_cup_evidence,No
9,Day 9,Tray 4,4,DJI_20260627101707_0004,15,2,5,1823.82,594.38,1667.289,437.849,1980.351,750.911,313.062,0.0159,direct_cup_evidence,No
9,Day 9,Tray 4,4,DJI_20260627101707_0004,16,2,6,2239.66,603.42,2083.129,446.889,2396.191,759.951,313.062,0.0216,direct_cup_evidence,No
9,Day 9,Tray 4,4,DJI_20260627101707_0004,17,2,7,2639.68,594.38,2483.149,437.849,2796.211,750.911,313.062,0.0195,direct_cup_evidence,No
9,Day 9,Tray 4,4,DJI_20260627101707_0004,18,2,8,3041.96,594.38,2885.429,437.849,3198.491,750.911,313.062,0.0238,direct_cup_evidence,No
9,Day 9,Tray 4,4,DJI_20260627101707_0004,19,2,9,3451.02,603.42,3294.489,446.889,3607.551,759.951,313.062,0.0029,direct_cup_evidence,No
9,Day 9,Tray 4,4,DJI_20260627101707_0004,20,2,10,3848.78,592.12,3692.249,435.589,4005.311,748.651,313.062,0.0414,direct_cup_evidence,No
9,Day 9,Tray 4,4,DJI_20260627101707_0004,21,3,1,205.66,942.42,49.129,785.889,362.191,1098.951,313.062,0.0041,direct_cup_evidence,No
9,Day 9,Tray 4,4,DJI_20260627101707_0004,22,3,2,607.94,946.94,451.409,790.409,764.471,1103.471,313.062,0.0137,direct_cup_evidence,No
9,Day 9,Tray 4,4,DJI_20260627101707_0004,23,3,3,1059.94,967.28,903.409,810.749,1216.471,1123.811,313.062,0.1433,direct_cup_evidence,No
9,Day 9,Tray 4,4,DJI_20260627101707_0004,24,3,4,1414.76,942.42,1258.229,785.889,1571.291,1098.951,313.062,0.021,direct_cup_evidence,No
9,Day 9,Tray 4,4,DJI_20260627101707_0004,25,3,5,1821.56,942.42,1665.029,785.889,1978.091,1098.951,313.062,0.0199,direct_cup_evidence,No
9,Day 9,Tray 4,4,DJI_20260627101707_0004,26,3,6,2230.62,942.42,2074.089,785.889,2387.151,1098.951,313.062,0.0164,direct_cup_evidence,No
9,Day 9,Tray 4,4,DJI_20260627101707_0004,27,3,7,2632.9,937.9,2476.369,781.369,2789.431,1094.431,313.062,0.0355,direct_cup_evidence,No
9,Day 9,Tray 4,4,DJI_20260627101707_0004,28,3,8,3046.48,942.42,2889.949,785.889,3203.011,1098.951,313.062,0.0233,direct_cup_evidence,No
9,Day 9,Tray 4,4,DJI_20260627101707_0004,29,3,9,3451.02,942.42,3294.489,785.889,3607.551,1098.951,313.062,0.0261,direct_cup_evidence,No
9,Day 9,Tray 4,4,DJI_20260627101707_0004,30,3,10,3871.38,946.94,3714.849,790.409,4027.911,1103.471,313.062,0.0487,direct_cup_evidence,No
9,Day 9,Tray 4,4,DJI_20260627101707_0004,31,4,1,205.66,1292.72,49.129,1136.189,362.191,1449.251,313.062,0.0104,direct_cup_evidence,No
9,Day 9,Tray 4,4,DJI_20260627101707_0004,32,4,2,605.68,1290.46,449.149,1133.929,762.211,1446.991,313.062,0.0124,direct_cup_evidence,No
9,Day 9,Tray 4,4,DJI_20260627101707_0004,33,4,3,1005.7,1290.46,849.169,1133.929,1162.231,1446.991,313.062,0.0288,direct_cup_evidence,No
9,Day 9,Tray 4,4,DJI_20260627101707_0004,34,4,4,1414.76,1292.72,1258.229,1136.189,1571.291,1449.251,313.062,0.0188,direct_cup_evidence,No
9,Day 9,Tray 4,4,DJI_20260627101707_0004,35,4,5,1823.82,1335.66,1667.289,1179.129,1980.351,1492.191,313.062,0.1193,direct_cup_evidence,No
9,Day 9,Tray 4,4,DJI_20260627101707_0004,36,4,6,2230.62,1292.72,2074.089,1136.189,2387.151,1449.251,313.062,0.0099,direct_cup_evidence,No
9,Day 9,Tray 4,4,DJI_20260627101707_0004,37,4,7,2639.68,1283.68,2483.149,1127.149,2796.211,1440.211,313.062,0.0379,direct_cup_evidence,No
9,Day 9,Tray 4,4,DJI_20260627101707_0004,38,4,8,3041.96,1285.94,2885.429,1129.409,3198.491,1442.471,313.062,0.0351,direct_cup_evidence,No
9,Day 9,Tray 4,4,DJI_20260627101707_0004,39,4,9,3455.54,1290.46,3299.009,1133.929,3612.071,1446.991,313.062,0.0306,direct_cup_evidence,No
9,Day 9,Tray 4,4,DJI_20260627101707_0004,40,4,10,3855.56,1297.24,3699.029,1140.709,4012.091,1453.771,313.062,0.0094,direct_cup_evidence,No
9,Day 9,Tray 4,4,DJI_20260627101707_0004,41,5,1,212.44,1624.94,55.909,1468.409,368.971,1781.471,313.062,0.0426,direct_cup_evidence,No
9,Day 9,Tray 4,4,DJI_20260627101707_0004,42,5,2,612.46,1636.24,455.929,1479.709,768.991,1792.771,313.062,0.01,direct_cup_evidence,No
9,Day 9,Tray 4,4,DJI_20260627101707_0004,43,5,3,1010.22,1636.24,853.689,1479.709,1166.751,1792.771,313.062,0.0179,direct_cup_evidence,No
9,Day 9,Tray 4,4,DJI_20260627101707_0004,44,5,4,1412.5,1638.5,1255.969,1481.969,1569.031,1795.031,313.062,0.0256,direct_cup_evidence,No
9,Day 9,Tray 4,4,DJI_20260627101707_0004,45,5,5,1821.56,1638.5,1665.029,1481.969,1978.091,1795.031,313.062,0.0182,direct_cup_evidence,No
9,Day 9,Tray 4,4,DJI_20260627101707_0004,46,5,6,2228.36,1643.02,2071.829,1486.489,2384.891,1799.551,313.062,0.0116,direct_cup_evidence,No
9,Day 9,Tray 4,4,DJI_20260627101707_0004,47,5,7,2639.68,1643.02,2483.149,1486.489,2796.211,1799.551,313.062,0.0066,direct_cup_evidence,No
9,Day 9,Tray 4,4,DJI_20260627101707_0004,48,5,8,3046.48,1633.98,2889.949,1477.449,3203.011,1790.511,313.062,0.0351,direct_cup_evidence,No
9,Day 9,Tray 4,4,DJI_20260627101707_0004,49,5,9,3455.54,1643.02,3299.009,1486.489,3612.071,1799.551,313.062,0.0214,direct_cup_evidence,No
9,Day 9,Tray 4,4,DJI_20260627101707_0004,50,5,10,3871.38,1593.3,3714.849,1436.769,4027.911,1749.831,313.062,0.1651,direct_cup_evidence,No
9,Day 9,Tray 4,4,DJI_20260627101707_0004,51,6,1,201.14,1982.02,44.609,1825.489,357.671,2138.551,313.062,0.0117,direct_cup_evidence,No
9,Day 9,Tray 4,4,DJI_20260627101707_0004,52,6,2,612.46,1984.28,455.929,1827.749,768.991,2140.811,313.062,0.0102,direct_cup_evidence,No
9,Day 9,Tray 4,4,DJI_20260627101707_0004,53,6,3,1007.96,1984.28,851.429,1827.749,1164.491,2140.811,313.062,0.0228,direct_cup_evidence,No
9,Day 9,Tray 4,4,DJI_20260627101707_0004,54,6,4,1412.5,1988.8,1255.969,1832.269,1569.031,2145.331,313.062,0.024,direct_cup_evidence,No
9,Day 9,Tray 4,4,DJI_20260627101707_0004,55,6,5,1821.56,1991.06,1665.029,1834.529,1978.091,2147.591,313.062,0.0145,direct_cup_evidence,No
9,Day 9,Tray 4,4,DJI_20260627101707_0004,56,6,6,2228.36,1997.84,2071.829,1841.309,2384.891,2154.371,313.062,0.0219,direct_cup_evidence,No
9,Day 9,Tray 4,4,DJI_20260627101707_0004,57,6,7,2632.9,2002.36,2476.369,1845.829,2789.431,2158.891,313.062,0.0317,direct_cup_evidence,No
9,Day 9,Tray 4,4,DJI_20260627101707_0004,58,6,8,3048.74,1988.8,2892.209,1832.269,3205.271,2145.331,313.062,0.0207,direct_cup_evidence,No
9,Day 9,Tray 4,4,DJI_20260627101707_0004,59,6,9,3455.54,1997.84,3299.009,1841.309,3612.071,2154.371,313.062,0.0203,direct_cup_evidence,No
9,Day 9,Tray 4,4,DJI_20260627101707_0004,60,6,10,3866.86,1984.28,3710.329,1827.749,4023.391,2140.811,313.062,0.0488,direct_cup_evidence,No
9,Day 9,Tray 4,4,DJI_20260627101707_0004,61,7,1,210.18,2316.5,53.649,2159.969,366.711,2473.031,313.062,0.0507,direct_cup_evidence,No
9,Day 9,Tray 4,4,DJI_20260627101707_0004,62,7,2,607.94,2327.8,451.409,2171.269,764.471,2484.331,313.062,0.0186,direct_cup_evidence,No
9,Day 9,Tray 4,4,DJI_20260627101707_0004,63,7,3,1005.7,2334.58,849.169,2178.049,1162.231,2491.111,313.062,0.0267,direct_cup_evidence,No
9,Day 9,Tray 4,4,DJI_20260627101707_0004,64,7,4,1412.5,2341.36,1255.969,2184.829,1569.031,2497.891,313.062,0.027,direct_cup_evidence,No
9,Day 9,Tray 4,4,DJI_20260627101707_0004,65,7,5,1823.82,2341.36,1667.289,2184.829,1980.351,2497.891,313.062,0.0123,direct_cup_evidence,No
9,Day 9,Tray 4,4,DJI_20260627101707_0004,66,7,6,2230.62,2341.36,2074.089,2184.829,2387.151,2497.891,313.062,0.0076,direct_cup_evidence,No
9,Day 9,Tray 4,4,DJI_20260627101707_0004,67,7,7,2641.94,2339.1,2485.409,2182.569,2798.471,2495.631,313.062,0.013,direct_cup_evidence,No
9,Day 9,Tray 4,4,DJI_20260627101707_0004,68,7,8,3046.48,2339.1,2889.949,2182.569,3203.011,2495.631,313.062,0.0117,direct_cup_evidence,No
9,Day 9,Tray 4,4,DJI_20260627101707_0004,69,7,9,3455.54,2339.1,3299.009,2182.569,3612.071,2495.631,313.062,0.0219,direct_cup_evidence,No
9,Day 9,Tray 4,4,DJI_20260627101707_0004,70,7,10,3860.08,2334.58,3703.549,2178.049,4016.611,2491.111,313.062,0.0315,direct_cup_evidence,No
9,Day 9,Tray 5,5,DJI_20260627101808_0005,1,1,1,194.542,243.736,38.805,87.999,350.278,399.473,311.474,0.0401,direct_cup_evidence,No
9,Day 9,Tray 5,5,DJI_20260627101808_0005,2,1,2,612.694,245.972,456.958,90.235,768.431,401.709,311.474,0.0103,direct_cup_evidence,No
9,Day 9,Tray 5,5,DJI_20260627101808_0005,3,1,3,1001.778,237.028,846.041,81.291,1157.515,392.765,311.474,0.0376,direct_cup_evidence,No
9,Day 9,Tray 5,5,DJI_20260627101808_0005,4,1,4,1410.986,239.264,1255.249,83.527,1566.723,395.001,311.474,0.0204,direct_cup_evidence,No
9,Day 9,Tray 5,5,DJI_20260627101808_0005,5,1,5,1813.486,237.028,1657.749,81.291,1969.223,392.765,311.474,0.0284,direct_cup_evidence,No
9,Day 9,Tray 5,5,DJI_20260627101808_0005,6,1,6,2218.222,234.792,2062.485,79.055,2373.959,390.528,311.474,0.0362,direct_cup_evidence,No
9,Day 9,Tray 5,5,DJI_20260627101808_0005,7,1,7,2622.958,239.264,2467.222,83.527,2778.695,395.001,311.474,0.0266,direct_cup_evidence,No
9,Day 9,Tray 5,5,DJI_20260627101808_0005,8,1,8,3029.931,245.972,2874.194,90.235,3185.667,401.709,311.474,0.0215,direct_cup_evidence,No
9,Day 9,Tray 5,5,DJI_20260627101808_0005,9,1,9,3432.431,250.444,3276.694,94.708,3588.167,406.181,311.474,0.0202,direct_cup_evidence,No
9,Day 9,Tray 5,5,DJI_20260627101808_0005,10,1,10,3834.931,257.153,3679.194,101.416,3990.667,412.89,311.474,0.027,direct_cup_evidence,No
9,Day 9,Tray 5,5,DJI_20260627101808_0005,11,2,1,203.486,594.806,47.749,439.069,359.223,750.542,311.474,0.0192,direct_cup_evidence,No
9,Day 9,Tray 5,5,DJI_20260627101808_0005,12,2,2,610.458,594.806,454.722,439.069,766.195,750.542,311.474,0.0192,direct_cup_evidence,No
9,Day 9,Tray 5,5,DJI_20260627101808_0005,13,2,3,1001.778,592.569,846.041,436.833,1157.515,748.306,311.474,0.0217,direct_cup_evidence,No
9,Day 9,Tray 5,5,DJI_20260627101808_0005,14,2,4,1406.514,592.569,1250.777,436.833,1562.251,748.306,311.474,0.0136,direct_cup_evidence,No
9,Day 9,Tray 5,5,DJI_20260627101808_0005,15,2,5,1806.778,588.097,1651.041,432.36,1962.515,743.834,311.474,0.0222,direct_cup_evidence,No
9,Day 9,Tray 5,5,DJI_20260627101808_0005,16,2,6,2218.222,597.042,2062.485,441.305,2373.959,752.778,311.474,0.0135,direct_cup_evidence,No
9,Day 9,Tray 5,5,DJI_20260627101808_0005,17,2,7,2620.722,597.042,2464.985,441.305,2776.459,752.778,311.474,0.0121,direct_cup_evidence,No
9,Day 9,Tray 5,5,DJI_20260627101808_0005,18,2,8,3023.222,594.806,2867.485,439.069,3178.959,750.542,311.474,0.0105,direct_cup_evidence,No
9,Day 9,Tray 5,5,DJI_20260627101808_0005,19,2,9,3423.486,597.042,3267.749,441.305,3579.223,752.778,311.474,0.0053,direct_cup_evidence,No
9,Day 9,Tray 5,5,DJI_20260627101808_0005,20,2,10,3830.458,601.514,3674.722,445.777,3986.195,757.251,311.474,0.0223,direct_cup_evidence,No
9,Day 9,Tray 5,5,DJI_20260627101808_0005,21,3,1,205.722,936.931,49.985,781.194,361.459,1092.667,311.474,0.0157,direct_cup_evidence,No
9,Day 9,Tray 5,5,DJI_20260627101808_0005,22,3,2,601.514,941.403,445.777,785.666,757.251,1097.14,311.474,0.0181,direct_cup_evidence,No
9,Day 9,Tray 5,5,DJI_20260627101808_0005,23,3,3,997.306,934.694,841.569,778.958,1153.042,1090.431,311.474,0.0234,direct_cup_evidence,No
9,Day 9,Tray 5,5,DJI_20260627101808_0005,24,3,4,1377.444,919.042,1221.708,763.305,1533.181,1074.778,311.474,0.1014,direct_cup_evidence,No
9,Day 9,Tray 5,5,DJI_20260627101808_0005,25,3,5,1809.014,941.403,1653.277,785.666,1964.751,1097.14,311.474,0.0088,direct_cup_evidence,No
9,Day 9,Tray 5,5,DJI_20260627101808_0005,26,3,6,2211.514,943.639,2055.777,787.902,2367.251,1099.376,311.474,0.0122,direct_cup_evidence,No
9,Day 9,Tray 5,5,DJI_20260627101808_0005,27,3,7,2620.722,941.403,2464.985,785.666,2776.459,1097.14,311.474,0.0202,direct_cup_evidence,No
9,Day 9,Tray 5,5,DJI_20260627101808_0005,28,3,8,3016.514,941.403,2860.777,785.666,3172.251,1097.14,311.474,0.0016,direct_cup_evidence,No
9,Day 9,Tray 5,5,DJI_20260627101808_0005,29,3,9,3425.722,945.875,3269.985,790.138,3581.459,1101.612,311.474,0.0241,direct_cup_evidence,No
9,Day 9,Tray 5,5,DJI_20260627101808_0005,30,3,10,3825.986,948.111,3670.249,792.374,3981.723,1103.848,311.474,0.0213,direct_cup_evidence,No
9,Day 9,Tray 5,5,DJI_20260627101808_0005,31,4,1,194.542,1281.292,38.805,1125.555,350.278,1437.028,311.474,0.0083,direct_cup_evidence,No
9,Day 9,Tray 5,5,DJI_20260627101808_0005,32,4,2,592.569,1283.528,436.833,1127.791,748.306,1439.265,311.474,0.0207,direct_cup_evidence,No
9,Day 9,Tray 5,5,DJI_20260627101808_0005,33,4,3,1001.778,1283.528,846.041,1127.791,1157.515,1439.265,311.474,0.0033,direct_cup_evidence,No
9,Day 9,Tray 5,5,DJI_20260627101808_0005,34,4,4,1397.569,1285.764,1241.833,1130.027,1553.306,1441.501,311.474,0.0189,direct_cup_evidence,No
9,Day 9,Tray 5,5,DJI_20260627101808_0005,35,4,5,1804.542,1292.472,1648.805,1136.735,1960.278,1448.209,311.474,0.0235,direct_cup_evidence,No
9,Day 9,Tray 5,5,DJI_20260627101808_0005,36,4,6,2209.278,1290.236,2053.541,1134.499,2365.015,1445.973,311.474,0.0143,direct_cup_evidence,No
9,Day 9,Tray 5,5,DJI_20260627101808_0005,37,4,7,2618.486,1290.236,2462.749,1134.499,2774.223,1445.973,311.474,0.0265,direct_cup_evidence,No
9,Day 9,Tray 5,5,DJI_20260627101808_0005,38,4,8,3016.514,1290.236,2860.777,1134.499,3172.251,1445.973,311.474,0.0146,direct_cup_evidence,No
9,Day 9,Tray 5,5,DJI_20260627101808_0005,39,4,9,3416.778,1283.528,3261.041,1127.791,3572.515,1439.265,311.474,0.016,direct_cup_evidence,No
9,Day 9,Tray 5,5,DJI_20260627101808_0005,40,4,10,3814.806,1292.472,3659.069,1136.735,3970.542,1448.209,311.474,0.0098,direct_cup_evidence,No
9,Day 9,Tray 5,5,DJI_20260627101808_0005,41,5,1,203.486,1621.181,47.749,1465.444,359.223,1776.917,311.474,0.0324,direct_cup_evidence,No
9,Day 9,Tray 5,5,DJI_20260627101808_0005,42,5,2,655.181,1614.472,499.444,1458.735,810.917,1770.209,311.474,0.1758,direct_cup_evidence,No
9,Day 9,Tray 5,5,DJI_20260627101808_0005,43,5,3,995.069,1630.125,839.333,1474.388,1150.806,1785.862,311.474,0.0094,direct_cup_evidence,No
9,Day 9,Tray 5,5,DJI_20260627101808_0005,44,5,4,1404.278,1630.125,1248.541,1474.388,1560.015,1785.862,311.474,0.0124,direct_cup_evidence,No
9,Day 9,Tray 5,5,DJI_20260627101808_0005,45,5,5,1800.069,1639.069,1644.333,1483.333,1955.806,1794.806,311.474,0.0254,direct_cup_evidence,No
9,Day 9,Tray 5,5,DJI_20260627101808_0005,46,5,6,2207.042,1641.306,2051.305,1485.569,2362.778,1797.042,311.474,0.0293,direct_cup_evidence,No
9,Day 9,Tray 5,5,DJI_20260627101808_0005,47,5,7,2609.542,1639.069,2453.805,1483.333,2765.278,1794.806,311.474,0.0208,direct_cup_evidence,No
9,Day 9,Tray 5,5,DJI_20260627101808_0005,48,5,8,3003.097,1639.069,2847.36,1483.333,3158.834,1794.806,311.474,0.0224,direct_cup_evidence,No
9,Day 9,Tray 5,5,DJI_20260627101808_0005,49,5,9,3405.597,1632.361,3249.86,1476.624,3561.334,1788.098,311.474,0.0162,direct_cup_evidence,No
9,Day 9,Tray 5,5,DJI_20260627101808_0005,50,5,10,3808.097,1632.361,3652.36,1476.624,3963.834,1788.098,311.474,0.0167,direct_cup_evidence,No
9,Day 9,Tray 5,5,DJI_20260627101808_0005,51,6,1,196.778,1974.486,41.041,1818.749,352.515,2130.223,311.474,0.0207,direct_cup_evidence,No
9,Day 9,Tray 5,5,DJI_20260627101808_0005,52,6,2,592.569,1974.486,436.833,1818.749,748.306,2130.223,311.474,0.0032,direct_cup_evidence,No
9,Day 9,Tray 5,5,DJI_20260627101808_0005,53,6,3,988.361,1976.722,832.624,1820.985,1144.098,2132.459,311.474,0.018,direct_cup_evidence,No
9,Day 9,Tray 5,5,DJI_20260627101808_0005,54,6,4,1388.625,1978.958,1232.888,1823.222,1544.362,2134.695,311.474,0.0243,direct_cup_evidence,No
9,Day 9,Tray 5,5,DJI_20260627101808_0005,55,6,5,1791.125,1987.903,1635.388,1832.166,1946.862,2143.64,311.474,0.039,direct_cup_evidence,No
9,Day 9,Tray 5,5,DJI_20260627101808_0005,56,6,6,2198.097,1976.722,2042.36,1820.985,2353.834,2132.459,311.474,0.0077,direct_cup_evidence,No
9,Day 9,Tray 5,5,DJI_20260627101808_0005,57,6,7,2600.597,1983.431,2444.86,1827.694,2756.334,2139.167,311.474,0.0152,direct_cup_evidence,No
9,Day 9,Tray 5,5,DJI_20260627101808_0005,58,6,8,2998.625,1974.486,2842.888,1818.749,3154.362,2130.223,311.474,0.0235,direct_cup_evidence,No
9,Day 9,Tray 5,5,DJI_20260627101808_0005,59,6,9,3412.306,1983.431,3256.569,1827.694,3568.042,2139.167,311.474,0.0172,direct_cup_evidence,No
9,Day 9,Tray 5,5,DJI_20260627101808_0005,60,6,10,3808.097,1965.542,3652.36,1809.805,3963.834,2121.278,311.474,0.0467,direct_cup_evidence,No
9,Day 9,Tray 5,5,DJI_20260627101808_0005,61,7,1,194.542,2309.903,38.805,2154.166,350.278,2465.64,311.474,0.0347,direct_cup_evidence,No
9,Day 9,Tray 5,5,DJI_20260627101808_0005,62,7,2,585.861,2312.139,430.124,2156.402,741.598,2467.876,311.474,0.0227,direct_cup_evidence,No
9,Day 9,Tray 5,5,DJI_20260627101808_0005,63,7,3,990.597,2316.611,834.86,2160.874,1146.334,2472.348,311.474,0.0115,direct_cup_evidence,No
9,Day 9,Tray 5,5,DJI_20260627101808_0005,64,7,4,1388.625,2316.611,1232.888,2160.874,1544.362,2472.348,311.474,0.0186,direct_cup_evidence,No
9,Day 9,Tray 5,5,DJI_20260627101808_0005,65,7,5,1791.125,2330.028,1635.388,2174.291,1946.862,2485.765,311.474,0.0238,direct_cup_evidence,No
9,Day 9,Tray 5,5,DJI_20260627101808_0005,66,7,6,2204.806,2323.319,2049.069,2167.583,2360.542,2479.056,311.474,0.0228,direct_cup_evidence,No
9,Day 9,Tray 5,5,DJI_20260627101808_0005,67,7,7,2593.889,2327.792,2438.152,2172.055,2749.626,2483.528,311.474,0.0175,direct_cup_evidence,No
9,Day 9,Tray 5,5,DJI_20260627101808_0005,68,7,8,3007.569,2330.028,2851.833,2174.291,3163.306,2485.765,311.474,0.0222,direct_cup_evidence,No
9,Day 9,Tray 5,5,DJI_20260627101808_0005,69,7,9,3396.653,2318.847,3240.916,2163.11,3552.39,2474.584,311.474,0.0299,direct_cup_evidence,No
9,Day 9,Tray 5,5,DJI_20260627101808_0005,70,7,10,3787.972,2318.847,3632.235,2163.11,3943.709,2474.584,311.474,0.0568,direct_cup_evidence,No
9,Day 9,Tray 6,6,DJI_20260627101858_0006,1,1,1,205.927,277.553,53.124,124.75,358.73,430.356,305.606,0.0377,direct_cup_evidence,No
9,Day 9,Tray 6,6,DJI_20260627101858_0006,2,1,2,606.588,279.792,453.785,126.989,759.391,432.595,305.606,0.0331,direct_cup_evidence,No
9,Day 9,Tray 6,6,DJI_20260627101858_0006,3,1,3,1000.535,273.077,847.732,120.274,1153.338,425.88,305.606,0.0538,direct_cup_evidence,No
9,Day 9,Tray 6,6,DJI_20260627101858_0006,4,1,4,1405.673,275.315,1252.87,122.512,1558.476,428.118,305.606,0.0502,direct_cup_evidence,No
9,Day 9,Tray 6,6,DJI_20260627101858_0006,5,1,5,1792.905,264.123,1640.102,111.32,1945.708,416.926,305.606,0.0976,direct_cup_evidence,No
9,Day 9,Tray 6,6,DJI_20260627101858_0006,6,1,6,2211.473,270.838,2058.67,118.035,2364.276,423.641,305.606,0.0711,direct_cup_evidence,No
9,Day 9,Tray 6,6,DJI_20260627101858_0006,7,1,7,2616.612,266.362,2463.809,113.559,2769.415,419.165,305.606,0.0888,direct_cup_evidence,No
9,Day 9,Tray 6,6,DJI_20260627101858_0006,8,1,8,3017.273,261.885,2864.47,109.082,3170.076,414.688,305.606,0.1052,direct_cup_evidence,No
9,Day 9,Tray 6,6,DJI_20260627101858_0006,9,1,9,3420.173,266.362,3267.37,113.559,3572.976,419.165,305.606,0.096,direct_cup_evidence,No
9,Day 9,Tray 6,6,DJI_20260627101858_0006,10,1,10,3818.597,264.123,3665.794,111.32,3971.4,416.926,305.606,0.1058,direct_cup_evidence,No
9,Day 9,Tray 6,6,DJI_20260627101858_0006,11,2,1,203.688,622.257,50.885,469.454,356.491,775.06,305.606,0.0187,direct_cup_evidence,No
9,Day 9,Tray 6,6,DJI_20260627101858_0006,12,2,2,595.397,620.018,442.594,467.215,748.2,772.821,305.606,0.0361,direct_cup_evidence,No
9,Day 9,Tray 6,6,DJI_20260627101858_0006,13,2,3,1000.535,626.733,847.732,473.93,1153.338,779.536,305.606,0.0186,direct_cup_evidence,No
9,Day 9,Tray 6,6,DJI_20260627101858_0006,14,2,4,1405.673,615.542,1252.87,462.739,1558.476,768.345,305.606,0.0486,direct_cup_evidence,No
9,Day 9,Tray 6,6,DJI_20260627101858_0006,15,2,5,1808.573,620.018,1655.77,467.215,1961.376,772.821,305.606,0.039,direct_cup_evidence,No
9,Day 9,Tray 6,6,DJI_20260627101858_0006,16,2,6,2211.473,620.018,2058.67,467.215,2364.276,772.821,305.606,0.0426,direct_cup_evidence,No
9,Day 9,Tray 6,6,DJI_20260627101858_0006,17,2,7,2614.373,615.542,2461.57,462.739,2767.176,768.345,305.606,0.0596,direct_cup_evidence,No
9,Day 9,Tray 6,6,DJI_20260627101858_0006,18,2,8,3019.512,615.542,2866.709,462.739,3172.315,768.345,305.606,0.064,direct_cup_evidence,No
9,Day 9,Tray 6,6,DJI_20260627101858_0006,19,2,9,3420.173,622.257,3267.37,469.454,3572.976,775.06,305.606,0.0476,direct_cup_evidence,No
9,Day 9,Tray 6,6,DJI_20260627101858_0006,20,2,10,3823.073,620.018,3670.27,467.215,3975.876,772.821,305.606,0.0581,direct_cup_evidence,No
9,Day 9,Tray 6,6,DJI_20260627101858_0006,21,3,1,196.973,969.198,44.17,816.395,349.776,1122.001,305.606,0.0182,direct_cup_evidence,No
9,Day 9,Tray 6,6,DJI_20260627101858_0006,22,3,2,606.588,960.245,453.785,807.442,759.391,1113.048,305.606,0.0259,direct_cup_evidence,No
9,Day 9,Tray 6,6,DJI_20260627101858_0006,23,3,3,1002.773,969.198,849.97,816.395,1155.576,1122.001,305.606,0.0136,direct_cup_evidence,No
9,Day 9,Tray 6,6,DJI_20260627101858_0006,24,3,4,1405.673,964.722,1252.87,811.919,1558.476,1117.525,305.606,0.0228,direct_cup_evidence,No
9,Day 9,Tray 6,6,DJI_20260627101858_0006,25,3,5,1804.097,962.483,1651.294,809.68,1956.9,1115.286,305.606,0.0375,direct_cup_evidence,No
9,Day 9,Tray 6,6,DJI_20260627101858_0006,26,3,6,2211.473,960.245,2058.67,807.442,2364.276,1113.048,305.606,0.0412,direct_cup_evidence,No
9,Day 9,Tray 6,6,DJI_20260627101858_0006,27,3,7,2625.565,960.245,2472.762,807.442,2778.368,1113.048,305.606,0.0527,direct_cup_evidence,No
9,Day 9,Tray 6,6,DJI_20260627101858_0006,28,3,8,3012.797,969.198,2859.994,816.395,3165.6,1122.001,305.606,0.0268,direct_cup_evidence,No
9,Day 9,Tray 6,6,DJI_20260627101858_0006,29,3,9,3426.888,960.245,3274.085,807.442,3579.691,1113.048,305.606,0.0555,direct_cup_evidence,No
9,Day 9,Tray 6,6,DJI_20260627101858_0006,30,3,10,3825.312,955.768,3672.509,802.965,3978.115,1108.571,305.606,0.0694,direct_cup_evidence,No
9,Day 9,Tray 6,6,DJI_20260627101858_0006,31,4,1,203.688,1307.187,50.885,1154.384,356.491,1459.99,305.606,0.0033,direct_cup_evidence,No
9,Day 9,Tray 6,6,DJI_20260627101858_0006,32,4,2,602.112,1313.902,449.309,1161.099,754.915,1466.705,305.606,0.0214,direct_cup_evidence,No
9,Day 9,Tray 6,6,DJI_20260627101858_0006,33,4,3,1009.488,1313.902,856.685,1161.099,1162.291,1466.705,305.606,0.0122,direct_cup_evidence,No
9,Day 9,Tray 6,6,DJI_20260627101858_0006,34,4,4,1403.435,1307.187,1250.632,1154.384,1556.238,1459.99,305.606,0.0258,direct_cup_evidence,No
9,Day 9,Tray 6,6,DJI_20260627101858_0006,35,4,5,1808.573,1307.187,1655.77,1154.384,1961.376,1459.99,305.606,0.0208,direct_cup_evidence,No
9,Day 9,Tray 6,6,DJI_20260627101858_0006,36,4,6,2249.525,1293.757,2096.722,1140.954,2402.328,1446.56,305.606,0.1157,direct_cup_evidence,No
9,Day 9,Tray 6,6,DJI_20260627101858_0006,37,4,7,2616.612,1300.472,2463.809,1147.669,2769.415,1453.275,305.606,0.0426,direct_cup_evidence,No
9,Day 9,Tray 6,6,DJI_20260627101858_0006,38,4,8,3023.988,1304.948,2871.185,1152.145,3176.791,1457.751,305.606,0.0351,direct_cup_evidence,No
9,Day 9,Tray 6,6,DJI_20260627101858_0006,39,4,9,3420.173,1304.948,3267.37,1152.145,3572.976,1457.751,305.606,0.0372,direct_cup_evidence,No
9,Day 9,Tray 6,6,DJI_20260627101858_0006,40,4,10,3829.788,1300.472,3676.985,1147.669,3982.591,1453.275,305.606,0.0561,direct_cup_evidence,No
9,Day 9,Tray 6,6,DJI_20260627101858_0006,41,5,1,203.688,1656.367,50.885,1503.564,356.491,1809.17,305.606,0.0296,direct_cup_evidence,No
9,Day 9,Tray 6,6,DJI_20260627101858_0006,42,5,2,611.065,1649.652,458.262,1496.849,763.868,1802.455,305.606,0.0082,direct_cup_evidence,No
9,Day 9,Tray 6,6,DJI_20260627101858_0006,43,5,3,1005.012,1654.128,852.209,1501.325,1157.815,1806.931,305.606,0.0225,direct_cup_evidence,No
9,Day 9,Tray 6,6,DJI_20260627101858_0006,44,5,4,1405.673,1656.367,1252.87,1503.564,1558.476,1809.17,305.606,0.0277,direct_cup_evidence,No
9,Day 9,Tray 6,6,DJI_20260627101858_0006,45,5,5,1844.387,1647.413,1691.584,1494.61,1997.19,1800.216,305.606,0.0867,direct_cup_evidence,No
9,Day 9,Tray 6,6,DJI_20260627101858_0006,46,5,6,2213.712,1654.128,2060.909,1501.325,2366.515,1806.931,305.606,0.0113,direct_cup_evidence,No
9,Day 9,Tray 6,6,DJI_20260627101858_0006,47,5,7,2614.373,1645.175,2461.57,1492.372,2767.176,1797.978,305.606,0.0313,direct_cup_evidence,No
9,Day 9,Tray 6,6,DJI_20260627101858_0006,48,5,8,3023.988,1642.937,2871.185,1490.134,3176.791,1795.74,305.606,0.0382,direct_cup_evidence,No
9,Day 9,Tray 6,6,DJI_20260627101858_0006,49,5,9,3429.127,1642.937,3276.324,1490.134,3581.93,1795.74,305.606,0.0441,direct_cup_evidence,No
9,Day 9,Tray 6,6,DJI_20260627101858_0006,50,5,10,3829.788,1642.937,3676.985,1490.134,3982.591,1795.74,305.606,0.0465,direct_cup_evidence,No
9,Day 9,Tray 6,6,DJI_20260627101858_0006,51,6,1,205.927,1994.355,53.124,1841.552,358.73,2147.158,305.606,0.0248,direct_cup_evidence,No
9,Day 9,Tray 6,6,DJI_20260627101858_0006,52,6,2,602.112,1996.593,449.309,1843.79,754.915,2149.396,305.606,0.0364,direct_cup_evidence,No
9,Day 9,Tray 6,6,DJI_20260627101858_0006,53,6,3,1009.488,1994.355,856.685,1841.552,1162.291,2147.158,305.606,0.0188,direct_cup_evidence,No
9,Day 9,Tray 6,6,DJI_20260627101858_0006,54,6,4,1412.388,1996.593,1259.585,1843.79,1565.191,2149.396,305.606,0.0204,direct_cup_evidence,No
9,Day 9,Tray 6,6,DJI_20260627101858_0006,55,6,5,1810.812,1996.593,1658.009,1843.79,1963.615,2149.396,305.606,0.0239,direct_cup_evidence,No
9,Day 9,Tray 6,6,DJI_20260627101858_0006,56,6,6,2218.188,1994.355,2065.385,1841.552,2370.991,2147.158,305.606,0.0058,direct_cup_evidence,No
9,Day 9,Tray 6,6,DJI_20260627101858_0006,57,6,7,2638.995,2003.308,2486.192,1850.505,2791.798,2156.111,305.606,0.0586,direct_cup_evidence,No
9,Day 9,Tray 6,6,DJI_20260627101858_0006,58,6,8,3046.372,1985.402,2893.569,1832.599,3199.175,2138.205,305.606,0.0731,direct_cup_evidence,No
9,Day 9,Tray 6,6,DJI_20260627101858_0006,59,6,9,3429.127,1978.687,3276.324,1825.884,3581.93,2131.49,305.606,0.0535,direct_cup_evidence,No
9,Day 9,Tray 6,6,DJI_20260627101858_0006,60,6,10,3825.312,1978.687,3672.509,1825.884,3978.115,2131.49,305.606,0.0569,direct_cup_evidence,No
9,Day 9,Tray 6,6,DJI_20260627101858_0006,61,7,1,210.403,2334.582,57.6,2181.779,363.206,2487.385,305.606,0.0256,direct_cup_evidence,No
9,Day 9,Tray 6,6,DJI_20260627101858_0006,62,7,2,613.303,2334.582,460.5,2181.779,766.106,2487.385,305.606,0.022,direct_cup_evidence,No
9,Day 9,Tray 6,6,DJI_20260627101858_0006,63,7,3,1036.348,2352.488,883.545,2199.685,1189.151,2505.291,305.606,0.0955,direct_cup_evidence,No
9,Day 9,Tray 6,6,DJI_20260627101858_0006,64,7,4,1407.912,2339.058,1255.109,2186.255,1560.715,2491.861,305.606,0.0379,direct_cup_evidence,No
9,Day 9,Tray 6,6,DJI_20260627101858_0006,65,7,5,1817.527,2339.058,1664.724,2186.255,1970.33,2491.861,305.606,0.0241,direct_cup_evidence,No
9,Day 9,Tray 6,6,DJI_20260627101858_0006,66,7,6,2218.188,2341.297,2065.385,2188.494,2370.991,2494.1,305.606,0.0279,direct_cup_evidence,No
9,Day 9,Tray 6,6,DJI_20260627101858_0006,67,7,7,2630.042,2330.105,2477.239,2177.302,2782.845,2482.908,305.606,0.0224,direct_cup_evidence,No
9,Day 9,Tray 6,6,DJI_20260627101858_0006,68,7,8,3019.512,2374.872,2866.709,2222.069,3172.315,2527.675,305.606,0.1192,direct_cup_evidence,No
9,Day 9,Tray 6,6,DJI_20260627101858_0006,69,7,9,3404.505,2341.297,3251.702,2188.494,3557.308,2494.1,305.606,0.0696,direct_cup_evidence,No
9,Day 9,Tray 6,6,DJI_20260627101858_0006,70,7,10,3809.643,2348.012,3656.84,2195.209,3962.446,2500.815,305.606,0.0669,direct_cup_evidence,No
9,Day 9,Tray 7,7,DJI_20260627101933_0007,1,1,1,213.117,264.713,59.337,110.934,366.896,418.493,307.559,0.0321,direct_cup_evidence,No
9,Day 9,Tray 7,7,DJI_20260627101933_0007,2,1,2,614.673,260.227,460.894,106.447,768.453,414.006,307.559,0.0429,direct_cup_evidence,No
9,Day 9,Tray 7,7,DJI_20260627101933_0007,3,1,3,1013.987,251.253,860.207,97.474,1167.766,405.033,307.559,0.0681,direct_cup_evidence,No
9,Day 9,Tray 7,7,DJI_20260627101933_0007,4,1,4,1424.517,251.253,1270.737,97.474,1578.296,405.033,307.559,0.0629,direct_cup_evidence,No
9,Day 9,Tray 7,7,DJI_20260627101933_0007,5,1,5,1828.317,249.01,1674.537,95.231,1982.096,402.789,307.559,0.0671,direct_cup_evidence,No
9,Day 9,Tray 7,7,DJI_20260627101933_0007,6,1,6,2238.847,253.497,2085.067,99.717,2392.626,407.276,307.559,0.0595,direct_cup_evidence,No
9,Day 9,Tray 7,7,DJI_20260627101933_0007,7,1,7,2642.647,249.01,2488.867,95.231,2796.426,402.789,307.559,0.0703,direct_cup_evidence,No
9,Day 9,Tray 7,7,DJI_20260627101933_0007,8,1,8,3046.447,260.227,2892.667,106.447,3200.226,414.006,307.559,0.0459,direct_cup_evidence,No
9,Day 9,Tray 7,7,DJI_20260627101933_0007,9,1,9,3443.517,251.253,3289.737,97.474,3597.296,405.033,307.559,0.0538,direct_cup_evidence,No
9,Day 9,Tray 7,7,DJI_20260627101933_0007,10,1,10,3840.587,253.497,3686.807,99.717,3994.366,407.276,307.559,0.0402,direct_cup_evidence,No
9,Day 9,Tray 7,7,DJI_20260627101933_0007,11,2,1,208.63,607.943,54.851,454.164,362.409,761.723,307.559,0.0339,direct_cup_evidence,No
9,Day 9,Tray 7,7,DJI_20260627101933_0007,12,2,2,616.917,601.213,463.137,447.434,770.696,754.993,307.559,0.0443,direct_cup_evidence,No
9,Day 9,Tray 7,7,DJI_20260627101933_0007,13,2,3,1020.717,610.187,866.937,456.407,1174.496,763.966,307.559,0.0152,direct_cup_evidence,No
9,Day 9,Tray 7,7,DJI_20260627101933_0007,14,2,4,1422.273,603.457,1268.494,449.677,1576.053,757.236,307.559,0.0323,direct_cup_evidence,No
9,Day 9,Tray 7,7,DJI_20260627101933_0007,15,2,5,1828.317,601.213,1674.537,447.434,1982.096,754.993,307.559,0.0366,direct_cup_evidence,No
9,Day 9,Tray 7,7,DJI_20260627101933_0007,16,2,6,2236.603,598.97,2082.824,445.191,2390.383,752.749,307.559,0.0462,direct_cup_evidence,No
9,Day 9,Tray 7,7,DJI_20260627101933_0007,17,2,7,2642.647,598.97,2488.867,445.191,2796.426,752.749,307.559,0.05,direct_cup_evidence,No
9,Day 9,Tray 7,7,DJI_20260627101933_0007,18,2,8,3035.23,612.43,2881.451,458.651,3189.009,766.209,307.559,0.0066,direct_cup_evidence,No
9,Day 9,Tray 7,7,DJI_20260627101933_0007,19,2,9,3448.003,601.213,3294.224,447.434,3601.783,754.993,307.559,0.0422,direct_cup_evidence,No
9,Day 9,Tray 7,7,DJI_20260627101933_0007,20,2,10,3840.587,598.97,3686.807,445.191,3994.366,752.749,307.559,0.0292,direct_cup_evidence,No
9,Day 9,Tray 7,7,DJI_20260627101933_0007,21,3,1,210.873,953.417,57.094,799.637,364.653,1107.196,307.559,0.0219,direct_cup_evidence,No
9,Day 9,Tray 7,7,DJI_20260627101933_0007,22,3,2,621.403,953.417,467.624,799.637,775.183,1107.196,307.559,0.0159,direct_cup_evidence,No
9,Day 9,Tray 7,7,DJI_20260627101933_0007,23,3,3,1013.987,948.93,860.207,795.151,1167.766,1102.709,307.559,0.0318,direct_cup_evidence,No
9,Day 9,Tray 7,7,DJI_20260627101933_0007,24,3,4,1422.273,951.173,1268.494,797.394,1576.053,1104.953,307.559,0.0152,direct_cup_evidence,No
9,Day 9,Tray 7,7,DJI_20260627101933_0007,25,3,5,1839.533,946.687,1685.754,792.907,1993.313,1100.466,307.559,0.046,direct_cup_evidence,No
9,Day 9,Tray 7,7,DJI_20260627101933_0007,26,3,6,2236.603,948.93,2082.824,795.151,2390.383,1102.709,307.559,0.0273,direct_cup_evidence,No
9,Day 9,Tray 7,7,DJI_20260627101933_0007,27,3,7,2642.647,946.687,2488.867,792.907,2796.426,1100.466,307.559,0.0379,direct_cup_evidence,No
9,Day 9,Tray 7,7,DJI_20260627101933_0007,28,3,8,3044.203,944.443,2890.424,790.664,3197.983,1098.223,307.559,0.0375,direct_cup_evidence,No
9,Day 9,Tray 7,7,DJI_20260627101933_0007,29,3,9,3439.03,939.957,3285.251,786.177,3592.809,1093.736,307.559,0.0344,direct_cup_evidence,No
9,Day 9,Tray 7,7,DJI_20260627101933_0007,30,3,10,3840.587,944.443,3686.807,790.664,3994.366,1098.223,307.559,0.0183,direct_cup_evidence,No
9,Day 9,Tray 7,7,DJI_20260627101933_0007,31,4,1,224.333,1298.89,70.554,1145.111,378.113,1452.669,307.559,0.0241,direct_cup_evidence,No
9,Day 9,Tray 7,7,DJI_20260627101933_0007,32,4,2,596.727,1312.35,442.947,1158.571,750.506,1466.129,307.559,0.0746,direct_cup_evidence,No
9,Day 9,Tray 7,7,DJI_20260627101933_0007,33,4,3,1025.203,1298.89,871.424,1145.111,1178.983,1452.669,307.559,0.0108,direct_cup_evidence,No
9,Day 9,Tray 7,7,DJI_20260627101933_0007,34,4,4,1424.517,1298.89,1270.737,1145.111,1578.296,1452.669,307.559,0.0031,direct_cup_evidence,No
9,Day 9,Tray 7,7,DJI_20260627101933_0007,35,4,5,1832.803,1294.403,1679.024,1140.624,1986.583,1448.183,307.559,0.0193,direct_cup_evidence,No
9,Day 9,Tray 7,7,DJI_20260627101933_0007,36,4,6,2229.873,1294.403,2076.094,1140.624,2383.653,1448.183,307.559,0.005,direct_cup_evidence,No
9,Day 9,Tray 7,7,DJI_20260627101933_0007,37,4,7,2642.647,1287.673,2488.867,1133.894,2796.426,1441.453,307.559,0.0381,direct_cup_evidence,No
9,Day 9,Tray 7,7,DJI_20260627101933_0007,38,4,8,3039.717,1285.43,2885.937,1131.651,3193.496,1439.209,307.559,0.0297,direct_cup_evidence,No
9,Day 9,Tray 7,7,DJI_20260627101933_0007,39,4,9,3436.787,1285.43,3283.007,1131.651,3590.566,1439.209,307.559,0.0229,direct_cup_evidence,No
9,Day 9,Tray 7,7,DJI_20260627101933_0007,40,4,10,3838.343,1289.917,3684.564,1136.137,3992.123,1443.696,307.559,0.0081,direct_cup_evidence,No
9,Day 9,Tray 7,7,DJI_20260627101933_0007,41,5,1,217.603,1639.877,63.824,1486.097,371.383,1793.656,307.559,0.0079,direct_cup_evidence,No
9,Day 9,Tray 7,7,DJI_20260627101933_0007,42,5,2,614.673,1646.607,460.894,1492.827,768.453,1800.386,307.559,0.0201,direct_cup_evidence,No
9,Day 9,Tray 7,7,DJI_20260627101933_0007,43,5,3,993.797,1617.443,840.017,1463.664,1147.576,1771.223,307.559,0.1064,direct_cup_evidence,No
9,Day 9,Tray 7,7,DJI_20260627101933_0007,44,5,4,1429.003,1639.877,1275.224,1486.097,1582.783,1793.656,307.559,0.0132,direct_cup_evidence,No
9,Day 9,Tray 7,7,DJI_20260627101933_0007,45,5,5,1832.803,1639.877,1679.024,1486.097,1986.583,1793.656,307.559,0.017,direct_cup_evidence,No
9,Day 9,Tray 7,7,DJI_20260627101933_0007,46,5,6,2229.873,1639.877,2076.094,1486.097,2383.653,1793.656,307.559,0.0062,direct_cup_evidence,No
9,Day 9,Tray 7,7,DJI_20260627101933_0007,47,5,7,2635.917,1630.903,2482.137,1477.124,2789.696,1784.683,307.559,0.0203,direct_cup_evidence,No
9,Day 9,Tray 7,7,DJI_20260627101933_0007,48,5,8,3037.473,1635.39,2883.694,1481.611,3191.253,1789.169,307.559,0.0076,direct_cup_evidence,No
9,Day 9,Tray 7,7,DJI_20260627101933_0007,49,5,9,3439.03,1635.39,3285.251,1481.611,3592.809,1789.169,307.559,0.0046,direct_cup_evidence,No
9,Day 9,Tray 7,7,DJI_20260627101933_0007,50,5,10,3842.83,1630.903,3689.051,1477.124,3996.609,1784.683,307.559,0.0121,direct_cup_evidence,No
9,Day 9,Tray 7,7,DJI_20260627101933_0007,51,6,1,219.847,1983.107,66.067,1829.327,373.626,2136.886,307.559,0.0088,direct_cup_evidence,No
9,Day 9,Tray 7,7,DJI_20260627101933_0007,52,6,2,630.377,1962.917,476.597,1809.137,784.156,2116.696,307.559,0.0672,direct_cup_evidence,No
9,Day 9,Tray 7,7,DJI_20260627101933_0007,53,6,3,1025.203,1985.35,871.424,1831.571,1178.983,2139.129,307.559,0.0124,direct_cup_evidence,No
9,Day 9,Tray 7,7,DJI_20260627101933_0007,54,6,4,1424.517,1989.837,1270.737,1836.057,1578.296,2143.616,307.559,0.0248,direct_cup_evidence,No
9,Day 9,Tray 7,7,DJI_20260627101933_0007,55,6,5,1832.803,1985.35,1679.024,1831.571,1986.583,2139.129,307.559,0.0212,direct_cup_evidence,No
9,Day 9,Tray 7,7,DJI_20260627101933_0007,56,6,6,2236.603,1985.35,2082.824,1831.571,2390.383,2139.129,307.559,0.0256,direct_cup_evidence,No
9,Day 9,Tray 7,7,DJI_20260627101933_0007,57,6,7,2635.917,1983.107,2482.137,1829.327,2789.696,2136.886,307.559,0.0163,direct_cup_evidence,No
9,Day 9,Tray 7,7,DJI_20260627101933_0007,58,6,8,3032.987,1976.377,2879.207,1822.597,3186.766,2130.156,307.559,0.0077,direct_cup_evidence,No
9,Day 9,Tray 7,7,DJI_20260627101933_0007,59,6,9,3430.057,1980.863,3276.277,1827.084,3583.836,2134.643,307.559,0.026,direct_cup_evidence,No
9,Day 9,Tray 7,7,DJI_20260627101933_0007,60,6,10,3827.127,1962.917,3673.347,1809.137,3980.906,2116.696,307.559,0.0543,direct_cup_evidence,No
9,Day 9,Tray 7,7,DJI_20260627101933_0007,61,7,1,219.847,2333.067,66.067,2179.287,373.626,2486.846,307.559,0.0222,direct_cup_evidence,No
9,Day 9,Tray 7,7,DJI_20260627101933_0007,62,7,2,628.133,2330.823,474.354,2177.044,781.913,2484.603,307.559,0.0293,direct_cup_evidence,No
9,Day 9,Tray 7,7,DJI_20260627101933_0007,63,7,3,1013.987,2359.987,860.207,2206.207,1167.766,2513.766,307.559,0.1082,direct_cup_evidence,No
9,Day 9,Tray 7,7,DJI_20260627101933_0007,64,7,4,1429.003,2330.823,1275.224,2177.044,1582.783,2484.603,307.559,0.0252,direct_cup_evidence,No
9,Day 9,Tray 7,7,DJI_20260627101933_0007,65,7,5,1828.317,2330.823,1674.537,2177.044,1982.096,2484.603,307.559,0.0254,direct_cup_evidence,No
9,Day 9,Tray 7,7,DJI_20260627101933_0007,66,7,6,2236.603,2333.067,2082.824,2179.287,2390.383,2486.846,307.559,0.039,direct_cup_evidence,No
9,Day 9,Tray 7,7,DJI_20260627101933_0007,67,7,7,2633.673,2324.093,2479.894,2170.314,2787.453,2477.873,307.559,0.0113,direct_cup_evidence,No
9,Day 9,Tray 7,7,DJI_20260627101933_0007,68,7,8,3037.473,2312.877,2883.694,2159.097,3191.253,2466.656,307.559,0.0197,direct_cup_evidence,No
9,Day 9,Tray 7,7,DJI_20260627101933_0007,69,7,9,3427.813,2317.363,3274.034,2163.584,3581.593,2471.143,307.559,0.0308,direct_cup_evidence,No
9,Day 9,Tray 7,7,DJI_20260627101933_0007,70,7,10,3820.397,2308.39,3666.617,2154.611,3974.176,2462.169,307.559,0.0656,direct_cup_evidence,No
9,Day 9,Tray 8,8,DJI_20260627102037_0008,1,1,1,213.961,259.006,57.962,103.006,369.96,415.005,311.998,0.0184,direct_cup_evidence,No
9,Day 9,Tray 8,8,DJI_20260627102037_0008,2,1,2,610.352,261.258,454.353,105.259,766.351,417.257,311.998,0.0228,direct_cup_evidence,No
9,Day 9,Tray 8,8,DJI_20260627102037_0008,3,1,3,1069.806,195.943,913.806,39.944,1225.805,351.943,311.998,0.2272,direct_cup_evidence,No
9,Day 9,Tray 8,8,DJI_20260627102037_0008,4,1,4,1412.143,254.501,1256.144,98.502,1568.143,410.5,311.998,0.0265,direct_cup_evidence,No
9,Day 9,Tray 8,8,DJI_20260627102037_0008,5,1,5,1822.048,254.501,1666.049,98.502,1978.047,410.5,311.998,0.0097,direct_cup_evidence,No
9,Day 9,Tray 8,8,DJI_20260627102037_0008,6,1,6,2227.448,254.501,2071.449,98.502,2383.447,410.5,311.998,0.0079,direct_cup_evidence,No
9,Day 9,Tray 8,8,DJI_20260627102037_0008,7,1,7,2630.596,263.51,2474.596,107.511,2786.595,419.509,311.998,0.0171,direct_cup_evidence,No
9,Day 9,Tray 8,8,DJI_20260627102037_0008,8,1,8,3031.491,261.258,2875.492,105.259,3187.49,417.257,311.998,0.0142,direct_cup_evidence,No
9,Day 9,Tray 8,8,DJI_20260627102037_0008,9,1,9,3436.891,254.501,3280.892,98.502,3592.89,410.5,311.998,0.0149,direct_cup_evidence,No
9,Day 9,Tray 8,8,DJI_20260627102037_0008,10,1,10,3844.543,261.258,3688.544,105.259,4000.543,417.257,311.998,0.0067,direct_cup_evidence,No
9,Day 9,Tray 8,8,DJI_20260627102037_0008,11,2,1,259.006,666.658,103.006,510.659,415.005,822.657,311.998,0.2372,direct_cup_evidence,No
9,Day 9,Tray 8,8,DJI_20260627102037_0008,12,2,2,601.343,603.596,445.344,447.596,757.343,759.595,311.998,0.0375,direct_cup_evidence,No
9,Day 9,Tray 8,8,DJI_20260627102037_0008,13,2,3,1015.752,612.604,859.753,456.605,1171.751,768.604,311.998,0.0321,direct_cup_evidence,No
9,Day 9,Tray 8,8,DJI_20260627102037_0008,14,2,4,1414.396,603.596,1258.396,447.596,1570.395,759.595,311.998,0.02,direct_cup_evidence,No
9,Day 9,Tray 8,8,DJI_20260627102037_0008,15,2,5,1822.048,603.596,1666.049,447.596,1978.047,759.595,311.998,0.0081,direct_cup_evidence,No
9,Day 9,Tray 8,8,DJI_20260627102037_0008,16,2,6,2225.196,605.848,2069.196,449.849,2381.195,761.847,311.998,0.011,direct_cup_evidence,No
9,Day 9,Tray 8,8,DJI_20260627102037_0008,17,2,7,2632.848,605.848,2476.849,449.849,2788.847,761.847,311.998,0.0049,direct_cup_evidence,No
9,Day 9,Tray 8,8,DJI_20260627102037_0008,18,2,8,2995.456,599.091,2839.456,443.092,3151.455,755.09,311.998,0.1168,direct_cup_evidence,No
9,Day 9,Tray 8,8,DJI_20260627102037_0008,19,2,9,3441.396,612.604,3285.396,456.605,3597.395,768.604,311.998,0.0207,direct_cup_evidence,No
9,Day 9,Tray 8,8,DJI_20260627102037_0008,20,2,10,3840.039,603.596,3684.04,447.596,3996.038,759.595,311.998,0.0113,direct_cup_evidence,No
9,Day 9,Tray 8,8,DJI_20260627102037_0008,21,3,1,204.952,950.438,48.953,794.439,360.951,1106.437,311.998,0.0189,direct_cup_evidence,No
9,Day 9,Tray 8,8,DJI_20260627102037_0008,22,3,2,612.604,952.69,456.605,796.691,768.604,1108.689,311.998,0.0152,direct_cup_evidence,No
9,Day 9,Tray 8,8,DJI_20260627102037_0008,23,3,3,1020.257,950.438,864.257,794.439,1176.256,1106.437,311.998,0.0098,direct_cup_evidence,No
9,Day 9,Tray 8,8,DJI_20260627102037_0008,24,3,4,1385.117,941.429,1229.117,785.43,1541.116,1097.428,311.998,0.1063,direct_cup_evidence,No
9,Day 9,Tray 8,8,DJI_20260627102037_0008,25,3,5,1822.048,952.69,1666.049,796.691,1978.047,1108.689,311.998,0.0116,direct_cup_evidence,No
9,Day 9,Tray 8,8,DJI_20260627102037_0008,26,3,6,2234.204,954.942,2078.205,798.943,2390.204,1110.941,311.998,0.0214,direct_cup_evidence,No
9,Day 9,Tray 8,8,DJI_20260627102037_0008,27,3,7,2632.848,952.69,2476.849,796.691,2788.847,1108.689,311.998,0.0054,direct_cup_evidence,No
9,Day 9,Tray 8,8,DJI_20260627102037_0008,28,3,8,3063.022,930.168,2907.023,774.169,3219.021,1086.167,311.998,0.101,direct_cup_evidence,No
9,Day 9,Tray 8,8,DJI_20260627102037_0008,29,3,9,3443.648,954.942,3287.649,798.943,3599.647,1110.941,311.998,0.0151,direct_cup_evidence,No
9,Day 9,Tray 8,8,DJI_20260627102037_0008,30,3,10,3846.796,954.942,3690.796,798.943,4002.795,1110.941,311.998,0.0131,direct_cup_evidence,No
9,Day 9,Tray 8,8,DJI_20260627102037_0008,31,4,1,211.709,1295.028,55.71,1139.029,367.708,1451.027,311.998,0.0055,direct_cup_evidence,No
9,Day 9,Tray 8,8,DJI_20260627102037_0008,32,4,2,610.352,1295.028,454.353,1139.029,766.351,1451.027,311.998,0.0107,direct_cup_evidence,No
9,Day 9,Tray 8,8,DJI_20260627102037_0008,33,4,3,1015.752,1301.784,859.753,1145.785,1171.751,1457.784,311.998,0.0203,direct_cup_evidence,No
9,Day 9,Tray 8,8,DJI_20260627102037_0008,34,4,4,1414.396,1299.532,1258.396,1143.533,1570.395,1455.531,311.998,0.0224,direct_cup_evidence,No
9,Day 9,Tray 8,8,DJI_20260627102037_0008,35,4,5,1822.048,1304.037,1666.049,1148.037,1978.047,1460.036,311.998,0.0234,direct_cup_evidence,No
9,Day 9,Tray 8,8,DJI_20260627102037_0008,36,4,6,2225.196,1301.784,2069.196,1145.785,2381.195,1457.784,311.998,0.0163,direct_cup_evidence,No
9,Day 9,Tray 8,8,DJI_20260627102037_0008,37,4,7,2630.596,1301.784,2474.596,1145.785,2786.595,1457.784,311.998,0.0122,direct_cup_evidence,No
9,Day 9,Tray 8,8,DJI_20260627102037_0008,38,4,8,3042.752,1301.784,2886.753,1145.785,3198.751,1457.784,311.998,0.0232,direct_cup_evidence,No
9,Day 9,Tray 8,8,DJI_20260627102037_0008,39,4,9,3448.152,1299.532,3292.153,1143.533,3604.151,1455.531,311.998,0.0264,direct_cup_evidence,No
9,Day 9,Tray 8,8,DJI_20260627102037_0008,40,4,10,3844.543,1301.784,3688.544,1145.785,4000.543,1457.784,311.998,0.008,direct_cup_evidence,No
9,Day 9,Tray 8,8,DJI_20260627102037_0008,41,5,1,209.457,1641.87,53.457,1485.871,365.456,1797.869,311.998,0.0054,direct_cup_evidence,No
9,Day 9,Tray 8,8,DJI_20260627102037_0008,42,5,2,623.866,1639.618,467.866,1483.619,779.865,1795.617,311.998,0.0288,direct_cup_evidence,No
9,Day 9,Tray 8,8,DJI_20260627102037_0008,43,5,3,1020.257,1644.122,864.257,1488.123,1176.256,1800.121,311.998,0.0106,direct_cup_evidence,No
9,Day 9,Tray 8,8,DJI_20260627102037_0008,44,5,4,1414.396,1650.879,1258.396,1494.88,1570.395,1806.878,311.998,0.0313,direct_cup_evidence,No
9,Day 9,Tray 8,8,DJI_20260627102037_0008,45,5,5,1867.092,1657.636,1711.093,1501.636,2023.091,1813.635,311.998,0.1294,direct_cup_evidence,No
9,Day 9,Tray 8,8,DJI_20260627102037_0008,46,5,6,2234.204,1653.131,2078.205,1497.132,2390.204,1809.13,311.998,0.0321,direct_cup_evidence,No
9,Day 9,Tray 8,8,DJI_20260627102037_0008,47,5,7,2637.352,1650.879,2481.353,1494.88,2793.351,1806.878,311.998,0.0245,direct_cup_evidence,No
9,Day 9,Tray 8,8,DJI_20260627102037_0008,48,5,8,3042.752,1650.879,2886.753,1494.88,3198.751,1806.878,311.998,0.027,direct_cup_evidence,No
9,Day 9,Tray 8,8,DJI_20260627102037_0008,49,5,9,3441.396,1644.122,3285.396,1488.123,3597.395,1800.121,311.998,0.0085,direct_cup_evidence,No
9,Day 9,Tray 8,8,DJI_20260627102037_0008,50,5,10,3840.039,1641.87,3684.04,1485.871,3996.038,1797.869,311.998,0.0152,direct_cup_evidence,No
9,Day 9,Tray 8,8,DJI_20260627102037_0008,51,6,1,213.961,1977.451,57.962,1821.452,369.96,2133.45,311.998,0.0293,direct_cup_evidence,No
9,Day 9,Tray 8,8,DJI_20260627102037_0008,52,6,2,617.109,1990.964,461.11,1834.965,773.108,2146.964,311.998,0.0133,direct_cup_evidence,No
9,Day 9,Tray 8,8,DJI_20260627102037_0008,53,6,3,1022.509,1990.964,866.51,1834.965,1178.508,2146.964,311.998,0.0164,direct_cup_evidence,No
9,Day 9,Tray 8,8,DJI_20260627102037_0008,54,6,4,1403.134,1993.217,1247.135,1837.217,1559.134,2149.216,311.998,0.0531,direct_cup_evidence,No
9,Day 9,Tray 8,8,DJI_20260627102037_0008,55,6,5,1822.048,1995.469,1666.049,1839.47,1978.047,2151.468,311.998,0.0182,direct_cup_evidence,No
9,Day 9,Tray 8,8,DJI_20260627102037_0008,56,6,6,2227.448,2002.226,2071.449,1846.226,2383.447,2158.225,311.998,0.0342,direct_cup_evidence,No
9,Day 9,Tray 8,8,DJI_20260627102037_0008,57,6,7,2639.604,1993.217,2483.605,1837.217,2795.604,2149.216,311.998,0.0234,direct_cup_evidence,No
9,Day 9,Tray 8,8,DJI_20260627102037_0008,58,6,8,3038.248,1995.469,2882.249,1839.47,3194.247,2151.468,311.998,0.0135,direct_cup_evidence,No
9,Day 9,Tray 8,8,DJI_20260627102037_0008,59,6,9,3436.891,2002.226,3280.892,1846.226,3592.89,2158.225,311.998,0.0287,direct_cup_evidence,No
9,Day 9,Tray 8,8,DJI_20260627102037_0008,60,6,10,3844.543,1990.964,3688.544,1834.965,4000.543,2146.964,311.998,0.0087,direct_cup_evidence,No
9,Day 9,Tray 8,8,DJI_20260627102037_0008,61,7,1,225.222,2328.798,69.223,2172.799,381.221,2484.797,311.998,0.0452,direct_cup_evidence,No
9,Day 9,Tray 8,8,DJI_20260627102037_0008,62,7,2,614.857,2333.302,458.857,2177.303,770.856,2489.301,311.998,0.004,direct_cup_evidence,No
9,Day 9,Tray 8,8,DJI_20260627102037_0008,63,7,3,1015.752,2342.311,859.753,2186.312,1171.751,2498.31,311.998,0.0217,direct_cup_evidence,No
9,Day 9,Tray 8,8,DJI_20260627102037_0008,64,7,4,1421.152,2344.563,1265.153,2188.564,1577.151,2500.563,311.998,0.0256,direct_cup_evidence,No
9,Day 9,Tray 8,8,DJI_20260627102037_0008,65,7,5,1786.012,2281.501,1630.013,2125.502,1942.011,2437.5,311.998,0.1935,direct_cup_evidence,No
9,Day 9,Tray 8,8,DJI_20260627102037_0008,66,7,6,2220.691,2315.284,2064.692,2159.285,2376.69,2471.284,311.998,0.0664,direct_cup_evidence,No
9,Day 9,Tray 8,8,DJI_20260627102037_0008,67,7,7,2637.352,2340.059,2481.353,2184.06,2793.351,2496.058,311.998,0.0175,direct_cup_evidence,No
9,Day 9,Tray 8,8,DJI_20260627102037_0008,68,7,8,3038.248,2335.554,2882.249,2179.555,3194.247,2491.554,311.998,0.0119,direct_cup_evidence,No
9,Day 9,Tray 8,8,DJI_20260627102037_0008,69,7,9,3434.639,2346.816,3278.64,2190.816,3590.638,2502.815,311.998,0.0253,direct_cup_evidence,No
9,Day 9,Tray 8,8,DJI_20260627102037_0008,70,7,10,3835.534,2326.546,3679.535,2170.546,3991.534,2482.545,311.998,0.0432,direct_cup_evidence,No
