day_order,day,calendar_date,days_since_planting,days_since_day1,days_since_previous_photo,tray,tray_no,label_code,microbe_status,treatment,label_environment,observed_environment,environment_type,watering_rule,heat_phase,moisture_watered_today,moisture_phase,day7_bug_rule_applies,capture_id,cell_id,row,column,x,y,square_x0,square_y0,square_x1,square_y1,square_side,raw_green_bool,raw_current_green_evidence,tracked_visible_emerged_bool,tracked_visible_emerged,newly_emerged_today,carried_forward_only,first_visible_emergence_day,first_visible_emergence_day_order,first_visible_emergence_date,disappeared_after_previous_emergence,possible_day7_bug_eaten_bool,possible_day7_bug_eaten,green_pixels,largest_green_component,green_area_percent,rgb_green_cover_percent,zone_pixels,coordinate_source,grid_error,grid_needs_review,notes,environment_group,microbe_treatment,treatment_environment,microbe_environment,observed_green_area_percent,adjusted_green_area_percent,day7_imputed,imputation_reason,imputation_method,previous_growth_rate_pp_per_day,previous_observed_green_percent,previous_observed_day_order,previous_observed_days_since_day1,adjusted_raw_current_green_evidence,adjustment_difference_pp
7,Day 7,2026-07-07,10,8,3.0,Tray 1,1,N/M,No Microbes,Ideal,Inside,Inside,Fixed,Daily watering,,Daily watering,Daily watering control,Yes,DJI_20260707125025_0001,1,1,1,187.81388888888887,231.15555555555557,45.64878706588583,88.9904537325525,329.9789907118919,373.32065737855856,284.3302036460061,False,No,True,Yes,No,Yes,Day 2,2.0,2026-06-30,Yes,True,Yes,0,0,0.0,0.0,80656,direct_cup_evidence,0.0246085301148606,No,Possible Day 7 bug-eaten/missing crop. Observed value preserved; adjustment belongs in Script 05.,Inside,No Microbes | Ideal,Ideal | Inside,No Microbes | Inside,0.0,10.387652046447808,Yes,Day 7 cell had no current green evidence but showed visible green evidence earlier; treated as possible bug-eaten/missing crop.,Estimated from the latest prior observed green cover and the previous positive growth rate. Negative previous growth was not projected.,1.7423936309035537,5.160471153737147,6.0,5.0,Yes,10.387652046447808
7,Day 7,2026-07-07,10,8,3.0,Tray 1,1,N/M,No Microbes,Ideal,Inside,Inside,Fixed,Daily watering,,Daily watering,Daily watering control,Yes,DJI_20260707125025_0001,2,1,2,548.9944444444444,229.09166666666667,406.8293426214414,86.9265648436636,691.1595462674475,371.2567684896697,284.3302036460061,False,No,True,Yes,No,Yes,Day 3,3.0,2026-07-01,Yes,True,Yes,0,0,0.0,0.0,80656,direct_cup_evidence,0.0114924566959009,No,Possible Day 7 bug-eaten/missing crop. Observed value preserved; adjustment belongs in Script 05.,Inside,No Microbes | Ideal,Ideal | Inside,No Microbes | Inside,0.0,8.227081696891371,Yes,Day 7 cell had no current green evidence but showed visible green evidence earlier; treated as possible bug-eaten/missing crop.,Estimated from the latest prior observed green cover and the previous positive growth rate. Negative previous growth was not projected.,1.265624525136027,4.43020812148329,6.0,5.0,Yes,8.227081696891371
7,Day 7,2026-07-07,10,8,3.0,Tray 1,1,N/M,No Microbes,Ideal,Inside,Inside,Fixed,Daily watering,,Daily watering,Daily watering control,Yes,DJI_20260707125025_0001,3,1,3,926.6861111111112,224.96388888888887,784.5210092881081,82.79878706588582,1068.851212934114,367.1289907118919,284.3302036460061,False,No,True,Yes,No,Yes,Day 3,3.0,2026-07-01,Yes,True,Yes,0,0,0.0,0.0,80656,direct_cup_evidence,0.0230706213995561,No,Possible Day 7 bug-eaten/missing crop. Observed value preserved; adjustment belongs in Script 05.,Inside,No Microbes | Ideal,Ideal | Inside,No Microbes | Inside,0.0,7.812592899176211,Yes,Day 7 cell had no current green evidence but showed visible green evidence earlier; treated as possible bug-eaten/missing crop.,Estimated from the latest prior observed green cover and the previous positive growth rate. Negative previous growth was not projected.,1.240769109136386,4.090285571767053,6.0,5.0,Yes,7.812592899176211
7,Day 7,2026-07-07,10,8,3.0,Tray 1,1,N/M,No Microbes,Ideal,Inside,Inside,Fixed,Daily watering,,Daily watering,Daily watering control,Yes,DJI_20260707125025_0001,4,1,4,1294.0583333333334,227.02777777777777,1151.8932315103302,84.86267595477472,1436.2234351563363,369.1928796007808,284.3302036460061,False,No,True,Yes,No,Yes,Day 3,3.0,2026-07-01,Yes,True,Yes,0,0,0.0,0.0,80656,direct_cup_evidence,0.0207744560400862,No,Possible Day 7 bug-eaten/missing crop. Observed value preserved; adjustment belongs in Script 05.,Inside,No Microbes | Ideal,Ideal | Inside,No Microbes | Inside,0.0,7.0660231095539885,Yes,Day 7 cell had no current green evidence but showed visible green evidence earlier; treated as possible bug-eaten/missing crop.,Estimated from the latest prior observed green cover and the previous positive growth rate. Negative previous growth was not projected.,1.0980997119366043,3.771723973744176,6.0,5.0,Yes,7.0660231095539885
7,Day 7,2026-07-07,10,8,3.0,Tray 1,1,N/M,No Microbes,Ideal,Inside,Inside,Fixed,Daily watering,,Daily watering,Daily watering control,Yes,DJI_20260707125025_0001,5,1,5,1667.6222222222225,229.09166666666667,1525.457120399219,86.9265648436636,1809.7873240452248,371.2567684896697,284.3302036460061,False,No,True,Yes,No,Yes,Day 2,2.0,2026-06-30,Yes,True,Yes,0,0,0.0,0.0,80940,direct_cup_evidence,0.017179025619738,No,Possible Day 7 bug-eaten/missing crop. Observed value preserved; adjustment belongs in Script 05.,Inside,No Microbes | Ideal,Ideal | Inside,No Microbes | Inside,0.0,9.04857922019306,Yes,Day 7 cell had no current green evidence but showed visible green evidence earlier; treated as possible bug-eaten/missing crop.,Estimated from the latest prior observed green cover and the previous positive growth rate. Negative previous growth was not projected.,1.4823359839850418,4.601571268237935,6.0,5.0,Yes,9.04857922019306
7,Day 7,2026-07-07,10,8,3.0,Tray 1,1,N/M,No Microbes,Ideal,Inside,Inside,Fixed,Daily watering,,Daily watering,Daily watering control,Yes,DJI_20260707125025_0001,6,1,6,2041.1861111111111,239.4111111111111,1899.021009288108,97.24600928810804,2183.351212934114,381.57621293411415,284.3302036460061,False,No,True,Yes,No,Yes,Day 2,2.0,2026-06-30,Yes,True,Yes,0,0,0.0,0.0,80940,direct_cup_evidence,0.0117963261165109,No,Possible Day 7 bug-eaten/missing crop. Observed value preserved; adjustment belongs in Script 05.,Inside,No Microbes | Ideal,Ideal | Inside,No Microbes | Inside,0.0,9.193232342445555,Yes,Day 7 cell had no current green evidence but showed visible green evidence earlier; treated as possible bug-eaten/missing crop.,Estimated from the latest prior observed green cover and the previous positive growth rate. Negative previous growth was not projected.,1.288260011375825,5.32845230831808,6.0,5.0,Yes,9.193232342445555
7,Day 7,2026-07-07,10,8,3.0,Tray 1,1,N/M,No Microbes,Ideal,Inside,Inside,Fixed,Daily watering,,Daily watering,Daily watering control,Yes,DJI_20260707125025_0001,7,1,7,2410.6222222222223,233.21944444444443,2268.457120399219,91.05434262144138,2552.787324045225,375.3845462674475,284.3302036460061,False,No,True,Yes,No,Yes,Day 3,3.0,2026-07-01,Yes,True,Yes,0,0,0.0,0.0,80940,direct_cup_evidence,0.0135136085121948,No,Possible Day 7 bug-eaten/missing crop. Observed value preserved; adjustment belongs in Script 05.,Inside,No Microbes | Ideal,Ideal | Inside,No Microbes | Inside,0.0,13.0405044167861,Yes,Day 7 cell had no current green evidence but showed visible green evidence earlier; treated as possible bug-eaten/missing crop.,Estimated from the latest prior observed green cover and the previous positive growth rate. Negative previous growth was not projected.,2.2427411190100974,6.312281059755807,6.0,5.0,Yes,13.0405044167861
7,Day 7,2026-07-07,10,8,3.0,Tray 1,1,N/M,No Microbes,Ideal,Inside,Inside,Fixed,Daily watering,,Daily watering,Daily watering control,Yes,DJI_20260707125025_0001,8,1,8,2784.186111111111,233.21944444444443,2642.021009288108,91.05434262144138,2926.351212934114,375.3845462674475,284.3302036460061,False,No,True,Yes,No,Yes,Day 2,2.0,2026-06-30,Yes,True,Yes,0,0,0.0,0.0,80656,direct_cup_evidence,0.0162650543759443,No,Possible Day 7 bug-eaten/missing crop. Observed value preserved; adjustment belongs in Script 05.,Inside,No Microbes | Ideal,Ideal | Inside,No Microbes | Inside,0.0,9.816607309959975,Yes,Day 7 cell had no current green evidence but showed visible green evidence earlier; treated as possible bug-eaten/missing crop.,Estimated from the latest prior observed green cover and the previous positive growth rate. Negative previous growth was not projected.,1.4689094998025882,5.409878810552211,6.0,5.0,Yes,9.816607309959975
7,Day 7,2026-07-07,10,8,3.0,Tray 1,1,N/M,No Microbes,Ideal,Inside,Inside,Fixed,Daily watering,,Daily watering,Daily watering control,Yes,DJI_20260707125025_0001,9,1,9,3147.430555555556,237.3472222222222,3005.2654537325525,95.18212039921916,3289.5956573785584,379.5123240452252,284.3302036460061,False,No,True,Yes,No,Yes,Day 2,2.0,2026-06-30,Yes,True,Yes,0,0,0.0,0.0,81225,direct_cup_evidence,0.029879083383692,No,Possible Day 7 bug-eaten/missing crop. Observed value preserved; adjustment belongs in Script 05.,Inside,No Microbes | Ideal,Ideal | Inside,No Microbes | Inside,0.0,8.368224013585174,Yes,Day 7 cell had no current green evidence but showed visible green evidence earlier; treated as possible bug-eaten/missing crop.,Estimated from the latest prior observed green cover and the previous positive growth rate. Negative previous growth was not projected.,1.2633344426606459,4.578220685603236,6.0,5.0,Yes,8.368224013585174
7,Day 7,2026-07-07,10,8,3.0,Tray 1,1,N/M,No Microbes,Ideal,Inside,Inside,Fixed,Daily watering,,Daily watering,Daily watering control,Yes,DJI_20260707125025_0001,10,1,10,3514.802777777777,245.60277777777776,3372.6376759547747,103.4376759547747,3656.9678796007806,387.7678796007808,284.3302036460061,False,No,True,Yes,No,Yes,Day 2,2.0,2026-06-30,Yes,True,Yes,0,0,0.0,0.0,80940,direct_cup_evidence,0.0461835623641837,No,Possible Day 7 bug-eaten/missing crop. Observed value preserved; adjustment belongs in Script 05.,Inside,No Microbes | Ideal,Ideal | Inside,No Microbes | Inside,0.0,13.280421321401404,Yes,Day 7 cell had no current green evidence but showed visible green evidence earlier; treated as possible bug-eaten/missing crop.,Estimated from the latest prior observed green cover and the previous positive growth rate. Negative previous growth was not projected.,2.033627272876526,7.179539502771826,6.0,5.0,Yes,13.280421321401404
7,Day 7,2026-07-07,10,8,3.0,Tray 1,1,N/M,No Microbes,Ideal,Inside,Inside,Fixed,Daily watering,,Daily watering,Daily watering control,Yes,DJI_20260707125025_0001,11,2,1,146.5361111111111,540.7388888888888,4.371009288108048,398.5737870658858,288.7012129341141,682.9039907118919,284.3302036460061,False,No,True,Yes,No,Yes,Day 2,2.0,2026-06-30,Yes,True,Yes,0,0,0.0,0.0,80940,direct_cup_evidence,0.1081245517837632,No,Possible Day 7 bug-eaten/missing crop. Observed value preserved; adjustment belongs in Script 05.,Inside,No Microbes | Ideal,Ideal | Inside,No Microbes | Inside,0.0,8.512888319258778,Yes,Day 7 cell had no current green evidence but showed visible green evidence earlier; treated as possible bug-eaten/missing crop.,Estimated from the latest prior observed green cover and the previous positive growth rate. Negative previous growth was not projected.,1.3356597051209986,4.505909203895781,6.0,5.0,Yes,8.512888319258778
7,Day 7,2026-07-07,10,8,3.0,Tray 1,1,N/M,No Microbes,Ideal,Inside,Inside,Fixed,Daily watering,,Daily watering,Daily watering control,Yes,DJI_20260707125025_0001,12,2,2,555.1861111111111,542.8027777777778,413.0210092881081,400.6376759547748,697.3512129341141,684.9678796007807,284.3302036460061,False,No,True,Yes,No,Yes,Day 2,2.0,2026-06-30,Yes,True,Yes,0,0,0.0,0.0,80656,direct_cup_evidence,0.0145597315497952,No,Possible Day 7 bug-eaten/missing crop. Observed value preserved; adjustment belongs in Script 05.,Inside,No Microbes | Ideal,Ideal | Inside,No Microbes | Inside,0.0,4.339320911679316,Yes,Day 7 cell had no current green evidence but showed visible green evidence earlier; treated as possible bug-eaten/missing crop.,Estimated from the latest prior observed green cover and the previous positive growth rate. Negative previous growth was not projected.,0.23898920829883297,3.6223532867828174,6.0,5.0,Yes,4.339320911679316
7,Day 7,2026-07-07,10,8,3.0,Tray 1,1,N/M,No Microbes,Ideal,Inside,Inside,Fixed,Daily watering,,Daily watering,Daily watering control,Yes,DJI_20260707125025_0001,13,2,3,949.3888888888888,586.1444444444444,807.2237870658859,443.9793426214414,1091.553990711892,728.3095462674474,284.3302036460061,False,No,True,Yes,No,Yes,Day 3,3.0,2026-07-01,Yes,True,Yes,0,0,0.0,0.0,80940,direct_cup_evidence,0.1447569903703189,No,Possible Day 7 bug-eaten/missing crop. Observed value preserved; adjustment belongs in Script 05.,Inside,No Microbes | Ideal,Ideal | Inside,No Microbes | Inside,0.0,11.522264145595077,Yes,Day 7 cell had no current green evidence but showed visible green evidence earlier; treated as possible bug-eaten/missing crop.,Estimated from the latest prior observed green cover and the previous positive growth rate. Negative previous growth was not projected.,1.9278900506558418,5.738593993627551,6.0,5.0,Yes,11.522264145595077
7,Day 7,2026-07-07,10,8,3.0,Tray 1,1,N/M,No Microbes,Ideal,Inside,Inside,Fixed,Daily watering,,Daily watering,Daily watering control,Yes,DJI_20260707125025_0001,14,2,4,1318.825,563.4416666666666,1176.6598981769969,421.2765648436636,1460.990101823003,705.6067684896697,284.3302036460061,False,No,True,Yes,No,Yes,Day 2,2.0,2026-06-30,Yes,True,Yes,0,0,0.0,0.0,80940,direct_cup_evidence,0.0839582957300196,No,Possible Day 7 bug-eaten/missing crop. Observed value preserved; adjustment belongs in Script 05.,Inside,No Microbes | Ideal,Ideal | Inside,No Microbes | Inside,0.0,17.792087846628107,Yes,Day 7 cell had no current green evidence but showed visible green evidence earlier; treated as possible bug-eaten/missing crop.,Estimated from the latest prior observed green cover and the previous positive growth rate. Negative previous growth was not projected.,2.8706397568287922,9.18016857614173,6.0,5.0,Yes,17.792087846628107
7,Day 7,2026-07-07,10,8,3.0,Tray 1,1,N/M,No Microbes,Ideal,Inside,Inside,Fixed,Daily watering,,Daily watering,Daily watering control,Yes,DJI_20260707125025_0001,15,2,5,1673.8138888888889,551.0583333333333,1531.6487870658857,408.8932315103303,1815.978990711892,693.2234351563363,284.3302036460061,False,No,True,Yes,No,Yes,Day 2,2.0,2026-06-30,Yes,True,Yes,0,0,0.0,0.0,80656,direct_cup_evidence,0.0167639922993426,No,Possible Day 7 bug-eaten/missing crop. Observed value preserved; adjustment belongs in Script 05.,Inside,No Microbes | Ideal,Ideal | Inside,No Microbes | Inside,0.0,14.273387020676562,Yes,Day 7 cell had no current green evidence but showed visible green evidence earlier; treated as possible bug-eaten/missing crop.,Estimated from the latest prior observed green cover and the previous positive growth rate. Negative previous growth was not projected.,2.375574660585877,7.1466630389189305,6.0,5.0,Yes,14.273387020676562
7,Day 7,2026-07-07,10,8,3.0,Tray 1,1,N/M,No Microbes,Ideal,Inside,Inside,Fixed,Daily watering,,Daily watering,Daily watering control,Yes,DJI_20260707125025_0001,16,2,6,2039.122222222222,548.9944444444444,1896.957120399219,406.8293426214414,2181.287324045225,691.1595462674475,284.3302036460061,False,No,True,Yes,No,Yes,Day 3,3.0,2026-07-01,Yes,True,Yes,0,0,0.0,0.0,80656,direct_cup_evidence,0.0096946424290072,No,Possible Day 7 bug-eaten/missing crop. Observed value preserved; adjustment belongs in Script 05.,Inside,No Microbes | Ideal,Ideal | Inside,No Microbes | Inside,0.0,7.5242570030292955,Yes,Day 7 cell had no current green evidence but showed visible green evidence earlier; treated as possible bug-eaten/missing crop.,Estimated from the latest prior observed green cover and the previous positive growth rate. Negative previous growth was not projected.,1.1760220460505209,3.996190864877733,6.0,5.0,Yes,7.5242570030292955
7,Day 7,2026-07-07,10,8,3.0,Tray 1,1,N/M,No Microbes,Ideal,Inside,Inside,Fixed,Daily watering,,Daily watering,Daily watering control,Yes,DJI_20260707125025_0001,18,2,8,2784.186111111111,551.0583333333333,2642.021009288108,408.8932315103303,2926.351212934114,693.2234351563363,284.3302036460061,False,No,True,Yes,No,Yes,Day 2,2.0,2026-06-30,Yes,True,Yes,0,0,0.0,0.0,80656,direct_cup_evidence,0.0102781952805638,No,Possible Day 7 bug-eaten/missing crop. Observed value preserved; adjustment belongs in Script 05.,Inside,No Microbes | Ideal,Ideal | Inside,No Microbes | Inside,0.0,9.949552305823843,Yes,Day 7 cell had no current green evidence but showed visible green evidence earlier; treated as possible bug-eaten/missing crop.,Estimated from the latest prior observed green cover and the previous positive growth rate. Negative previous growth was not projected.,1.517392705501115,5.397374189320498,6.0,5.0,Yes,9.949552305823843
7,Day 7,2026-07-07,10,8,3.0,Tray 1,1,N/M,No Microbes,Ideal,Inside,Inside,Fixed,Daily watering,,Daily watering,Daily watering control,Yes,DJI_20260707125025_0001,20,2,10,3520.9944444444445,553.1222222222221,3378.8293426214414,410.9571203992192,3663.1595462674472,695.2873240452252,284.3302036460061,False,No,True,Yes,No,Yes,Day 3,3.0,2026-07-01,Yes,True,Yes,0,0,0.0,0.0,80656,direct_cup_evidence,0.0272764656001306,No,Possible Day 7 bug-eaten/missing crop. Observed value preserved; adjustment belongs in Script 05.,Inside,No Microbes | Ideal,Ideal | Inside,No Microbes | Inside,0.0,9.063279044046723,Yes,Day 7 cell had no current green evidence but showed visible green evidence earlier; treated as possible bug-eaten/missing crop.,Estimated from the latest prior observed green cover and the previous positive growth rate. Negative previous growth was not projected.,1.2859940760038842,5.205296816035071,6.0,5.0,Yes,9.063279044046723
7,Day 7,2026-07-07,10,8,3.0,Tray 1,1,N/M,No Microbes,Ideal,Inside,Inside,Fixed,Daily watering,,Daily watering,Daily watering control,Yes,DJI_20260707125025_0001,21,3,1,179.55833333333334,858.5777777777778,37.39323151033027,716.4126759547747,321.72343515633634,1000.7428796007808,284.3302036460061,False,No,True,Yes,No,Yes,Day 2,2.0,2026-06-30,Yes,True,Yes,0,0,0.0,0.0,81225,direct_cup_evidence,0.0086250614869396,No,Possible Day 7 bug-eaten/missing crop. Observed value preserved; adjustment belongs in Script 05.,Inside,No Microbes | Ideal,Ideal | Inside,No Microbes | Inside,0.0,10.500914113669605,Yes,Day 7 cell had no current green evidence but showed visible green evidence earlier; treated as possible bug-eaten/missing crop.,Estimated from the latest prior observed green cover and the previous positive growth rate. Negative previous growth was not projected.,1.8194393771587691,5.042595982193298,6.0,5.0,Yes,10.500914113669605
7,Day 7,2026-07-07,10,8,3.0,Tray 1,1,N/M,No Microbes,Ideal,Inside,Inside,Fixed,Daily watering,,Daily watering,Daily watering control,Yes,DJI_20260707125025_0001,22,3,2,548.9944444444444,860.6416666666667,406.8293426214414,718.4765648436636,691.1595462674475,1002.8067684896696,284.3302036460061,False,No,True,Yes,No,Yes,Day 2,2.0,2026-06-30,Yes,True,Yes,0,0,0.0,0.0,80940,direct_cup_evidence,0.0126502215158751,No,Possible Day 7 bug-eaten/missing crop. Observed value preserved; adjustment belongs in Script 05.,Inside,No Microbes | Ideal,Ideal | Inside,No Microbes | Inside,0.0,14.069445081576006,Yes,Day 7 cell had no current green evidence but showed visible green evidence earlier; treated as possible bug-eaten/missing crop.,Estimated from the latest prior observed green cover and the previous positive growth rate. Negative previous growth was not projected.,2.4772667989310913,6.637644684782732,6.0,5.0,Yes,14.069445081576006
7,Day 7,2026-07-07,10,8,3.0,Tray 1,1,N/M,No Microbes,Ideal,Inside,Inside,Fixed,Daily watering,,Daily watering,Daily watering control,Yes,DJI_20260707125025_0001,23,3,3,924.622222222222,802.8527777777778,782.4571203992192,660.6876759547747,1066.7873240452252,945.0178796007808,284.3302036460061,False,No,True,Yes,No,Yes,Day 3,3.0,2026-07-01,Yes,True,Yes,0,0,0.0,0.0,80940,direct_cup_evidence,0.1926412831720494,No,Possible Day 7 bug-eaten/missing crop. Observed value preserved; adjustment belongs in Script 05.,Inside,No Microbes | Ideal,Ideal | Inside,No Microbes | Inside,0.0,7.014097064159783,Yes,Day 7 cell had no current green evidence but showed visible green evidence earlier; treated as possible bug-eaten/missing crop.,Estimated from the latest prior observed green cover and the previous positive growth rate. Negative previous growth was not projected.,1.0281399933734274,3.9296770840395,6.0,5.0,Yes,7.014097064159783
7,Day 7,2026-07-07,10,8,3.0,Tray 1,1,N/M,No Microbes,Ideal,Inside,Inside,Fixed,Daily watering,,Daily watering,Daily watering control,Yes,DJI_20260707125025_0001,24,3,4,1296.1222222222225,862.7055555555555,1153.957120399219,720.5404537325525,1438.2873240452252,1004.8706573785586,284.3302036460061,False,No,True,Yes,No,Yes,Day 2,2.0,2026-06-30,Yes,True,Yes,0,0,0.0,0.0,80656,direct_cup_evidence,0.0074800543881699,No,Possible Day 7 bug-eaten/missing crop. Observed value preserved; adjustment belongs in Script 05.,Inside,No Microbes | Ideal,Ideal | Inside,No Microbes | Inside,0.0,8.252074747991486,Yes,Day 7 cell had no current green evidence but showed visible green evidence earlier; treated as possible bug-eaten/missing crop.,Estimated from the latest prior observed green cover and the previous positive growth rate. Negative previous growth was not projected.,1.1658192907208296,4.754616875828997,6.0,5.0,Yes,8.252074747991486
7,Day 7,2026-07-07,10,8,3.0,Tray 1,1,N/M,No Microbes,Ideal,Inside,Inside,Fixed,Daily watering,,Daily watering,Daily watering control,Yes,DJI_20260707125025_0001,26,3,6,2051.5055555555555,864.7694444444444,1909.3404537325523,722.6043426214413,2193.670657378558,1006.9345462674474,284.3302036460061,False,No,True,Yes,No,Yes,Day 2,2.0,2026-06-30,Yes,True,Yes,0,0,0.0,0.0,80940,direct_cup_evidence,0.0352536506001576,No,Possible Day 7 bug-eaten/missing crop. Observed value preserved; adjustment belongs in Script 05.,Inside,No Microbes | Ideal,Ideal | Inside,No Microbes | Inside,0.0,9.941944812404369,Yes,Day 7 cell had no current green evidence but showed visible green evidence earlier; treated as possible bug-eaten/missing crop.,Estimated from the latest prior observed green cover and the previous positive growth rate. Negative previous growth was not projected.,1.4674024644907728,5.53973741893205,6.0,5.0,Yes,9.941944812404369
7,Day 7,2026-07-07,10,8,3.0,Tray 1,1,N/M,No Microbes,Ideal,Inside,Inside,Fixed,Daily watering,,Daily watering,Daily watering control,Yes,DJI_20260707125025_0001,27,3,7,2416.813888888889,858.5777777777778,2274.6487870658857,716.4126759547747,2558.978990711892,1000.7428796007808,284.3302036460061,False,No,True,Yes,No,Yes,Day 2,2.0,2026-06-30,Yes,True,Yes,12,12,0.0148257968865826,0.0148257968865826,80940,direct_cup_evidence,0.0350713554429581,No,Possible Day 7 bug-eaten/missing crop. Observed value preserved; adjustment belongs in Script 05.,Inside,No Microbes | Ideal,Ideal | Inside,No Microbes | Inside,0.0148257968865826,13.748118552761367,Yes,Day 7 cell had no current green evidence but showed visible green evidence earlier; treated as possible bug-eaten/missing crop.,Estimated from the latest prior observed green cover and the previous positive growth rate. Negative previous growth was not projected.,2.0693572062583465,7.540046933986328,6.0,5.0,Yes,13.733292755874784
7,Day 7,2026-07-07,10,8,3.0,Tray 1,1,N/M,No Microbes,Ideal,Inside,Inside,Fixed,Daily watering,,Daily watering,Daily watering control,Yes,DJI_20260707125025_0001,28,3,8,2784.186111111111,864.7694444444444,2642.021009288108,722.6043426214413,2926.351212934114,1006.9345462674474,284.3302036460061,False,No,True,Yes,No,Yes,Day 2,2.0,2026-06-30,Yes,True,Yes,0,0,0.0,0.0,80656,direct_cup_evidence,0.0172723609204293,No,Possible Day 7 bug-eaten/missing crop. Observed value preserved; adjustment belongs in Script 05.,Inside,No Microbes | Ideal,Ideal | Inside,No Microbes | Inside,0.0,12.104405185254993,Yes,Day 7 cell had no current green evidence but showed visible green evidence earlier; treated as possible bug-eaten/missing crop.,Estimated from the latest prior observed green cover and the previous positive growth rate. Negative previous growth was not projected.,1.962249208438518,6.21765755993944,6.0,5.0,Yes,12.104405185254993
7,Day 7,2026-07-07,10,8,3.0,Tray 1,1,N/M,No Microbes,Ideal,Inside,Inside,Fixed,Daily watering,,Daily watering,Daily watering control,Yes,DJI_20260707125025_0001,29,3,9,3161.8777777777777,918.4305555555557,3019.7126759547746,776.2654537325525,3304.042879600781,1060.5956573785586,284.3302036460061,False,No,True,Yes,No,Yes,Day 2,2.0,2026-06-30,Yes,True,Yes,0,0,0.0,0.0,80940,direct_cup_evidence,0.1494454871028617,No,Possible Day 7 bug-eaten/missing crop. Observed value preserved; adjustment belongs in Script 05.,Inside,No Microbes | Ideal,Ideal | Inside,No Microbes | Inside,0.0,6.49808586373781,Yes,Day 7 cell had no current green evidence but showed visible green evidence earlier; treated as possible bug-eaten/missing crop.,Estimated from the latest prior observed green cover and the previous positive growth rate. Negative previous growth was not projected.,0.8817465763374934,3.8528461347253296,6.0,5.0,Yes,6.49808586373781
7,Day 7,2026-07-07,10,8,3.0,Tray 1,1,N/M,No Microbes,Ideal,Inside,Inside,Fixed,Daily watering,,Daily watering,Daily watering control,Yes,DJI_20260707125025_0001,30,3,10,3525.1222222222223,870.9611111111111,3382.957120399219,728.796009288108,3667.287324045225,1013.126212934114,284.3302036460061,False,No,True,Yes,No,Yes,Day 2,2.0,2026-06-30,Yes,True,Yes,0,0,0.0,0.0,80656,direct_cup_evidence,0.0132509256735481,No,Possible Day 7 bug-eaten/missing crop. Observed value preserved; adjustment belongs in Script 05.,Inside,No Microbes | Ideal,Ideal | Inside,No Microbes | Inside,0.0,9.773874865254873,Yes,Day 7 cell had no current green evidence but showed visible green evidence earlier; treated as possible bug-eaten/missing crop.,Estimated from the latest prior observed green cover and the previous positive growth rate. Negative previous growth was not projected.,1.28423678607726,5.921164507023093,6.0,5.0,Yes,9.773874865254873
7,Day 7,2026-07-07,10,8,3.0,Tray 1,1,N/M,No Microbes,Ideal,Inside,Inside,Fixed,Daily watering,,Daily watering,Daily watering control,Yes,DJI_20260707125025_0001,32,4,2,563.4416666666666,1184.6722222222222,421.2765648436636,1042.507120399219,705.6067684896697,1326.8373240452252,284.3302036460061,False,No,True,Yes,No,Yes,Day 2,2.0,2026-06-30,Yes,True,Yes,0,0,0.0,0.0,80940,direct_cup_evidence,0.0394492194913559,No,Possible Day 7 bug-eaten/missing crop. Observed value preserved; adjustment belongs in Script 05.,Inside,No Microbes | Ideal,Ideal | Inside,No Microbes | Inside,0.0,11.526303102414518,Yes,Day 7 cell had no current green evidence but showed visible green evidence earlier; treated as possible bug-eaten/missing crop.,Estimated from the latest prior observed green cover and the previous positive growth rate. Negative previous growth was not projected.,1.9692762656905085,5.618474305342993,6.0,5.0,Yes,11.526303102414518
7,Day 7,2026-07-07,10,8,3.0,Tray 1,1,N/M,No Microbes,Ideal,Inside,Inside,Fixed,Daily watering,,Daily watering,Daily watering control,Yes,DJI_20260707125025_0001,33,4,3,924.622222222222,1172.2888888888888,782.4571203992192,1030.1237870658858,1066.7873240452252,1314.453990711892,284.3302036460061,False,No,True,Yes,No,Yes,Day 2,2.0,2026-06-30,Yes,True,Yes,0,0,0.0,0.0,80940,direct_cup_evidence,0.023255959819952,No,Possible Day 7 bug-eaten/missing crop. Observed value preserved; adjustment belongs in Script 05.,Inside,No Microbes | Ideal,Ideal | Inside,No Microbes | Inside,0.0,9.279961509217664,Yes,Day 7 cell had no current green evidence but showed visible green evidence earlier; treated as possible bug-eaten/missing crop.,Estimated from the latest prior observed green cover and the previous positive growth rate. Negative previous growth was not projected.,1.418481132483743,5.024518111766434,6.0,5.0,Yes,9.279961509217664
7,Day 7,2026-07-07,10,8,3.0,Tray 1,1,N/M,No Microbes,Ideal,Inside,Inside,Fixed,Daily watering,,Daily watering,Daily watering control,Yes,DJI_20260707125025_0001,34,4,4,1296.1222222222225,1178.4805555555556,1153.957120399219,1036.3154537325524,1438.2873240452252,1320.6456573785586,284.3302036460061,False,No,True,Yes,No,Yes,Day 2,2.0,2026-06-30,Yes,True,Yes,0,0,0.0,0.0,80940,direct_cup_evidence,0.0080350227949414,No,Possible Day 7 bug-eaten/missing crop. Observed value preserved; adjustment belongs in Script 05.,Inside,No Microbes | Ideal,Ideal | Inside,No Microbes | Inside,0.0,11.750577330776359,Yes,Day 7 cell had no current green evidence but showed visible green evidence earlier; treated as possible bug-eaten/missing crop.,Estimated from the latest prior observed green cover and the previous positive growth rate. Negative previous growth was not projected.,1.6198396991454151,6.891058233340113,6.0,5.0,Yes,11.750577330776359
7,Day 7,2026-07-07,10,8,3.0,Tray 1,1,N/M,No Microbes,Ideal,Inside,Inside,Fixed,Daily watering,,Daily watering,Daily watering control,Yes,DJI_20260707125025_0001,35,4,5,1669.6861111111111,1184.6722222222222,1527.521009288108,1042.507120399219,1811.851212934114,1326.8373240452252,284.3302036460061,False,No,True,Yes,No,Yes,Day 2,2.0,2026-06-30,Yes,True,Yes,0,0,0.0,0.0,80656,direct_cup_evidence,0.0082073647354618,No,Possible Day 7 bug-eaten/missing crop. Observed value preserved; adjustment belongs in Script 05.,Inside,No Microbes | Ideal,Ideal | Inside,No Microbes | Inside,0.0,9.959849456682054,Yes,Day 7 cell had no current green evidence but showed visible green evidence earlier; treated as possible bug-eaten/missing crop.,Estimated from the latest prior observed green cover and the previous positive growth rate. Negative previous growth was not projected.,1.5714509884647727,5.245496491287737,6.0,5.0,Yes,9.959849456682054
7,Day 7,2026-07-07,10,8,3.0,Tray 1,1,N/M,No Microbes,Ideal,Inside,Inside,Fixed,Daily watering,,Daily watering,Daily watering control,Yes,DJI_20260707125025_0001,36,4,6,2045.3138888888889,1182.6083333333331,1903.1487870658857,1040.4432315103302,2187.478990711892,1324.7734351563363,284.3302036460061,False,No,True,Yes,No,Yes,Day 2,2.0,2026-06-30,Yes,True,Yes,0,0,0.0,0.0,80940,direct_cup_evidence,0.0143718852989356,No,Possible Day 7 bug-eaten/missing crop. Observed value preserved; adjustment belongs in Script 05.,Inside,No Microbes | Ideal,Ideal | Inside,No Microbes | Inside,0.0,10.228301223291215,Yes,Day 7 cell had no current green evidence but showed visible green evidence earlier; treated as possible bug-eaten/missing crop.,Estimated from the latest prior observed green cover and the previous positive growth rate. Negative previous growth was not projected.,1.5323481951077227,5.631256637968048,6.0,5.0,Yes,10.228301223291215
7,Day 7,2026-07-07,10,8,3.0,Tray 1,1,N/M,No Microbes,Ideal,Inside,Inside,Fixed,Daily watering,,Daily watering,Daily watering control,Yes,DJI_20260707125025_0001,37,4,7,2416.813888888889,1174.3527777777776,2274.6487870658857,1032.1876759547747,2558.978990711892,1316.5178796007808,284.3302036460061,False,No,True,Yes,No,Yes,Day 2,2.0,2026-06-30,Yes,True,Yes,0,0,0.0,0.0,80940,direct_cup_evidence,0.0353571501829339,No,Possible Day 7 bug-eaten/missing crop. Observed value preserved; adjustment belongs in Script 05.,Inside,No Microbes | Ideal,Ideal | Inside,No Microbes | Inside,0.0,12.540956294919425,Yes,Day 7 cell had no current green evidence but showed visible green evidence earlier; treated as possible bug-eaten/missing crop.,Estimated from the latest prior observed green cover and the previous positive growth rate. Negative previous growth was not projected.,1.8963492531697357,6.851908535410218,6.0,5.0,Yes,12.540956294919425
7,Day 7,2026-07-07,10,8,3.0,Tray 1,1,N/M,No Microbes,Ideal,Inside,Inside,Fixed,Daily watering,,Daily watering,Daily watering control,Yes,DJI_20260707125025_0001,38,4,8,2771.802777777777,1199.1194444444443,2629.6376759547747,1056.9543426214414,2913.9678796007806,1341.2845462674477,284.3302036460061,False,No,True,Yes,No,Yes,Day 2,2.0,2026-06-30,Yes,True,Yes,0,0,0.0,0.0,80656,direct_cup_evidence,0.0585298958918452,No,Possible Day 7 bug-eaten/missing crop. Observed value preserved; adjustment belongs in Script 05.,Inside,No Microbes | Ideal,Ideal | Inside,No Microbes | Inside,0.0,13.607394624976806,Yes,Day 7 cell had no current green evidence but showed visible green evidence earlier; treated as possible bug-eaten/missing crop.,Estimated from the latest prior observed green cover and the previous positive growth rate. Negative previous growth was not projected.,2.088883121589486,7.340745260208347,6.0,5.0,Yes,13.607394624976806
7,Day 7,2026-07-07,10,8,3.0,Tray 1,1,N/M,No Microbes,Ideal,Inside,Inside,Fixed,Daily watering,,Daily watering,Daily watering control,Yes,DJI_20260707125025_0001,39,4,9,3155.686111111111,1192.9277777777777,3013.521009288108,1050.7626759547747,3297.851212934114,1335.0928796007809,284.3302036460061,False,No,True,Yes,No,Yes,Day 3,3.0,2026-07-01,Yes,True,Yes,0,0,0.0,0.0,80656,direct_cup_evidence,0.0179493315991101,No,Possible Day 7 bug-eaten/missing crop. Observed value preserved; adjustment belongs in Script 05.,Inside,No Microbes | Ideal,Ideal | Inside,No Microbes | Inside,0.0,7.560093645230891,Yes,Day 7 cell had no current green evidence but showed visible green evidence earlier; treated as possible bug-eaten/missing crop.,Estimated from the latest prior observed green cover and the previous positive growth rate. Negative previous growth was not projected.,1.1252377888581728,4.184380278656373,6.0,5.0,Yes,7.560093645230891
7,Day 7,2026-07-07,10,8,3.0,Tray 1,1,N/M,No Microbes,Ideal,Inside,Inside,Fixed,Daily watering,,Daily watering,Daily watering control,Yes,DJI_20260707125025_0001,40,4,10,3520.9944444444445,1178.4805555555556,3378.8293426214414,1036.3154537325524,3663.1595462674472,1320.6456573785586,284.3302036460061,False,No,True,Yes,No,Yes,Day 2,2.0,2026-06-30,Yes,True,Yes,0,0,0.0,0.0,80940,direct_cup_evidence,0.0411488662339519,No,Possible Day 7 bug-eaten/missing crop. Observed value preserved; adjustment belongs in Script 05.,Inside,No Microbes | Ideal,Ideal | Inside,No Microbes | Inside,0.0,7.432315235217079,Yes,Day 7 cell had no current green evidence but showed visible green evidence earlier; treated as possible bug-eaten/missing crop.,Estimated from the latest prior observed green cover and the previous positive growth rate. Negative previous growth was not projected.,0.9227973509251259,4.663923182441701,6.0,5.0,Yes,7.432315235217079
7,Day 7,2026-07-07,10,8,3.0,Tray 1,1,N/M,No Microbes,Ideal,Inside,Inside,Fixed,Daily watering,,Daily watering,Daily watering control,Yes,DJI_20260707125025_0001,41,5,1,181.6222222222222,1481.8722222222225,39.45712039921916,1339.707120399219,323.78732404522526,1624.0373240452252,284.3302036460061,False,No,True,Yes,No,Yes,Day 2,2.0,2026-06-30,Yes,True,Yes,0,0,0.0,0.0,80940,direct_cup_evidence,0.0352125952770039,No,Possible Day 7 bug-eaten/missing crop. Observed value preserved; adjustment belongs in Script 05.,Inside,No Microbes | Ideal,Ideal | Inside,No Microbes | Inside,0.0,10.222082208224585,Yes,Day 7 cell had no current green evidence but showed visible green evidence earlier; treated as possible bug-eaten/missing crop.,Estimated from the latest prior observed green cover and the previous positive growth rate. Negative previous growth was not projected.,1.5961321010527363,5.433685905066376,6.0,5.0,Yes,10.222082208224585
7,Day 7,2026-07-07,10,8,3.0,Tray 1,1,N/M,No Microbes,Ideal,Inside,Inside,Fixed,Daily watering,,Daily watering,Daily watering control,Yes,DJI_20260707125025_0001,42,5,2,542.8027777777778,1490.1277777777775,400.6376759547748,1347.9626759547748,684.9678796007807,1632.292879600781,284.3302036460061,False,No,True,Yes,No,Yes,Day 3,3.0,2026-07-01,Yes,True,Yes,0,0,0.0,0.0,80656,direct_cup_evidence,0.0343614146467702,No,Possible Day 7 bug-eaten/missing crop. Observed value preserved; adjustment belongs in Script 05.,Inside,No Microbes | Ideal,Ideal | Inside,No Microbes | Inside,0.0,6.854803960582534,Yes,Day 7 cell had no current green evidence but showed visible green evidence earlier; treated as possible bug-eaten/missing crop.,Estimated from the latest prior observed green cover and the previous positive growth rate. Negative previous growth was not projected.,0.9914493750866002,3.880455835322733,6.0,5.0,Yes,6.854803960582534
7,Day 7,2026-07-07,10,8,3.0,Tray 1,1,N/M,No Microbes,Ideal,Inside,Inside,Fixed,Daily watering,,Daily watering,Daily watering control,Yes,DJI_20260707125025_0001,43,5,3,922.5583333333332,1496.3194444444443,780.3932315103302,1354.1543426214414,1064.7234351563363,1638.4845462674475,284.3302036460061,False,No,True,Yes,No,Yes,Day 2,2.0,2026-06-30,Yes,True,Yes,0,0,0.0,0.0,80940,direct_cup_evidence,0.007734623277797,No,Possible Day 7 bug-eaten/missing crop. Observed value preserved; adjustment belongs in Script 05.,Inside,No Microbes | Ideal,Ideal | Inside,No Microbes | Inside,0.0,10.287078886450626,Yes,Day 7 cell had no current green evidence but showed visible green evidence earlier; treated as possible bug-eaten/missing crop.,Estimated from the latest prior observed green cover and the previous positive growth rate. Negative previous growth was not projected.,1.5229408323510993,5.718256389397329,6.0,5.0,Yes,10.287078886450626
7,Day 7,2026-07-07,10,8,3.0,Tray 1,1,N/M,No Microbes,Ideal,Inside,Inside,Fixed,Daily watering,,Daily watering,Daily watering control,Yes,DJI_20260707125025_0001,44,5,4,1294.0583333333334,1500.447222222222,1151.8932315103302,1358.2821203992191,1436.2234351563363,1642.6123240452253,284.3302036460061,False,No,True,Yes,No,Yes,Day 2,2.0,2026-06-30,Yes,True,Yes,0,0,0.0,0.0,80940,direct_cup_evidence,0.0145421616430443,No,Possible Day 7 bug-eaten/missing crop. Observed value preserved; adjustment belongs in Script 05.,Inside,No Microbes | Ideal,Ideal | Inside,No Microbes | Inside,0.0,7.943575408401995,Yes,Day 7 cell had no current green evidence but showed visible green evidence earlier; treated as possible bug-eaten/missing crop.,Estimated from the latest prior observed green cover and the previous positive growth rate. Negative previous growth was not projected.,1.2277463871779206,4.260336246868233,6.0,5.0,Yes,7.943575408401995
7,Day 7,2026-07-07,10,8,3.0,Tray 1,1,N/M,No Microbes,Ideal,Inside,Inside,Fixed,Daily watering,,Daily watering,Daily watering control,Yes,DJI_20260707125025_0001,45,5,5,1669.6861111111111,1502.511111111111,1527.521009288108,1360.346009288108,1811.851212934114,1644.676212934114,284.3302036460061,False,No,True,Yes,No,Yes,Day 2,2.0,2026-06-30,Yes,True,Yes,0,0,0.0,0.0,80940,direct_cup_evidence,0.0139999142538907,No,Possible Day 7 bug-eaten/missing crop. Observed value preserved; adjustment belongs in Script 05.,Inside,No Microbes | Ideal,Ideal | Inside,No Microbes | Inside,0.0,7.5194491627709015,Yes,Day 7 cell had no current green evidence but showed visible green evidence earlier; treated as possible bug-eaten/missing crop.,Estimated from the latest prior observed green cover and the previous positive growth rate. Negative previous growth was not projected.,1.0308768806642163,4.426818520778252,6.0,5.0,Yes,7.5194491627709015
7,Day 7,2026-07-07,10,8,3.0,Tray 1,1,N/M,No Microbes,Ideal,Inside,Inside,Fixed,Daily watering,,Daily watering,Daily watering control,Yes,DJI_20260707125025_0001,46,5,6,2047.3777777777775,1496.3194444444443,1905.2126759547743,1354.1543426214414,2189.542879600781,1638.4845462674475,284.3302036460061,False,No,True,Yes,No,Yes,Day 2,2.0,2026-06-30,Yes,True,Yes,0,0,0.0,0.0,80940,direct_cup_evidence,0.022483164274382,No,Possible Day 7 bug-eaten/missing crop. Observed value preserved; adjustment belongs in Script 05.,Inside,No Microbes | Ideal,Ideal | Inside,No Microbes | Inside,0.0,8.459638908201104,Yes,Day 7 cell had no current green evidence but showed visible green evidence earlier; treated as possible bug-eaten/missing crop.,Estimated from the latest prior observed green cover and the previous positive growth rate. Negative previous growth was not projected.,1.2764056183801435,4.6304220530606734,6.0,5.0,Yes,8.459638908201104
7,Day 7,2026-07-07,10,8,3.0,Tray 1,1,N/M,No Microbes,Ideal,Inside,Inside,Fixed,Daily watering,,Daily watering,Daily watering control,Yes,DJI_20260707125025_0001,47,5,7,2423.0055555555555,1496.3194444444443,2280.8404537325523,1354.1543426214414,2565.170657378558,1638.4845462674475,284.3302036460061,False,No,True,Yes,No,Yes,Day 2,2.0,2026-06-30,Yes,True,Yes,0,0,0.0,0.0,80656,direct_cup_evidence,0.0345117854776541,No,Possible Day 7 bug-eaten/missing crop. Observed value preserved; adjustment belongs in Script 05.,Inside,No Microbes | Ideal,Ideal | Inside,No Microbes | Inside,0.0,5.018951329759111,Yes,Day 7 cell had no current green evidence but showed visible green evidence earlier; treated as possible bug-eaten/missing crop.,Estimated from the latest prior observed green cover and the previous positive growth rate. Negative previous growth was not projected.,0.454665162083693,3.654955843508032,6.0,5.0,Yes,5.018951329759111
7,Day 7,2026-07-07,10,8,3.0,Tray 1,1,N/M,No Microbes,Ideal,Inside,Inside,Fixed,Daily watering,,Daily watering,Daily watering control,Yes,DJI_20260707125025_0001,48,5,8,2794.5055555555555,1502.511111111111,2652.3404537325523,1360.346009288108,2936.670657378558,1644.676212934114,284.3302036460061,False,No,True,Yes,No,Yes,Day 2,2.0,2026-06-30,Yes,True,Yes,0,0,0.0,0.0,81225,direct_cup_evidence,0.0298786818568218,No,Possible Day 7 bug-eaten/missing crop. Observed value preserved; adjustment belongs in Script 05.,Inside,No Microbes | Ideal,Ideal | Inside,No Microbes | Inside,0.0,6.76734501102484,Yes,Day 7 cell had no current green evidence but showed visible green evidence earlier; treated as possible bug-eaten/missing crop.,Estimated from the latest prior observed green cover and the previous positive growth rate. Negative previous growth was not projected.,0.9413698413883975,3.943235486859648,6.0,5.0,Yes,6.76734501102484
7,Day 7,2026-07-07,10,8,3.0,Tray 1,1,N/M,No Microbes,Ideal,Inside,Inside,Fixed,Daily watering,,Daily watering,Daily watering control,Yes,DJI_20260707125025_0001,49,5,9,3155.686111111111,1492.1916666666666,3013.521009288108,1350.0265648436637,3297.851212934114,1634.3567684896695,284.3302036460061,False,No,True,Yes,No,Yes,Day 3,3.0,2026-07-01,Yes,True,Yes,0,0,0.0,0.0,80656,direct_cup_evidence,0.0355479265853639,No,Possible Day 7 bug-eaten/missing crop. Observed value preserved; adjustment belongs in Script 05.,Inside,No Microbes | Ideal,Ideal | Inside,No Microbes | Inside,0.0,6.36107720981841,Yes,Day 7 cell had no current green evidence but showed visible green evidence earlier; treated as possible bug-eaten/missing crop.,Estimated from the latest prior observed green cover and the previous positive growth rate. Negative previous growth was not projected.,0.9292485634529815,3.5733315194594653,6.0,5.0,Yes,6.36107720981841
7,Day 7,2026-07-07,10,8,3.0,Tray 1,1,N/M,No Microbes,Ideal,Inside,Inside,Fixed,Daily watering,,Daily watering,Daily watering control,Yes,DJI_20260707125025_0001,50,5,10,3533.3777777777777,1494.2555555555557,3391.2126759547746,1352.0904537325523,3675.542879600781,1636.4206573785584,284.3302036460061,False,No,True,Yes,No,Yes,Day 3,3.0,2026-07-01,Yes,True,Yes,0,0,0.0,0.0,80940,direct_cup_evidence,0.0354397424034738,No,Possible Day 7 bug-eaten/missing crop. Observed value preserved; adjustment belongs in Script 05.,Inside,No Microbes | Ideal,Ideal | Inside,No Microbes | Inside,0.0,4.89541392027317,Yes,Day 7 cell had no current green evidence but showed visible green evidence earlier; treated as possible bug-eaten/missing crop.,Estimated from the latest prior observed green cover and the previous positive growth rate. Negative previous growth was not projected.,0.4758379397921453,3.4679001008967343,6.0,5.0,Yes,4.89541392027317
7,Day 7,2026-07-07,10,8,3.0,Tray 1,1,N/M,No Microbes,Ideal,Inside,Inside,Fixed,Daily watering,,Daily watering,Daily watering control,Yes,DJI_20260707125025_0001,51,6,1,187.81388888888887,1797.647222222222,45.64878706588583,1655.4821203992192,329.9789907118919,1939.8123240452253,284.3302036460061,False,No,True,Yes,No,Yes,Day 2,2.0,2026-06-30,Yes,True,Yes,0,0,0.0,0.0,80940,direct_cup_evidence,0.0417191442371976,No,Possible Day 7 bug-eaten/missing crop. Observed value preserved; adjustment belongs in Script 05.,Inside,No Microbes | Ideal,Ideal | Inside,No Microbes | Inside,0.0,11.031734219045905,Yes,Day 7 cell had no current green evidence but showed visible green evidence earlier; treated as possible bug-eaten/missing crop.,Estimated from the latest prior observed green cover and the previous positive growth rate. Negative previous growth was not projected.,1.661938809387224,6.045917790884234,6.0,5.0,Yes,11.031734219045905
7,Day 7,2026-07-07,10,8,3.0,Tray 1,1,N/M,No Microbes,Ideal,Inside,Inside,Fixed,Daily watering,,Daily watering,Daily watering control,Yes,DJI_20260707125025_0001,54,6,4,1296.1222222222225,1822.4138888888888,1153.957120399219,1680.2487870658858,1438.2873240452252,1964.578990711892,284.3302036460061,False,No,True,Yes,No,Yes,Day 2,2.0,2026-06-30,Yes,True,Yes,8,8,0.0098838645910551,0.0098838645910551,80940,direct_cup_evidence,0.0306511938478701,No,Possible Day 7 bug-eaten/missing crop. Observed value preserved; adjustment belongs in Script 05.,Inside,No Microbes | Ideal,Ideal | Inside,No Microbes | Inside,0.0098838645910551,11.364894112953719,Yes,Day 7 cell had no current green evidence but showed visible green evidence earlier; treated as possible bug-eaten/missing crop.,Estimated from the latest prior observed green cover and the previous positive growth rate. Negative previous growth was not projected.,1.8036177140259104,5.954040970875988,6.0,5.0,Yes,11.355010248362664
7,Day 7,2026-07-07,10,8,3.0,Tray 1,1,N/M,No Microbes,Ideal,Inside,Inside,Fixed,Daily watering,,Daily watering,Daily watering control,Yes,DJI_20260707125025_0001,56,6,6,2045.3138888888889,1814.1583333333333,1903.1487870658857,1671.99323151033,2187.478990711892,1956.323435156336,284.3302036460061,False,No,True,Yes,No,Yes,Day 3,3.0,2026-07-01,Yes,True,Yes,0,0,0.0,0.0,80656,direct_cup_evidence,0.0137794264022794,No,Possible Day 7 bug-eaten/missing crop. Observed value preserved; adjustment belongs in Script 05.,Inside,No Microbes | Ideal,Ideal | Inside,No Microbes | Inside,0.0,8.545461754050685,Yes,Day 7 cell had no current green evidence but showed visible green evidence earlier; treated as possible bug-eaten/missing crop.,Estimated from the latest prior observed green cover and the previous positive growth rate. Negative previous growth was not projected.,1.264790477496855,4.75109032156012,6.0,5.0,Yes,8.545461754050685
7,Day 7,2026-07-07,10,8,3.0,Tray 1,1,N/M,No Microbes,Ideal,Inside,Inside,Fixed,Daily watering,,Daily watering,Daily watering control,Yes,DJI_20260707125025_0001,57,6,7,2420.9416666666666,1818.286111111111,2278.7765648436634,1676.121009288108,2563.10676848967,1960.451212934114,284.3302036460061,False,No,True,Yes,No,Yes,Day 2,2.0,2026-06-30,Yes,True,Yes,0,0,0.0,0.0,80656,direct_cup_evidence,0.0251275690669917,No,Possible Day 7 bug-eaten/missing crop. Observed value preserved; adjustment belongs in Script 05.,Inside,No Microbes | Ideal,Ideal | Inside,No Microbes | Inside,0.0,9.66803614637213,Yes,Day 7 cell had no current green evidence but showed visible green evidence earlier; treated as possible bug-eaten/missing crop.,Estimated from the latest prior observed green cover and the previous positive growth rate. Negative previous growth was not projected.,1.3975670469452606,5.475335005536348,6.0,5.0,Yes,9.66803614637213
7,Day 7,2026-07-07,10,8,3.0,Tray 1,1,N/M,No Microbes,Ideal,Inside,Inside,Fixed,Daily watering,,Daily watering,Daily watering control,Yes,DJI_20260707125025_0001,58,6,8,2792.4416666666666,1814.1583333333333,2650.2765648436634,1671.99323151033,2934.60676848967,1956.323435156336,284.3302036460061,False,No,True,Yes,No,Yes,Day 2,2.0,2026-06-30,Yes,True,Yes,0,0,0.0,0.0,80940,direct_cup_evidence,0.0258544340054681,No,Possible Day 7 bug-eaten/missing crop. Observed value preserved; adjustment belongs in Script 05.,Inside,No Microbes | Ideal,Ideal | Inside,No Microbes | Inside,0.0,9.676420188450784,Yes,Day 7 cell had no current green evidence but showed visible green evidence earlier; treated as possible bug-eaten/missing crop.,Estimated from the latest prior observed green cover and the previous positive growth rate. Negative previous growth was not projected.,1.4413946009007983,5.35223638574839,6.0,5.0,Yes,9.676420188450784
7,Day 7,2026-07-07,10,8,3.0,Tray 1,1,N/M,No Microbes,Ideal,Inside,Inside,Fixed,Daily watering,,Daily watering,Daily watering control,Yes,DJI_20260707125025_0001,59,6,9,3159.813888888889,1805.9027777777776,3017.6487870658857,1663.7376759547749,3301.978990711892,1948.0678796007808,284.3302036460061,False,No,True,Yes,No,Yes,Day 3,3.0,2026-07-01,Yes,True,Yes,0,0,0.0,0.0,80656,direct_cup_evidence,0.0430292928129574,No,Possible Day 7 bug-eaten/missing crop. Observed value preserved; adjustment belongs in Script 05.,Inside,No Microbes | Ideal,Ideal | Inside,No Microbes | Inside,0.0,7.639572507629103,Yes,Day 7 cell had no current green evidence but showed visible green evidence earlier; treated as possible bug-eaten/missing crop.,Estimated from the latest prior observed green cover and the previous positive growth rate. Negative previous growth was not projected.,0.9760091758759155,4.711544980001356,6.0,5.0,Yes,7.639572507629103
7,Day 7,2026-07-07,10,8,3.0,Tray 1,1,N/M,No Microbes,Ideal,Inside,Inside,Fixed,Daily watering,,Daily watering,Daily watering control,Yes,DJI_20260707125025_0001,60,6,10,3531.313888888889,1801.775,3389.1487870658857,1659.609898176997,3673.478990711892,1943.940101823003,284.3302036460061,False,No,True,Yes,No,Yes,Day 2,2.0,2026-06-30,Yes,True,Yes,0,0,0.0,0.0,80656,direct_cup_evidence,0.0597681641503599,No,Possible Day 7 bug-eaten/missing crop. Observed value preserved; adjustment belongs in Script 05.,Inside,No Microbes | Ideal,Ideal | Inside,No Microbes | Inside,0.0,7.025342810390876,Yes,Day 7 cell had no current green evidence but showed visible green evidence earlier; treated as possible bug-eaten/missing crop.,Estimated from the latest prior observed green cover and the previous positive growth rate. Negative previous growth was not projected.,1.0876286759332885,3.762456782591011,6.0,5.0,Yes,7.025342810390876
7,Day 7,2026-07-07,10,8,3.0,Tray 1,1,N/M,No Microbes,Ideal,Inside,Inside,Fixed,Daily watering,,Daily watering,Daily watering control,Yes,DJI_20260707125025_0001,61,7,1,191.94166666666663,2113.422222222222,49.7765648436636,1971.257120399219,334.10676848966966,2255.587324045225,284.3302036460061,False,No,True,Yes,No,Yes,Day 2,2.0,2026-06-30,Yes,True,Yes,0,0,0.0,0.0,80940,direct_cup_evidence,0.0498463721236185,No,Possible Day 7 bug-eaten/missing crop. Observed value preserved; adjustment belongs in Script 05.,Inside,No Microbes | Ideal,Ideal | Inside,No Microbes | Inside,0.0,11.741390834518999,Yes,Day 7 cell had no current green evidence but showed visible green evidence earlier; treated as possible bug-eaten/missing crop.,Estimated from the latest prior observed green cover and the previous positive growth rate. Negative previous growth was not projected.,2.059110915069461,5.564058089310615,6.0,5.0,Yes,11.741390834518999
7,Day 7,2026-07-07,10,8,3.0,Tray 1,1,N/M,No Microbes,Ideal,Inside,Inside,Fixed,Daily watering,,Daily watering,Daily watering control,Yes,DJI_20260707125025_0001,62,7,2,551.0583333333333,2127.8694444444445,408.8932315103303,1985.7043426214411,693.2234351563363,2270.0345462674472,284.3302036460061,False,No,True,Yes,No,Yes,Day 2,2.0,2026-06-30,Yes,True,Yes,0,0,0.0,0.0,80656,direct_cup_evidence,0.0085517473247123,No,Possible Day 7 bug-eaten/missing crop. Observed value preserved; adjustment belongs in Script 05.,Inside,No Microbes | Ideal,Ideal | Inside,No Microbes | Inside,0.0,11.625080677821433,Yes,Day 7 cell had no current green evidence but showed visible green evidence earlier; treated as possible bug-eaten/missing crop.,Estimated from the latest prior observed green cover and the previous positive growth rate. Negative previous growth was not projected.,1.9539422567799298,5.763253907481645,6.0,5.0,Yes,11.625080677821433
7,Day 7,2026-07-07,10,8,3.0,Tray 1,1,N/M,No Microbes,Ideal,Inside,Inside,Fixed,Daily watering,,Daily watering,Daily watering control,Yes,DJI_20260707125025_0001,63,7,3,920.4944444444444,2136.125,778.3293426214414,1993.9598981769968,1062.6595462674477,2278.290101823003,284.3302036460061,False,No,True,Yes,No,Yes,Day 2,2.0,2026-06-30,Yes,True,Yes,0,0,0.0,0.0,80940,direct_cup_evidence,0.0312901990132516,No,Possible Day 7 bug-eaten/missing crop. Observed value preserved; adjustment belongs in Script 05.,Inside,No Microbes | Ideal,Ideal | Inside,No Microbes | Inside,0.0,6.808907075596402,Yes,Day 7 cell had no current green evidence but showed visible green evidence earlier; treated as possible bug-eaten/missing crop.,Estimated from the latest prior observed green cover and the previous positive growth rate. Negative previous growth was not projected.,1.1006000709282802,3.5071068628115607,6.0,5.0,Yes,6.808907075596402
7,Day 7,2026-07-07,10,8,3.0,Tray 1,1,N/M,No Microbes,Ideal,Inside,Inside,Fixed,Daily watering,,Daily watering,Daily watering control,Yes,DJI_20260707125025_0001,64,7,4,1298.1861111111111,2134.061111111111,1156.021009288108,1991.896009288108,1440.351212934114,2276.226212934114,284.3302036460061,False,No,True,Yes,No,Yes,Day 3,3.0,2026-07-01,Yes,True,Yes,0,0,0.0,0.0,80656,direct_cup_evidence,0.0172702626742907,No,Possible Day 7 bug-eaten/missing crop. Observed value preserved; adjustment belongs in Script 05.,Inside,No Microbes | Ideal,Ideal | Inside,No Microbes | Inside,0.0,8.076327740740389,Yes,Day 7 cell had no current green evidence but showed visible green evidence earlier; treated as possible bug-eaten/missing crop.,Estimated from the latest prior observed green cover and the previous positive growth rate. Negative previous growth was not projected.,1.0048413404061831,5.061803719521841,6.0,5.0,Yes,8.076327740740389
7,Day 7,2026-07-07,10,8,3.0,Tray 1,1,N/M,No Microbes,Ideal,Inside,Inside,Fixed,Daily watering,,Daily watering,Daily watering control,Yes,DJI_20260707125025_0001,66,7,6,2047.3777777777775,2140.2527777777777,1905.2126759547743,1998.0876759547743,2189.542879600781,2282.417879600781,284.3302036460061,False,No,True,Yes,No,Yes,Day 2,2.0,2026-06-30,Yes,True,Yes,0,0,0.0,0.0,80940,direct_cup_evidence,0.0343448583122916,No,Possible Day 7 bug-eaten/missing crop. Observed value preserved; adjustment belongs in Script 05.,Inside,No Microbes | Ideal,Ideal | Inside,No Microbes | Inside,0.0,7.0078694799771775,Yes,Day 7 cell had no current green evidence but showed visible green evidence earlier; treated as possible bug-eaten/missing crop.,Estimated from the latest prior observed green cover and the previous positive growth rate. Negative previous growth was not projected.,0.7526495932065909,3.9972711071508136,5.0,4.0,Yes,7.0078694799771775
7,Day 7,2026-07-07,10,8,3.0,Tray 1,1,N/M,No Microbes,Ideal,Inside,Inside,Fixed,Daily watering,,Daily watering,Daily watering control,Yes,DJI_20260707125025_0001,68,7,8,2800.697222222222,2134.061111111111,2658.532120399219,1991.896009288108,2942.8623240452253,2276.226212934114,284.3302036460061,False,No,True,Yes,No,Yes,Day 2,2.0,2026-06-30,Yes,True,Yes,0,0,0.0,0.0,80656,direct_cup_evidence,0.0486027728309244,No,Possible Day 7 bug-eaten/missing crop. Observed value preserved; adjustment belongs in Script 05.,Inside,No Microbes | Ideal,Ideal | Inside,No Microbes | Inside,0.0,8.848252593152946,Yes,Day 7 cell had no current green evidence but showed visible green evidence earlier; treated as possible bug-eaten/missing crop.,Estimated from the latest prior observed green cover and the previous positive growth rate. Negative previous growth was not projected.,1.403382987253575,4.638103631392222,6.0,5.0,Yes,8.848252593152946
7,Day 7,2026-07-07,10,8,3.0,Tray 1,1,N/M,No Microbes,Ideal,Inside,Inside,Fixed,Daily watering,,Daily watering,Daily watering control,Yes,DJI_20260707125025_0001,70,7,10,3523.0583333333334,2113.422222222222,3380.89323151033,1971.257120399219,3665.223435156336,2255.587324045225,284.3302036460061,False,No,True,Yes,No,Yes,Day 2,2.0,2026-06-30,Yes,True,Yes,0,0,0.0,0.0,80940,direct_cup_evidence,0.0756867639578711,No,Possible Day 7 bug-eaten/missing crop. Observed value preserved; adjustment belongs in Script 05.,Inside,No Microbes | Ideal,Ideal | Inside,No Microbes | Inside,0.0,5.6253780778428135,Yes,Day 7 cell had no current green evidence but showed visible green evidence earlier; treated as possible bug-eaten/missing crop.,Estimated from the latest prior observed green cover and the previous positive growth rate. Negative previous growth was not projected.,0.7000644482014629,3.525184733238425,6.0,5.0,Yes,5.6253780778428135
7,Day 7,2026-07-07,10,8,3.0,Tray 3,3,N/M,No Microbes,Moisture,Outside,Outside,Fixed,Scheduled watering,,No,Unwatered after Day 6; final photo,Yes,DJI_20260707125152_0003,60,6,10,3539.8688888888887,1783.3822222222225,3397.558853929781,1641.0721872631143,3682.178923847997,1925.6922571813304,284.6200699182158,False,No,True,Yes,No,Yes,Day 3,3.0,2026-07-01,Yes,True,Yes,0,0,0.0,0.0,80940,direct_cup_evidence,0.0485327383007929,No,Possible Day 7 bug-eaten/missing crop. Observed value preserved; adjustment belongs in Script 05.,Outside,No Microbes | Moisture,Moisture | Outside,No Microbes | Outside,0.0,0.0611181972789115,Yes,Day 7 cell had no current green evidence but showed visible green evidence earlier; treated as possible bug-eaten/missing crop.,Estimated from the latest prior observed green cover and the previous positive growth rate. Negative previous growth was not projected.,0.0,0.0611181972789115,3.0,2.0,Yes,0.0611181972789115
7,Day 7,2026-07-07,10,8,3.0,Tray 3,3,N/M,No Microbes,Moisture,Outside,Outside,Fixed,Scheduled watering,,No,Unwatered after Day 6; final photo,Yes,DJI_20260707125152_0003,62,7,2,544.1177777777777,2170.2644444444445,401.8077428186699,2027.9544094853363,686.4278127368857,2312.574479403552,284.6200699182158,False,No,True,Yes,No,Yes,Day 6,6.0,2026-07-04,Yes,True,Yes,0,0,0.0,0.0,80940,direct_cup_evidence,0.1578057843255894,No,Possible Day 7 bug-eaten/missing crop. Observed value preserved; adjustment belongs in Script 05.,Outside,No Microbes | Moisture,Moisture | Outside,No Microbes | Outside,0.0,0.20942372066939532,Yes,Day 7 cell had no current green evidence but showed visible green evidence earlier; treated as possible bug-eaten/missing crop.,Estimated from the latest prior observed green cover and the previous positive growth rate. Negative previous growth was not projected.,0.037578707993932904,0.0966875966875966,6.0,5.0,Yes,0.20942372066939532
7,Day 7,2026-07-07,10,8,3.0,Tray 4,4,N/M,No Microbes,Heat,Dynamic,Inside,Dynamic,Daily watering,Inside recovery; final photo,Daily watering,Daily watering control,Yes,DJI_20260707125241_0004,19,2,9,3159.083888888889,553.7177777777778,3016.391036743877,411.0249256327664,3301.7767410339,696.4106299227891,285.3857042900227,False,No,True,Yes,No,Yes,Day 2,2.0,2026-06-30,Yes,True,Yes,0,0,0.0,0.0,81510,direct_cup_evidence,0.0106377966489679,No,Possible Day 7 bug-eaten/missing crop. Observed value preserved; adjustment belongs in Script 05.,Dynamic Heat,No Microbes | Heat,Heat | Dynamic Heat,No Microbes | Dynamic Heat,0.0,2.411903122130395,Yes,Day 7 cell had no current green evidence but showed visible green evidence earlier; treated as possible bug-eaten/missing crop.,Estimated from the latest prior observed green cover and the previous positive growth rate. Negative previous growth was not projected.,0.0,2.411903122130395,5.0,4.0,Yes,2.411903122130395
7,Day 7,2026-07-07,10,8,3.0,Tray 4,4,N/M,No Microbes,Heat,Dynamic,Inside,Dynamic,Daily watering,Inside recovery; final photo,Daily watering,Daily watering control,Yes,DJI_20260707125241_0004,32,4,2,555.7838888888889,1192.1461111111112,413.0910367438775,1049.4532589660996,698.4767410339002,1334.8389632561225,285.3857042900227,False,No,True,Yes,No,Yes,Day 2,2.0,2026-06-30,Yes,True,Yes,0,0,0.0,0.0,81510,direct_cup_evidence,0.0058246299506187,No,Possible Day 7 bug-eaten/missing crop. Observed value preserved; adjustment belongs in Script 05.,Dynamic Heat,No Microbes | Heat,Heat | Dynamic Heat,No Microbes | Dynamic Heat,0.0,6.345830506160034,Yes,Day 7 cell had no current green evidence but showed visible green evidence earlier; treated as possible bug-eaten/missing crop.,Estimated from the latest prior observed green cover and the previous positive growth rate. Negative previous growth was not projected.,0.6981784469110193,3.5531167185159576,5.0,4.0,Yes,6.345830506160034
7,Day 7,2026-07-07,10,8,3.0,Tray 4,4,N/M,No Microbes,Heat,Dynamic,Inside,Dynamic,Daily watering,Inside recovery; final photo,Daily watering,Daily watering control,Yes,DJI_20260707125241_0004,42,5,2,555.7838888888889,1506.195,413.0910367438775,1363.5021478549886,698.4767410339002,1648.8878521450113,285.3857042900227,False,No,True,Yes,No,Yes,Day 3,3.0,2026-07-01,Yes,True,Yes,0,0,0.0,0.0,81225,direct_cup_evidence,0.0158227442276564,No,Possible Day 7 bug-eaten/missing crop. Observed value preserved; adjustment belongs in Script 05.,Dynamic Heat,No Microbes | Heat,Heat | Dynamic Heat,No Microbes | Dynamic Heat,0.0,4.034601261415611,Yes,Day 7 cell had no current green evidence but showed visible green evidence earlier; treated as possible bug-eaten/missing crop.,Estimated from the latest prior observed green cover and the previous positive growth rate. Negative previous growth was not projected.,0.4116633352870749,2.387947920267312,5.0,4.0,Yes,4.034601261415611
7,Day 7,2026-07-07,10,8,3.0,Tray 4,4,N/M,No Microbes,Heat,Dynamic,Inside,Dynamic,Daily watering,Inside recovery; final photo,Daily watering,Daily watering control,Yes,DJI_20260707125241_0004,44,5,4,1295.4516666666666,1510.3272222222222,1152.7588145216553,1367.6343700772109,1438.144518811678,1653.0200743672335,285.3857042900227,False,No,True,Yes,No,Yes,Day 2,2.0,2026-06-30,Yes,True,Yes,0,0,0.0,0.0,81225,direct_cup_evidence,0.0177958129177149,No,Possible Day 7 bug-eaten/missing crop. Observed value preserved; adjustment belongs in Script 05.,Dynamic Heat,No Microbes | Heat,Heat | Dynamic Heat,No Microbes | Dynamic Heat,0.0,8.137741806273777,Yes,Day 7 cell had no current green evidence but showed visible green evidence earlier; treated as possible bug-eaten/missing crop.,Estimated from the latest prior observed green cover and the previous positive growth rate. Negative previous growth was not projected.,1.0232583395390593,4.04470844811754,5.0,4.0,Yes,8.137741806273777
7,Day 7,2026-07-07,10,8,3.0,Tray 4,4,N/M,No Microbes,Heat,Dynamic,Inside,Dynamic,Daily watering,Inside recovery; final photo,Daily watering,Daily watering control,Yes,DJI_20260707125241_0004,49,5,9,3157.0177777777776,1504.128888888889,3014.3249256327663,1361.4360367438776,3299.710629922789,1646.8217410339005,285.3857042900227,False,No,True,Yes,No,Yes,Day 2,2.0,2026-06-30,Yes,True,Yes,0,0,0.0,0.0,81796,direct_cup_evidence,0.017040245684176,No,Possible Day 7 bug-eaten/missing crop. Observed value preserved; adjustment belongs in Script 05.,Dynamic Heat,No Microbes | Heat,Heat | Dynamic Heat,No Microbes | Dynamic Heat,0.0,2.7638552828666896,Yes,Day 7 cell had no current green evidence but showed visible green evidence earlier; treated as possible bug-eaten/missing crop.,Estimated from the latest prior observed green cover and the previous positive growth rate. Negative previous growth was not projected.,0.0,2.7638552828666896,5.0,4.0,Yes,2.7638552828666896
7,Day 7,2026-07-07,10,8,3.0,Tray 4,4,N/M,No Microbes,Heat,Dynamic,Inside,Dynamic,Daily watering,Inside recovery; final photo,Daily watering,Daily watering control,Yes,DJI_20260707125241_0004,51,6,1,181.81777777777776,1824.3761111111112,39.124925632766434,1681.6832589660996,324.5106299227891,1967.0689632561223,285.3857042900227,False,No,True,Yes,No,Yes,Day 2,2.0,2026-06-30,Yes,True,Yes,0,0,0.0,0.0,81510,direct_cup_evidence,0.0199799084039264,No,Possible Day 7 bug-eaten/missing crop. Observed value preserved; adjustment belongs in Script 05.,Dynamic Heat,No Microbes | Heat,Heat | Dynamic Heat,No Microbes | Dynamic Heat,0.0,5.162027531098678,Yes,Day 7 cell had no current green evidence but showed visible green evidence earlier; treated as possible bug-eaten/missing crop.,Estimated from the latest prior observed green cover and the previous positive growth rate. Negative previous growth was not projected.,0.5809970113329799,2.8380394857667586,5.0,4.0,Yes,5.162027531098678
7,Day 7,2026-07-07,10,8,3.0,Tray 4,4,N/M,No Microbes,Heat,Dynamic,Inside,Dynamic,Daily watering,Inside recovery; final photo,Daily watering,Daily watering control,Yes,DJI_20260707125241_0004,52,6,2,553.7177777777778,1814.0455555555557,411.0249256327664,1671.352703410544,696.4106299227891,1956.738407700567,285.3857042900227,False,No,True,Yes,No,Yes,Day 2,2.0,2026-06-30,Yes,True,Yes,0,0,0.0,0.0,81510,direct_cup_evidence,0.0469932843080004,No,Possible Day 7 bug-eaten/missing crop. Observed value preserved; adjustment belongs in Script 05.,Dynamic Heat,No Microbes | Heat,Heat | Dynamic Heat,No Microbes | Dynamic Heat,0.0,5.184303176789145,Yes,Day 7 cell had no current green evidence but showed visible green evidence earlier; treated as possible bug-eaten/missing crop.,Estimated from the latest prior observed green cover and the previous positive growth rate. Negative previous growth was not projected.,0.5093348102129562,3.14696393593732,5.0,4.0,Yes,5.184303176789145
7,Day 7,2026-07-07,10,8,3.0,Tray 4,4,N/M,No Microbes,Heat,Dynamic,Inside,Dynamic,Daily watering,Inside recovery; final photo,Daily watering,Daily watering control,Yes,DJI_20260707125241_0004,54,6,4,1309.9144444444444,1780.9877777777776,1167.221592299433,1638.2949256327663,1452.6072965894557,1923.6806299227887,285.3857042900227,False,No,True,Yes,No,Yes,Day 2,2.0,2026-06-30,Yes,True,Yes,0,0,0.0,0.0,81796,direct_cup_evidence,0.1472925408607227,No,Possible Day 7 bug-eaten/missing crop. Observed value preserved; adjustment belongs in Script 05.,Dynamic Heat,No Microbes | Heat,Heat | Dynamic Heat,No Microbes | Dynamic Heat,0.0,5.523303406149727,Yes,Day 7 cell had no current green evidence but showed visible green evidence earlier; treated as possible bug-eaten/missing crop.,Estimated from the latest prior observed green cover and the previous positive growth rate. Negative previous growth was not projected.,0.5705210994713159,3.241219008264463,5.0,4.0,Yes,5.523303406149727
7,Day 7,2026-07-07,10,8,3.0,Tray 4,4,N/M,No Microbes,Heat,Dynamic,Inside,Dynamic,Daily watering,Inside recovery; final photo,Daily watering,Daily watering control,Yes,DJI_20260707125241_0004,55,6,5,1669.4177777777777,1824.3761111111112,1526.7249256327664,1681.6832589660996,1812.110629922789,1967.0689632561223,285.3857042900227,False,No,True,Yes,No,Yes,Day 2,2.0,2026-06-30,Yes,True,Yes,0,0,0.0,0.0,81225,direct_cup_evidence,0.0178966228003509,No,Possible Day 7 bug-eaten/missing crop. Observed value preserved; adjustment belongs in Script 05.,Dynamic Heat,No Microbes | Heat,Heat | Dynamic Heat,No Microbes | Dynamic Heat,0.0,6.112980810362234,Yes,Day 7 cell had no current green evidence but showed visible green evidence earlier; treated as possible bug-eaten/missing crop.,Estimated from the latest prior observed green cover and the previous positive growth rate. Negative previous growth was not projected.,0.6497873283940478,3.5138314967860422,5.0,4.0,Yes,6.112980810362234
7,Day 7,2026-07-07,10,8,3.0,Tray 4,4,N/M,No Microbes,Heat,Dynamic,Inside,Dynamic,Daily watering,Inside recovery; final photo,Daily watering,Daily watering control,Yes,DJI_20260707125241_0004,57,6,7,2446.2755555555555,1867.7644444444445,2303.582703410544,1725.071592299433,2588.968407700567,2010.457296589456,285.3857042900227,False,No,True,Yes,No,Yes,Day 2,2.0,2026-06-30,Yes,True,Yes,0,0,0.0,0.0,81225,direct_cup_evidence,0.1589448973483681,No,Possible Day 7 bug-eaten/missing crop. Observed value preserved; adjustment belongs in Script 05.,Dynamic Heat,No Microbes | Heat,Heat | Dynamic Heat,No Microbes | Dynamic Heat,0.0,4.47456607664547,Yes,Day 7 cell had no current green evidence but showed visible green evidence earlier; treated as possible bug-eaten/missing crop.,Estimated from the latest prior observed green cover and the previous positive growth rate. Negative previous growth was not projected.,0.3696745770126073,2.995867768595041,5.0,4.0,Yes,4.47456607664547
7,Day 7,2026-07-07,10,8,3.0,Tray 4,4,N/M,No Microbes,Heat,Dynamic,Inside,Dynamic,Daily watering,Inside recovery; final photo,Daily watering,Daily watering control,Yes,DJI_20260707125241_0004,58,6,8,2795.4483333333333,1820.243888888889,2652.755481188322,1677.5510367438774,2938.1411854783446,1962.9367410339005,285.3857042900227,False,No,True,Yes,No,Yes,Day 2,2.0,2026-06-30,Yes,True,Yes,0,0,0.0,0.0,81225,direct_cup_evidence,0.0211556015806113,No,Possible Day 7 bug-eaten/missing crop. Observed value preserved; adjustment belongs in Script 05.,Dynamic Heat,No Microbes | Heat,Heat | Dynamic Heat,No Microbes | Dynamic Heat,0.0,2.9887026675564234,Yes,Day 7 cell had no current green evidence but showed visible green evidence earlier; treated as possible bug-eaten/missing crop.,Estimated from the latest prior observed green cover and the previous positive growth rate. Negative previous growth was not projected.,0.10868852272014351,2.5539485766758494,5.0,4.0,Yes,2.9887026675564234
7,Day 7,2026-07-07,10,8,3.0,Tray 4,4,N/M,No Microbes,Heat,Dynamic,Inside,Dynamic,Daily watering,Inside recovery; final photo,Daily watering,Daily watering control,Yes,DJI_20260707125241_0004,59,6,9,3159.083888888889,1814.0455555555557,3016.391036743877,1671.352703410544,3301.7767410339,1956.738407700567,285.3857042900227,False,No,True,Yes,No,Yes,Day 2,2.0,2026-06-30,Yes,True,Yes,0,0,0.0,0.0,81796,direct_cup_evidence,0.0350722624919479,No,Possible Day 7 bug-eaten/missing crop. Observed value preserved; adjustment belongs in Script 05.,Dynamic Heat,No Microbes | Heat,Heat | Dynamic Heat,No Microbes | Dynamic Heat,0.0,2.191423601889318,Yes,Day 7 cell had no current green evidence but showed visible green evidence earlier; treated as possible bug-eaten/missing crop.,Estimated from the latest prior observed green cover and the previous positive growth rate. Negative previous growth was not projected.,0.022718159425497486,2.100550964187328,5.0,4.0,Yes,2.191423601889318
7,Day 7,2026-07-07,10,8,3.0,Tray 4,4,N/M,No Microbes,Heat,Dynamic,Inside,Dynamic,Daily watering,Inside recovery; final photo,Daily watering,Daily watering control,Yes,DJI_20260707125241_0004,61,7,1,188.01611111111112,2121.896111111111,45.323258966099765,1979.2032589661,330.7089632561225,2264.5889632561225,285.3857042900227,False,No,True,Yes,No,Yes,Day 3,3.0,2026-07-01,Yes,True,Yes,0,0,0.0,0.0,81796,direct_cup_evidence,0.0752672619012913,No,Possible Day 7 bug-eaten/missing crop. Observed value preserved; adjustment belongs in Script 05.,Dynamic Heat,No Microbes | Heat,Heat | Dynamic Heat,No Microbes | Dynamic Heat,0.0,4.20377547353832,Yes,Day 7 cell had no current green evidence but showed visible green evidence earlier; treated as possible bug-eaten/missing crop.,Estimated from the latest prior observed green cover and the previous positive growth rate. Negative previous growth was not projected.,0.4382831704966095,2.4506427915518825,5.0,4.0,Yes,4.20377547353832
7,Day 7,2026-07-07,10,8,3.0,Tray 4,4,N/M,No Microbes,Heat,Dynamic,Inside,Dynamic,Daily watering,Inside recovery; final photo,Daily watering,Daily watering control,Yes,DJI_20260707125241_0004,62,7,2,564.0483333333333,2167.350555555556,421.355481188322,2024.657703410544,706.7411854783447,2310.043407700567,285.3857042900227,False,No,True,Yes,No,Yes,Day 2,2.0,2026-06-30,Yes,True,Yes,0,0,0.0,0.0,81510,direct_cup_evidence,0.0708568208728517,No,Possible Day 7 bug-eaten/missing crop. Observed value preserved; adjustment belongs in Script 05.,Dynamic Heat,No Microbes | Heat,Heat | Dynamic Heat,No Microbes | Dynamic Heat,0.0,0.0180172064321426,Yes,Day 7 cell had no current green evidence but showed visible green evidence earlier; treated as possible bug-eaten/missing crop.,Estimated from the latest prior observed green cover and the previous positive growth rate. Negative previous growth was not projected.,0.0,0.0180172064321426,6.0,5.0,Yes,0.0180172064321426
7,Day 7,2026-07-07,10,8,3.0,Tray 4,4,N/M,No Microbes,Heat,Dynamic,Inside,Dynamic,Daily watering,Inside recovery; final photo,Daily watering,Daily watering control,Yes,DJI_20260707125241_0004,64,7,4,1270.6583333333333,2138.425,1127.965481188322,1995.7321478549889,1413.3511854783446,2281.1178521450115,285.3857042900227,False,No,True,Yes,No,Yes,Day 2,2.0,2026-06-30,Yes,True,Yes,0,0,0.0,0.0,81225,direct_cup_evidence,0.1070589417373101,No,Possible Day 7 bug-eaten/missing crop. Observed value preserved; adjustment belongs in Script 05.,Dynamic Heat,No Microbes | Heat,Heat | Dynamic Heat,No Microbes | Dynamic Heat,0.0,4.590776086988212,Yes,Day 7 cell had no current green evidence but showed visible green evidence earlier; treated as possible bug-eaten/missing crop.,Estimated from the latest prior observed green cover and the previous positive growth rate. Negative previous growth was not projected.,0.464010596586355,2.734733700642792,5.0,4.0,Yes,4.590776086988212
7,Day 7,2026-07-07,10,8,3.0,Tray 4,4,N/M,No Microbes,Heat,Dynamic,Inside,Dynamic,Daily watering,Inside recovery; final photo,Daily watering,Daily watering control,Yes,DJI_20260707125241_0004,65,7,5,1671.483888888889,2142.557222222222,1528.7910367438774,1999.8643700772109,1814.1767410339005,2285.250074367233,285.3857042900227,False,No,True,Yes,No,Yes,Day 2,2.0,2026-06-30,Yes,True,Yes,0,0,0.0,0.0,81225,direct_cup_evidence,0.0151459755492854,No,Possible Day 7 bug-eaten/missing crop. Observed value preserved; adjustment belongs in Script 05.,Dynamic Heat,No Microbes | Heat,Heat | Dynamic Heat,No Microbes | Dynamic Heat,0.0,7.415794718971809,Yes,Day 7 cell had no current green evidence but showed visible green evidence earlier; treated as possible bug-eaten/missing crop.,Estimated from the latest prior observed green cover and the previous positive growth rate. Negative previous growth was not projected.,0.8198147265749083,4.136535812672176,5.0,4.0,Yes,7.415794718971809
7,Day 7,2026-07-07,10,8,3.0,Tray 4,4,N/M,No Microbes,Heat,Dynamic,Inside,Dynamic,Daily watering,Inside recovery; final photo,Daily watering,Daily watering control,Yes,DJI_20260707125241_0004,66,7,6,2047.516111111111,2140.491111111111,1904.8232589661,1997.7982589661,2190.2089632561224,2283.1839632561223,285.3857042900227,False,No,True,Yes,No,Yes,Day 2,2.0,2026-06-30,Yes,True,Yes,0,0,0.0,0.0,81225,direct_cup_evidence,0.0087200908773325,No,Possible Day 7 bug-eaten/missing crop. Observed value preserved; adjustment belongs in Script 05.,Dynamic Heat,No Microbes | Heat,Heat | Dynamic Heat,No Microbes | Dynamic Heat,0.0,8.813449736235015,Yes,Day 7 cell had no current green evidence but showed visible green evidence earlier; treated as possible bug-eaten/missing crop.,Estimated from the latest prior observed green cover and the previous positive growth rate. Negative previous growth was not projected.,1.1434020346097173,4.239841597796144,5.0,4.0,Yes,8.813449736235015
7,Day 7,2026-07-07,10,8,3.0,Tray 4,4,N/M,No Microbes,Heat,Dynamic,Inside,Dynamic,Daily watering,Inside recovery; final photo,Daily watering,Daily watering control,Yes,DJI_20260707125241_0004,67,7,7,2435.945,2138.425,2293.2521478549884,1995.7321478549889,2578.6378521450115,2281.1178521450115,285.3857042900227,False,No,True,Yes,No,Yes,Day 2,2.0,2026-06-30,Yes,True,Yes,0,0,0.0,0.0,81510,direct_cup_evidence,0.0513129431754381,No,Possible Day 7 bug-eaten/missing crop. Observed value preserved; adjustment belongs in Script 05.,Dynamic Heat,No Microbes | Heat,Heat | Dynamic Heat,No Microbes | Dynamic Heat,0.0,4.7958676973005065,Yes,Day 7 cell had no current green evidence but showed visible green evidence earlier; treated as possible bug-eaten/missing crop.,Estimated from the latest prior observed green cover and the previous positive growth rate. Negative previous growth was not projected.,0.4503586828191577,2.9944329660238758,5.0,4.0,Yes,4.7958676973005065
7,Day 7,2026-07-07,10,8,3.0,Tray 5,5,M,Microbes,Moisture,Inside,Inside,Fixed,Scheduled watering,,No,Unwatered after Day 6; final photo,Yes,DJI_20260707125327_0005,1,1,1,202.4788888888889,225.2061111111111,60.59990719972574,83.32712942194796,344.35787057805203,367.0850928002743,283.7579633783263,False,No,True,Yes,No,Yes,Day 2,2.0,2026-06-30,Yes,True,Yes,0,0,0.0,0.0,80372,direct_cup_evidence,0.0116042271217615,No,Possible Day 7 bug-eaten/missing crop. Observed value preserved; adjustment belongs in Script 05.,Inside,Microbes | Moisture,Moisture | Inside,Microbes | Inside,0.0,7.7438067500535634,Yes,Day 7 cell had no current green evidence but showed visible green evidence earlier; treated as possible bug-eaten/missing crop.,Estimated from the latest prior observed green cover and the previous positive growth rate. Negative previous growth was not projected.,1.1108373364556434,4.411294740686633,6.0,5.0,Yes,7.7438067500535634
7,Day 7,2026-07-07,10,8,3.0,Tray 5,5,M,Microbes,Moisture,Inside,Inside,Fixed,Scheduled watering,,No,Unwatered after Day 6; final photo,Yes,DJI_20260707125327_0005,4,1,4,1309.9144444444444,216.94166666666663,1168.0354627552813,75.06268497750352,1451.7934261336077,358.8206483558298,283.7579633783263,False,No,True,Yes,No,Yes,Day 2,2.0,2026-06-30,Yes,True,Yes,0,0,0.0,0.0,80656,direct_cup_evidence,0.0275305196616916,No,Possible Day 7 bug-eaten/missing crop. Observed value preserved; adjustment belongs in Script 05.,Inside,Microbes | Moisture,Moisture | Inside,Microbes | Inside,0.0,9.338577604855246,Yes,Day 7 cell had no current green evidence but showed visible green evidence earlier; treated as possible bug-eaten/missing crop.,Estimated from the latest prior observed green cover and the previous positive growth rate. Negative previous growth was not projected.,1.1516496812872736,5.883628560993426,6.0,5.0,Yes,9.338577604855246
7,Day 7,2026-07-07,10,8,3.0,Tray 5,5,M,Microbes,Moisture,Inside,Inside,Fixed,Scheduled watering,,No,Unwatered after Day 6; final photo,Yes,DJI_20260707125327_0005,6,1,6,2064.045,221.0738888888889,1922.166018310837,79.19490719972573,2205.923981689163,362.95287057805206,283.7579633783263,False,No,True,Yes,No,Yes,Day 3,3.0,2026-07-01,Yes,True,Yes,0,0,0.0,0.0,80656,direct_cup_evidence,0.0116624750443368,No,Possible Day 7 bug-eaten/missing crop. Observed value preserved; adjustment belongs in Script 05.,Inside,Microbes | Moisture,Moisture | Inside,Microbes | Inside,0.0,11.869132296804286,Yes,Day 7 cell had no current green evidence but showed visible green evidence earlier; treated as possible bug-eaten/missing crop.,Estimated from the latest prior observed green cover and the previous positive growth rate. Negative previous growth was not projected.,1.6569496260835326,6.898283418553689,6.0,5.0,Yes,11.869132296804286
7,Day 7,2026-07-07,10,8,3.0,Tray 5,5,M,Microbes,Moisture,Inside,Inside,Fixed,Scheduled watering,,No,Unwatered after Day 6; final photo,Yes,DJI_20260707125327_0005,8,1,8,2803.712777777778,229.3383333333333,2661.8337960886147,87.45935164417018,2945.591759466941,371.2173150224965,283.7579633783263,False,No,True,Yes,No,Yes,Day 2,2.0,2026-06-30,Yes,True,Yes,10,10,0.0123983336639555,0.0123983336639555,80656,direct_cup_evidence,0.0209528429690939,No,Possible Day 7 bug-eaten/missing crop. Observed value preserved; adjustment belongs in Script 05.,Inside,Microbes | Moisture,Moisture | Inside,Microbes | Inside,0.0123983336639555,4.9918741334589,Yes,Day 7 cell had no current green evidence but showed visible green evidence earlier; treated as possible bug-eaten/missing crop.,Estimated from the latest prior observed green cover and the previous positive growth rate. Negative previous growth was not projected.,0.36054314309842583,3.910244704163623,6.0,5.0,Yes,4.979475799794945
7,Day 7,2026-07-07,10,8,3.0,Tray 5,5,M,Microbes,Moisture,Inside,Inside,Fixed,Scheduled watering,,No,Unwatered after Day 6; final photo,Yes,DJI_20260707125327_0005,9,1,9,3171.4805555555554,227.2722222222222,3029.6015738663923,85.39324053305907,3313.3595372447185,369.1512039113854,283.7579633783263,False,No,True,Yes,No,Yes,Day 2,2.0,2026-06-30,Yes,True,Yes,0,0,0.0,0.0,80372,direct_cup_evidence,0.0212879520249046,No,Possible Day 7 bug-eaten/missing crop. Observed value preserved; adjustment belongs in Script 05.,Inside,Microbes | Moisture,Moisture | Inside,Microbes | Inside,0.0,5.575874414172941,Yes,Day 7 cell had no current green evidence but showed visible green evidence earlier; treated as possible bug-eaten/missing crop.,Estimated from the latest prior observed green cover and the previous positive growth rate. Negative previous growth was not projected.,0.41292234550834106,4.337107377647918,6.0,5.0,Yes,5.575874414172941
7,Day 7,2026-07-07,10,8,3.0,Tray 5,5,M,Microbes,Moisture,Inside,Inside,Fixed,Scheduled watering,,No,Unwatered after Day 6; final photo,Yes,DJI_20260707125327_0005,10,1,10,3586.768888888889,200.41277777777776,3444.8899071997257,58.53379608861463,3728.647870578052,342.2917594669409,283.7579633783263,False,No,True,Yes,No,Yes,Day 3,3.0,2026-07-01,Yes,True,Yes,0,0,0.0,0.0,77542,direct_cup_evidence,0.1408502051407723,No,Possible Day 7 bug-eaten/missing crop. Observed value preserved; adjustment belongs in Script 05.,Inside,Microbes | Moisture,Moisture | Inside,Microbes | Inside,0.0,4.873240380764949,Yes,Day 7 cell had no current green evidence but showed visible green evidence earlier; treated as possible bug-eaten/missing crop.,Estimated from the latest prior observed green cover and the previous positive growth rate. Negative previous growth was not projected.,0.5880730658064808,3.1090211833455075,6.0,5.0,Yes,4.873240380764949
7,Day 7,2026-07-07,10,8,3.0,Tray 5,5,M,Microbes,Moisture,Inside,Inside,Fixed,Scheduled watering,,No,Unwatered after Day 6; final photo,Yes,DJI_20260707125327_0005,12,2,2,568.1805555555555,539.255,426.3015738663924,397.37601831083686,710.0595372447186,681.1339816891631,283.7579633783263,False,No,True,Yes,No,Yes,Day 2,2.0,2026-06-30,Yes,True,Yes,0,0,0.0,0.0,80656,direct_cup_evidence,0.0071226864662607,No,Possible Day 7 bug-eaten/missing crop. Observed value preserved; adjustment belongs in Script 05.,Inside,Microbes | Moisture,Moisture | Inside,Microbes | Inside,0.0,20.244786541623146,Yes,Day 7 cell had no current green evidence but showed visible green evidence earlier; treated as possible bug-eaten/missing crop.,Estimated from the latest prior observed green cover and the previous positive growth rate. Negative previous growth was not projected.,2.6489348126326,12.297982103725346,6.0,5.0,Yes,20.244786541623146
7,Day 7,2026-07-07,10,8,3.0,Tray 5,5,M,Microbes,Moisture,Inside,Inside,Fixed,Scheduled watering,,No,Unwatered after Day 6; final photo,Yes,DJI_20260707125327_0005,13,2,3,935.9483333333332,539.255,794.0693516441702,397.37601831083686,1077.8273150224964,681.1339816891631,283.7579633783263,False,No,True,Yes,No,Yes,Day 2,2.0,2026-06-30,Yes,True,Yes,0,0,0.0,0.0,80656,direct_cup_evidence,0.017933577092623,No,Possible Day 7 bug-eaten/missing crop. Observed value preserved; adjustment belongs in Script 05.,Inside,Microbes | Moisture,Moisture | Inside,Microbes | Inside,0.0,6.796546524720494,Yes,Day 7 cell had no current green evidence but showed visible green evidence earlier; treated as possible bug-eaten/missing crop.,Estimated from the latest prior observed green cover and the previous positive growth rate. Negative previous growth was not projected.,1.0744939782355836,3.5730645900137428,6.0,5.0,Yes,6.796546524720494
7,Day 7,2026-07-07,10,8,3.0,Tray 5,5,M,Microbes,Moisture,Inside,Inside,Fixed,Scheduled watering,,No,Unwatered after Day 6; final photo,Yes,DJI_20260707125327_0005,15,2,5,1681.8144444444445,537.1888888888889,1539.9354627552814,395.3099071997257,1823.6934261336075,679.067870578052,283.7579633783263,False,No,True,Yes,No,Yes,Day 3,3.0,2026-07-01,Yes,True,Yes,0,0,0.0,0.0,80656,direct_cup_evidence,0.0110055566979775,No,Possible Day 7 bug-eaten/missing crop. Observed value preserved; adjustment belongs in Script 05.,Inside,Microbes | Moisture,Moisture | Inside,Microbes | Inside,0.0,7.539567637731841,Yes,Day 7 cell had no current green evidence but showed visible green evidence earlier; treated as possible bug-eaten/missing crop.,Estimated from the latest prior observed green cover and the previous positive growth rate. Negative previous growth was not projected.,0.8993287304735547,4.841581446311176,6.0,5.0,Yes,7.539567637731841
7,Day 7,2026-07-07,10,8,3.0,Tray 5,5,M,Microbes,Moisture,Inside,Inside,Fixed,Scheduled watering,,No,Unwatered after Day 6; final photo,Yes,DJI_20260707125327_0005,17,2,7,2431.8127777777777,537.1888888888889,2289.9337960886146,395.3099071997257,2573.6917594669408,679.067870578052,283.7579633783263,False,No,True,Yes,No,Yes,Day 2,2.0,2026-06-30,Yes,True,Yes,0,0,0.0,0.0,80656,direct_cup_evidence,0.0086634049662851,No,Possible Day 7 bug-eaten/missing crop. Observed value preserved; adjustment belongs in Script 05.,Inside,Microbes | Moisture,Moisture | Inside,Microbes | Inside,0.0,7.577615191142536,Yes,Day 7 cell had no current green evidence but showed visible green evidence earlier; treated as possible bug-eaten/missing crop.,Estimated from the latest prior observed green cover and the previous positive growth rate. Negative previous growth was not projected.,0.9313534833202253,4.78355474118186,6.0,5.0,Yes,7.577615191142536
7,Day 7,2026-07-07,10,8,3.0,Tray 5,5,M,Microbes,Moisture,Inside,Inside,Fixed,Scheduled watering,,No,Unwatered after Day 6; final photo,Yes,DJI_20260707125327_0005,21,3,1,192.1483333333333,851.2377777777778,50.269351644170186,709.3587960886147,334.02731502249645,993.1167594669408,283.7579633783263,False,No,True,Yes,No,Yes,Day 3,3.0,2026-07-01,Yes,True,Yes,0,0,0.0,0.0,80656,direct_cup_evidence,0.0068227092295252,No,Possible Day 7 bug-eaten/missing crop. Observed value preserved; adjustment belongs in Script 05.,Inside,Microbes | Moisture,Moisture | Inside,Microbes | Inside,0.0,7.026196109182997,Yes,Day 7 cell had no current green evidence but showed visible green evidence earlier; treated as possible bug-eaten/missing crop.,Estimated from the latest prior observed green cover and the previous positive growth rate. Negative previous growth was not projected.,0.9857514286679621,4.068941823179111,6.0,5.0,Yes,7.026196109182997
7,Day 7,2026-07-07,10,8,3.0,Tray 5,5,M,Microbes,Moisture,Inside,Inside,Fixed,Scheduled watering,,No,Unwatered after Day 6; final photo,Yes,DJI_20260707125327_0005,22,3,2,566.1144444444444,857.4361111111111,424.2354627552813,715.557129421948,707.9934261336075,999.3150928002742,283.7579633783263,False,No,True,Yes,No,Yes,Day 2,2.0,2026-06-30,Yes,True,Yes,0,0,0.0,0.0,80372,direct_cup_evidence,0.0153635166651507,No,Possible Day 7 bug-eaten/missing crop. Observed value preserved; adjustment belongs in Script 05.,Inside,Microbes | Moisture,Moisture | Inside,Microbes | Inside,0.0,11.135122306805354,Yes,Day 7 cell had no current green evidence but showed visible green evidence earlier; treated as possible bug-eaten/missing crop.,Estimated from the latest prior observed green cover and the previous positive growth rate. Negative previous growth was not projected.,1.5850030284919718,6.380113221329438,6.0,5.0,Yes,11.135122306805354
7,Day 7,2026-07-07,10,8,3.0,Tray 5,5,M,Microbes,Moisture,Inside,Inside,Fixed,Scheduled watering,,No,Unwatered after Day 6; final photo,Yes,DJI_20260707125327_0005,23,3,3,944.2127777777778,849.1716666666666,802.3337960886147,707.2926849775035,1086.0917594669409,991.0506483558296,283.7579633783263,False,No,True,Yes,No,Yes,Day 2,2.0,2026-06-30,Yes,True,Yes,0,0,0.0,0.0,80656,direct_cup_evidence,0.023115570310831,No,Possible Day 7 bug-eaten/missing crop. Observed value preserved; adjustment belongs in Script 05.,Inside,Microbes | Moisture,Moisture | Inside,Microbes | Inside,0.0,8.153692697611616,Yes,Day 7 cell had no current green evidence but showed visible green evidence earlier; treated as possible bug-eaten/missing crop.,Estimated from the latest prior observed green cover and the previous positive growth rate. Negative previous growth was not projected.,1.2729560026857323,4.334824689554419,6.0,5.0,Yes,8.153692697611616
7,Day 7,2026-07-07,10,8,3.0,Tray 5,5,M,Microbes,Moisture,Inside,Inside,Fixed,Scheduled watering,,No,Unwatered after Day 6; final photo,Yes,DJI_20260707125327_0005,24,3,4,1305.782222222222,857.4361111111111,1163.903240533059,715.557129421948,1447.6612039113852,999.3150928002742,283.7579633783263,False,No,True,Yes,No,Yes,Day 2,2.0,2026-06-30,Yes,True,Yes,0,0,0.0,0.0,80372,direct_cup_evidence,0.0193924971721114,No,Possible Day 7 bug-eaten/missing crop. Observed value preserved; adjustment belongs in Script 05.,Inside,Microbes | Moisture,Moisture | Inside,Microbes | Inside,0.0,7.927807190706454,Yes,Day 7 cell had no current green evidence but showed visible green evidence earlier; treated as possible bug-eaten/missing crop.,Estimated from the latest prior observed green cover and the previous positive growth rate. Negative previous growth was not projected.,1.0751565726995702,4.702337472607743,6.0,5.0,Yes,7.927807190706454
7,Day 7,2026-07-07,10,8,3.0,Tray 5,5,M,Microbes,Moisture,Inside,Inside,Fixed,Scheduled watering,,No,Unwatered after Day 6; final photo,Yes,DJI_20260707125327_0005,25,3,5,1681.7864286064275,852.9638267249724,1539.9074469172645,711.0848450358093,1823.6654102955904,994.8428084141354,283.7579633783263,False,No,True,Yes,No,Yes,Day 3,3.0,2026-07-01,Yes,True,Yes,0,0,0.0,0.0,80656,global_lattice_fitted,0.2550228033527288,Yes,Possible Day 7 bug-eaten/missing crop. Observed value preserved; adjustment belongs in Script 05.,Inside,Microbes | Moisture,Moisture | Inside,Microbes | Inside,0.0,7.269933974443089,Yes,Day 7 cell had no current green evidence but showed visible green evidence earlier; treated as possible bug-eaten/missing crop.,Estimated from the latest prior observed green cover and the previous positive growth rate. Negative previous growth was not projected.,1.0734869241425047,4.049473202015575,6.0,5.0,Yes,7.269933974443089
7,Day 7,2026-07-07,10,8,3.0,Tray 5,5,M,Microbes,Moisture,Inside,Inside,Fixed,Scheduled watering,,No,Unwatered after Day 6; final photo,Yes,DJI_20260707125327_0005,26,3,6,2055.780555555556,853.3038888888889,1913.9015738663925,711.4249071997258,2197.659537244718,995.182870578052,283.7579633783263,False,No,True,Yes,No,Yes,Day 2,2.0,2026-06-30,Yes,True,Yes,0,0,0.0,0.0,80656,direct_cup_evidence,0.0064577930445688,No,Possible Day 7 bug-eaten/missing crop. Observed value preserved; adjustment belongs in Script 05.,Inside,Microbes | Moisture,Moisture | Inside,Microbes | Inside,0.0,12.236930964620917,Yes,Day 7 cell had no current green evidence but showed visible green evidence earlier; treated as possible bug-eaten/missing crop.,Estimated from the latest prior observed green cover and the previous positive growth rate. Negative previous growth was not projected.,1.8799874581363616,6.596968590211834,6.0,5.0,Yes,12.236930964620917
7,Day 7,2026-07-07,10,8,3.0,Tray 5,5,M,Microbes,Moisture,Inside,Inside,Fixed,Scheduled watering,,No,Unwatered after Day 6; final photo,Yes,DJI_20260707125327_0005,27,3,7,2421.4822222222224,857.4361111111111,2279.6032405330598,715.557129421948,2563.361203911385,999.3150928002742,283.7579633783263,False,No,True,Yes,No,Yes,Day 3,3.0,2026-07-01,Yes,True,Yes,0,0,0.0,0.0,80089,direct_cup_evidence,0.019000990802337,No,Possible Day 7 bug-eaten/missing crop. Observed value preserved; adjustment belongs in Script 05.,Inside,Microbes | Moisture,Moisture | Inside,Microbes | Inside,0.0,10.101218666175669,Yes,Day 7 cell had no current green evidence but showed visible green evidence earlier; treated as possible bug-eaten/missing crop.,Estimated from the latest prior observed green cover and the previous positive growth rate. Negative previous growth was not projected.,1.492605515947039,5.623402118334551,6.0,5.0,Yes,10.101218666175669
7,Day 7,2026-07-07,10,8,3.0,Tray 5,5,M,Microbes,Moisture,Inside,Inside,Fixed,Scheduled watering,,No,Unwatered after Day 6; final photo,Yes,DJI_20260707125327_0005,28,3,8,2797.5144444444445,851.2377777777778,2655.6354627552814,709.3587960886147,2939.393426133608,993.1167594669408,283.7579633783263,False,No,True,Yes,No,Yes,Day 3,3.0,2026-07-01,Yes,True,Yes,0,0,0.0,0.0,80372,direct_cup_evidence,0.006659661055538,No,Possible Day 7 bug-eaten/missing crop. Observed value preserved; adjustment belongs in Script 05.,Inside,Microbes | Moisture,Moisture | Inside,Microbes | Inside,0.0,7.7186400159373125,Yes,Day 7 cell had no current green evidence but showed visible green evidence earlier; treated as possible bug-eaten/missing crop.,Estimated from the latest prior observed green cover and the previous positive growth rate. Negative previous growth was not projected.,1.001629700954025,4.713750913075238,6.0,5.0,Yes,7.7186400159373125
7,Day 7,2026-07-07,10,8,3.0,Tray 5,5,M,Microbes,Moisture,Inside,Inside,Fixed,Scheduled watering,,No,Unwatered after Day 6; final photo,Yes,DJI_20260707125327_0005,30,3,10,3537.182222222222,857.4361111111111,3395.303240533059,715.557129421948,3679.061203911385,999.3150928002742,283.7579633783263,False,No,True,Yes,No,Yes,Day 3,3.0,2026-07-01,Yes,True,Yes,0,0,0.0,0.0,80372,direct_cup_evidence,0.0186970742053028,No,Possible Day 7 bug-eaten/missing crop. Observed value preserved; adjustment belongs in Script 05.,Inside,Microbes | Moisture,Moisture | Inside,Microbes | Inside,0.0,7.601737007192922,Yes,Day 7 cell had no current green evidence but showed visible green evidence earlier; treated as possible bug-eaten/missing crop.,Estimated from the latest prior observed green cover and the previous positive growth rate. Negative previous growth was not projected.,1.009063154461224,4.57454754380925,6.0,5.0,Yes,7.601737007192922
7,Day 7,2026-07-07,10,8,3.0,Tray 5,5,M,Microbes,Moisture,Inside,Inside,Fixed,Scheduled watering,,No,Unwatered after Day 6; final photo,Yes,DJI_20260707125327_0005,31,4,1,190.0822222222222,1171.485,48.20324053305907,1029.6060183108368,331.9612039113854,1313.363981689163,283.7579633783263,False,No,True,Yes,No,Yes,Day 3,3.0,2026-07-01,Yes,True,Yes,0,0,0.0,0.0,80372,direct_cup_evidence,0.0119224474565603,No,Possible Day 7 bug-eaten/missing crop. Observed value preserved; adjustment belongs in Script 05.,Inside,Microbes | Moisture,Moisture | Inside,Microbes | Inside,0.0,6.9397453557008255,Yes,Day 7 cell had no current green evidence but showed visible green evidence earlier; treated as possible bug-eaten/missing crop.,Estimated from the latest prior observed green cover and the previous positive growth rate. Negative previous growth was not projected.,0.9367875315204359,4.129382761139517,6.0,5.0,Yes,6.9397453557008255
7,Day 7,2026-07-07,10,8,3.0,Tray 5,5,M,Microbes,Moisture,Inside,Inside,Fixed,Scheduled watering,,No,Unwatered after Day 6; final photo,Yes,DJI_20260707125327_0005,33,4,3,927.6838888888888,1169.418888888889,785.8049071997258,1027.5399071997258,1069.562870578052,1311.297870578052,283.7579633783263,False,No,True,Yes,No,Yes,Day 2,2.0,2026-06-30,Yes,True,Yes,16,16,0.0199074304484148,0.0199074304484148,80372,direct_cup_evidence,0.0217372075684309,No,Possible Day 7 bug-eaten/missing crop. Observed value preserved; adjustment belongs in Script 05.,Inside,Microbes | Moisture,Moisture | Inside,Microbes | Inside,0.0199074304484148,13.163620889908499,Yes,Day 7 cell had no current green evidence but showed visible green evidence earlier; treated as possible bug-eaten/missing crop.,Estimated from the latest prior observed green cover and the previous positive growth rate. Negative previous growth was not projected.,1.6939212316252092,8.081857195032871,6.0,5.0,Yes,13.143713459460084
7,Day 7,2026-07-07,10,8,3.0,Tray 5,5,M,Microbes,Moisture,Inside,Inside,Fixed,Scheduled watering,,No,Unwatered after Day 6; final photo,Yes,DJI_20260707125327_0005,34,4,4,1299.5838888888889,1173.5511111111111,1157.7049071997258,1031.672129421948,1441.462870578052,1315.4300928002742,283.7579633783263,False,No,True,Yes,No,Yes,Day 2,2.0,2026-06-30,Yes,True,Yes,0,0,0.0,0.0,80089,direct_cup_evidence,0.0275542466495487,No,Possible Day 7 bug-eaten/missing crop. Observed value preserved; adjustment belongs in Script 05.,Inside,Microbes | Moisture,Moisture | Inside,Microbes | Inside,0.0,10.959101746965082,Yes,Day 7 cell had no current green evidence but showed visible green evidence earlier; treated as possible bug-eaten/missing crop.,Estimated from the latest prior observed green cover and the previous positive growth rate. Negative previous growth was not projected.,1.518720548233552,6.402940102264426,6.0,5.0,Yes,10.959101746965082
7,Day 7,2026-07-07,10,8,3.0,Tray 5,5,M,Microbes,Moisture,Inside,Inside,Fixed,Scheduled watering,,No,Unwatered after Day 6; final photo,Yes,DJI_20260707125327_0005,35,4,5,1677.6822222222222,1173.5511111111111,1535.8032405330591,1031.672129421948,1819.5612039113853,1315.4300928002742,283.7579633783263,False,No,True,Yes,No,Yes,Day 3,3.0,2026-07-01,Yes,True,Yes,0,0,0.0,0.0,80372,direct_cup_evidence,0.0169954539112709,No,Possible Day 7 bug-eaten/missing crop. Observed value preserved; adjustment belongs in Script 05.,Inside,Microbes | Moisture,Moisture | Inside,Microbes | Inside,0.0,6.665036977048612,Yes,Day 7 cell had no current green evidence but showed visible green evidence earlier; treated as possible bug-eaten/missing crop.,Estimated from the latest prior observed green cover and the previous positive growth rate. Negative previous growth was not projected.,0.8955223272098212,3.978469995419149,6.0,5.0,Yes,6.665036977048612
7,Day 7,2026-07-07,10,8,3.0,Tray 5,5,M,Microbes,Moisture,Inside,Inside,Fixed,Scheduled watering,,No,Unwatered after Day 6; final photo,Yes,DJI_20260707125327_0005,36,4,6,2053.7144444444443,1171.485,1911.8354627552808,1029.6060183108368,2195.5934261336074,1313.363981689163,283.7579633783263,False,No,True,Yes,No,Yes,Day 3,3.0,2026-07-01,Yes,True,Yes,0,0,0.0,0.0,80372,direct_cup_evidence,0.014705132227958,No,Possible Day 7 bug-eaten/missing crop. Observed value preserved; adjustment belongs in Script 05.,Inside,Microbes | Moisture,Moisture | Inside,Microbes | Inside,0.0,7.799432711134184,Yes,Day 7 cell had no current green evidence but showed visible green evidence earlier; treated as possible bug-eaten/missing crop.,Estimated from the latest prior observed green cover and the previous positive growth rate. Negative previous growth was not projected.,1.131662011576016,4.404446676406136,6.0,5.0,Yes,7.799432711134184
7,Day 7,2026-07-07,10,8,3.0,Tray 5,5,M,Microbes,Moisture,Inside,Inside,Fixed,Scheduled watering,,No,Unwatered after Day 6; final photo,Yes,DJI_20260707125327_0005,37,4,7,2421.4822222222224,1173.5511111111111,2279.6032405330598,1031.672129421948,2563.361203911385,1315.4300928002742,283.7579633783263,False,No,True,Yes,No,Yes,Day 3,3.0,2026-07-01,Yes,True,Yes,0,0,0.0,0.0,80089,direct_cup_evidence,0.0162894354840095,No,Possible Day 7 bug-eaten/missing crop. Observed value preserved; adjustment belongs in Script 05.,Inside,Microbes | Moisture,Moisture | Inside,Microbes | Inside,0.0,7.269462337029904,Yes,Day 7 cell had no current green evidence but showed visible green evidence earlier; treated as possible bug-eaten/missing crop.,Estimated from the latest prior observed green cover and the previous positive growth rate. Negative previous growth was not projected.,0.9808756852675771,4.326835281227173,6.0,5.0,Yes,7.269462337029904
7,Day 7,2026-07-07,10,8,3.0,Tray 5,5,M,Microbes,Moisture,Inside,Inside,Fixed,Scheduled watering,,No,Unwatered after Day 6; final photo,Yes,DJI_20260707125327_0005,38,4,8,2793.382222222222,1181.8155555555556,2651.503240533059,1039.9365738663923,2935.261203911385,1323.6945372447187,283.7579633783263,False,No,True,Yes,No,Yes,Day 1,1.0,2026-06-29,Yes,True,Yes,0,0,0.0,0.0,80372,direct_cup_evidence,0.0420118646787853,No,Possible Day 7 bug-eaten/missing crop. Observed value preserved; adjustment belongs in Script 05.,Inside,Microbes | Moisture,Moisture | Inside,Microbes | Inside,0.0,13.11966177982763,Yes,Day 7 cell had no current green evidence but showed visible green evidence earlier; treated as possible bug-eaten/missing crop.,Estimated from the latest prior observed green cover and the previous positive growth rate. Negative previous growth was not projected.,1.938733741559295,7.303460555149745,6.0,5.0,Yes,13.11966177982763
7,Day 7,2026-07-07,10,8,3.0,Tray 5,5,M,Microbes,Moisture,Inside,Inside,Fixed,Scheduled watering,,No,Unwatered after Day 6; final photo,Yes,DJI_20260707125327_0005,39,4,9,3159.083888888889,1171.485,3017.2049071997258,1029.6060183108368,3300.962870578052,1313.363981689163,283.7579633783263,False,No,True,Yes,No,Yes,Day 2,2.0,2026-06-30,Yes,True,Yes,0,0,0.0,0.0,80372,direct_cup_evidence,0.0242297457528425,No,Possible Day 7 bug-eaten/missing crop. Observed value preserved; adjustment belongs in Script 05.,Inside,Microbes | Moisture,Moisture | Inside,Microbes | Inside,0.0,11.19167751498195,Yes,Day 7 cell had no current green evidence but showed visible green evidence earlier; treated as possible bug-eaten/missing crop.,Estimated from the latest prior observed green cover and the previous positive growth rate. Negative previous growth was not projected.,1.7537512826905992,5.930423666910153,6.0,5.0,Yes,11.19167751498195
7,Day 7,2026-07-07,10,8,3.0,Tray 5,5,M,Microbes,Moisture,Inside,Inside,Fixed,Scheduled watering,,No,Unwatered after Day 6; final photo,Yes,DJI_20260707125327_0005,40,4,10,3537.182222222222,1171.485,3395.303240533059,1029.6060183108368,3679.061203911385,1313.363981689163,283.7579633783263,False,No,True,Yes,No,Yes,Day 3,3.0,2026-07-01,Yes,True,Yes,0,0,0.0,0.0,80372,direct_cup_evidence,0.0089569955309072,No,Possible Day 7 bug-eaten/missing crop. Observed value preserved; adjustment belongs in Script 05.,Inside,Microbes | Moisture,Moisture | Inside,Microbes | Inside,0.0,7.111850577792376,Yes,Day 7 cell had no current green evidence but showed visible green evidence earlier; treated as possible bug-eaten/missing crop.,Estimated from the latest prior observed green cover and the previous positive growth rate. Negative previous growth was not projected.,1.0043777387877166,4.098717361429226,6.0,5.0,Yes,7.111850577792376
7,Day 7,2026-07-07,10,8,3.0,Tray 5,5,M,Microbes,Moisture,Inside,Inside,Fixed,Scheduled watering,,No,Unwatered after Day 6; final photo,Yes,DJI_20260707125327_0005,43,5,3,927.6838888888888,1489.6661111111111,785.8049071997258,1347.787129421948,1069.562870578052,1631.5450928002742,283.7579633783263,False,No,True,Yes,No,Yes,Day 2,2.0,2026-06-30,Yes,True,Yes,0,0,0.0,0.0,80656,direct_cup_evidence,0.0227852178267418,No,Possible Day 7 bug-eaten/missing crop. Observed value preserved; adjustment belongs in Script 05.,Inside,Microbes | Moisture,Moisture | Inside,Microbes | Inside,0.0,6.517260014649447,Yes,Day 7 cell had no current green evidence but showed visible green evidence earlier; treated as possible bug-eaten/missing crop.,Estimated from the latest prior observed green cover and the previous positive growth rate. Negative previous growth was not projected.,0.6281815096311405,4.632715485756026,6.0,5.0,Yes,6.517260014649447
7,Day 7,2026-07-07,10,8,3.0,Tray 5,5,M,Microbes,Moisture,Inside,Inside,Fixed,Scheduled watering,,No,Unwatered after Day 6; final photo,Yes,DJI_20260707125327_0005,45,5,5,1677.6822222222222,1489.6661111111111,1535.8032405330591,1347.787129421948,1819.5612039113853,1631.5450928002742,283.7579633783263,False,No,True,Yes,No,Yes,Day 1,1.0,2026-06-29,Yes,True,Yes,0,0,0.0,0.0,80656,direct_cup_evidence,0.0215041419970905,No,Possible Day 7 bug-eaten/missing crop. Observed value preserved; adjustment belongs in Script 05.,Inside,Microbes | Moisture,Moisture | Inside,Microbes | Inside,0.0,9.248718834196982,Yes,Day 7 cell had no current green evidence but showed visible green evidence earlier; treated as possible bug-eaten/missing crop.,Estimated from the latest prior observed green cover and the previous positive growth rate. Negative previous growth was not projected.,1.3990433610946353,5.051588750913076,6.0,5.0,Yes,9.248718834196982
7,Day 7,2026-07-07,10,8,3.0,Tray 5,5,M,Microbes,Moisture,Inside,Inside,Fixed,Scheduled watering,,No,Unwatered after Day 6; final photo,Yes,DJI_20260707125327_0005,46,5,6,2051.648333333333,1489.6661111111111,1909.7693516441705,1347.787129421948,2193.527315022496,1631.5450928002742,283.7579633783263,False,No,True,Yes,No,Yes,Day 2,2.0,2026-06-30,Yes,True,Yes,0,0,0.0,0.0,80656,direct_cup_evidence,0.0245089246401687,No,Possible Day 7 bug-eaten/missing crop. Observed value preserved; adjustment belongs in Script 05.,Inside,Microbes | Moisture,Moisture | Inside,Microbes | Inside,0.0,9.082378094660402,Yes,Day 7 cell had no current green evidence but showed visible green evidence earlier; treated as possible bug-eaten/missing crop.,Estimated from the latest prior observed green cover and the previous positive growth rate. Negative previous growth was not projected.,1.1835447809549802,5.531743751795461,6.0,5.0,Yes,9.082378094660402
7,Day 7,2026-07-07,10,8,3.0,Tray 5,5,M,Microbes,Moisture,Inside,Inside,Fixed,Scheduled watering,,No,Unwatered after Day 6; final photo,Yes,DJI_20260707125327_0005,47,5,7,2413.217777777778,1493.7983333333334,2271.338796088615,1351.9193516441703,2555.096759466941,1635.6773150224965,283.7579633783263,False,No,True,Yes,No,Yes,Day 2,2.0,2026-06-30,Yes,True,Yes,0,0,0.0,0.0,80656,direct_cup_evidence,0.0364850241170912,No,Possible Day 7 bug-eaten/missing crop. Observed value preserved; adjustment belongs in Script 05.,Inside,Microbes | Moisture,Moisture | Inside,Microbes | Inside,0.0,10.44884617360395,Yes,Day 7 cell had no current green evidence but showed visible green evidence earlier; treated as possible bug-eaten/missing crop.,Estimated from the latest prior observed green cover and the previous positive growth rate. Negative previous growth was not projected.,1.513369347860679,5.908738130021914,6.0,5.0,Yes,10.44884617360395
7,Day 7,2026-07-07,10,8,3.0,Tray 5,5,M,Microbes,Moisture,Inside,Inside,Fixed,Scheduled watering,,No,Unwatered after Day 6; final photo,Yes,DJI_20260707125327_0005,48,5,8,2783.0516666666667,1489.6661111111111,2641.172684977504,1347.787129421948,2924.93064835583,1631.5450928002742,283.7579633783263,False,No,True,Yes,No,Yes,Day 2,2.0,2026-06-30,Yes,True,Yes,0,0,0.0,0.0,80656,direct_cup_evidence,0.0306356637666667,No,Possible Day 7 bug-eaten/missing crop. Observed value preserved; adjustment belongs in Script 05.,Inside,Microbes | Moisture,Moisture | Inside,Microbes | Inside,0.0,8.43255397328972,Yes,Day 7 cell had no current green evidence but showed visible green evidence earlier; treated as possible bug-eaten/missing crop.,Estimated from the latest prior observed green cover and the previous positive growth rate. Negative previous growth was not projected.,1.1938105548467641,4.851122308749427,6.0,5.0,Yes,8.43255397328972
7,Day 7,2026-07-07,10,8,3.0,Tray 5,5,M,Microbes,Moisture,Inside,Inside,Fixed,Scheduled watering,,No,Unwatered after Day 6; final photo,Yes,DJI_20260707125327_0005,49,5,9,3167.3483333333334,1485.533888888889,3025.4693516441703,1343.6549071997258,3309.2273150224964,1627.412870578052,283.7579633783263,False,No,True,Yes,No,Yes,Day 2,2.0,2026-06-30,Yes,True,Yes,0,0,0.0,0.0,80372,direct_cup_evidence,0.015405007850928,No,Possible Day 7 bug-eaten/missing crop. Observed value preserved; adjustment belongs in Script 05.,Inside,Microbes | Moisture,Moisture | Inside,Microbes | Inside,0.0,6.891847244273533,Yes,Day 7 cell had no current green evidence but showed visible green evidence earlier; treated as possible bug-eaten/missing crop.,Estimated from the latest prior observed green cover and the previous positive growth rate. Negative previous growth was not projected.,0.859569363869118,4.31313915266618,6.0,5.0,Yes,6.891847244273533
7,Day 7,2026-07-07,10,8,3.0,Tray 5,5,M,Microbes,Moisture,Inside,Inside,Fixed,Scheduled watering,,No,Unwatered after Day 6; final photo,Yes,DJI_20260707125327_0005,50,5,10,3530.983888888889,1427.6827777777778,3389.104907199726,1285.8037960886147,3672.862870578052,1569.5617594669409,283.7579633783263,False,No,True,Yes,No,Yes,Day 2,2.0,2026-06-30,Yes,True,Yes,0,0,0.0,0.0,80656,direct_cup_evidence,0.1793579325894952,No,Possible Day 7 bug-eaten/missing crop. Observed value preserved; adjustment belongs in Script 05.,Inside,Microbes | Moisture,Moisture | Inside,Microbes | Inside,0.0,8.392038513860548,Yes,Day 7 cell had no current green evidence but showed visible green evidence earlier; treated as possible bug-eaten/missing crop.,Estimated from the latest prior observed green cover and the previous positive growth rate. Negative previous growth was not projected.,1.147094224424733,4.950755840586349,6.0,5.0,Yes,8.392038513860548
7,Day 7,2026-07-07,10,8,3.0,Tray 5,5,M,Microbes,Moisture,Inside,Inside,Fixed,Scheduled watering,,No,Unwatered after Day 6; final photo,Yes,DJI_20260707125327_0005,54,6,4,1295.4516666666666,1799.5827777777777,1153.5726849775035,1657.7037960886146,1437.3306483558297,1941.4617594669407,283.7579633783263,False,No,True,Yes,No,Yes,Day 2,2.0,2026-06-30,Yes,True,Yes,0,0,0.0,0.0,80089,direct_cup_evidence,0.0129787288270321,No,Possible Day 7 bug-eaten/missing crop. Observed value preserved; adjustment belongs in Script 05.,Inside,Microbes | Moisture,Moisture | Inside,Microbes | Inside,0.0,7.889887824869976,Yes,Day 7 cell had no current green evidence but showed visible green evidence earlier; treated as possible bug-eaten/missing crop.,Estimated from the latest prior observed green cover and the previous positive growth rate. Negative previous growth was not projected.,0.870770984233503,5.277574872169467,6.0,5.0,Yes,7.889887824869976
7,Day 7,2026-07-07,10,8,3.0,Tray 5,5,M,Microbes,Moisture,Inside,Inside,Fixed,Scheduled watering,,No,Unwatered after Day 6; final photo,Yes,DJI_20260707125327_0005,56,6,6,2072.3094444444446,1776.8555555555556,1930.4304627552813,1634.9765738663923,2214.188426133608,1918.7345372447187,283.7579633783263,False,No,True,Yes,No,Yes,Day 2,2.0,2026-06-30,Yes,True,Yes,0,0,0.0,0.0,80656,direct_cup_evidence,0.1153519912556855,No,Possible Day 7 bug-eaten/missing crop. Observed value preserved; adjustment belongs in Script 05.,Inside,Microbes | Moisture,Moisture | Inside,Microbes | Inside,0.0,11.4180215053494,Yes,Day 7 cell had no current green evidence but showed visible green evidence earlier; treated as possible bug-eaten/missing crop.,Estimated from the latest prior observed green cover and the previous positive growth rate. Negative previous growth was not projected.,1.6127243586129358,6.579848429510592,6.0,5.0,Yes,11.4180215053494
7,Day 7,2026-07-07,10,8,3.0,Tray 5,5,M,Microbes,Moisture,Inside,Inside,Fixed,Scheduled watering,,No,Unwatered after Day 6; final photo,Yes,DJI_20260707125327_0005,57,6,7,2388.4244444444444,1783.0538888888889,2246.5454627552813,1641.1749071997258,2530.3034261336074,1924.932870578052,283.7579633783263,False,No,True,Yes,No,Yes,Day 2,2.0,2026-06-30,Yes,True,Yes,0,0,0.0,0.0,80372,direct_cup_evidence,0.0992541905895547,No,Possible Day 7 bug-eaten/missing crop. Observed value preserved; adjustment belongs in Script 05.,Inside,Microbes | Moisture,Moisture | Inside,Microbes | Inside,0.0,11.94086355055153,Yes,Day 7 cell had no current green evidence but showed visible green evidence earlier; treated as possible bug-eaten/missing crop.,Estimated from the latest prior observed green cover and the previous positive growth rate. Negative previous growth was not projected.,1.839884735204457,6.421209344938158,6.0,5.0,Yes,11.94086355055153
7,Day 7,2026-07-07,10,8,3.0,Tray 5,5,M,Microbes,Moisture,Inside,Inside,Fixed,Scheduled watering,,No,Unwatered after Day 6; final photo,Yes,DJI_20260707125327_0005,58,6,8,2770.655,1807.8472222222224,2628.7760183108367,1665.968240533059,2912.533981689163,1949.7262039113853,283.7579633783263,False,No,True,Yes,No,Yes,Day 2,2.0,2026-06-30,Yes,True,Yes,0,0,0.0,0.0,80656,direct_cup_evidence,0.0596303359559075,No,Possible Day 7 bug-eaten/missing crop. Observed value preserved; adjustment belongs in Script 05.,Inside,Microbes | Moisture,Moisture | Inside,Microbes | Inside,0.0,9.513872958283281,Yes,Day 7 cell had no current green evidence but showed visible green evidence earlier; treated as possible bug-eaten/missing crop.,Estimated from the latest prior observed green cover and the previous positive growth rate. Negative previous growth was not projected.,1.255735227633263,5.746667275383492,6.0,5.0,Yes,9.513872958283281
7,Day 7,2026-07-07,10,8,3.0,Tray 5,5,M,Microbes,Moisture,Inside,Inside,Fixed,Scheduled watering,,No,Unwatered after Day 6; final photo,Yes,DJI_20260707125327_0005,60,6,10,3528.9177777777777,1791.3183333333334,3387.0387960886146,1649.4393516441703,3670.796759466941,1933.1973150224965,283.7579633783263,False,No,True,Yes,No,Yes,Day 3,3.0,2026-07-01,Yes,True,Yes,0,0,0.0,0.0,80656,direct_cup_evidence,0.0266099213605072,No,Possible Day 7 bug-eaten/missing crop. Observed value preserved; adjustment belongs in Script 05.,Inside,Microbes | Moisture,Moisture | Inside,Microbes | Inside,0.0,7.945792148367364,Yes,Day 7 cell had no current green evidence but showed visible green evidence earlier; treated as possible bug-eaten/missing crop.,Estimated from the latest prior observed green cover and the previous positive growth rate. Negative previous growth was not projected.,1.1599042978122527,4.466079254930606,6.0,5.0,Yes,7.945792148367364
7,Day 7,2026-07-07,10,8,3.0,Tray 5,5,M,Microbes,Moisture,Inside,Inside,Fixed,Scheduled watering,,No,Unwatered after Day 6; final photo,Yes,DJI_20260707125327_0005,62,7,2,551.6516666666666,2113.6316666666667,409.7726849775035,1971.752684977504,693.5306483558297,2255.5106483558297,283.7579633783263,False,No,True,Yes,No,Yes,Day 2,2.0,2026-06-30,Yes,True,Yes,0,0,0.0,0.0,80656,direct_cup_evidence,0.0012199165389047,No,Possible Day 7 bug-eaten/missing crop. Observed value preserved; adjustment belongs in Script 05.,Inside,Microbes | Moisture,Moisture | Inside,Microbes | Inside,0.0,12.507783426023028,Yes,Day 7 cell had no current green evidence but showed visible green evidence earlier; treated as possible bug-eaten/missing crop.,Estimated from the latest prior observed green cover and the previous positive growth rate. Negative previous growth was not projected.,1.983049506643498,6.558634906092534,6.0,5.0,Yes,12.507783426023028
7,Day 7,2026-07-07,10,8,3.0,Tray 5,5,M,Microbes,Moisture,Inside,Inside,Fixed,Scheduled watering,,No,Unwatered after Day 6; final photo,Yes,DJI_20260707125327_0005,63,7,3,900.8244444444445,2105.367222222222,758.9454627552814,1963.488240533059,1042.7034261336075,2247.246203911385,283.7579633783263,False,No,True,Yes,No,Yes,Day 3,3.0,2026-07-01,Yes,True,Yes,0,0,0.0,0.0,80656,direct_cup_evidence,0.0782236637769863,No,Possible Day 7 bug-eaten/missing crop. Observed value preserved; adjustment belongs in Script 05.,Inside,Microbes | Moisture,Moisture | Inside,Microbes | Inside,0.0,4.59122778686661,Yes,Day 7 cell had no current green evidence but showed visible green evidence earlier; treated as possible bug-eaten/missing crop.,Estimated from the latest prior observed green cover and the previous positive growth rate. Negative previous growth was not projected.,0.528689637258434,3.005158875091308,6.0,5.0,Yes,4.59122778686661
7,Day 7,2026-07-07,10,8,3.0,Tray 5,5,M,Microbes,Moisture,Inside,Inside,Fixed,Scheduled watering,,No,Unwatered after Day 6; final photo,Yes,DJI_20260707125327_0005,65,7,5,1667.3516666666667,2123.9622222222224,1525.4726849775036,1982.083240533059,1809.2306483558295,2265.841203911385,283.7579633783263,False,No,True,Yes,No,Yes,Day 2,2.0,2026-06-30,Yes,True,Yes,0,0,0.0,0.0,80656,direct_cup_evidence,0.0315443468556192,No,Possible Day 7 bug-eaten/missing crop. Observed value preserved; adjustment belongs in Script 05.,Inside,Microbes | Moisture,Moisture | Inside,Microbes | Inside,0.0,5.72719567777682,Yes,Day 7 cell had no current green evidence but showed visible green evidence earlier; treated as possible bug-eaten/missing crop.,Estimated from the latest prior observed green cover and the previous positive growth rate. Negative previous growth was not projected.,0.5649423868703352,4.032368517165814,6.0,5.0,Yes,5.72719567777682
7,Day 7,2026-07-07,10,8,3.0,Tray 5,5,M,Microbes,Moisture,Inside,Inside,Fixed,Scheduled watering,,No,Unwatered after Day 6; final photo,Yes,DJI_20260707125327_0005,66,7,6,2066.111111111111,2117.7638888888887,1924.232129421948,1975.8849071997256,2207.990092800274,2259.642870578052,283.7579633783263,False,No,True,Yes,No,Yes,Day 3,3.0,2026-07-01,Yes,True,Yes,0,0,0.0,0.0,80656,direct_cup_evidence,0.0838750076714674,No,Possible Day 7 bug-eaten/missing crop. Observed value preserved; adjustment belongs in Script 05.,Inside,Microbes | Moisture,Moisture | Inside,Microbes | Inside,0.0,6.566491874384995,Yes,Day 7 cell had no current green evidence but showed visible green evidence earlier; treated as possible bug-eaten/missing crop.,Estimated from the latest prior observed green cover and the previous positive growth rate. Negative previous growth was not projected.,0.9367762055108493,3.756163257852447,6.0,5.0,Yes,6.566491874384995
7,Day 7,2026-07-07,10,8,3.0,Tray 5,5,M,Microbes,Moisture,Inside,Inside,Fixed,Scheduled watering,,No,Unwatered after Day 6; final photo,Yes,DJI_20260707125327_0005,68,7,8,2791.3161111111112,2121.896111111111,2649.437129421948,1980.017129421948,2933.1950928002743,2263.7750928002743,283.7579633783263,False,No,True,Yes,No,Yes,Day 2,2.0,2026-06-30,Yes,True,Yes,0,0,0.0,0.0,80656,direct_cup_evidence,0.0335488318425735,No,Possible Day 7 bug-eaten/missing crop. Observed value preserved; adjustment belongs in Script 05.,Inside,Microbes | Moisture,Moisture | Inside,Microbes | Inside,0.0,10.72010939361781,Yes,Day 7 cell had no current green evidence but showed visible green evidence earlier; treated as possible bug-eaten/missing crop.,Estimated from the latest prior observed green cover and the previous positive growth rate. Negative previous growth was not projected.,1.602268629136299,5.913303506208912,6.0,5.0,Yes,10.72010939361781
7,Day 7,2026-07-07,10,8,3.0,Tray 7,7,M,Microbes,Ideal,Outside,Outside,Fixed,Daily watering,,Daily watering,Daily watering control,Yes,DJI_20260707125452_0007,1,1,1,200.89777777777775,234.0355555555556,58.94086814678555,92.07864592456332,342.85468740877,375.9924651865478,283.9138192619845,False,No,True,Yes,No,Yes,Day 3,3.0,2026-07-01,Yes,True,Yes,0,0,0.0,0.0,80656,direct_cup_evidence,0.0183961761400247,No,Possible Day 7 bug-eaten/missing crop. Observed value preserved; adjustment belongs in Script 05.,Outside,Microbes | Ideal,Ideal | Outside,Microbes | Outside,0.0,0.2598664528035759,Yes,Day 7 cell had no current green evidence but showed visible green evidence earlier; treated as possible bug-eaten/missing crop.,Estimated from the latest prior observed green cover and the previous positive growth rate. Negative previous growth was not projected.,0.0034862653295038987,0.2494076568150642,6.0,5.0,Yes,0.2598664528035759
7,Day 7,2026-07-07,10,8,3.0,Tray 7,7,M,Microbes,Ideal,Outside,Outside,Fixed,Daily watering,,Daily watering,Daily watering control,Yes,DJI_20260707125452_0007,64,7,4,1313.0844444444444,2131.173333333333,1171.1275348134525,1989.2164237023408,1455.0413540754366,2273.1302429643256,283.9138192619845,False,No,True,Yes,No,Yes,Day 5,5.0,2026-07-03,Yes,True,Yes,0,0,0.0,0.0,80656,direct_cup_evidence,0.0247743402525583,No,Possible Day 7 bug-eaten/missing crop. Observed value preserved; adjustment belongs in Script 05.,Outside,Microbes | Ideal,Ideal | Outside,Microbes | Outside,0.0,0.05005005005005,Yes,Day 7 cell had no current green evidence but showed visible green evidence earlier; treated as possible bug-eaten/missing crop.,Estimated from the latest prior observed green cover and the previous positive growth rate. Negative previous growth was not projected.,0.0,0.05005005005005,6.0,5.0,Yes,0.05005005005005
7,Day 7,2026-07-07,10,8,3.0,Tray 8,8,M,Microbes,Heat,Dynamic,Inside,Dynamic,Daily watering,Inside recovery; final photo,Daily watering,Daily watering control,Yes,DJI_20260707125545_0008,9,1,9,3170.871111111111,231.96444444444444,3028.5992869752936,89.69262030862663,3313.142935246929,374.2362685802623,284.5436482716356,False,No,True,Yes,No,Yes,Day 3,3.0,2026-07-01,Yes,True,Yes,0,0,0.0,0.0,80656,direct_cup_evidence,0.0141481322059428,No,Possible Day 7 bug-eaten/missing crop. Observed value preserved; adjustment belongs in Script 05.,Dynamic Heat,Microbes | Heat,Heat | Dynamic Heat,Microbes | Dynamic Heat,0.0,4.067245847249423,Yes,Day 7 cell had no current green evidence but showed visible green evidence earlier; treated as possible bug-eaten/missing crop.,Estimated from the latest prior observed green cover and the previous positive growth rate. Negative previous growth was not projected.,0.5758028852919725,1.7640343060815329,5.0,4.0,Yes,4.067245847249423
7,Day 7,2026-07-07,10,8,3.0,Tray 8,8,M,Microbes,Heat,Dynamic,Inside,Dynamic,Daily watering,Inside recovery; final photo,Daily watering,Daily watering control,Yes,DJI_20260707125545_0008,19,2,9,3166.728888888889,544.7022222222222,3024.457064753072,402.4303980864044,3309.000713024707,686.9740463580401,284.5436482716356,False,No,True,Yes,No,Yes,Day 2,2.0,2026-06-30,Yes,True,Yes,0,0,0.0,0.0,81225,direct_cup_evidence,0.0245450177809095,No,Possible Day 7 bug-eaten/missing crop. Observed value preserved; adjustment belongs in Script 05.,Dynamic Heat,Microbes | Heat,Heat | Dynamic Heat,Microbes | Dynamic Heat,0.0,0.0090693693387296,Yes,Day 7 cell had no current green evidence but showed visible green evidence earlier; treated as possible bug-eaten/missing crop.,Estimated from the latest prior observed green cover and the previous positive growth rate. Negative previous growth was not projected.,0.0,0.0090693693387296,6.0,5.0,Yes,0.0090693693387296
7,Day 7,2026-07-07,10,8,3.0,Tray 8,8,M,Microbes,Heat,Dynamic,Inside,Dynamic,Daily watering,Inside recovery; final photo,Daily watering,Daily watering control,Yes,DJI_20260707125545_0008,29,3,9,3166.728888888889,855.3688888888889,3024.457064753072,713.0970647530711,3309.000713024707,997.6407130247068,284.5436482716356,False,No,True,Yes,No,Yes,Day 1,1.0,2026-06-29,Yes,True,Yes,0,0,0.0,0.0,81225,direct_cup_evidence,0.0328996850053799,No,Possible Day 7 bug-eaten/missing crop. Observed value preserved; adjustment belongs in Script 05.,Dynamic Heat,Microbes | Heat,Heat | Dynamic Heat,Microbes | Dynamic Heat,0.0,4.426451130228748,Yes,Day 7 cell had no current green evidence but showed visible green evidence earlier; treated as possible bug-eaten/missing crop.,Estimated from the latest prior observed green cover and the previous positive growth rate. Negative previous growth was not projected.,0.29943133902856145,3.228725774114502,5.0,4.0,Yes,4.426451130228748
7,Day 7,2026-07-07,10,8,3.0,Tray 8,8,M,Microbes,Heat,Dynamic,Inside,Dynamic,Daily watering,Inside recovery; final photo,Daily watering,Daily watering control,Yes,DJI_20260707125545_0008,40,4,10,3537.4577777777777,1178.4622222222222,3395.18595364196,1036.1903980864045,3679.729601913596,1320.73404635804,284.5436482716356,False,No,True,Yes,No,Yes,Day 3,3.0,2026-07-01,Yes,True,Yes,0,0,0.0,0.0,81225,direct_cup_evidence,0.0219010881934349,No,Possible Day 7 bug-eaten/missing crop. Observed value preserved; adjustment belongs in Script 05.,Dynamic Heat,Microbes | Heat,Heat | Dynamic Heat,Microbes | Dynamic Heat,0.0,4.806759755757884,Yes,Day 7 cell had no current green evidence but showed visible green evidence earlier; treated as possible bug-eaten/missing crop.,Estimated from the latest prior observed green cover and the previous positive growth rate. Negative previous growth was not projected.,0.6813207030294688,2.081476943640009,5.0,4.0,Yes,4.806759755757884
7,Day 7,2026-07-07,10,8,3.0,Tray 8,8,M,Microbes,Heat,Dynamic,Inside,Dynamic,Daily watering,Inside recovery; final photo,Daily watering,Daily watering control,Yes,DJI_20260707125545_0008,50,5,10,3539.528888888889,1489.128888888889,3397.257064753071,1346.8570647530712,3681.8007130247065,1631.4007130247066,284.5436482716356,False,No,True,Yes,No,Yes,Day 2,2.0,2026-06-30,Yes,True,Yes,0,0,0.0,0.0,80940,direct_cup_evidence,0.0299798070712809,No,Possible Day 7 bug-eaten/missing crop. Observed value preserved; adjustment belongs in Script 05.,Dynamic Heat,Microbes | Heat,Heat | Dynamic Heat,Microbes | Dynamic Heat,0.0,2.723909897546096,Yes,Day 7 cell had no current green evidence but showed visible green evidence earlier; treated as possible bug-eaten/missing crop.,Estimated from the latest prior observed green cover and the previous positive growth rate. Negative previous growth was not projected.,0.19534384478173883,1.9425345184191405,5.0,4.0,Yes,2.723909897546096
7,Day 7,2026-07-07,10,8,3.0,Tray 8,8,M,Microbes,Heat,Dynamic,Inside,Dynamic,Daily watering,Inside recovery; final photo,Daily watering,Daily watering control,Yes,DJI_20260707125545_0008,60,6,10,3533.315555555556,1810.151111111111,3391.043731419738,1667.879286975293,3675.587379691373,1952.422935246929,284.5436482716356,False,No,True,Yes,No,Yes,Day 4,4.0,2026-07-02,Yes,True,Yes,0,0,0.0,0.0,80940,direct_cup_evidence,0.0250138397954259,No,Possible Day 7 bug-eaten/missing crop. Observed value preserved; adjustment belongs in Script 05.,Dynamic Heat,Microbes | Heat,Heat | Dynamic Heat,Microbes | Dynamic Heat,0.0,3.509945608127908,Yes,Day 7 cell had no current green evidence but showed visible green evidence earlier; treated as possible bug-eaten/missing crop.,Estimated from the latest prior observed green cover and the previous positive growth rate. Negative previous growth was not projected.,0.5269768230611594,1.40203831588327,5.0,4.0,Yes,3.509945608127908
7,Day 7,2026-07-07,10,8,3.0,Tray 8,8,M,Microbes,Heat,Dynamic,Inside,Dynamic,Daily watering,Inside recovery; final photo,Daily watering,Daily watering control,Yes,DJI_20260707125545_0008,69,7,9,3166.728888888889,2118.746666666667,3024.457064753072,1976.474842530849,3309.000713024707,2261.0184908024844,284.5436482716356,False,No,True,Yes,No,Yes,Day 2,2.0,2026-06-30,Yes,True,Yes,0,0,0.0,0.0,81225,direct_cup_evidence,0.032695476716795,No,Possible Day 7 bug-eaten/missing crop. Observed value preserved; adjustment belongs in Script 05.,Dynamic Heat,Microbes | Heat,Heat | Dynamic Heat,Microbes | Dynamic Heat,0.0,0.0147377251754356,Yes,Day 7 cell had no current green evidence but showed visible green evidence earlier; treated as possible bug-eaten/missing crop.,Estimated from the latest prior observed green cover and the previous positive growth rate. Negative previous growth was not projected.,0.0,0.0147377251754356,6.0,5.0,Yes,0.0147377251754356
7,Day 7,2026-07-07,10,8,3.0,Tray 8,8,M,Microbes,Heat,Dynamic,Inside,Dynamic,Daily watering,Inside recovery; final photo,Daily watering,Daily watering control,Yes,DJI_20260707125545_0008,70,7,10,3533.315555555556,2120.817777777778,3391.043731419738,1978.54595364196,3675.587379691373,2263.089601913596,284.5436482716356,False,No,True,Yes,No,Yes,Day 2,2.0,2026-06-30,Yes,True,Yes,0,0,0.0,0.0,80940,direct_cup_evidence,0.0348585422792858,No,Possible Day 7 bug-eaten/missing crop. Observed value preserved; adjustment belongs in Script 05.,Dynamic Heat,Microbes | Heat,Heat | Dynamic Heat,Microbes | Dynamic Heat,0.0,6.6962283482617355,Yes,Day 7 cell had no current green evidence but showed visible green evidence earlier; treated as possible bug-eaten/missing crop.,Estimated from the latest prior observed green cover and the previous positive growth rate. Negative previous growth was not projected.,0.8819112588295641,3.168583312943479,5.0,4.0,Yes,6.6962283482617355
7,Day 7,2026-07-07,10,8,3.0,Tray 9,9,M,Microbes,Ideal,Inside,Inside,Fixed,Daily watering,,Daily watering,Daily watering control,Yes,DJI_20260707125629_0009,1,1,1,187.86444444444444,241.54,45.492509680790086,99.16806523634564,330.23637920809875,383.9119347636543,284.7438695273087,False,No,True,Yes,No,Yes,Day 2,2.0,2026-06-30,Yes,True,Yes,0,0,0.0,0.0,81225,direct_cup_evidence,0.0195320417497965,No,Possible Day 7 bug-eaten/missing crop. Observed value preserved; adjustment belongs in Script 05.,Inside,Microbes | Ideal,Ideal | Inside,Microbes | Inside,0.0,9.417125299681723,Yes,Day 7 cell had no current green evidence but showed visible green evidence earlier; treated as possible bug-eaten/missing crop.,Estimated from the latest prior observed green cover and the previous positive growth rate. Negative previous growth was not projected.,1.1201103712203913,4.936683814800158,5.0,4.0,Yes,9.417125299681723
7,Day 7,2026-07-07,10,8,3.0,Tray 9,9,M,Microbes,Ideal,Inside,Inside,Fixed,Daily watering,,Daily watering,Daily watering control,Yes,DJI_20260707125629_0009,4,1,4,1290.2777777777776,237.4111111111111,1147.905843014123,95.03917634745676,1432.649712541432,379.78304587476543,284.7438695273087,False,No,True,Yes,No,Yes,Day 3,3.0,2026-07-01,Yes,True,Yes,0,0,0.0,0.0,81225,direct_cup_evidence,0.0105675044728047,No,Possible Day 7 bug-eaten/missing crop. Observed value preserved; adjustment belongs in Script 05.,Inside,Microbes | Ideal,Ideal | Inside,Microbes | Inside,0.0,1.1074197120708749,Yes,Day 7 cell had no current green evidence but showed visible green evidence earlier; treated as possible bug-eaten/missing crop.,Estimated from the latest prior observed green cover and the previous positive growth rate. Negative previous growth was not projected.,0.0,1.1074197120708749,6.0,5.0,Yes,1.1074197120708749
7,Day 7,2026-07-07,10,8,3.0,Tray 9,9,M,Microbes,Ideal,Inside,Inside,Fixed,Daily watering,,Daily watering,Daily watering control,Yes,DJI_20260707125629_0009,5,1,5,1657.7488888888888,233.2822222222222,1515.3769541252343,90.91028745856786,1800.120823652543,375.6541569858765,284.7438695273087,False,No,True,Yes,No,Yes,Day 2,2.0,2026-06-30,Yes,True,Yes,0,0,0.0,0.0,81225,direct_cup_evidence,0.0254728465610046,No,Possible Day 7 bug-eaten/missing crop. Observed value preserved; adjustment belongs in Script 05.,Inside,Microbes | Ideal,Ideal | Inside,Microbes | Inside,0.0,4.217054263565891,Yes,Day 7 cell had no current green evidence but showed visible green evidence earlier; treated as possible bug-eaten/missing crop.,Estimated from the latest prior observed green cover and the previous positive growth rate. Negative previous growth was not projected.,0.0,4.217054263565891,6.0,5.0,Yes,4.217054263565891
7,Day 7,2026-07-07,10,8,3.0,Tray 9,9,M,Microbes,Ideal,Inside,Inside,Fixed,Daily watering,,Daily watering,Daily watering control,Yes,DJI_20260707125629_0009,6,1,6,2035.542222222222,231.21777777777777,1893.170287458568,88.84584301412342,2177.9141569858766,373.5897125414321,284.7438695273087,False,No,True,Yes,No,Yes,Day 1,1.0,2026-06-29,Yes,True,Yes,0,0,0.0,0.0,81225,direct_cup_evidence,0.0238701377896897,No,Possible Day 7 bug-eaten/missing crop. Observed value preserved; adjustment belongs in Script 05.,Inside,Microbes | Ideal,Ideal | Inside,Microbes | Inside,0.0,4.419796140644186,Yes,Day 7 cell had no current green evidence but showed visible green evidence earlier; treated as possible bug-eaten/missing crop.,Estimated from the latest prior observed green cover and the previous positive growth rate. Negative previous growth was not projected.,0.15944618027948154,3.941457599805741,6.0,5.0,Yes,4.419796140644186
7,Day 7,2026-07-07,10,8,3.0,Tray 9,9,M,Microbes,Ideal,Inside,Inside,Fixed,Daily watering,,Daily watering,Daily watering control,Yes,DJI_20260707125629_0009,7,1,7,2407.1422222222222,233.2822222222222,2264.7702874585675,90.91028745856786,2549.5141569858765,375.6541569858765,284.7438695273087,False,No,True,Yes,No,Yes,Day 2,2.0,2026-06-30,Yes,True,Yes,0,0,0.0,0.0,81225,direct_cup_evidence,0.0181980199314163,No,Possible Day 7 bug-eaten/missing crop. Observed value preserved; adjustment belongs in Script 05.,Inside,Microbes | Ideal,Ideal | Inside,Microbes | Inside,0.0,11.191181769442691,Yes,Day 7 cell had no current green evidence but showed visible green evidence earlier; treated as possible bug-eaten/missing crop.,Estimated from the latest prior observed green cover and the previous positive growth rate. Negative previous growth was not projected.,1.3092291016969835,5.954265362654757,5.0,4.0,Yes,11.191181769442691
7,Day 7,2026-07-07,10,8,3.0,Tray 9,9,M,Microbes,Ideal,Inside,Inside,Fixed,Daily watering,,Daily watering,Daily watering control,Yes,DJI_20260707125629_0009,12,2,2,551.2066666666666,555.3355555555555,408.8347319030123,412.9636207919012,693.578601430321,697.7074903192098,284.7438695273087,False,No,True,Yes,No,Yes,Day 2,2.0,2026-06-30,Yes,True,Yes,0,0,0.0,0.0,81225,direct_cup_evidence,0.0150915816265199,No,Possible Day 7 bug-eaten/missing crop. Observed value preserved; adjustment belongs in Script 05.,Inside,Microbes | Ideal,Ideal | Inside,Microbes | Inside,0.0,0.0122222222222222,Yes,Day 7 cell had no current green evidence but showed visible green evidence earlier; treated as possible bug-eaten/missing crop.,Estimated from the latest prior observed green cover and the previous positive growth rate. Negative previous growth was not projected.,0.0,0.0122222222222222,6.0,5.0,Yes,0.0122222222222222
7,Day 7,2026-07-07,10,8,3.0,Tray 9,9,M,Microbes,Ideal,Inside,Inside,Fixed,Daily watering,,Daily watering,Daily watering control,Yes,DJI_20260707125629_0009,13,2,3,926.9355555555557,555.3355555555555,784.5636207919011,412.9636207919012,1069.3074903192098,697.7074903192098,284.7438695273087,False,No,True,Yes,No,Yes,Day 2,2.0,2026-06-30,Yes,True,Yes,0,0,0.0,0.0,80940,direct_cup_evidence,0.0023186641165201,No,Possible Day 7 bug-eaten/missing crop. Observed value preserved; adjustment belongs in Script 05.,Inside,Microbes | Ideal,Ideal | Inside,Microbes | Inside,0.0,3.6065517877575584,Yes,Day 7 cell had no current green evidence but showed visible green evidence earlier; treated as possible bug-eaten/missing crop.,Estimated from the latest prior observed green cover and the previous positive growth rate. Negative previous growth was not projected.,0.017613977240706902,3.5537098560354377,6.0,5.0,Yes,3.6065517877575584
7,Day 7,2026-07-07,10,8,3.0,Tray 9,9,M,Microbes,Ideal,Inside,Inside,Fixed,Daily watering,,Daily watering,Daily watering control,Yes,DJI_20260707125629_0009,14,2,4,1296.471111111111,559.4644444444444,1154.0991763474567,417.0925096807901,1438.8430458747653,701.8363792080987,284.7438695273087,False,No,True,Yes,No,Yes,Day 3,3.0,2026-07-01,Yes,True,Yes,0,0,0.0,0.0,81225,direct_cup_evidence,0.0125580078382766,No,Possible Day 7 bug-eaten/missing crop. Observed value preserved; adjustment belongs in Script 05.,Inside,Microbes | Ideal,Ideal | Inside,Microbes | Inside,0.0,5.378817126891715,Yes,Day 7 cell had no current green evidence but showed visible green evidence earlier; treated as possible bug-eaten/missing crop.,Estimated from the latest prior observed green cover and the previous positive growth rate. Negative previous growth was not projected.,0.7270888144834013,2.4704618689581093,5.0,4.0,Yes,5.378817126891715
7,Day 7,2026-07-07,10,8,3.0,Tray 9,9,M,Microbes,Ideal,Inside,Inside,Fixed,Daily watering,,Daily watering,Daily watering control,Yes,DJI_20260707125629_0009,15,2,5,1655.6844444444444,551.2066666666666,1513.31250968079,408.8347319030123,1798.0563792080986,693.578601430321,284.7438695273087,False,No,True,Yes,No,Yes,Day 2,2.0,2026-06-30,Yes,True,Yes,0,0,0.0,0.0,81225,direct_cup_evidence,0.0384822873526464,No,Possible Day 7 bug-eaten/missing crop. Observed value preserved; adjustment belongs in Script 05.,Inside,Microbes | Ideal,Ideal | Inside,Microbes | Inside,0.0,0.0739506186465933,Yes,Day 7 cell had no current green evidence but showed visible green evidence earlier; treated as possible bug-eaten/missing crop.,Estimated from the latest prior observed green cover and the previous positive growth rate. Negative previous growth was not projected.,0.0,0.0739506186465933,6.0,5.0,Yes,0.0739506186465933
7,Day 7,2026-07-07,10,8,3.0,Tray 9,9,M,Microbes,Ideal,Inside,Inside,Fixed,Daily watering,,Daily watering,Daily watering control,Yes,DJI_20260707125629_0009,17,2,7,2409.2066666666665,551.2066666666666,2266.834731903012,408.8347319030123,2551.578601430321,693.578601430321,284.7438695273087,False,No,True,Yes,No,Yes,Day 2,2.0,2026-06-30,Yes,True,Yes,0,0,0.0,0.0,81225,direct_cup_evidence,0.0116697234862004,No,Possible Day 7 bug-eaten/missing crop. Observed value preserved; adjustment belongs in Script 05.,Inside,Microbes | Ideal,Ideal | Inside,Microbes | Inside,0.0,4.393889953069424,Yes,Day 7 cell had no current green evidence but showed visible green evidence earlier; treated as possible bug-eaten/missing crop.,Estimated from the latest prior observed green cover and the previous positive growth rate. Negative previous growth was not projected.,0.19183559528301553,3.818383167220377,6.0,5.0,Yes,4.393889953069424
7,Day 7,2026-07-07,10,8,3.0,Tray 9,9,M,Microbes,Ideal,Inside,Inside,Fixed,Daily watering,,Daily watering,Daily watering control,Yes,DJI_20260707125629_0009,18,2,8,2780.8066666666664,547.0777777777778,2638.434731903012,404.70584301412345,2923.178601430321,689.4497125414321,284.7438695273087,False,No,True,Yes,No,Yes,Day 2,2.0,2026-06-30,Yes,True,Yes,0,0,0.0,0.0,80940,direct_cup_evidence,0.0244310270098151,No,Possible Day 7 bug-eaten/missing crop. Observed value preserved; adjustment belongs in Script 05.,Inside,Microbes | Ideal,Ideal | Inside,Microbes | Inside,0.0,8.0759415103553,Yes,Day 7 cell had no current green evidence but showed visible green evidence earlier; treated as possible bug-eaten/missing crop.,Estimated from the latest prior observed green cover and the previous positive growth rate. Negative previous growth was not projected.,0.9865640988280129,4.129685115043247,5.0,4.0,Yes,8.0759415103553
7,Day 7,2026-07-07,10,8,3.0,Tray 9,9,M,Microbes,Ideal,Inside,Inside,Fixed,Daily watering,,Daily watering,Daily watering control,Yes,DJI_20260707125629_0009,19,2,9,3154.471111111111,549.1422222222222,3012.0991763474563,406.7702874585679,3296.8430458747657,691.5141569858765,284.7438695273087,False,No,True,Yes,No,Yes,Day 2,2.0,2026-06-30,Yes,True,Yes,0,0,0.0,0.0,81225,direct_cup_evidence,0.0238559782492897,No,Possible Day 7 bug-eaten/missing crop. Observed value preserved; adjustment belongs in Script 05.,Inside,Microbes | Ideal,Ideal | Inside,Microbes | Inside,0.0,8.029377085453753,Yes,Day 7 cell had no current green evidence but showed visible green evidence earlier; treated as possible bug-eaten/missing crop.,Estimated from the latest prior observed green cover and the previous positive growth rate. Negative previous growth was not projected.,0.9413569346004782,4.26394934705184,5.0,4.0,Yes,8.029377085453753
7,Day 7,2026-07-07,10,8,3.0,Tray 9,9,M,Microbes,Ideal,Inside,Inside,Fixed,Daily watering,,Daily watering,Daily watering control,Yes,DJI_20260707125629_0009,24,3,4,1298.5355555555554,871.1955555555555,1156.1636207919012,728.8236207919012,1440.9074903192095,1013.5674903192098,284.7438695273087,False,No,True,Yes,No,Yes,Day 2,2.0,2026-06-30,Yes,True,Yes,0,0,0.0,0.0,81225,direct_cup_evidence,0.0061983760955797,No,Possible Day 7 bug-eaten/missing crop. Observed value preserved; adjustment belongs in Script 05.,Inside,Microbes | Ideal,Ideal | Inside,Microbes | Inside,0.0,3.3997934160457985,Yes,Day 7 cell had no current green evidence but showed visible green evidence earlier; treated as possible bug-eaten/missing crop.,Estimated from the latest prior observed green cover and the previous positive growth rate. Negative previous growth was not projected.,0.14470780903999847,2.965669988925803,6.0,5.0,Yes,3.3997934160457985
7,Day 7,2026-07-07,10,8,3.0,Tray 9,9,M,Microbes,Ideal,Inside,Inside,Fixed,Daily watering,,Daily watering,Daily watering control,Yes,DJI_20260707125629_0009,25,3,5,1674.2644444444445,873.26,1531.89250968079,730.8880652363456,1816.6363792080988,1015.6319347636544,284.7438695273087,False,No,True,Yes,No,Yes,Day 2,2.0,2026-06-30,Yes,True,Yes,0,0,0.0,0.0,81225,direct_cup_evidence,0.0121649554559866,No,Possible Day 7 bug-eaten/missing crop. Observed value preserved; adjustment belongs in Script 05.,Inside,Microbes | Ideal,Ideal | Inside,Microbes | Inside,0.0,0.2593790355514839,Yes,Day 7 cell had no current green evidence but showed visible green evidence earlier; treated as possible bug-eaten/missing crop.,Estimated from the latest prior observed green cover and the previous positive growth rate. Negative previous growth was not projected.,0.0,0.2593790355514839,6.0,5.0,Yes,0.2593790355514839
7,Day 7,2026-07-07,10,8,3.0,Tray 9,9,M,Microbes,Ideal,Inside,Inside,Fixed,Daily watering,,Daily watering,Daily watering control,Yes,DJI_20260707125629_0009,29,3,9,3156.535555555555,862.9377777777777,3014.163620791901,720.5658430141234,3298.90749031921,1005.309712541432,284.7438695273087,False,No,True,Yes,No,Yes,Day 3,3.0,2026-07-01,Yes,True,Yes,0,0,0.0,0.0,80940,direct_cup_evidence,0.0272239211197111,No,Possible Day 7 bug-eaten/missing crop. Observed value preserved; adjustment belongs in Script 05.,Inside,Microbes | Ideal,Ideal | Inside,Microbes | Inside,0.0,0.0788888888888888,Yes,Day 7 cell had no current green evidence but showed visible green evidence earlier; treated as possible bug-eaten/missing crop.,Estimated from the latest prior observed green cover and the previous positive growth rate. Negative previous growth was not projected.,0.0,0.0788888888888888,6.0,5.0,Yes,0.0788888888888888
7,Day 7,2026-07-07,10,8,3.0,Tray 9,9,M,Microbes,Ideal,Inside,Inside,Fixed,Daily watering,,Daily watering,Daily watering control,Yes,DJI_20260707125629_0009,30,3,10,3526.071111111111,873.26,3383.699176347456,730.8880652363456,3668.4430458747656,1015.6319347636544,284.7438695273087,False,No,True,Yes,No,Yes,Day 2,2.0,2026-06-30,Yes,True,Yes,0,0,0.0,0.0,80940,direct_cup_evidence,0.0138803604861827,No,Possible Day 7 bug-eaten/missing crop. Observed value preserved; adjustment belongs in Script 05.,Inside,Microbes | Ideal,Ideal | Inside,Microbes | Inside,0.0,9.801360426900317,Yes,Day 7 cell had no current green evidence but showed visible green evidence earlier; treated as possible bug-eaten/missing crop.,Estimated from the latest prior observed green cover and the previous positive growth rate. Negative previous growth was not projected.,1.1917895951076898,5.034202046469558,5.0,4.0,Yes,9.801360426900317
7,Day 7,2026-07-07,10,8,3.0,Tray 9,9,M,Microbes,Ideal,Inside,Inside,Fixed,Daily watering,,Daily watering,Daily watering control,Yes,DJI_20260707125629_0009,31,4,1,196.1222222222222,1191.1844444444444,53.75028745856786,1048.81250968079,338.49415698587654,1333.5563792080986,284.7438695273087,False,No,True,Yes,No,Yes,Day 2,2.0,2026-06-30,Yes,True,Yes,0,0,0.0,0.0,80940,direct_cup_evidence,0.0126375622157315,No,Possible Day 7 bug-eaten/missing crop. Observed value preserved; adjustment belongs in Script 05.,Inside,Microbes | Ideal,Ideal | Inside,Microbes | Inside,0.0,11.198965677877153,Yes,Day 7 cell had no current green evidence but showed visible green evidence earlier; treated as possible bug-eaten/missing crop.,Estimated from the latest prior observed green cover and the previous positive growth rate. Negative previous growth was not projected.,0.9260487290967401,8.420819490586933,6.0,5.0,Yes,11.198965677877153
7,Day 7,2026-07-07,10,8,3.0,Tray 9,9,M,Microbes,Ideal,Inside,Inside,Fixed,Daily watering,,Daily watering,Daily watering control,Yes,DJI_20260707125629_0009,32,4,2,555.3355555555555,1182.9266666666665,412.9636207919012,1040.5547319030122,697.7074903192098,1325.298601430321,284.7438695273087,False,No,True,Yes,No,Yes,Day 1,1.0,2026-06-29,Yes,True,Yes,0,0,0.0,0.0,80940,direct_cup_evidence,0.0308735187865669,No,Possible Day 7 bug-eaten/missing crop. Observed value preserved; adjustment belongs in Script 05.,Inside,Microbes | Ideal,Ideal | Inside,Microbes | Inside,0.0,4.172812784410023,Yes,Day 7 cell had no current green evidence but showed visible green evidence earlier; treated as possible bug-eaten/missing crop.,Estimated from the latest prior observed green cover and the previous positive growth rate. Negative previous growth was not projected.,0.2754237851691572,3.346541428902551,6.0,5.0,Yes,4.172812784410023
7,Day 7,2026-07-07,10,8,3.0,Tray 9,9,M,Microbes,Ideal,Inside,Inside,Fixed,Daily watering,,Daily watering,Daily watering control,Yes,DJI_20260707125629_0009,33,4,3,933.1288888888888,1184.991111111111,790.7569541252345,1042.6191763474567,1075.5008236525432,1327.3630458747657,284.7438695273087,False,No,True,Yes,No,Yes,Day 3,3.0,2026-07-01,Yes,True,Yes,0,0,0.0,0.0,80940,direct_cup_evidence,0.0111607212384428,No,Possible Day 7 bug-eaten/missing crop. Observed value preserved; adjustment belongs in Script 05.,Inside,Microbes | Ideal,Ideal | Inside,Microbes | Inside,0.0,5.439041495264155,Yes,Day 7 cell had no current green evidence but showed visible green evidence earlier; treated as possible bug-eaten/missing crop.,Estimated from the latest prior observed green cover and the previous positive growth rate. Negative previous growth was not projected.,0.7750043107259827,2.339024252360224,5.0,4.0,Yes,5.439041495264155
7,Day 7,2026-07-07,10,8,3.0,Tray 9,9,M,Microbes,Ideal,Inside,Inside,Fixed,Daily watering,,Daily watering,Daily watering control,Yes,DJI_20260707125629_0009,34,4,4,1302.6644444444444,1184.991111111111,1160.29250968079,1042.6191763474567,1445.0363792080989,1327.3630458747657,284.7438695273087,False,No,True,Yes,No,Yes,Day 2,2.0,2026-06-30,Yes,True,Yes,0,0,0.0,0.0,80940,direct_cup_evidence,0.0110569796245517,No,Possible Day 7 bug-eaten/missing crop. Observed value preserved; adjustment belongs in Script 05.,Inside,Microbes | Ideal,Ideal | Inside,Microbes | Inside,0.0,0.3774792772706703,Yes,Day 7 cell had no current green evidence but showed visible green evidence earlier; treated as possible bug-eaten/missing crop.,Estimated from the latest prior observed green cover and the previous positive growth rate. Negative previous growth was not projected.,0.0,0.3774792772706703,6.0,5.0,Yes,0.3774792772706703
7,Day 7,2026-07-07,10,8,3.0,Tray 9,9,M,Microbes,Ideal,Inside,Inside,Fixed,Daily watering,,Daily watering,Daily watering control,Yes,DJI_20260707125629_0009,36,4,6,2035.542222222222,1193.2488888888888,1893.170287458568,1050.8769541252343,2177.9141569858766,1335.620823652543,284.7438695273087,False,No,True,Yes,No,Yes,Day 3,3.0,2026-07-01,Yes,True,Yes,0,0,0.0,0.0,81225,direct_cup_evidence,0.0342140659655361,No,Possible Day 7 bug-eaten/missing crop. Observed value preserved; adjustment belongs in Script 05.,Inside,Microbes | Ideal,Ideal | Inside,Microbes | Inside,0.0,2.5504358027434373,Yes,Day 7 cell had no current green evidence but showed visible green evidence earlier; treated as possible bug-eaten/missing crop.,Estimated from the latest prior observed green cover and the previous positive growth rate. Negative previous growth was not projected.,0.19418365813116423,1.9678848283499444,6.0,5.0,Yes,2.5504358027434373
7,Day 7,2026-07-07,10,8,3.0,Tray 9,9,M,Microbes,Ideal,Inside,Inside,Fixed,Daily watering,,Daily watering,Daily watering control,Yes,DJI_20260707125629_0009,39,4,9,3160.664444444444,1184.991111111111,3018.29250968079,1042.6191763474567,3303.036379208099,1327.3630458747657,284.7438695273087,False,No,True,Yes,No,Yes,Day 2,2.0,2026-06-30,Yes,True,Yes,0,0,0.0,0.0,80940,direct_cup_evidence,0.0156930878980315,No,Possible Day 7 bug-eaten/missing crop. Observed value preserved; adjustment belongs in Script 05.,Inside,Microbes | Ideal,Ideal | Inside,Microbes | Inside,0.0,8.831843026937753,Yes,Day 7 cell had no current green evidence but showed visible green evidence earlier; treated as possible bug-eaten/missing crop.,Estimated from the latest prior observed green cover and the previous positive growth rate. Negative previous growth was not projected.,1.1006341695898851,4.429306348578212,5.0,4.0,Yes,8.831843026937753
7,Day 7,2026-07-07,10,8,3.0,Tray 9,9,M,Microbes,Ideal,Inside,Inside,Fixed,Daily watering,,Daily watering,Daily watering control,Yes,DJI_20260707125629_0009,41,5,1,200.2511111111111,1494.6577777777777,57.87917634745675,1352.2858430141234,342.6230458747654,1637.029712541432,284.7438695273087,False,No,True,Yes,No,Yes,Day 2,2.0,2026-06-30,Yes,True,Yes,0,0,0.0,0.0,81225,direct_cup_evidence,0.0360670154493398,No,Possible Day 7 bug-eaten/missing crop. Observed value preserved; adjustment belongs in Script 05.,Inside,Microbes | Ideal,Ideal | Inside,Microbes | Inside,0.0,4.814205300211169,Yes,Day 7 cell had no current green evidence but showed visible green evidence earlier; treated as possible bug-eaten/missing crop.,Estimated from the latest prior observed green cover and the previous positive growth rate. Negative previous growth was not projected.,0.192682988798623,4.2361563338153,6.0,5.0,Yes,4.814205300211169
7,Day 7,2026-07-07,10,8,3.0,Tray 9,9,M,Microbes,Ideal,Inside,Inside,Fixed,Daily watering,,Daily watering,Daily watering control,Yes,DJI_20260707125629_0009,42,5,2,571.8511111111111,1496.7222222222222,429.4791763474568,1354.350287458568,714.2230458747654,1639.0941569858765,284.7438695273087,False,No,True,Yes,No,Yes,Day 2,2.0,2026-06-30,Yes,True,Yes,0,0,0.0,0.0,81225,direct_cup_evidence,0.0309968185004783,No,Possible Day 7 bug-eaten/missing crop. Observed value preserved; adjustment belongs in Script 05.,Inside,Microbes | Ideal,Ideal | Inside,Microbes | Inside,0.0,8.265682128033847,Yes,Day 7 cell had no current green evidence but showed visible green evidence earlier; treated as possible bug-eaten/missing crop.,Estimated from the latest prior observed green cover and the previous positive growth rate. Negative previous growth was not projected.,0.9036216174287794,5.554817275747508,6.0,5.0,Yes,8.265682128033847
7,Day 7,2026-07-07,10,8,3.0,Tray 9,9,M,Microbes,Ideal,Inside,Inside,Fixed,Daily watering,,Daily watering,Daily watering control,Yes,DJI_20260707125629_0009,43,5,3,935.1933333333332,1504.98,792.821398569679,1362.6080652363455,1077.5652680969877,1647.3519347636543,284.7438695273087,False,No,True,Yes,No,Yes,Day 2,2.0,2026-06-30,Yes,True,Yes,14,14,0.0172967630343464,0.0172967630343464,80940,direct_cup_evidence,0.0063702596037269,No,Possible Day 7 bug-eaten/missing crop. Observed value preserved; adjustment belongs in Script 05.,Inside,Microbes | Ideal,Ideal | Inside,Microbes | Inside,0.0172967630343464,3.620269091952628,Yes,Day 7 cell had no current green evidence but showed visible green evidence earlier; treated as possible bug-eaten/missing crop.,Estimated from the latest prior observed green cover and the previous positive growth rate. Negative previous growth was not projected.,0.0,3.620269091952628,6.0,5.0,Yes,3.602972328918282
7,Day 7,2026-07-07,10,8,3.0,Tray 9,9,M,Microbes,Ideal,Inside,Inside,Fixed,Daily watering,,Daily watering,Daily watering control,Yes,DJI_20260707125629_0009,44,5,4,1304.7288888888888,1502.9155555555556,1162.3569541252346,1360.543620791901,1447.100823652543,1645.2874903192098,284.7438695273087,False,No,True,Yes,No,Yes,Day 2,2.0,2026-06-30,Yes,True,Yes,0,0,0.0,0.0,80940,direct_cup_evidence,0.0105528990977222,No,Possible Day 7 bug-eaten/missing crop. Observed value preserved; adjustment belongs in Script 05.,Inside,Microbes | Ideal,Ideal | Inside,Microbes | Inside,0.0,8.426627856579723,Yes,Day 7 cell had no current green evidence but showed visible green evidence earlier; treated as possible bug-eaten/missing crop.,Estimated from the latest prior observed green cover and the previous positive growth rate. Negative previous growth was not projected.,1.0318364542235106,5.331118493909191,6.0,5.0,Yes,8.426627856579723
7,Day 7,2026-07-07,10,8,3.0,Tray 9,9,M,Microbes,Ideal,Inside,Inside,Fixed,Daily watering,,Daily watering,Daily watering control,Yes,DJI_20260707125629_0009,50,5,10,3528.135555555556,1494.6577777777777,3385.763620791901,1352.2858430141234,3670.50749031921,1637.029712541432,284.7438695273087,False,No,True,Yes,No,Yes,Day 2,2.0,2026-06-30,Yes,True,Yes,0,0,0.0,0.0,81225,direct_cup_evidence,0.027025606494392,No,Possible Day 7 bug-eaten/missing crop. Observed value preserved; adjustment belongs in Script 05.,Inside,Microbes | Ideal,Ideal | Inside,Microbes | Inside,0.0,9.683329986122091,Yes,Day 7 cell had no current green evidence but showed visible green evidence earlier; treated as possible bug-eaten/missing crop.,Estimated from the latest prior observed green cover and the previous positive growth rate. Negative previous growth was not projected.,1.1827749466407607,4.9522301995590485,5.0,4.0,Yes,9.683329986122091
7,Day 7,2026-07-07,10,8,3.0,Tray 9,9,M,Microbes,Ideal,Inside,Inside,Fixed,Daily watering,,Daily watering,Daily watering control,Yes,DJI_20260707125629_0009,53,6,3,937.2577777777776,1814.6466666666663,794.8858430141235,1672.2747319030125,1079.629712541432,1957.0186014303208,284.7438695273087,False,No,True,Yes,No,Yes,Day 2,2.0,2026-06-30,Yes,True,Yes,0,0,0.0,0.0,81225,direct_cup_evidence,0.023625847690641,No,Possible Day 7 bug-eaten/missing crop. Observed value preserved; adjustment belongs in Script 05.,Inside,Microbes | Ideal,Ideal | Inside,Microbes | Inside,0.0,3.108527131782946,Yes,Day 7 cell had no current green evidence but showed visible green evidence earlier; treated as possible bug-eaten/missing crop.,Estimated from the latest prior observed green cover and the previous positive growth rate. Negative previous growth was not projected.,0.0,3.108527131782946,6.0,5.0,Yes,3.108527131782946
7,Day 7,2026-07-07,10,8,3.0,Tray 9,9,M,Microbes,Ideal,Inside,Inside,Fixed,Daily watering,,Daily watering,Daily watering control,Yes,DJI_20260707125629_0009,54,6,4,1310.9222222222222,1855.9355555555555,1168.550287458568,1713.563620791901,1453.2941569858765,1998.3074903192096,284.7438695273087,False,No,True,Yes,No,Yes,Day 2,2.0,2026-06-30,Yes,True,Yes,11,11,0.0136381670303511,0.0136381670303511,80656,direct_cup_evidence,0.110593351047774,No,Possible Day 7 bug-eaten/missing crop. Observed value preserved; adjustment belongs in Script 05.,Inside,Microbes | Ideal,Ideal | Inside,Microbes | Inside,0.0136381670303511,9.583255839636092,Yes,Day 7 cell had no current green evidence but showed visible green evidence earlier; treated as possible bug-eaten/missing crop.,Estimated from the latest prior observed green cover and the previous positive growth rate. Negative previous growth was not projected.,1.0266721203477136,6.503239478592951,6.0,5.0,Yes,9.569617672605741
7,Day 7,2026-07-07,10,8,3.0,Tray 9,9,M,Microbes,Ideal,Inside,Inside,Fixed,Daily watering,,Daily watering,Daily watering control,Yes,DJI_20260707125629_0009,55,6,5,1680.4577777777777,1818.7755555555557,1538.0858430141234,1676.4036207919012,1822.829712541432,1961.1474903192095,284.7438695273087,False,No,True,Yes,No,Yes,Day 2,2.0,2026-06-30,Yes,True,Yes,0,0,0.0,0.0,81225,direct_cup_evidence,0.0071075676219141,No,Possible Day 7 bug-eaten/missing crop. Observed value preserved; adjustment belongs in Script 05.,Inside,Microbes | Ideal,Ideal | Inside,Microbes | Inside,0.0,15.860863685867974,Yes,Day 7 cell had no current green evidence but showed visible green evidence earlier; treated as possible bug-eaten/missing crop.,Estimated from the latest prior observed green cover and the previous positive growth rate. Negative previous growth was not projected.,2.4098707917253464,8.631251310691935,6.0,5.0,Yes,15.860863685867974
7,Day 7,2026-07-07,10,8,3.0,Tray 9,9,M,Microbes,Ideal,Inside,Inside,Fixed,Daily watering,,Daily watering,Daily watering control,Yes,DJI_20260707125629_0009,56,6,6,2085.088888888889,1866.2577777777776,1942.7169541252345,1723.885843014123,2227.4608236525432,2008.629712541432,284.7438695273087,False,No,True,Yes,No,Yes,Day 2,2.0,2026-06-30,Yes,True,Yes,0,0,0.0,0.0,80940,direct_cup_evidence,0.1785796478460597,No,Possible Day 7 bug-eaten/missing crop. Observed value preserved; adjustment belongs in Script 05.,Inside,Microbes | Ideal,Ideal | Inside,Microbes | Inside,0.0,4.357891122932518,Yes,Day 7 cell had no current green evidence but showed visible green evidence earlier; treated as possible bug-eaten/missing crop.,Estimated from the latest prior observed green cover and the previous positive growth rate. Negative previous growth was not projected.,0.3224000236524578,3.390691051975144,6.0,5.0,Yes,4.357891122932518
7,Day 7,2026-07-07,10,8,3.0,Tray 9,9,M,Microbes,Ideal,Inside,Inside,Fixed,Daily watering,,Daily watering,Daily watering control,Yes,DJI_20260707125629_0009,60,6,10,3534.3288888888887,1814.6466666666663,3391.956954125234,1672.2747319030125,3676.700823652544,1957.0186014303208,284.7438695273087,False,No,True,Yes,No,Yes,Day 2,2.0,2026-06-30,Yes,True,Yes,0,0,0.0,0.0,81225,direct_cup_evidence,0.0149503703317225,No,Possible Day 7 bug-eaten/missing crop. Observed value preserved; adjustment belongs in Script 05.,Inside,Microbes | Ideal,Ideal | Inside,Microbes | Inside,0.0,8.71126850550753,Yes,Day 7 cell had no current green evidence but showed visible green evidence earlier; treated as possible bug-eaten/missing crop.,Estimated from the latest prior observed green cover and the previous positive growth rate. Negative previous growth was not projected.,0.9994718270383105,4.7133811973542885,5.0,4.0,Yes,8.71126850550753
7,Day 7,2026-07-07,10,8,3.0,Tray 9,9,M,Microbes,Ideal,Inside,Inside,Fixed,Daily watering,,Daily watering,Daily watering control,Yes,DJI_20260707125629_0009,63,7,3,945.5155555555556,2128.442222222222,803.1436207919012,1986.070287458568,1087.8874903192095,2270.8141569858767,284.7438695273087,False,No,True,Yes,No,Yes,Day 2,2.0,2026-06-30,Yes,True,Yes,0,0,0.0,0.0,81225,direct_cup_evidence,0.0290692879068023,No,Possible Day 7 bug-eaten/missing crop. Observed value preserved; adjustment belongs in Script 05.,Inside,Microbes | Ideal,Ideal | Inside,Microbes | Inside,0.0,3.2096775973775125,Yes,Day 7 cell had no current green evidence but showed visible green evidence earlier; treated as possible bug-eaten/missing crop.,Estimated from the latest prior observed green cover and the previous positive growth rate. Negative previous growth was not projected.,0.0,3.2096775973775125,6.0,5.0,Yes,3.2096775973775125
7,Day 7,2026-07-07,10,8,3.0,Tray 9,9,M,Microbes,Ideal,Inside,Inside,Fixed,Daily watering,,Daily watering,Daily watering control,Yes,DJI_20260707125629_0009,65,7,5,1686.651111111111,2138.7644444444445,1544.2791763474568,1996.39250968079,1829.023045874765,2281.136379208099,284.7438695273087,False,No,True,Yes,No,Yes,Day 2,2.0,2026-06-30,Yes,True,Yes,0,0,0.0,0.0,81225,direct_cup_evidence,0.0069719569778698,No,Possible Day 7 bug-eaten/missing crop. Observed value preserved; adjustment belongs in Script 05.,Inside,Microbes | Ideal,Ideal | Inside,Microbes | Inside,0.0,5.211980817579882,Yes,Day 7 cell had no current green evidence but showed visible green evidence earlier; treated as possible bug-eaten/missing crop.,Estimated from the latest prior observed green cover and the previous positive growth rate. Negative previous growth was not projected.,0.3659721957455271,4.1140642303433,6.0,5.0,Yes,5.211980817579882
7,Day 7,2026-07-07,10,8,3.0,Tray 9,9,M,Microbes,Ideal,Inside,Inside,Fixed,Daily watering,,Daily watering,Daily watering control,Yes,DJI_20260707125629_0009,69,7,9,3173.051111111111,2132.571111111111,3030.679176347456,1990.1991763474568,3315.4230458747656,2274.9430458747656,284.7438695273087,False,No,True,Yes,No,Yes,Day 2,2.0,2026-06-30,Yes,True,Yes,0,0,0.0,0.0,80940,direct_cup_evidence,0.0221133593867817,No,Possible Day 7 bug-eaten/missing crop. Observed value preserved; adjustment belongs in Script 05.,Inside,Microbes | Ideal,Ideal | Inside,Microbes | Inside,0.0,10.924728192377088,Yes,Day 7 cell had no current green evidence but showed visible green evidence earlier; treated as possible bug-eaten/missing crop.,Estimated from the latest prior observed green cover and the previous positive growth rate. Negative previous growth was not projected.,1.568736460440928,4.649782350613376,5.0,4.0,Yes,10.924728192377088
7,Day 7,2026-07-07,10,8,3.0,Tray 9,9,M,Microbes,Ideal,Inside,Inside,Fixed,Daily watering,,Daily watering,Daily watering control,Yes,DJI_20260707125629_0009,70,7,10,3538.4577777777777,2124.313333333333,3396.085843014123,1981.941398569679,3680.829712541432,2266.685268096988,284.7438695273087,False,No,True,Yes,No,Yes,Day 3,3.0,2026-07-01,Yes,True,Yes,0,0,0.0,0.0,81225,direct_cup_evidence,0.0361600610428114,No,Possible Day 7 bug-eaten/missing crop. Observed value preserved; adjustment belongs in Script 05.,Inside,Microbes | Ideal,Ideal | Inside,Microbes | Inside,0.0,0.0143486274985927,Yes,Day 7 cell had no current green evidence but showed visible green evidence earlier; treated as possible bug-eaten/missing crop.,Estimated from the latest prior observed green cover and the previous positive growth rate. Negative previous growth was not projected.,0.0,0.0143486274985927,6.0,5.0,Yes,0.0143486274985927
7,Day 7,2026-07-07,10,8,3.0,Tray 11,11,N/M,No Microbes,Heat,Dynamic,Inside,Dynamic,Daily watering,Inside recovery; final photo,Daily watering,Daily watering control,Yes,DJI_20260707125749_0011,3,1,3,914.4488888888887,233.78444444444443,772.3289452379975,91.66450079355305,1056.5688325397805,375.90438809533583,284.2398873017828,False,No,True,Yes,No,Yes,Day 2,2.0,2026-06-30,Yes,True,Yes,0,0,0.0,0.0,80940,direct_cup_evidence,0.0154980770482387,No,Possible Day 7 bug-eaten/missing crop. Observed value preserved; adjustment belongs in Script 05.,Dynamic Heat,No Microbes | Heat,Heat | Dynamic Heat,No Microbes | Dynamic Heat,0.0,2.173917896961621,Yes,Day 7 cell had no current green evidence but showed visible green evidence earlier; treated as possible bug-eaten/missing crop.,Estimated from the latest prior observed green cover and the previous positive growth rate. Negative previous growth was not projected.,0.11736720107629184,1.7044490926564533,5.0,4.0,Yes,2.173917896961621
7,Day 7,2026-07-07,10,8,3.0,Tray 11,11,N/M,No Microbes,Heat,Dynamic,Inside,Dynamic,Daily watering,Inside recovery; final photo,Daily watering,Daily watering control,Yes,DJI_20260707125749_0011,4,1,4,1293.0555555555554,225.5088888888889,1150.9356119046645,83.38894523799748,1435.1754992064468,367.62883253978026,284.2398873017828,False,No,True,Yes,No,Yes,Day 2,2.0,2026-06-30,Yes,True,Yes,0,0,0.0,0.0,80940,direct_cup_evidence,0.0315903401897725,No,Possible Day 7 bug-eaten/missing crop. Observed value preserved; adjustment belongs in Script 05.,Dynamic Heat,No Microbes | Heat,Heat | Dynamic Heat,No Microbes | Dynamic Heat,0.0,6.632434344547526,Yes,Day 7 cell had no current green evidence but showed visible green evidence earlier; treated as possible bug-eaten/missing crop.,Estimated from the latest prior observed green cover and the previous positive growth rate. Negative previous growth was not projected.,0.7657794486865139,3.56931654980147,5.0,4.0,Yes,6.632434344547526
7,Day 7,2026-07-07,10,8,3.0,Tray 11,11,N/M,No Microbes,Heat,Dynamic,Inside,Dynamic,Daily watering,Inside recovery; final photo,Daily watering,Daily watering control,Yes,DJI_20260707125749_0011,9,1,9,3136.4355555555558,227.57777777777775,2994.3156119046644,85.45783412688637,3278.5554992064467,369.6977214286692,284.2398873017828,False,No,True,Yes,No,Yes,Day 2,2.0,2026-06-30,Yes,True,Yes,11,11,0.0135426285010772,0.0135426285010772,81225,direct_cup_evidence,0.0265601606084564,No,Possible Day 7 bug-eaten/missing crop. Observed value preserved; adjustment belongs in Script 05.,Dynamic Heat,No Microbes | Heat,Heat | Dynamic Heat,No Microbes | Dynamic Heat,0.0135426285010772,1.5894526825467956,Yes,Day 7 cell had no current green evidence but showed visible green evidence earlier; treated as possible bug-eaten/missing crop.,Estimated from the latest prior observed green cover and the previous positive growth rate. Negative previous growth was not projected.,0.028463393102976964,1.4755991101348878,5.0,4.0,Yes,1.5759100540457185
7,Day 7,2026-07-07,10,8,3.0,Tray 11,11,N/M,No Microbes,Heat,Dynamic,Inside,Dynamic,Daily watering,Inside recovery; final photo,Daily watering,Daily watering control,Yes,DJI_20260707125749_0011,10,1,10,3504.697777777778,237.92222222222225,3362.5778341268865,95.80227857133082,3646.817721428669,380.0421658731136,284.2398873017828,False,No,True,Yes,No,Yes,Day 2,2.0,2026-06-30,Yes,True,Yes,0,0,0.0,0.0,80656,direct_cup_evidence,0.0427346217188011,No,Possible Day 7 bug-eaten/missing crop. Observed value preserved; adjustment belongs in Script 05.,Dynamic Heat,No Microbes | Heat,Heat | Dynamic Heat,No Microbes | Dynamic Heat,0.0,1.927856784113907,Yes,Day 7 cell had no current green evidence but showed visible green evidence earlier; treated as possible bug-eaten/missing crop.,Estimated from the latest prior observed green cover and the previous positive growth rate. Negative previous growth was not projected.,0.07892006885661451,1.6121765086874489,5.0,4.0,Yes,1.927856784113907
7,Day 7,2026-07-07,10,8,3.0,Tray 11,11,N/M,No Microbes,Heat,Dynamic,Inside,Dynamic,Daily watering,Inside recovery; final photo,Daily watering,Daily watering control,Yes,DJI_20260707125749_0011,12,2,2,552.3933333333333,550.3244444444445,410.2733896824419,408.20450079355305,694.5132769842247,692.4443880953359,284.2398873017828,False,No,True,Yes,No,Yes,Day 2,2.0,2026-06-30,Yes,True,Yes,0,0,0.0,0.0,80940,direct_cup_evidence,0.0369226096814658,No,Possible Day 7 bug-eaten/missing crop. Observed value preserved; adjustment belongs in Script 05.,Dynamic Heat,No Microbes | Heat,Heat | Dynamic Heat,No Microbes | Dynamic Heat,0.0,2.779134068107491,Yes,Day 7 cell had no current green evidence but showed visible green evidence earlier; treated as possible bug-eaten/missing crop.,Estimated from the latest prior observed green cover and the previous positive growth rate. Negative previous growth was not projected.,0.052328159257791995,2.569821431076323,5.0,4.0,Yes,2.779134068107491
7,Day 7,2026-07-07,10,8,3.0,Tray 11,11,N/M,No Microbes,Heat,Dynamic,Inside,Dynamic,Daily watering,Inside recovery; final photo,Daily watering,Daily watering control,Yes,DJI_20260707125749_0011,14,2,4,1282.711111111111,548.2555555555556,1140.5911674602198,406.1356119046641,1424.8310547620024,690.375499206447,284.2398873017828,False,No,True,Yes,No,Yes,Day 2,2.0,2026-06-30,Yes,True,Yes,0,0,0.0,0.0,80656,direct_cup_evidence,0.0134652514851718,No,Possible Day 7 bug-eaten/missing crop. Observed value preserved; adjustment belongs in Script 05.,Dynamic Heat,No Microbes | Heat,Heat | Dynamic Heat,No Microbes | Dynamic Heat,0.0,7.838666964260039,Yes,Day 7 cell had no current green evidence but showed visible green evidence earlier; treated as possible bug-eaten/missing crop.,Estimated from the latest prior observed green cover and the previous positive growth rate. Negative previous growth was not projected.,1.0445500018485476,3.6604669568658488,5.0,4.0,Yes,7.838666964260039
7,Day 7,2026-07-07,10,8,3.0,Tray 11,11,N/M,No Microbes,Heat,Dynamic,Inside,Dynamic,Daily watering,Inside recovery; final photo,Daily watering,Daily watering control,Yes,DJI_20260707125749_0011,15,2,5,1655.111111111111,542.0488888888889,1512.99116746022,399.9289452379975,1797.2310547620025,684.1688325397803,284.2398873017828,False,No,True,Yes,No,Yes,Day 2,2.0,2026-06-30,Yes,True,Yes,0,0,0.0,0.0,80656,direct_cup_evidence,0.0149800319215184,No,Possible Day 7 bug-eaten/missing crop. Observed value preserved; adjustment belongs in Script 05.,Dynamic Heat,No Microbes | Heat,Heat | Dynamic Heat,No Microbes | Dynamic Heat,0.0,4.613063192796537,Yes,Day 7 cell had no current green evidence but showed visible green evidence earlier; treated as possible bug-eaten/missing crop.,Estimated from the latest prior observed green cover and the previous positive growth rate. Negative previous growth was not projected.,0.31976757896684305,3.333992876929165,5.0,4.0,Yes,4.613063192796537
7,Day 7,2026-07-07,10,8,3.0,Tray 11,11,N/M,No Microbes,Heat,Dynamic,Inside,Dynamic,Daily watering,Inside recovery; final photo,Daily watering,Daily watering control,Yes,DJI_20260707125749_0011,19,2,9,3148.8488888888887,542.0488888888889,3006.728945237998,399.9289452379975,3290.96883253978,684.1688325397803,284.2398873017828,False,No,True,Yes,No,Yes,Day 2,2.0,2026-06-30,Yes,True,Yes,0,0,0.0,0.0,80656,direct_cup_evidence,0.0165608351232885,No,Possible Day 7 bug-eaten/missing crop. Observed value preserved; adjustment belongs in Script 05.,Dynamic Heat,No Microbes | Heat,Heat | Dynamic Heat,No Microbes | Dynamic Heat,0.0,6.268721838852319,Yes,Day 7 cell had no current green evidence but showed visible green evidence earlier; treated as possible bug-eaten/missing crop.,Estimated from the latest prior observed green cover and the previous positive growth rate. Negative previous growth was not projected.,0.6905763554675035,3.5064164169823053,5.0,4.0,Yes,6.268721838852319
7,Day 7,2026-07-07,10,8,3.0,Tray 11,11,N/M,No Microbes,Heat,Dynamic,Inside,Dynamic,Daily watering,Inside recovery; final photo,Daily watering,Daily watering control,Yes,DJI_20260707125749_0011,20,2,10,3515.0422222222223,548.2555555555556,3372.922278571331,406.1356119046641,3657.162165873113,690.375499206447,284.2398873017828,False,No,True,Yes,No,Yes,Day 1,1.0,2026-06-29,Yes,True,Yes,0,0,0.0,0.0,80656,direct_cup_evidence,0.0111464243743961,No,Possible Day 7 bug-eaten/missing crop. Observed value preserved; adjustment belongs in Script 05.,Dynamic Heat,No Microbes | Heat,Heat | Dynamic Heat,No Microbes | Dynamic Heat,0.0,3.1704147274015635,Yes,Day 7 cell had no current green evidence but showed visible green evidence earlier; treated as possible bug-eaten/missing crop.,Estimated from the latest prior observed green cover and the previous positive growth rate. Negative previous growth was not projected.,0.3037484587444419,1.955420892423796,5.0,4.0,Yes,3.1704147274015635
7,Day 7,2026-07-07,10,8,3.0,Tray 11,11,N/M,No Microbes,Heat,Dynamic,Inside,Dynamic,Daily watering,Inside recovery; final photo,Daily watering,Daily watering control,Yes,DJI_20260707125749_0011,22,3,2,542.0488888888889,862.7266666666667,399.9289452379975,720.6067230157753,684.1688325397803,1004.846610317558,284.2398873017828,False,No,True,Yes,No,Yes,Day 2,2.0,2026-06-30,Yes,True,Yes,0,0,0.0,0.0,80656,direct_cup_evidence,0.008070951450059,No,Possible Day 7 bug-eaten/missing crop. Observed value preserved; adjustment belongs in Script 05.,Dynamic Heat,No Microbes | Heat,Heat | Dynamic Heat,No Microbes | Dynamic Heat,0.0,0.0440648091654803,Yes,Day 7 cell had no current green evidence but showed visible green evidence earlier; treated as possible bug-eaten/missing crop.,Estimated from the latest prior observed green cover and the previous positive growth rate. Negative previous growth was not projected.,0.0,0.0440648091654803,6.0,5.0,Yes,0.0440648091654803
7,Day 7,2026-07-07,10,8,3.0,Tray 11,11,N/M,No Microbes,Heat,Dynamic,Inside,Dynamic,Daily watering,Inside recovery; final photo,Daily watering,Daily watering control,Yes,DJI_20260707125749_0011,23,3,3,914.4488888888887,862.7266666666667,772.3289452379975,720.6067230157753,1056.5688325397805,1004.846610317558,284.2398873017828,False,No,True,Yes,No,Yes,Day 2,2.0,2026-06-30,Yes,True,Yes,0,0,0.0,0.0,80940,direct_cup_evidence,0.006811456571464,No,Possible Day 7 bug-eaten/missing crop. Observed value preserved; adjustment belongs in Script 05.,Dynamic Heat,No Microbes | Heat,Heat | Dynamic Heat,No Microbes | Dynamic Heat,0.0,0.0440648091654803,Yes,Day 7 cell had no current green evidence but showed visible green evidence earlier; treated as possible bug-eaten/missing crop.,Estimated from the latest prior observed green cover and the previous positive growth rate. Negative previous growth was not projected.,0.0,0.0440648091654803,6.0,5.0,Yes,0.0440648091654803
7,Day 7,2026-07-07,10,8,3.0,Tray 11,11,N/M,No Microbes,Heat,Dynamic,Inside,Dynamic,Daily watering,Inside recovery; final photo,Daily watering,Daily watering control,Yes,DJI_20260707125749_0011,29,3,9,3150.9177777777777,860.6577777777778,3008.7978341268863,718.5378341268863,3293.037721428669,1002.7777214286692,284.2398873017828,False,No,True,Yes,No,Yes,Day 2,2.0,2026-06-30,Yes,True,Yes,0,0,0.0,0.0,80656,direct_cup_evidence,0.0102536188375598,No,Possible Day 7 bug-eaten/missing crop. Observed value preserved; adjustment belongs in Script 05.,Dynamic Heat,No Microbes | Heat,Heat | Dynamic Heat,No Microbes | Dynamic Heat,0.0,2.707317585723313,Yes,Day 7 cell had no current green evidence but showed visible green evidence earlier; treated as possible bug-eaten/missing crop.,Estimated from the latest prior observed green cover and the previous positive growth rate. Negative previous growth was not projected.,0.2744892764679998,1.609360479851314,5.0,4.0,Yes,2.707317585723313
7,Day 7,2026-07-07,10,8,3.0,Tray 11,11,N/M,No Microbes,Heat,Dynamic,Inside,Dynamic,Daily watering,Inside recovery; final photo,Daily watering,Daily watering control,Yes,DJI_20260707125749_0011,30,3,10,3517.111111111111,860.6577777777778,3374.99116746022,718.5378341268863,3659.231054762002,1002.7777214286692,284.2398873017828,False,No,True,Yes,No,Yes,Day 2,2.0,2026-06-30,Yes,True,Yes,0,0,0.0,0.0,80656,direct_cup_evidence,0.0115030959455852,No,Possible Day 7 bug-eaten/missing crop. Observed value preserved; adjustment belongs in Script 05.,Dynamic Heat,No Microbes | Heat,Heat | Dynamic Heat,No Microbes | Dynamic Heat,0.0,11.772102976230673,Yes,Day 7 cell had no current green evidence but showed visible green evidence earlier; treated as possible bug-eaten/missing crop.,Estimated from the latest prior observed green cover and the previous positive growth rate. Negative previous growth was not projected.,1.747269499513724,4.783024978175777,5.0,4.0,Yes,11.772102976230673
7,Day 7,2026-07-07,10,8,3.0,Tray 11,11,N/M,No Microbes,Heat,Dynamic,Inside,Dynamic,Daily watering,Inside recovery; final photo,Daily watering,Daily watering control,Yes,DJI_20260707125749_0011,33,4,3,914.4488888888887,1177.1977777777777,772.3289452379975,1035.0778341268865,1056.5688325397805,1319.317721428669,284.2398873017828,False,No,True,Yes,No,Yes,Day 2,2.0,2026-06-30,Yes,True,Yes,0,0,0.0,0.0,80940,direct_cup_evidence,0.0110377444142074,No,Possible Day 7 bug-eaten/missing crop. Observed value preserved; adjustment belongs in Script 05.,Dynamic Heat,No Microbes | Heat,Heat | Dynamic Heat,No Microbes | Dynamic Heat,0.0,5.37600459770025,Yes,Day 7 cell had no current green evidence but showed visible green evidence earlier; treated as possible bug-eaten/missing crop.,Estimated from the latest prior observed green cover and the previous positive growth rate. Negative previous growth was not projected.,0.5603220268064861,3.134716490474306,5.0,4.0,Yes,5.37600459770025
7,Day 7,2026-07-07,10,8,3.0,Tray 11,11,N/M,No Microbes,Heat,Dynamic,Inside,Dynamic,Daily watering,Inside recovery; final photo,Daily watering,Daily watering control,Yes,DJI_20260707125749_0011,35,4,5,1659.2488888888888,1181.3355555555556,1517.1289452379976,1039.2156119046642,1801.3688325397802,1323.4554992064468,284.2398873017828,False,No,True,Yes,No,Yes,Day 2,2.0,2026-06-30,Yes,True,Yes,0,0,0.0,0.0,80656,direct_cup_evidence,0.015221251227473,No,Possible Day 7 bug-eaten/missing crop. Observed value preserved; adjustment belongs in Script 05.,Dynamic Heat,No Microbes | Heat,Heat | Dynamic Heat,No Microbes | Dynamic Heat,0.0,7.360782279344853,Yes,Day 7 cell had no current green evidence but showed visible green evidence earlier; treated as possible bug-eaten/missing crop.,Estimated from the latest prior observed green cover and the previous positive growth rate. Negative previous growth was not projected.,0.9148323497559372,3.701452880321104,5.0,4.0,Yes,7.360782279344853
7,Day 7,2026-07-07,10,8,3.0,Tray 11,11,N/M,No Microbes,Heat,Dynamic,Inside,Dynamic,Daily watering,Inside recovery; final photo,Daily watering,Daily watering control,Yes,DJI_20260707125749_0011,38,4,8,2778.5177777777776,1177.1977777777777,2636.3978341268867,1035.0778341268865,2920.637721428669,1319.317721428669,284.2398873017828,False,No,True,Yes,No,Yes,Day 2,2.0,2026-06-30,Yes,True,Yes,0,0,0.0,0.0,80940,direct_cup_evidence,0.0028080834951008,No,Possible Day 7 bug-eaten/missing crop. Observed value preserved; adjustment belongs in Script 05.,Dynamic Heat,No Microbes | Heat,Heat | Dynamic Heat,No Microbes | Dynamic Heat,0.0,6.768265961536425,Yes,Day 7 cell had no current green evidence but showed visible green evidence earlier; treated as possible bug-eaten/missing crop.,Estimated from the latest prior observed green cover and the previous positive growth rate. Negative previous growth was not projected.,0.8458485018036326,3.384871954321895,5.0,4.0,Yes,6.768265961536425
7,Day 7,2026-07-07,10,8,3.0,Tray 11,11,N/M,No Microbes,Heat,Dynamic,Inside,Dynamic,Daily watering,Inside recovery; final photo,Daily watering,Daily watering control,Yes,DJI_20260707125749_0011,39,4,9,3148.8488888888887,1175.128888888889,3006.728945237998,1033.0089452379975,3290.96883253978,1317.24883253978,284.2398873017828,False,No,True,Yes,No,Yes,Day 2,2.0,2026-06-30,Yes,True,Yes,0,0,0.0,0.0,80656,direct_cup_evidence,0.0105081782763893,No,Possible Day 7 bug-eaten/missing crop. Observed value preserved; adjustment belongs in Script 05.,Dynamic Heat,No Microbes | Heat,Heat | Dynamic Heat,No Microbes | Dynamic Heat,0.0,0.0045194676067159,Yes,Day 7 cell had no current green evidence but showed visible green evidence earlier; treated as possible bug-eaten/missing crop.,Estimated from the latest prior observed green cover and the previous positive growth rate. Negative previous growth was not projected.,0.0,0.0045194676067159,6.0,5.0,Yes,0.0045194676067159
7,Day 7,2026-07-07,10,8,3.0,Tray 11,11,N/M,No Microbes,Heat,Dynamic,Inside,Dynamic,Daily watering,Inside recovery; final photo,Daily watering,Daily watering control,Yes,DJI_20260707125749_0011,40,4,10,3517.111111111111,1175.128888888889,3374.99116746022,1033.0089452379975,3659.231054762002,1317.24883253978,284.2398873017828,False,No,True,Yes,No,Yes,Day 2,2.0,2026-06-30,Yes,True,Yes,0,0,0.0,0.0,80656,direct_cup_evidence,0.0190778475799235,No,Possible Day 7 bug-eaten/missing crop. Observed value preserved; adjustment belongs in Script 05.,Dynamic Heat,No Microbes | Heat,Heat | Dynamic Heat,No Microbes | Dynamic Heat,0.0,8.47473774149277,Yes,Day 7 cell had no current green evidence but showed visible green evidence earlier; treated as possible bug-eaten/missing crop.,Estimated from the latest prior observed green cover and the previous positive growth rate. Negative previous growth was not projected.,0.9912182134273508,4.509864887783368,5.0,4.0,Yes,8.47473774149277
7,Day 7,2026-07-07,10,8,3.0,Tray 12,12,N/M,No Microbes,Moisture,Inside,Inside,Fixed,Scheduled watering,,No,Unwatered after Day 6; final photo,Yes,DJI_20260707125838_0012,9,1,9,3127.452222222222,240.89,2985.8663884937478,99.30416627152456,3269.038055950697,382.4758337284754,283.1716674569509,False,No,True,Yes,No,Yes,Day 3,3.0,2026-07-01,Yes,True,Yes,0,0,0.0,0.0,80089,direct_cup_evidence,0.0155184993323754,No,Possible Day 7 bug-eaten/missing crop. Observed value preserved; adjustment belongs in Script 05.,Inside,No Microbes | Moisture,Moisture | Inside,No Microbes | Inside,0.0,4.897998516780536,Yes,Day 7 cell had no current green evidence but showed visible green evidence earlier; treated as possible bug-eaten/missing crop.,Estimated from the latest prior observed green cover and the previous positive growth rate. Negative previous growth was not projected.,0.6899159896451312,2.8282505478451423,6.0,5.0,Yes,4.897998516780536
7,Day 7,2026-07-07,10,8,3.0,Tray 12,12,N/M,No Microbes,Moisture,Inside,Inside,Fixed,Scheduled watering,,No,Unwatered after Day 6; final photo,Yes,DJI_20260707125838_0012,19,2,9,3133.628888888889,557.958888888889,2992.0430551604136,416.3730551604135,3275.2147226173643,699.5447226173644,283.1716674569509,False,No,True,Yes,No,Yes,Day 2,2.0,2026-06-30,Yes,True,Yes,0,0,0.0,0.0,80372,direct_cup_evidence,0.0187076889134394,No,Possible Day 7 bug-eaten/missing crop. Observed value preserved; adjustment belongs in Script 05.,Inside,No Microbes | Moisture,Moisture | Inside,No Microbes | Inside,0.0,6.372780897909512,Yes,Day 7 cell had no current green evidence but showed visible green evidence earlier; treated as possible bug-eaten/missing crop.,Estimated from the latest prior observed green cover and the previous positive growth rate. Negative previous growth was not projected.,1.0508383925479303,3.2202657202657208,6.0,5.0,Yes,6.372780897909512
7,Day 7,2026-07-07,10,8,3.0,Tray 12,12,N/M,No Microbes,Moisture,Inside,Inside,Fixed,Scheduled watering,,No,Unwatered after Day 6; final photo,Yes,DJI_20260707125838_0012,20,2,10,3524.817777777778,545.6055555555556,3383.2319440493025,404.01972182708016,3666.403611506253,687.1913892840311,283.1716674569509,False,No,True,Yes,No,Yes,Day 3,3.0,2026-07-01,Yes,True,Yes,0,0,0.0,0.0,80089,direct_cup_evidence,0.0940983217664657,No,Possible Day 7 bug-eaten/missing crop. Observed value preserved; adjustment belongs in Script 05.,Inside,No Microbes | Moisture,Moisture | Inside,No Microbes | Inside,0.0,3.944741888695028,Yes,Day 7 cell had no current green evidence but showed visible green evidence earlier; treated as possible bug-eaten/missing crop.,Estimated from the latest prior observed green cover and the previous positive growth rate. Negative previous growth was not projected.,0.6928814574198912,1.8660975164353544,6.0,5.0,Yes,3.944741888695028
7,Day 7,2026-07-07,10,8,3.0,Tray 12,12,N/M,No Microbes,Moisture,Inside,Inside,Fixed,Scheduled watering,,No,Unwatered after Day 6; final photo,Yes,DJI_20260707125838_0012,27,3,7,2390.37,885.3222222222223,2248.784166271525,743.7363884937467,2531.955833728475,1026.908055950698,283.1716674569509,False,No,True,Yes,No,Yes,Day 3,3.0,2026-07-01,Yes,True,Yes,0,0,0.0,0.0,80089,direct_cup_evidence,0.0266273782159809,No,Possible Day 7 bug-eaten/missing crop. Observed value preserved; adjustment belongs in Script 05.,Inside,No Microbes | Moisture,Moisture | Inside,No Microbes | Inside,0.0,4.516174390040619,Yes,Day 7 cell had no current green evidence but showed visible green evidence earlier; treated as possible bug-eaten/missing crop.,Estimated from the latest prior observed green cover and the previous positive growth rate. Negative previous growth was not projected.,0.6502255127824936,2.565497851693138,6.0,5.0,Yes,4.516174390040619
7,Day 7,2026-07-07,10,8,3.0,Tray 12,12,N/M,No Microbes,Moisture,Inside,Inside,Fixed,Scheduled watering,,No,Unwatered after Day 6; final photo,Yes,DJI_20260707125838_0012,30,3,10,3502.17,868.8511111111111,3360.5841662715247,727.2652773826356,3643.7558337284754,1010.4369448395868,283.1716674569509,False,No,True,Yes,No,Yes,Day 4,4.0,2026-07-02,Yes,True,Yes,0,0,0.0,0.0,80089,direct_cup_evidence,0.020046558038438,No,Possible Day 7 bug-eaten/missing crop. Observed value preserved; adjustment belongs in Script 05.,Inside,No Microbes | Moisture,Moisture | Inside,No Microbes | Inside,0.0,4.079136978839066,Yes,Day 7 cell had no current green evidence but showed visible green evidence earlier; treated as possible bug-eaten/missing crop.,Estimated from the latest prior observed green cover and the previous positive growth rate. Negative previous growth was not projected.,0.7371200370207325,1.867776867776868,6.0,5.0,Yes,4.079136978839066
7,Day 7,2026-07-07,10,8,3.0,Tray 12,12,N/M,No Microbes,Moisture,Inside,Inside,Fixed,Scheduled watering,,No,Unwatered after Day 6; final photo,Yes,DJI_20260707125838_0012,39,4,9,3131.57,1181.8022222222223,2989.984166271525,1040.2163884937468,3273.1558337284755,1323.3880559506977,283.1716674569509,False,No,True,Yes,No,Yes,Day 1,1.0,2026-06-29,Yes,True,Yes,0,0,0.0,0.0,80089,direct_cup_evidence,0.0277897242330802,No,Possible Day 7 bug-eaten/missing crop. Observed value preserved; adjustment belongs in Script 05.,Inside,No Microbes | Moisture,Moisture | Inside,No Microbes | Inside,0.0,0.0336409073433294,Yes,Day 7 cell had no current green evidence but showed visible green evidence earlier; treated as possible bug-eaten/missing crop.,Estimated from the latest prior observed green cover and the previous positive growth rate. Negative previous growth was not projected.,0.0,0.0336409073433294,1.0,0.0,Yes,0.0336409073433294
7,Day 7,2026-07-07,10,8,3.0,Tray 12,12,N/M,No Microbes,Moisture,Inside,Inside,Fixed,Scheduled watering,,No,Unwatered after Day 6; final photo,Yes,DJI_20260707125838_0012,48,5,8,2748.616666666667,1505.0477777777778,2607.0308329381915,1363.4619440493022,2890.202500395142,1646.6336115062534,283.1716674569509,False,No,True,Yes,No,Yes,Day 3,3.0,2026-07-01,Yes,True,Yes,0,0,0.0,0.0,80372,direct_cup_evidence,0.0265580834335116,No,Possible Day 7 bug-eaten/missing crop. Observed value preserved; adjustment belongs in Script 05.,Inside,No Microbes | Moisture,Moisture | Inside,No Microbes | Inside,0.0,3.855527856319309,Yes,Day 7 cell had no current green evidence but showed visible green evidence earlier; treated as possible bug-eaten/missing crop.,Estimated from the latest prior observed green cover and the previous positive growth rate. Negative previous growth was not projected.,0.5109168445139953,2.322777322777323,6.0,5.0,Yes,3.855527856319309
7,Day 7,2026-07-07,10,8,3.0,Tray 12,12,N/M,No Microbes,Moisture,Inside,Inside,Fixed,Scheduled watering,,No,Unwatered after Day 6; final photo,Yes,DJI_20260707125838_0012,58,6,8,2758.911111111111,1832.4111111111115,2617.325277382636,1690.8252773826357,2900.4969448395864,1973.9969448395864,283.1716674569509,False,No,True,Yes,No,Yes,Day 3,3.0,2026-07-01,Yes,True,Yes,0,0,0.0,0.0,80089,direct_cup_evidence,0.0398306707347017,No,Possible Day 7 bug-eaten/missing crop. Observed value preserved; adjustment belongs in Script 05.,Inside,No Microbes | Moisture,Moisture | Inside,No Microbes | Inside,0.0,5.545486498090272,Yes,Day 7 cell had no current green evidence but showed visible green evidence earlier; treated as possible bug-eaten/missing crop.,Estimated from the latest prior observed green cover and the previous positive growth rate. Negative previous growth was not projected.,0.7733494073254397,3.225438276113952,6.0,5.0,Yes,5.545486498090272
7,Day 7,2026-07-07,10,8,3.0,Tray 12,12,N/M,No Microbes,Moisture,Inside,Inside,Fixed,Scheduled watering,,No,Unwatered after Day 6; final photo,Yes,DJI_20260707125838_0012,69,7,9,3119.2166666666667,2139.185555555556,2977.630832938192,1997.59972182708,3260.802500395142,2280.771389284031,283.1716674569509,False,No,True,Yes,No,Yes,Day 4,4.0,2026-07-02,Yes,True,Yes,0,0,0.0,0.0,80089,direct_cup_evidence,0.0293447340143093,No,Possible Day 7 bug-eaten/missing crop. Observed value preserved; adjustment belongs in Script 05.,Inside,No Microbes | Moisture,Moisture | Inside,No Microbes | Inside,0.0,6.064519697285826,Yes,Day 7 cell had no current green evidence but showed visible green evidence earlier; treated as possible bug-eaten/missing crop.,Estimated from the latest prior observed green cover and the previous positive growth rate. Negative previous growth was not projected.,0.9776596885817312,3.131540631540632,6.0,5.0,Yes,6.064519697285826
