day_order,day,tray,tray_no,capture_id,cell_id,row,column,raw_current_green_evidence,tracked_visible_emerged,carried_forward_only,first_visible_emergence_day,first_visible_emergence_day_order,green_pixels,largest_green_component,green_area_percent,square_side,coordinate_source,square_x0,square_y0,square_x1,square_y1,centre_x,centre_y
1,Day 1,Tray 1,1,DJI_20260618124632_0008,1,1,1,Yes,Yes,No,Day 1,1,1262,1262,1.46502,293.465,direct_cup_evidence,62.103,74.759,355.567,368.224,208.835,221.492
1,Day 1,Tray 1,1,DJI_20260618124632_0008,2,1,2,No,No,No,,,0,0,0.0,293.465,direct_cup_evidence,437.584,76.869,731.049,370.334,584.316,223.601
1,Day 1,Tray 1,1,DJI_20260618124632_0008,3,1,3,Yes,Yes,No,Day 1,1,327,218,0.37961,293.465,direct_cup_evidence,819.393,76.869,1112.858,370.334,966.126,223.601
1,Day 1,Tray 1,1,DJI_20260618124632_0008,4,1,4,No,No,No,,,0,0,0.0,293.465,direct_cup_evidence,1199.093,76.869,1492.558,370.334,1345.826,223.601
1,Day 1,Tray 1,1,DJI_20260618124632_0008,5,1,5,No,No,No,,,0,0,0.0,293.465,direct_cup_evidence,1580.903,76.869,1874.367,370.334,1727.635,223.601
1,Day 1,Tray 1,1,DJI_20260618124632_0008,6,1,6,No,No,No,,,0,0,0.0,293.465,direct_cup_evidence,1956.384,83.197,2249.849,376.662,2103.116,229.929
1,Day 1,Tray 1,1,DJI_20260618124632_0008,7,1,7,No,No,No,,,0,0,0.0,293.465,direct_cup_evidence,2342.412,78.978,2635.877,372.443,2489.144,225.711
1,Day 1,Tray 1,1,DJI_20260618124632_0008,8,1,8,No,No,No,,,0,0,0.0,293.465,direct_cup_evidence,2730.55,87.416,3024.015,380.881,2877.282,234.148
1,Day 1,Tray 1,1,DJI_20260618124632_0008,9,1,9,Yes,Yes,No,Day 1,1,1345,1345,1.5667,293.465,direct_cup_evidence,3101.812,76.869,3395.277,370.334,3248.544,223.601
1,Day 1,Tray 1,1,DJI_20260618124632_0008,10,1,10,No,No,No,,,0,0,0.0,293.465,direct_cup_evidence,3479.403,89.525,3772.867,382.99,3626.135,236.258
1,Day 1,Tray 1,1,DJI_20260618124632_0008,11,2,1,Yes,Yes,No,Day 1,1,545,545,0.63484,293.465,direct_cup_evidence,57.884,401.723,351.349,695.188,204.616,548.456
1,Day 1,Tray 1,1,DJI_20260618124632_0008,12,2,2,Yes,Yes,No,Day 1,1,541,541,0.62803,293.465,direct_cup_evidence,441.803,395.395,735.267,688.86,588.535,542.127
1,Day 1,Tray 1,1,DJI_20260618124632_0008,13,2,3,No,No,No,,,0,0,0.0,293.465,direct_cup_evidence,817.284,401.723,1110.749,695.188,964.016,548.456
1,Day 1,Tray 1,1,DJI_20260618124632_0008,14,2,4,Yes,Yes,No,Day 1,1,317,317,0.368,293.465,direct_cup_evidence,1199.093,399.614,1492.558,693.079,1345.826,546.346
1,Day 1,Tray 1,1,DJI_20260618124632_0008,15,2,5,No,No,No,,,0,0,0.0,293.465,direct_cup_evidence,1580.903,399.614,1874.367,693.079,1727.635,546.346
1,Day 1,Tray 1,1,DJI_20260618124632_0008,16,2,6,No,No,No,,,0,0,0.0,293.465,direct_cup_evidence,1962.712,405.942,2256.177,699.407,2109.444,552.674
1,Day 1,Tray 1,1,DJI_20260618124632_0008,17,2,7,No,No,No,,,0,0,0.0,293.465,direct_cup_evidence,2342.412,408.051,2635.877,701.516,2489.144,554.784
1,Day 1,Tray 1,1,DJI_20260618124632_0008,18,2,8,No,No,No,,,0,0,0.0,293.465,direct_cup_evidence,2724.221,412.27,3017.686,705.735,2870.954,559.003
1,Day 1,Tray 1,1,DJI_20260618124632_0008,19,2,9,No,No,No,,,0,0,0.0,293.465,direct_cup_evidence,3103.921,408.051,3397.386,701.516,3250.654,554.784
1,Day 1,Tray 1,1,DJI_20260618124632_0008,20,2,10,No,No,No,,,0,0,0.0,293.465,direct_cup_evidence,3479.403,418.599,3772.867,712.064,3626.135,565.331
1,Day 1,Tray 1,1,DJI_20260618124632_0008,21,3,1,Yes,Yes,No,Day 1,1,716,716,0.83119,293.465,direct_cup_evidence,53.665,724.468,347.13,1017.933,200.397,871.201
1,Day 1,Tray 1,1,DJI_20260618124632_0008,22,3,2,No,No,No,,,0,0,0.0,293.465,direct_cup_evidence,431.255,728.687,724.72,1022.152,577.988,875.419
1,Day 1,Tray 1,1,DJI_20260618124632_0008,23,3,3,No,No,No,,,0,0,0.0,293.465,direct_cup_evidence,817.284,724.468,1110.749,1017.933,964.016,871.201
1,Day 1,Tray 1,1,DJI_20260618124632_0008,24,3,4,No,No,No,,,0,0,0.0,293.465,direct_cup_evidence,1196.984,732.906,1490.449,1026.371,1343.716,879.638
1,Day 1,Tray 1,1,DJI_20260618124632_0008,25,3,5,No,No,No,,,0,0,0.0,293.465,direct_cup_evidence,1578.793,735.015,1872.258,1028.48,1725.526,881.748
1,Day 1,Tray 1,1,DJI_20260618124632_0008,26,3,6,Yes,Yes,No,Day 1,1,715,715,0.83286,293.465,direct_cup_evidence,1960.603,730.796,2254.067,1024.261,2107.335,877.529
1,Day 1,Tray 1,1,DJI_20260618124632_0008,27,3,7,No,No,No,,,0,0,0.0,293.465,direct_cup_evidence,2348.74,735.015,2642.205,1028.48,2495.473,881.748
1,Day 1,Tray 1,1,DJI_20260618124632_0008,28,3,8,No,No,No,,,0,0,0.0,293.465,direct_cup_evidence,2709.455,745.563,3002.92,1039.027,2856.188,892.295
1,Day 1,Tray 1,1,DJI_20260618124632_0008,29,3,9,No,No,No,,,0,0,0.0,293.465,direct_cup_evidence,3099.703,735.015,3393.167,1028.48,3246.435,881.748
1,Day 1,Tray 1,1,DJI_20260618124632_0008,30,3,10,No,No,No,,,0,0,0.0,293.465,direct_cup_evidence,3479.403,735.015,3772.867,1028.48,3626.135,881.748
1,Day 1,Tray 1,1,DJI_20260618124632_0008,31,4,1,Yes,Yes,No,Day 1,1,68,68,0.07894,293.465,direct_cup_evidence,57.884,1045.104,351.349,1338.569,204.616,1191.836
1,Day 1,Tray 1,1,DJI_20260618124632_0008,32,4,2,No,No,No,,,0,0,0.0,293.465,direct_cup_evidence,429.146,1053.541,722.611,1347.006,575.878,1200.274
1,Day 1,Tray 1,1,DJI_20260618124632_0008,33,4,3,No,No,No,,,0,0,0.0,293.465,direct_cup_evidence,813.065,1057.76,1106.53,1351.225,959.797,1204.493
1,Day 1,Tray 1,1,DJI_20260618124632_0008,34,4,4,No,No,No,,,0,0,0.0,293.465,direct_cup_evidence,1192.765,1053.541,1486.23,1347.006,1339.497,1200.274
1,Day 1,Tray 1,1,DJI_20260618124632_0008,35,4,5,No,No,No,,,0,0,0.0,293.465,direct_cup_evidence,1578.793,1059.87,1872.258,1353.335,1725.526,1206.602
1,Day 1,Tray 1,1,DJI_20260618124632_0008,36,4,6,No,No,No,,,0,0,0.0,293.465,direct_cup_evidence,1960.603,1061.979,2254.067,1355.444,2107.335,1208.712
1,Day 1,Tray 1,1,DJI_20260618124632_0008,37,4,7,No,No,No,,,0,0,0.0,293.465,direct_cup_evidence,2336.084,1061.979,2629.549,1355.444,2482.816,1208.712
1,Day 1,Tray 1,1,DJI_20260618124632_0008,38,4,8,No,No,No,,,0,0,0.0,293.465,direct_cup_evidence,2724.221,1064.089,3017.686,1357.554,2870.954,1210.821
1,Day 1,Tray 1,1,DJI_20260618124632_0008,39,4,9,Yes,Yes,No,Day 1,1,1554,1554,1.804,293.465,direct_cup_evidence,3103.921,1064.089,3397.386,1357.554,3250.654,1210.821
1,Day 1,Tray 1,1,DJI_20260618124632_0008,40,4,10,No,No,No,,,0,0,0.0,293.465,direct_cup_evidence,3483.621,1061.979,3777.086,1355.444,3630.354,1208.712
1,Day 1,Tray 1,1,DJI_20260618124632_0008,41,5,1,No,No,No,,,0,0,0.0,293.465,direct_cup_evidence,51.555,1376.286,345.02,1669.751,198.288,1523.019
1,Day 1,Tray 1,1,DJI_20260618124632_0008,42,5,2,No,No,No,,,0,0,0.0,293.465,direct_cup_evidence,433.365,1374.177,726.83,1667.642,580.097,1520.909
1,Day 1,Tray 1,1,DJI_20260618124632_0008,43,5,3,No,No,No,,,0,0,0.0,293.465,direct_cup_evidence,813.065,1376.286,1106.53,1669.751,959.797,1523.019
1,Day 1,Tray 1,1,DJI_20260618124632_0008,44,5,4,No,No,No,,,0,0,0.0,293.465,direct_cup_evidence,1192.765,1382.615,1486.23,1676.08,1339.497,1529.347
1,Day 1,Tray 1,1,DJI_20260618124632_0008,45,5,5,No,No,No,,,0,0,0.0,293.465,direct_cup_evidence,1576.684,1382.615,1870.149,1676.08,1723.416,1529.347
1,Day 1,Tray 1,1,DJI_20260618124632_0008,46,5,6,Yes,Yes,No,Day 1,1,620,620,0.71974,293.465,direct_cup_evidence,1960.603,1391.053,2254.067,1684.517,2107.335,1537.785
1,Day 1,Tray 1,1,DJI_20260618124632_0008,47,5,7,Yes,Yes,No,Day 1,1,73,73,0.08474,293.465,direct_cup_evidence,2340.303,1350.973,2633.767,1644.438,2487.035,1497.706
1,Day 1,Tray 1,1,DJI_20260618124632_0008,48,5,8,No,No,No,,,0,0,0.0,293.465,direct_cup_evidence,2724.221,1388.943,3017.686,1682.408,2870.954,1535.676
1,Day 1,Tray 1,1,DJI_20260618124632_0008,49,5,9,No,No,No,,,0,0,0.0,293.465,direct_cup_evidence,3095.484,1382.615,3388.949,1676.08,3242.216,1529.347
1,Day 1,Tray 1,1,DJI_20260618124632_0008,50,5,10,No,No,No,,,0,0,0.0,293.465,direct_cup_evidence,3475.184,1369.958,3768.649,1663.423,3621.916,1516.691
1,Day 1,Tray 1,1,DJI_20260618124632_0008,51,6,1,No,No,No,,,0,0,0.0,293.465,direct_cup_evidence,53.665,1692.703,347.13,1986.168,200.397,1839.436
1,Day 1,Tray 1,1,DJI_20260618124632_0008,52,6,2,No,No,No,,,0,0,0.0,293.465,direct_cup_evidence,424.927,1703.25,718.392,1996.715,571.659,1849.983
1,Day 1,Tray 1,1,DJI_20260618124632_0008,53,6,3,Yes,Yes,No,Day 1,1,42,42,0.04892,293.465,direct_cup_evidence,808.846,1709.579,1102.311,2003.044,955.578,1856.311
1,Day 1,Tray 1,1,DJI_20260618124632_0008,54,6,4,No,No,No,,,0,0,0.0,293.465,direct_cup_evidence,1188.546,1718.016,1482.011,2011.481,1335.278,1864.749
1,Day 1,Tray 1,1,DJI_20260618124632_0008,55,6,5,No,No,No,,,0,0,0.0,293.465,direct_cup_evidence,1576.684,1715.907,1870.149,2009.372,1723.416,1862.639
1,Day 1,Tray 1,1,DJI_20260618124632_0008,56,6,6,No,No,No,,,0,0,0.0,293.465,direct_cup_evidence,1962.712,1715.907,2256.177,2009.372,2109.444,1862.639
1,Day 1,Tray 1,1,DJI_20260618124632_0008,57,6,7,No,No,No,,,0,0,0.0,293.465,direct_cup_evidence,2342.412,1720.126,2635.877,2013.591,2489.144,1866.858
1,Day 1,Tray 1,1,DJI_20260618124632_0008,58,6,8,No,No,No,,,0,0,0.0,293.465,direct_cup_evidence,2720.003,1718.016,3013.467,2011.481,2866.735,1864.749
1,Day 1,Tray 1,1,DJI_20260618124632_0008,59,6,9,No,No,No,,,0,0,0.0,293.465,direct_cup_evidence,3101.812,1718.016,3395.277,2011.481,3248.544,1864.749
1,Day 1,Tray 1,1,DJI_20260618124632_0008,60,6,10,Yes,Yes,No,Day 1,1,873,873,1.01344,293.465,direct_cup_evidence,3470.965,1707.469,3764.43,2000.934,3617.697,1854.202
1,Day 1,Tray 1,1,DJI_20260618124632_0008,61,7,1,No,No,No,,,0,0,0.0,293.465,direct_cup_evidence,53.665,2015.448,347.13,2308.913,200.397,2162.181
1,Day 1,Tray 1,1,DJI_20260618124632_0008,62,7,2,No,No,No,,,0,0,0.0,293.465,direct_cup_evidence,427.036,2032.324,720.501,2325.789,573.769,2179.056
1,Day 1,Tray 1,1,DJI_20260618124632_0008,63,7,3,No,No,No,,,0,0,0.0,293.465,direct_cup_evidence,783.533,2053.418,1076.997,2346.883,930.265,2200.151
1,Day 1,Tray 1,1,DJI_20260618124632_0008,64,7,4,No,No,No,,,0,0,0.0,293.465,direct_cup_evidence,1186.436,2044.98,1479.901,2338.445,1333.169,2191.713
1,Day 1,Tray 1,1,DJI_20260618124632_0008,65,7,5,No,No,No,,,0,0,0.0,293.465,direct_cup_evidence,1576.684,2044.98,1870.149,2338.445,1723.416,2191.713
1,Day 1,Tray 1,1,DJI_20260618124632_0008,66,7,6,Yes,Yes,No,Day 1,1,897,897,1.03776,293.465,direct_cup_evidence,1958.493,2047.09,2251.958,2340.555,2105.226,2193.822
1,Day 1,Tray 1,1,DJI_20260618124632_0008,67,7,7,Yes,Yes,No,Day 1,1,1123,1123,1.30366,293.465,direct_cup_evidence,2336.084,2038.652,2629.549,2332.117,2482.816,2185.384
1,Day 1,Tray 1,1,DJI_20260618124632_0008,68,7,8,No,No,No,,,0,0,0.0,293.465,direct_cup_evidence,2711.565,2028.105,3005.03,2321.57,2858.297,2174.837
1,Day 1,Tray 1,1,DJI_20260618124632_0008,69,7,9,Yes,Yes,No,Day 1,1,1065,1065,1.23633,293.465,direct_cup_evidence,3095.484,2038.652,3388.949,2332.117,3242.216,2185.384
1,Day 1,Tray 1,1,DJI_20260618124632_0008,70,7,10,No,No,No,,,0,0,0.0,293.465,direct_cup_evidence,3462.527,2025.995,3755.992,2319.46,3609.259,2172.728
1,Day 1,Tray 2,2,DJI_20260618124541_0007,1,1,1,Yes,Yes,No,Day 1,1,1443,1443,1.68086,293.033,direct_cup_evidence,41.62,73.328,334.652,366.361,188.136,219.844
1,Day 1,Tray 2,2,DJI_20260618124541_0007,2,1,2,Yes,Yes,No,Day 1,1,644,644,0.75015,293.033,direct_cup_evidence,417.892,73.328,710.925,366.361,564.408,219.844
1,Day 1,Tray 2,2,DJI_20260618124541_0007,3,1,3,Yes,Yes,No,Day 1,1,1289,1289,1.50147,293.033,direct_cup_evidence,802.62,66.986,1095.652,360.019,949.136,213.503
1,Day 1,Tray 2,2,DJI_20260618124541_0007,4,1,4,No,No,No,,,0,0,0.0,293.033,direct_cup_evidence,1176.778,73.328,1469.811,366.361,1323.294,219.844
1,Day 1,Tray 2,2,DJI_20260618124541_0007,5,1,5,No,No,No,,,0,0,0.0,293.033,direct_cup_evidence,1563.62,71.214,1856.652,364.247,1710.136,217.731
1,Day 1,Tray 2,2,DJI_20260618124541_0007,6,1,6,Yes,Yes,No,Day 1,1,94,50,0.10949,293.033,direct_cup_evidence,1948.348,73.328,2241.38,366.361,2094.864,219.844
1,Day 1,Tray 2,2,DJI_20260618124541_0007,7,1,7,Yes,Yes,No,Day 1,1,245,245,0.28538,293.033,direct_cup_evidence,2330.961,73.328,2623.994,366.361,2477.478,219.844
1,Day 1,Tray 2,2,DJI_20260618124541_0007,8,1,8,No,No,No,,,0,0,0.0,293.033,direct_cup_evidence,2700.892,79.67,2993.925,372.702,2847.408,226.186
1,Day 1,Tray 2,2,DJI_20260618124541_0007,9,1,9,No,No,No,,,0,0,0.0,293.033,direct_cup_evidence,3085.62,83.898,3378.652,376.93,3232.136,230.414
1,Day 1,Tray 2,2,DJI_20260618124541_0007,10,1,10,No,No,No,,,0,0,0.0,293.033,direct_cup_evidence,3457.664,86.011,3750.697,379.044,3604.181,232.528
1,Day 1,Tray 2,2,DJI_20260618124541_0007,11,2,1,Yes,Yes,No,Day 1,1,551,551,0.64182,293.033,direct_cup_evidence,39.506,392.525,332.539,685.558,186.022,539.042
1,Day 1,Tray 2,2,DJI_20260618124541_0007,12,2,2,Yes,Yes,No,Day 1,1,797,797,0.92837,293.033,direct_cup_evidence,413.664,396.753,706.697,689.786,560.181,543.269
1,Day 1,Tray 2,2,DJI_20260618124541_0007,13,2,3,No,No,No,,,0,0,0.0,293.033,direct_cup_evidence,834.328,403.095,1127.361,696.127,980.844,549.611
1,Day 1,Tray 2,2,DJI_20260618124541_0007,14,2,4,No,No,No,,,0,0,0.0,293.033,direct_cup_evidence,1204.259,379.842,1497.291,672.875,1350.775,526.358
1,Day 1,Tray 2,2,DJI_20260618124541_0007,15,2,5,No,No,No,,,0,0,0.0,293.033,direct_cup_evidence,1563.62,394.639,1856.652,687.672,1710.136,541.156
1,Day 1,Tray 2,2,DJI_20260618124541_0007,16,2,6,Yes,Yes,No,Day 1,1,51,46,0.05941,293.033,direct_cup_evidence,1944.12,400.981,2237.152,694.014,2090.636,547.497
1,Day 1,Tray 2,2,DJI_20260618124541_0007,17,2,7,Yes,Yes,No,Day 1,1,631,631,0.73501,293.033,direct_cup_evidence,2320.392,403.095,2613.425,696.127,2466.908,549.611
1,Day 1,Tray 2,2,DJI_20260618124541_0007,18,2,8,No,No,No,,,0,0,0.0,293.033,direct_cup_evidence,2722.031,409.436,3015.064,702.469,2868.547,555.953
1,Day 1,Tray 2,2,DJI_20260618124541_0007,19,2,9,No,No,No,,,0,0,0.0,293.033,direct_cup_evidence,3083.506,400.981,3376.539,694.014,3230.022,547.497
1,Day 1,Tray 2,2,DJI_20260618124541_0007,20,2,10,Yes,Yes,No,Day 1,1,769,769,0.89576,293.033,direct_cup_evidence,3464.006,405.209,3757.039,698.241,3610.522,551.725
1,Day 1,Tray 2,2,DJI_20260618124541_0007,21,3,1,No,No,No,,,0,0,0.0,293.033,direct_cup_evidence,33.164,720.178,326.197,1013.211,179.681,866.694
1,Day 1,Tray 2,2,DJI_20260618124541_0007,22,3,2,No,No,No,,,0,0,0.0,293.033,direct_cup_evidence,453.828,707.495,746.861,1000.527,600.344,854.011
1,Day 1,Tray 2,2,DJI_20260618124541_0007,23,3,3,No,No,No,,,0,0,0.0,293.033,direct_cup_evidence,789.936,724.406,1082.969,1017.439,936.453,870.922
1,Day 1,Tray 2,2,DJI_20260618124541_0007,24,3,4,Yes,Yes,No,Day 1,1,1531,1531,1.78336,293.033,direct_cup_evidence,1183.12,722.292,1476.152,1015.325,1329.636,868.808
1,Day 1,Tray 2,2,DJI_20260618124541_0007,25,3,5,Yes,Yes,No,Day 1,1,939,939,1.09378,293.033,direct_cup_evidence,1563.62,724.406,1856.652,1017.439,1710.136,870.922
1,Day 1,Tray 2,2,DJI_20260618124541_0007,26,3,6,No,No,No,,,0,0,0.0,293.033,direct_cup_evidence,1948.348,724.406,2241.38,1017.439,2094.864,870.922
1,Day 1,Tray 2,2,DJI_20260618124541_0007,27,3,7,Yes,Yes,No,Day 1,1,962,962,1.12057,293.033,direct_cup_evidence,2330.961,718.064,2623.994,1011.097,2477.478,864.581
1,Day 1,Tray 2,2,DJI_20260618124541_0007,28,3,8,Yes,Yes,No,Day 1,1,426,426,0.49622,293.033,direct_cup_evidence,2711.461,724.406,3004.494,1017.439,2857.978,870.922
1,Day 1,Tray 2,2,DJI_20260618124541_0007,29,3,9,Yes,Yes,No,Day 1,1,531,531,0.61853,293.033,direct_cup_evidence,3070.823,726.52,3363.855,1019.552,3217.339,873.036
1,Day 1,Tray 2,2,DJI_20260618124541_0007,30,3,10,Yes,Yes,No,Day 1,1,443,324,0.51602,293.033,direct_cup_evidence,3461.892,726.52,3754.925,1019.552,3608.408,873.036
1,Day 1,Tray 2,2,DJI_20260618124541_0007,31,4,1,Yes,Yes,No,Day 1,1,863,863,1.00525,293.033,direct_cup_evidence,37.392,1047.831,330.425,1340.864,183.908,1194.347
1,Day 1,Tray 2,2,DJI_20260618124541_0007,32,4,2,Yes,Yes,No,Day 1,1,859,859,1.00059,293.033,direct_cup_evidence,415.778,1047.831,708.811,1340.864,562.294,1194.347
1,Day 1,Tray 2,2,DJI_20260618124541_0007,33,4,3,No,No,No,,,0,0,0.0,293.033,direct_cup_evidence,851.239,1047.831,1144.272,1340.864,997.756,1194.347
1,Day 1,Tray 2,2,DJI_20260618124541_0007,34,4,4,Yes,Yes,No,Day 1,1,369,369,0.42982,293.033,direct_cup_evidence,1221.17,1056.286,1514.202,1349.319,1367.686,1202.803
1,Day 1,Tray 2,2,DJI_20260618124541_0007,35,4,5,Yes,Yes,No,Day 1,1,1147,1147,1.33607,293.033,direct_cup_evidence,1563.62,1052.059,1856.652,1345.091,1710.136,1198.575
1,Day 1,Tray 2,2,DJI_20260618124541_0007,36,4,6,No,No,No,,,0,0,0.0,293.033,direct_cup_evidence,1948.348,1052.059,2241.38,1345.091,2094.864,1198.575
1,Day 1,Tray 2,2,DJI_20260618124541_0007,37,4,7,No,No,No,,,0,0,0.0,293.033,direct_cup_evidence,2330.961,1049.945,2623.994,1342.977,2477.478,1196.461
1,Day 1,Tray 2,2,DJI_20260618124541_0007,38,4,8,No,No,No,,,0,0,0.0,293.033,direct_cup_evidence,2709.348,1049.945,3002.38,1342.977,2855.864,1196.461
1,Day 1,Tray 2,2,DJI_20260618124541_0007,39,4,9,No,No,No,,,0,0,0.0,293.033,direct_cup_evidence,3083.506,1054.173,3376.539,1347.205,3230.022,1200.689
1,Day 1,Tray 2,2,DJI_20260618124541_0007,40,4,10,Yes,Yes,No,Day 1,1,660,660,0.76879,293.033,direct_cup_evidence,3453.436,1052.059,3746.469,1345.091,3599.953,1198.575
1,Day 1,Tray 2,2,DJI_20260618124541_0007,41,5,1,No,No,No,,,0,0,0.0,293.033,direct_cup_evidence,35.278,1371.256,328.311,1664.289,181.794,1517.772
1,Day 1,Tray 2,2,DJI_20260618124541_0007,42,5,2,No,No,No,,,0,0,0.0,293.033,direct_cup_evidence,415.778,1373.37,708.811,1666.402,562.294,1519.886
1,Day 1,Tray 2,2,DJI_20260618124541_0007,43,5,3,Yes,Yes,No,Day 1,1,1697,1697,1.97673,293.033,direct_cup_evidence,798.392,1371.256,1091.425,1664.289,944.908,1517.772
1,Day 1,Tray 2,2,DJI_20260618124541_0007,44,5,4,No,No,No,,,0,0,0.0,293.033,direct_cup_evidence,1181.006,1377.598,1474.039,1670.63,1327.522,1524.114
1,Day 1,Tray 2,2,DJI_20260618124541_0007,45,5,5,Yes,Yes,No,Day 1,1,425,425,0.49506,293.033,direct_cup_evidence,1569.961,1379.711,1862.994,1672.744,1716.478,1526.228
1,Day 1,Tray 2,2,DJI_20260618124541_0007,46,5,6,No,No,No,,,0,0,0.0,293.033,direct_cup_evidence,1950.461,1379.711,2243.494,1672.744,2096.978,1526.228
1,Day 1,Tray 2,2,DJI_20260618124541_0007,47,5,7,No,No,No,,,0,0,0.0,293.033,direct_cup_evidence,2333.075,1379.711,2626.108,1672.744,2479.592,1526.228
1,Day 1,Tray 2,2,DJI_20260618124541_0007,48,5,8,No,No,No,,,0,0,0.0,293.033,direct_cup_evidence,2713.575,1371.256,3006.608,1664.289,2860.092,1517.772
1,Day 1,Tray 2,2,DJI_20260618124541_0007,49,5,9,No,No,No,,,0,0,0.0,293.033,direct_cup_evidence,3089.848,1377.598,3382.88,1670.63,3236.364,1524.114
1,Day 1,Tray 2,2,DJI_20260618124541_0007,50,5,10,Yes,Yes,No,Day 1,1,74,74,0.0862,293.033,direct_cup_evidence,3470.348,1377.598,3763.38,1670.63,3616.864,1524.114
1,Day 1,Tray 2,2,DJI_20260618124541_0007,51,6,1,No,No,No,,,0,0,0.0,293.033,direct_cup_evidence,39.506,1688.339,332.539,1981.372,186.022,1834.856
1,Day 1,Tray 2,2,DJI_20260618124541_0007,52,6,2,Yes,Yes,No,Day 1,1,819,819,0.954,293.033,direct_cup_evidence,405.209,1694.681,698.241,1987.714,551.725,1841.197
1,Day 1,Tray 2,2,DJI_20260618124541_0007,53,6,3,Yes,Yes,No,Day 1,1,1538,1538,1.79152,293.033,direct_cup_evidence,794.164,1703.136,1087.197,1996.169,940.681,1849.653
1,Day 1,Tray 2,2,DJI_20260618124541_0007,54,6,4,No,No,No,,,0,0,0.0,293.033,direct_cup_evidence,1195.803,1724.275,1488.836,2017.308,1342.319,1870.792
1,Day 1,Tray 2,2,DJI_20260618124541_0007,55,6,5,Yes,Yes,No,Day 1,1,1135,1135,1.32209,293.033,direct_cup_evidence,1567.848,1703.136,1860.88,1996.169,1714.364,1849.653
1,Day 1,Tray 2,2,DJI_20260618124541_0007,56,6,6,Yes,Yes,No,Day 1,1,766,766,0.89226,293.033,direct_cup_evidence,1948.348,1707.364,2241.38,2000.397,2094.864,1853.881
1,Day 1,Tray 2,2,DJI_20260618124541_0007,57,6,7,Yes,Yes,No,Day 1,1,927,927,1.0798,293.033,direct_cup_evidence,2324.62,1701.023,2617.652,1994.055,2471.136,1847.539
1,Day 1,Tray 2,2,DJI_20260618124541_0007,58,6,8,No,No,No,,,0,0,0.0,293.033,direct_cup_evidence,2709.348,1698.909,3002.38,1991.941,2855.864,1845.425
1,Day 1,Tray 2,2,DJI_20260618124541_0007,59,6,9,No,No,No,,,0,0,0.0,293.033,direct_cup_evidence,3094.075,1698.909,3387.108,1991.941,3240.592,1845.425
1,Day 1,Tray 2,2,DJI_20260618124541_0007,60,6,10,Yes,Yes,No,Day 1,1,177,135,0.20618,293.033,direct_cup_evidence,3464.006,1690.453,3757.039,1983.486,3610.522,1836.969
1,Day 1,Tray 2,2,DJI_20260618124541_0007,61,7,1,No,No,No,,,0,0,0.0,293.033,direct_cup_evidence,39.506,2024.448,332.539,2317.48,186.022,2170.964
1,Day 1,Tray 2,2,DJI_20260618124541_0007,62,7,2,No,No,No,,,0,0,0.0,293.033,direct_cup_evidence,415.778,2026.561,708.811,2319.594,562.294,2173.078
1,Day 1,Tray 2,2,DJI_20260618124541_0007,63,7,3,No,No,No,,,0,0,0.0,293.033,direct_cup_evidence,806.848,2030.789,1099.88,2323.822,953.364,2177.306
1,Day 1,Tray 2,2,DJI_20260618124541_0007,64,7,4,No,No,No,,,0,0,0.0,293.033,direct_cup_evidence,1178.892,2032.903,1471.925,2325.936,1325.408,2179.419
1,Day 1,Tray 2,2,DJI_20260618124541_0007,65,7,5,No,No,No,,,0,0,0.0,293.033,direct_cup_evidence,1561.506,2039.245,1854.539,2332.277,1708.022,2185.761
1,Day 1,Tray 2,2,DJI_20260618124541_0007,66,7,6,Yes,Yes,No,Day 1,1,183,183,0.21316,293.033,direct_cup_evidence,1948.348,2037.131,2241.38,2330.164,2094.864,2183.647
1,Day 1,Tray 2,2,DJI_20260618124541_0007,67,7,7,No,No,No,,,0,0,0.0,293.033,direct_cup_evidence,2333.075,2032.903,2626.108,2325.936,2479.592,2179.419
1,Day 1,Tray 2,2,DJI_20260618124541_0007,68,7,8,Yes,Yes,No,Day 1,1,544,544,0.63367,293.033,direct_cup_evidence,2709.348,2026.561,3002.38,2319.594,2855.864,2173.078
1,Day 1,Tray 2,2,DJI_20260618124541_0007,69,7,9,Yes,Yes,No,Day 1,1,839,839,0.9773,293.033,direct_cup_evidence,3085.62,2018.106,3378.652,2311.139,3232.136,2164.622
1,Day 1,Tray 2,2,DJI_20260618124541_0007,70,7,10,Yes,Yes,No,Day 1,1,712,712,0.82936,293.033,direct_cup_evidence,3453.436,2011.764,3746.469,2304.797,3599.953,2158.281
1,Day 1,Tray 3,3,DJI_20260618124235_0004,1,1,1,Yes,Yes,No,Day 1,1,127,92,0.14693,294.127,direct_cup_evidence,36.164,85.167,330.291,379.294,183.228,232.231
1,Day 1,Tray 3,3,DJI_20260618124235_0004,2,1,2,Yes,Yes,No,Day 1,1,714,714,0.82324,294.127,direct_cup_evidence,413.273,89.428,707.4,383.555,560.336,236.492
1,Day 1,Tray 3,3,DJI_20260618124235_0004,3,1,3,No,No,No,,,0,0,0.0,294.127,direct_cup_evidence,796.773,85.167,1090.9,379.294,943.836,232.231
1,Day 1,Tray 3,3,DJI_20260618124235_0004,4,1,4,Yes,Yes,No,Day 1,1,376,376,0.435,294.127,direct_cup_evidence,1178.142,78.775,1472.269,372.902,1325.206,225.839
1,Day 1,Tray 3,3,DJI_20260618124235_0004,5,1,5,No,No,No,,,0,0,0.0,294.127,direct_cup_evidence,1561.642,80.906,1855.769,375.033,1708.706,227.969
1,Day 1,Tray 3,3,DJI_20260618124235_0004,6,1,6,Yes,Yes,No,Day 1,1,723,723,0.83646,294.127,direct_cup_evidence,1945.142,80.906,2239.269,375.033,2092.206,227.969
1,Day 1,Tray 3,3,DJI_20260618124235_0004,7,1,7,No,No,No,,,0,0,0.0,294.127,direct_cup_evidence,2330.773,80.906,2624.9,375.033,2477.836,227.969
1,Day 1,Tray 3,3,DJI_20260618124235_0004,8,1,8,No,No,No,,,0,0,0.0,294.127,direct_cup_evidence,2712.142,87.298,3006.269,381.425,2859.206,234.361
1,Day 1,Tray 3,3,DJI_20260618124235_0004,9,1,9,No,No,No,,,0,0,0.0,294.127,direct_cup_evidence,3093.511,89.428,3387.639,383.555,3240.575,236.492
1,Day 1,Tray 3,3,DJI_20260618124235_0004,10,1,10,No,No,No,,,0,0,0.0,294.127,direct_cup_evidence,3459.967,80.906,3754.094,375.033,3607.031,227.969
1,Day 1,Tray 3,3,DJI_20260618124235_0004,11,2,1,No,No,No,,,0,0,0.0,294.127,direct_cup_evidence,42.556,406.881,336.683,701.008,189.619,553.944
1,Day 1,Tray 3,3,DJI_20260618124235_0004,12,2,2,No,No,No,,,0,0,0.0,294.127,direct_cup_evidence,413.273,411.142,707.4,705.269,560.336,558.206
1,Day 1,Tray 3,3,DJI_20260618124235_0004,13,2,3,Yes,Yes,No,Day 1,1,437,437,0.50558,294.127,direct_cup_evidence,796.773,411.142,1090.9,705.269,943.836,558.206
1,Day 1,Tray 3,3,DJI_20260618124235_0004,14,2,4,No,No,No,,,0,0,0.0,294.127,direct_cup_evidence,1184.534,413.273,1478.661,707.4,1331.597,560.336
1,Day 1,Tray 3,3,DJI_20260618124235_0004,15,2,5,No,No,No,,,0,0,0.0,294.127,direct_cup_evidence,1568.034,411.142,1862.161,705.269,1715.097,558.206
1,Day 1,Tray 3,3,DJI_20260618124235_0004,16,2,6,No,No,No,,,0,0,0.0,294.127,direct_cup_evidence,1951.534,413.273,2245.661,707.4,2098.597,560.336
1,Day 1,Tray 3,3,DJI_20260618124235_0004,17,2,7,No,No,No,,,0,0,0.0,294.127,direct_cup_evidence,2335.034,413.273,2629.161,707.4,2482.097,560.336
1,Day 1,Tray 3,3,DJI_20260618124235_0004,18,2,8,No,No,No,,,0,0,0.0,294.127,direct_cup_evidence,2714.273,417.534,3008.4,711.661,2861.336,564.597
1,Day 1,Tray 3,3,DJI_20260618124235_0004,19,2,9,No,No,No,,,0,0,0.0,294.127,direct_cup_evidence,3091.381,411.142,3385.508,705.269,3238.444,558.206
1,Day 1,Tray 3,3,DJI_20260618124235_0004,20,2,10,No,No,No,,,0,0,0.0,294.127,direct_cup_evidence,3474.881,417.534,3769.008,711.661,3621.944,564.597
1,Day 1,Tray 3,3,DJI_20260618124235_0004,21,3,1,Yes,Yes,No,Day 1,1,134,88,0.15503,294.127,direct_cup_evidence,46.817,737.117,340.944,1031.244,193.881,884.181
1,Day 1,Tray 3,3,DJI_20260618124235_0004,22,3,2,No,No,No,,,0,0,0.0,294.127,direct_cup_evidence,417.534,739.248,711.661,1033.375,564.597,886.311
1,Day 1,Tray 3,3,DJI_20260618124235_0004,23,3,3,No,No,No,,,0,0,0.0,294.127,direct_cup_evidence,807.425,739.248,1101.552,1033.375,954.489,886.311
1,Day 1,Tray 3,3,DJI_20260618124235_0004,24,3,4,Yes,Yes,No,Day 1,1,666,666,0.7679,294.127,direct_cup_evidence,1199.448,749.9,1493.575,1044.027,1346.511,896.964
1,Day 1,Tray 3,3,DJI_20260618124235_0004,25,3,5,Yes,Yes,No,Day 1,1,90,90,0.10377,294.127,direct_cup_evidence,1568.034,741.378,1862.161,1035.505,1715.097,888.442
1,Day 1,Tray 3,3,DJI_20260618124235_0004,26,3,6,No,No,No,,,0,0,0.0,294.127,direct_cup_evidence,1947.273,745.639,2241.4,1039.766,2094.336,892.703
1,Day 1,Tray 3,3,DJI_20260618124235_0004,27,3,7,No,No,No,,,0,0,0.0,294.127,direct_cup_evidence,2337.164,743.509,2631.291,1037.636,2484.228,890.572
1,Day 1,Tray 3,3,DJI_20260618124235_0004,28,3,8,Yes,Yes,No,Day 1,1,259,259,0.29964,294.127,direct_cup_evidence,2718.534,739.248,3012.661,1033.375,2865.597,886.311
1,Day 1,Tray 3,3,DJI_20260618124235_0004,29,3,9,No,No,No,,,0,0,0.0,294.127,direct_cup_evidence,3095.642,739.248,3389.769,1033.375,3242.706,886.311
1,Day 1,Tray 3,3,DJI_20260618124235_0004,30,3,10,No,No,No,,,0,0,0.0,294.127,direct_cup_evidence,3464.228,741.378,3758.355,1035.505,3611.292,888.442
1,Day 1,Tray 3,3,DJI_20260618124235_0004,31,4,1,No,No,No,,,0,0,0.0,294.127,direct_cup_evidence,42.556,1060.961,336.683,1355.089,189.619,1208.025
1,Day 1,Tray 3,3,DJI_20260618124235_0004,32,4,2,No,No,No,,,0,0,0.0,294.127,direct_cup_evidence,421.795,1063.092,715.922,1357.219,568.858,1210.156
1,Day 1,Tray 3,3,DJI_20260618124235_0004,33,4,3,No,No,No,,,0,0,0.0,294.127,direct_cup_evidence,807.425,1060.961,1101.552,1355.089,954.489,1208.025
1,Day 1,Tray 3,3,DJI_20260618124235_0004,34,4,4,No,No,No,,,18,18,0.02082,294.127,direct_cup_evidence,1188.795,1060.961,1482.922,1355.089,1335.858,1208.025
1,Day 1,Tray 3,3,DJI_20260618124235_0004,35,4,5,No,No,No,,,0,0,0.0,294.127,direct_cup_evidence,1572.295,1069.484,1866.422,1363.611,1719.358,1216.547
1,Day 1,Tray 3,3,DJI_20260618124235_0004,36,4,6,No,No,No,,,0,0,0.0,294.127,direct_cup_evidence,1955.795,1069.484,2249.922,1363.611,2102.858,1216.547
1,Day 1,Tray 3,3,DJI_20260618124235_0004,37,4,7,No,No,No,,,0,0,0.0,294.127,direct_cup_evidence,2341.425,1075.875,2635.552,1370.002,2488.489,1222.939
1,Day 1,Tray 3,3,DJI_20260618124235_0004,38,4,8,No,No,No,,,0,0,0.0,294.127,direct_cup_evidence,2720.664,1065.223,3014.791,1359.35,2867.728,1212.286
1,Day 1,Tray 3,3,DJI_20260618124235_0004,39,4,9,No,No,No,,,0,0,0.0,294.127,direct_cup_evidence,3097.773,1065.223,3391.9,1359.35,3244.836,1212.286
1,Day 1,Tray 3,3,DJI_20260618124235_0004,40,4,10,No,No,No,,,0,0,0.0,294.127,direct_cup_evidence,3468.489,1063.092,3762.616,1357.219,3615.553,1210.156
1,Day 1,Tray 3,3,DJI_20260618124235_0004,41,5,1,Yes,Yes,No,Day 1,1,166,166,0.19205,294.127,direct_cup_evidence,46.817,1384.806,340.944,1678.933,193.881,1531.869
1,Day 1,Tray 3,3,DJI_20260618124235_0004,42,5,2,Yes,Yes,No,Day 1,1,887,887,1.02619,294.127,direct_cup_evidence,423.925,1391.198,718.052,1685.325,570.989,1538.261
1,Day 1,Tray 3,3,DJI_20260618124235_0004,43,5,3,Yes,Yes,No,Day 1,1,215,215,0.2479,294.127,direct_cup_evidence,794.642,1395.459,1088.769,1689.586,941.706,1542.522
1,Day 1,Tray 3,3,DJI_20260618124235_0004,44,5,4,Yes,Yes,No,Day 1,1,817,817,0.94521,294.127,direct_cup_evidence,1188.795,1389.067,1482.922,1683.194,1335.858,1536.131
1,Day 1,Tray 3,3,DJI_20260618124235_0004,45,5,5,Yes,Yes,No,Day 1,1,36,36,0.04151,294.127,direct_cup_evidence,1574.425,1393.328,1868.552,1687.455,1721.489,1540.392
1,Day 1,Tray 3,3,DJI_20260618124235_0004,46,5,6,No,No,No,,,0,0,0.0,294.127,direct_cup_evidence,1953.664,1395.459,2247.791,1689.586,2100.728,1542.522
1,Day 1,Tray 3,3,DJI_20260618124235_0004,47,5,7,Yes,Yes,No,Day 1,1,462,462,0.5345,294.127,direct_cup_evidence,2335.034,1391.198,2629.161,1685.325,2482.097,1538.261
1,Day 1,Tray 3,3,DJI_20260618124235_0004,48,5,8,No,No,No,,,0,0,0.0,294.127,direct_cup_evidence,2724.925,1393.328,3019.052,1687.455,2871.989,1540.392
1,Day 1,Tray 3,3,DJI_20260618124235_0004,49,5,9,No,No,No,,,0,0,0.0,294.127,direct_cup_evidence,3091.381,1391.198,3385.508,1685.325,3238.444,1538.261
1,Day 1,Tray 3,3,DJI_20260618124235_0004,50,5,10,Yes,Yes,No,Day 1,1,655,655,0.75779,294.127,direct_cup_evidence,3472.75,1380.545,3766.877,1674.672,3619.814,1527.608
1,Day 1,Tray 3,3,DJI_20260618124235_0004,51,6,1,Yes,Yes,No,Day 1,1,378,378,0.43732,294.127,direct_cup_evidence,59.6,1712.911,353.727,2007.039,206.664,1859.975
1,Day 1,Tray 3,3,DJI_20260618124235_0004,52,6,2,No,No,No,,,0,0,0.0,294.127,direct_cup_evidence,434.578,1712.911,728.705,2007.039,581.642,1859.975
1,Day 1,Tray 3,3,DJI_20260618124235_0004,53,6,3,Yes,Yes,No,Day 1,1,330,330,0.38179,294.127,direct_cup_evidence,830.861,1755.523,1124.989,2049.65,977.925,1902.586
1,Day 1,Tray 3,3,DJI_20260618124235_0004,54,6,4,No,No,No,,,5,5,0.00577,294.127,direct_cup_evidence,1190.925,1721.434,1485.052,2015.561,1337.989,1868.497
1,Day 1,Tray 3,3,DJI_20260618124235_0004,55,6,5,Yes,Yes,No,Day 1,1,821,821,0.94662,294.127,direct_cup_evidence,1572.295,1721.434,1866.422,2015.561,1719.358,1868.497
1,Day 1,Tray 3,3,DJI_20260618124235_0004,56,6,6,No,No,No,,,0,0,0.0,294.127,direct_cup_evidence,1960.056,1721.434,2254.183,2015.561,2107.119,1868.497
1,Day 1,Tray 3,3,DJI_20260618124235_0004,57,6,7,No,No,No,,,0,0,0.0,294.127,direct_cup_evidence,2341.425,1712.911,2635.552,2007.039,2488.489,1859.975
1,Day 1,Tray 3,3,DJI_20260618124235_0004,58,6,8,No,No,No,,,0,0,0.0,294.127,direct_cup_evidence,2688.706,1761.914,2982.833,2056.041,2835.769,1908.978
1,Day 1,Tray 3,3,DJI_20260618124235_0004,59,6,9,Yes,Yes,No,Day 1,1,149,97,0.17238,294.127,direct_cup_evidence,3093.511,1708.65,3387.639,2002.777,3240.575,1855.714
1,Day 1,Tray 3,3,DJI_20260618124235_0004,60,6,10,Yes,Yes,No,Day 1,1,586,586,0.67796,294.127,direct_cup_evidence,3477.011,1708.65,3771.139,2002.777,3624.075,1855.714
1,Day 1,Tray 3,3,DJI_20260618124235_0004,61,7,1,Yes,Yes,No,Day 1,1,1075,1075,1.23948,294.127,direct_cup_evidence,61.731,2032.495,355.858,2326.622,208.794,2179.558
1,Day 1,Tray 3,3,DJI_20260618124235_0004,62,7,2,No,No,No,,,0,0,0.0,294.127,direct_cup_evidence,434.578,2043.148,728.705,2337.275,581.642,2190.211
1,Day 1,Tray 3,3,DJI_20260618124235_0004,63,7,3,No,No,No,,,0,0,0.0,294.127,direct_cup_evidence,813.817,2041.017,1107.944,2335.144,960.881,2188.081
1,Day 1,Tray 3,3,DJI_20260618124235_0004,64,7,4,No,No,No,,,0,0,0.0,294.127,direct_cup_evidence,1197.317,2043.148,1491.444,2337.275,1344.381,2190.211
1,Day 1,Tray 3,3,DJI_20260618124235_0004,65,7,5,Yes,Yes,No,Day 1,1,708,550,0.81633,294.127,direct_cup_evidence,1580.817,2047.409,1874.944,2341.536,1727.881,2194.472
1,Day 1,Tray 3,3,DJI_20260618124235_0004,66,7,6,Yes,Yes,No,Day 1,1,758,758,0.87695,294.127,direct_cup_evidence,1964.317,2068.714,2258.444,2362.841,2111.381,2215.778
1,Day 1,Tray 3,3,DJI_20260618124235_0004,67,7,7,No,No,No,,,0,0,0.0,294.127,direct_cup_evidence,2339.295,2041.017,2633.422,2335.144,2486.358,2188.081
1,Day 1,Tray 3,3,DJI_20260618124235_0004,68,7,8,No,No,No,,,0,0,0.0,294.127,direct_cup_evidence,2722.795,2041.017,3016.922,2335.144,2869.858,2188.081
1,Day 1,Tray 3,3,DJI_20260618124235_0004,69,7,9,Yes,Yes,No,Day 1,1,540,540,0.62474,294.127,direct_cup_evidence,3093.511,2030.364,3387.639,2324.491,3240.575,2177.428
1,Day 1,Tray 3,3,DJI_20260618124235_0004,70,7,10,No,No,No,,,0,0,0.0,294.127,direct_cup_evidence,3517.492,2047.409,3811.619,2341.536,3664.556,2194.472
1,Day 1,Tray 4,4,DJI_20260618124331_0005,1,1,1,Yes,Yes,No,Day 1,1,21,21,0.02463,292.162,direct_cup_evidence,70.115,78.677,362.277,370.839,216.196,224.758
1,Day 1,Tray 4,4,DJI_20260618124331_0005,2,1,2,No,No,No,,,0,0,0.0,292.162,direct_cup_evidence,476.821,80.818,768.983,372.98,622.902,226.899
1,Day 1,Tray 4,4,DJI_20260618124331_0005,3,1,3,No,No,No,,,0,0,0.0,292.162,direct_cup_evidence,832.153,80.818,1124.315,372.98,978.234,226.899
1,Day 1,Tray 4,4,DJI_20260618124331_0005,4,1,4,No,No,No,,,0,0,0.0,292.162,direct_cup_evidence,1211.031,82.958,1503.193,375.121,1357.112,229.039
1,Day 1,Tray 4,4,DJI_20260618124331_0005,5,1,5,No,No,No,,,0,0,0.0,292.162,direct_cup_evidence,1604.893,82.958,1897.056,375.121,1750.974,229.039
1,Day 1,Tray 4,4,DJI_20260618124331_0005,6,1,6,No,No,No,,,0,0,0.0,292.162,direct_cup_evidence,1983.772,80.818,2275.934,372.98,2129.853,226.899
1,Day 1,Tray 4,4,DJI_20260618124331_0005,7,1,7,No,No,No,,,0,0,0.0,292.162,direct_cup_evidence,2369.072,87.239,2661.234,379.402,2515.153,233.321
1,Day 1,Tray 4,4,DJI_20260618124331_0005,8,1,8,Yes,Yes,No,Day 1,1,27,27,0.03167,292.162,direct_cup_evidence,2745.809,80.818,3037.972,372.98,2891.891,226.899
1,Day 1,Tray 4,4,DJI_20260618124331_0005,9,1,9,No,No,No,,,0,0,0.0,292.162,direct_cup_evidence,3124.688,89.38,3416.85,381.542,3270.769,235.461
1,Day 1,Tray 4,4,DJI_20260618124331_0005,10,1,10,No,No,No,,,0,0,0.0,292.162,direct_cup_evidence,3482.161,76.537,3774.323,368.699,3628.242,222.618
1,Day 1,Tray 4,4,DJI_20260618124331_0005,11,2,1,No,No,No,,,0,0,0.0,292.162,direct_cup_evidence,63.693,408.323,355.856,700.485,209.774,554.404
1,Day 1,Tray 4,4,DJI_20260618124331_0005,12,2,2,Yes,Yes,No,Day 1,1,482,447,0.5653,292.162,direct_cup_evidence,446.853,404.042,739.015,696.204,592.934,550.123
1,Day 1,Tray 4,4,DJI_20260618124331_0005,13,2,3,Yes,Yes,No,Day 1,1,145,145,0.17006,292.162,direct_cup_evidence,832.153,408.323,1124.315,700.485,978.234,554.404
1,Day 1,Tray 4,4,DJI_20260618124331_0005,14,2,4,No,No,No,,,0,0,0.0,292.162,direct_cup_evidence,1219.593,404.042,1511.756,696.204,1365.674,550.123
1,Day 1,Tray 4,4,DJI_20260618124331_0005,15,2,5,No,No,No,,,0,0,0.0,292.162,direct_cup_evidence,1594.191,404.042,1886.353,696.204,1740.272,550.123
1,Day 1,Tray 4,4,DJI_20260618124331_0005,16,2,6,No,No,No,,,0,0,0.0,292.162,direct_cup_evidence,1979.491,408.323,2271.653,700.485,2125.572,554.404
1,Day 1,Tray 4,4,DJI_20260618124331_0005,17,2,7,No,No,No,,,0,0,0.0,292.162,direct_cup_evidence,2366.931,410.463,2659.093,702.626,2513.012,556.544
1,Day 1,Tray 4,4,DJI_20260618124331_0005,18,2,8,No,No,No,,,0,0,0.0,292.162,direct_cup_evidence,2750.091,404.042,3042.253,696.204,2896.172,550.123
1,Day 1,Tray 4,4,DJI_20260618124331_0005,19,2,9,No,No,No,,,0,0,0.0,292.162,direct_cup_evidence,3126.828,412.604,3418.991,704.766,3272.909,558.685
1,Day 1,Tray 4,4,DJI_20260618124331_0005,20,2,10,No,No,No,,,0,0,0.0,292.162,direct_cup_evidence,3505.707,412.604,3797.869,704.766,3651.788,558.685
1,Day 1,Tray 4,4,DJI_20260618124331_0005,21,3,1,No,No,No,,,0,0,0.0,292.162,direct_cup_evidence,50.85,731.547,343.012,1023.709,196.931,877.628
1,Day 1,Tray 4,4,DJI_20260618124331_0005,22,3,2,No,No,No,,,0,0,0.0,292.162,direct_cup_evidence,442.572,731.547,734.734,1023.709,588.653,877.628
1,Day 1,Tray 4,4,DJI_20260618124331_0005,23,3,3,No,No,No,,,0,0,0.0,292.162,direct_cup_evidence,847.137,733.687,1139.299,1025.849,993.218,879.768
1,Day 1,Tray 4,4,DJI_20260618124331_0005,24,3,4,No,No,No,,,0,0,0.0,292.162,direct_cup_evidence,1211.031,725.125,1503.193,1017.287,1357.112,871.206
1,Day 1,Tray 4,4,DJI_20260618124331_0005,25,3,5,No,No,No,,,0,0,0.0,292.162,direct_cup_evidence,1598.472,731.547,1890.634,1023.709,1744.553,877.628
1,Day 1,Tray 4,4,DJI_20260618124331_0005,26,3,6,No,No,No,,,0,0,0.0,292.162,direct_cup_evidence,1983.772,733.687,2275.934,1025.849,2129.853,879.768
1,Day 1,Tray 4,4,DJI_20260618124331_0005,27,3,7,Yes,Yes,No,Day 1,1,95,95,0.11142,292.162,direct_cup_evidence,2326.261,735.828,2618.423,1027.99,2472.342,881.909
1,Day 1,Tray 4,4,DJI_20260618124331_0005,28,3,8,No,No,No,,,0,0,0.0,292.162,direct_cup_evidence,2752.231,733.687,3044.393,1025.849,2898.312,879.768
1,Day 1,Tray 4,4,DJI_20260618124331_0005,29,3,9,No,No,No,,,0,0,0.0,292.162,direct_cup_evidence,3126.828,731.547,3418.991,1023.709,3272.909,877.628
1,Day 1,Tray 4,4,DJI_20260618124331_0005,30,3,10,No,No,No,,,0,0,0.0,292.162,direct_cup_evidence,3507.847,733.687,3800.009,1025.849,3653.928,879.768
1,Day 1,Tray 4,4,DJI_20260618124331_0005,31,4,1,No,No,No,,,0,0,0.0,292.162,direct_cup_evidence,52.991,1052.63,345.153,1344.792,199.072,1198.711
1,Day 1,Tray 4,4,DJI_20260618124331_0005,32,4,2,No,No,No,,,0,0,0.0,292.162,direct_cup_evidence,448.993,1056.911,741.156,1349.073,595.074,1202.992
1,Day 1,Tray 4,4,DJI_20260618124331_0005,33,4,3,Yes,Yes,No,Day 1,1,589,589,0.6908,292.162,direct_cup_evidence,832.153,1054.771,1124.315,1346.933,978.234,1200.852
1,Day 1,Tray 4,4,DJI_20260618124331_0005,34,4,4,No,No,No,,,0,0,0.0,292.162,direct_cup_evidence,1217.453,1059.052,1509.615,1351.214,1363.534,1205.133
1,Day 1,Tray 4,4,DJI_20260618124331_0005,35,4,5,No,No,No,,,0,0,0.0,292.162,direct_cup_evidence,1598.472,1059.052,1890.634,1351.214,1744.553,1205.133
1,Day 1,Tray 4,4,DJI_20260618124331_0005,36,4,6,Yes,Yes,No,Day 1,1,44,44,0.0516,292.162,direct_cup_evidence,1949.523,1024.803,2241.685,1316.965,2095.604,1170.884
1,Day 1,Tray 4,4,DJI_20260618124331_0005,37,4,7,No,No,No,,,0,0,0.0,292.162,direct_cup_evidence,2362.65,1033.365,2654.812,1325.527,2508.731,1179.446
1,Day 1,Tray 4,4,DJI_20260618124331_0005,38,4,8,Yes,Yes,No,Day 1,1,105,105,0.12315,292.162,direct_cup_evidence,2747.95,1052.63,3040.112,1344.792,2894.031,1198.711
1,Day 1,Tray 4,4,DJI_20260618124331_0005,39,4,9,No,No,No,,,0,0,0.0,292.162,direct_cup_evidence,3111.844,988.413,3404.007,1280.576,3257.926,1134.494
1,Day 1,Tray 4,4,DJI_20260618124331_0005,40,4,10,No,No,No,,,0,0,0.0,292.162,direct_cup_evidence,3505.707,1059.052,3797.869,1351.214,3651.788,1205.133
1,Day 1,Tray 4,4,DJI_20260618124331_0005,41,5,1,Yes,Yes,No,Day 1,1,461,461,0.54067,292.162,direct_cup_evidence,57.272,1371.573,349.434,1663.735,203.353,1517.654
1,Day 1,Tray 4,4,DJI_20260618124331_0005,42,5,2,No,No,No,,,0,0,0.0,292.162,direct_cup_evidence,438.291,1384.416,730.453,1676.578,584.372,1530.497
1,Day 1,Tray 4,4,DJI_20260618124331_0005,43,5,3,No,No,No,,,0,0,0.0,292.162,direct_cup_evidence,827.872,1386.557,1120.034,1678.719,973.953,1532.638
1,Day 1,Tray 4,4,DJI_20260618124331_0005,44,5,4,No,No,No,,,0,0,0.0,292.162,direct_cup_evidence,1208.891,1380.135,1501.053,1672.297,1354.972,1526.216
1,Day 1,Tray 4,4,DJI_20260618124331_0005,45,5,5,No,No,No,,,0,0,0.0,292.162,direct_cup_evidence,1596.331,1390.838,1888.493,1683.0,1742.412,1536.919
1,Day 1,Tray 4,4,DJI_20260618124331_0005,46,5,6,No,No,No,,,0,0,0.0,292.162,direct_cup_evidence,1983.772,1390.838,2275.934,1683.0,2129.853,1536.919
1,Day 1,Tray 4,4,DJI_20260618124331_0005,47,5,7,Yes,Yes,No,Day 1,1,20,20,0.02346,292.162,direct_cup_evidence,2356.228,1358.729,2648.391,1650.892,2502.309,1504.811
1,Day 1,Tray 4,4,DJI_20260618124331_0005,48,5,8,Yes,Yes,No,Day 1,1,59,59,0.0692,292.162,direct_cup_evidence,2762.934,1397.259,3055.096,1689.422,2909.015,1543.341
1,Day 1,Tray 4,4,DJI_20260618124331_0005,49,5,9,No,No,No,,,0,0,0.0,292.162,direct_cup_evidence,3099.001,1352.308,3391.163,1644.47,3245.082,1498.389
1,Day 1,Tray 4,4,DJI_20260618124331_0005,50,5,10,No,No,No,,,0,0,0.0,292.162,global_lattice_fitted,3504.385,1370.62,3796.547,1662.782,3650.466,1516.701
1,Day 1,Tray 4,4,DJI_20260618124331_0005,51,6,1,Yes,Yes,No,Day 1,1,44,44,0.0516,292.162,direct_cup_evidence,61.553,1699.078,353.715,1991.24,207.634,1845.159
1,Day 1,Tray 4,4,DJI_20260618124331_0005,52,6,2,No,No,No,,,0,0,0.0,292.162,direct_cup_evidence,438.291,1709.781,730.453,2001.943,584.372,1855.862
1,Day 1,Tray 4,4,DJI_20260618124331_0005,53,6,3,Yes,Yes,No,Day 1,1,402,214,0.47148,292.162,direct_cup_evidence,827.872,1709.781,1120.034,2001.943,973.953,1855.862
1,Day 1,Tray 4,4,DJI_20260618124331_0005,54,6,4,No,No,No,,,0,0,0.0,292.162,direct_cup_evidence,1208.891,1714.062,1501.053,2006.224,1354.972,1860.143
1,Day 1,Tray 4,4,DJI_20260618124331_0005,55,6,5,Yes,Yes,No,Day 1,1,567,567,0.66272,292.162,direct_cup_evidence,1596.331,1718.343,1888.493,2010.505,1742.412,1864.424
1,Day 1,Tray 4,4,DJI_20260618124331_0005,56,6,6,Yes,Yes,No,Day 1,1,104,104,0.12156,292.162,direct_cup_evidence,1983.772,1718.343,2275.934,2010.505,2129.853,1864.424
1,Day 1,Tray 4,4,DJI_20260618124331_0005,57,6,7,No,No,No,,,0,0,0.0,292.162,direct_cup_evidence,2369.072,1714.062,2661.234,2006.224,2515.153,1860.143
1,Day 1,Tray 4,4,DJI_20260618124331_0005,58,6,8,Yes,Yes,No,Day 1,1,27,27,0.03167,292.162,direct_cup_evidence,2775.777,1748.311,3067.939,2040.473,2921.858,1894.392
1,Day 1,Tray 4,4,DJI_20260618124331_0005,59,6,9,No,No,No,,,0,0,0.0,292.162,direct_cup_evidence,3113.985,1669.11,3406.147,1961.272,3260.066,1815.191
1,Day 1,Tray 4,4,DJI_20260618124331_0005,60,6,10,No,No,No,,,0,0,0.0,292.162,direct_cup_evidence,3535.674,1733.327,3827.837,2025.489,3681.756,1879.408
1,Day 1,Tray 4,4,DJI_20260618124331_0005,61,7,1,Yes,Yes,No,Day 1,1,172,172,0.20173,292.162,direct_cup_evidence,52.991,2026.583,345.153,2318.745,199.072,2172.664
1,Day 1,Tray 4,4,DJI_20260618124331_0005,62,7,2,No,No,No,,,0,0,0.0,292.162,direct_cup_evidence,436.15,2041.567,728.312,2333.729,582.231,2187.648
1,Day 1,Tray 4,4,DJI_20260618124331_0005,63,7,3,No,No,No,,,0,0,0.0,292.162,direct_cup_evidence,821.45,2043.707,1113.612,2335.869,967.531,2189.788
1,Day 1,Tray 4,4,DJI_20260618124331_0005,64,7,4,No,No,No,,,0,0,0.0,292.162,direct_cup_evidence,1211.031,2045.848,1503.193,2338.01,1357.112,2191.929
1,Day 1,Tray 4,4,DJI_20260618124331_0005,65,7,5,Yes,Yes,No,Day 1,1,59,59,0.0692,292.162,direct_cup_evidence,1596.331,2045.848,1888.493,2338.01,1742.412,2191.929
1,Day 1,Tray 4,4,DJI_20260618124331_0005,66,7,6,No,No,No,,,0,0,0.0,292.162,direct_cup_evidence,1970.928,2035.145,2263.091,2327.307,2117.009,2181.226
1,Day 1,Tray 4,4,DJI_20260618124331_0005,67,7,7,No,No,No,,,0,0,0.0,292.162,direct_cup_evidence,2369.072,2043.707,2661.234,2335.869,2515.153,2189.788
1,Day 1,Tray 4,4,DJI_20260618124331_0005,68,7,8,No,No,No,,,0,0,0.0,292.162,direct_cup_evidence,2754.372,2030.864,3046.534,2323.026,2900.453,2176.945
1,Day 1,Tray 4,4,DJI_20260618124331_0005,69,7,9,Yes,Yes,No,Day 1,1,603,603,0.70722,292.162,direct_cup_evidence,3124.688,2035.145,3416.85,2327.307,3270.769,2181.226
1,Day 1,Tray 4,4,DJI_20260618124331_0005,70,7,10,Yes,Yes,No,Day 1,1,179,179,0.20994,292.162,direct_cup_evidence,3507.847,2028.723,3800.009,2320.886,3653.928,2174.804
1,Day 1,Tray 5,5,DJI_20260618124449_0006,1,1,1,No,No,No,,,0,0,0.0,296.32,direct_cup_evidence,44.052,69.399,340.372,365.719,192.212,217.559
1,Day 1,Tray 5,5,DJI_20260618124449_0006,2,1,2,No,No,No,,,0,0,0.0,296.32,direct_cup_evidence,420.028,63.062,716.348,359.382,568.188,211.222
1,Day 1,Tray 5,5,DJI_20260618124449_0006,3,1,3,No,No,No,,,0,0,0.0,296.32,direct_cup_evidence,798.115,58.838,1094.436,355.158,946.276,206.998
1,Day 1,Tray 5,5,DJI_20260618124449_0006,4,1,4,No,No,No,,,0,0,0.0,296.32,direct_cup_evidence,1188.876,52.501,1485.197,348.821,1337.037,200.661
1,Day 1,Tray 5,5,DJI_20260618124449_0006,5,1,5,No,No,No,,,0,0,0.0,296.32,direct_cup_evidence,1566.964,56.725,1863.285,353.046,1715.124,204.886
1,Day 1,Tray 5,5,DJI_20260618124449_0006,6,1,6,Yes,Yes,No,Day 1,1,1311,1311,1.4963,296.32,direct_cup_evidence,1953.501,56.725,2249.821,353.046,2101.661,204.886
1,Day 1,Tray 5,5,DJI_20260618124449_0006,7,1,7,No,No,No,,,0,0,0.0,296.32,direct_cup_evidence,2342.15,60.95,2638.47,357.27,2490.31,209.11
1,Day 1,Tray 5,5,DJI_20260618124449_0006,8,1,8,Yes,Yes,No,Day 1,1,1586,1586,1.80408,296.32,direct_cup_evidence,2724.462,63.062,3020.782,359.382,2872.622,211.222
1,Day 1,Tray 5,5,DJI_20260618124449_0006,9,1,9,No,No,No,,,0,0,0.0,296.32,direct_cup_evidence,3104.662,60.95,3400.982,357.27,3252.822,209.11
1,Day 1,Tray 5,5,DJI_20260618124449_0006,10,1,10,Yes,Yes,No,Day 1,1,317,317,0.36059,296.32,direct_cup_evidence,3472.189,60.95,3768.509,357.27,3620.349,209.11
1,Day 1,Tray 5,5,DJI_20260618124449_0006,11,2,1,Yes,Yes,No,Day 1,1,2479,2479,2.82939,296.32,direct_cup_evidence,44.052,394.681,340.372,691.001,192.212,542.841
1,Day 1,Tray 5,5,DJI_20260618124449_0006,12,2,2,Yes,Yes,No,Day 1,1,944,944,1.0738,296.32,direct_cup_evidence,424.252,398.905,720.572,695.226,572.412,547.066
1,Day 1,Tray 5,5,DJI_20260618124449_0006,13,2,3,Yes,Yes,No,Day 1,1,915,915,1.04081,296.32,direct_cup_evidence,800.228,392.569,1096.548,688.889,948.388,540.729
1,Day 1,Tray 5,5,DJI_20260618124449_0006,14,2,4,No,No,No,,,0,0,0.0,296.32,direct_cup_evidence,1186.764,394.681,1483.085,691.001,1334.924,542.841
1,Day 1,Tray 5,5,DJI_20260618124449_0006,15,2,5,Yes,Yes,No,Day 1,1,833,833,0.94754,296.32,direct_cup_evidence,1571.189,394.681,1867.509,691.001,1719.349,542.841
1,Day 1,Tray 5,5,DJI_20260618124449_0006,16,2,6,Yes,Yes,No,Day 1,1,2795,2795,3.19006,296.32,direct_cup_evidence,1959.838,392.569,2256.158,688.889,2107.998,540.729
1,Day 1,Tray 5,5,DJI_20260618124449_0006,17,2,7,Yes,Yes,No,Day 1,1,246,246,0.28077,296.32,direct_cup_evidence,2337.925,392.569,2634.246,688.889,2486.086,540.729
1,Day 1,Tray 5,5,DJI_20260618124449_0006,18,2,8,Yes,Yes,No,Day 1,1,1153,1153,1.31154,296.32,direct_cup_evidence,2722.35,392.569,3018.67,688.889,2870.51,540.729
1,Day 1,Tray 5,5,DJI_20260618124449_0006,19,2,9,Yes,Yes,No,Day 1,1,593,346,0.67682,296.32,direct_cup_evidence,3110.999,394.681,3407.319,691.001,3259.159,542.841
1,Day 1,Tray 5,5,DJI_20260618124449_0006,20,2,10,Yes,Yes,No,Day 1,1,1756,1756,2.0042,296.32,direct_cup_evidence,3482.75,401.018,3779.07,697.338,3630.91,549.178
1,Day 1,Tray 5,5,DJI_20260618124449_0006,21,3,1,Yes,Yes,No,Day 1,1,533,533,0.60629,296.32,direct_cup_evidence,48.276,717.851,344.597,1014.171,196.437,866.011
1,Day 1,Tray 5,5,DJI_20260618124449_0006,22,3,2,Yes,Yes,No,Day 1,1,1329,1329,1.51174,296.32,direct_cup_evidence,426.364,722.075,722.685,1018.396,574.524,870.236
1,Day 1,Tray 5,5,DJI_20260618124449_0006,23,3,3,No,No,No,,,0,0,0.0,296.32,direct_cup_evidence,800.228,722.075,1096.548,1018.396,948.388,870.236
1,Day 1,Tray 5,5,DJI_20260618124449_0006,24,3,4,Yes,Yes,No,Day 1,1,488,488,0.5551,296.32,direct_cup_evidence,1186.764,728.412,1483.085,1024.732,1334.924,876.572
1,Day 1,Tray 5,5,DJI_20260618124449_0006,25,3,5,No,No,No,,,0,0,0.0,296.32,direct_cup_evidence,1566.964,741.085,1863.285,1037.406,1715.124,889.246
1,Day 1,Tray 5,5,DJI_20260618124449_0006,26,3,6,No,No,No,,,0,0,0.0,296.32,direct_cup_evidence,1961.95,728.412,2258.27,1024.732,2110.11,876.572
1,Day 1,Tray 5,5,DJI_20260618124449_0006,27,3,7,No,No,No,,,0,0,0.0,296.32,direct_cup_evidence,2342.15,724.188,2638.47,1020.508,2490.31,872.348
1,Day 1,Tray 5,5,DJI_20260618124449_0006,28,3,8,No,No,No,,,0,0,0.0,296.32,direct_cup_evidence,2722.35,719.963,3018.67,1016.284,2870.51,868.123
1,Day 1,Tray 5,5,DJI_20260618124449_0006,29,3,9,No,No,No,,,0,0,0.0,296.32,direct_cup_evidence,3100.438,724.188,3396.758,1020.508,3248.598,872.348
1,Day 1,Tray 5,5,DJI_20260618124449_0006,30,3,10,Yes,Yes,No,Day 1,1,856,856,0.97042,296.32,direct_cup_evidence,3472.189,724.188,3768.509,1020.508,3620.349,872.348
1,Day 1,Tray 5,5,DJI_20260618124449_0006,31,4,1,Yes,Yes,No,Day 1,1,916,916,1.03844,296.32,direct_cup_evidence,48.276,1047.358,344.597,1343.678,196.437,1195.518
1,Day 1,Tray 5,5,DJI_20260618124449_0006,32,4,2,No,No,No,,,0,0,0.0,296.32,direct_cup_evidence,428.476,1051.582,724.797,1347.902,576.637,1199.742
1,Day 1,Tray 5,5,DJI_20260618124449_0006,33,4,3,Yes,Yes,No,Day 1,1,783,783,0.89066,296.32,direct_cup_evidence,806.564,1049.47,1102.885,1345.79,954.724,1197.63
1,Day 1,Tray 5,5,DJI_20260618124449_0006,34,4,4,Yes,Yes,No,Day 1,1,867,867,0.98955,296.32,direct_cup_evidence,1193.101,1057.919,1489.421,1354.239,1341.261,1206.079
1,Day 1,Tray 5,5,DJI_20260618124449_0006,35,4,5,No,No,No,,,0,0,0.0,296.32,direct_cup_evidence,1566.964,1057.919,1863.285,1354.239,1715.124,1206.079
1,Day 1,Tray 5,5,DJI_20260618124449_0006,36,4,6,No,No,No,,,0,0,0.0,296.32,direct_cup_evidence,1966.174,1060.031,2262.495,1356.351,2114.334,1208.191
1,Day 1,Tray 5,5,DJI_20260618124449_0006,37,4,7,Yes,Yes,No,Day 1,1,1518,1518,1.73256,296.32,direct_cup_evidence,2342.15,1057.919,2638.47,1354.239,2490.31,1206.079
1,Day 1,Tray 5,5,DJI_20260618124449_0006,38,4,8,Yes,Yes,No,Day 1,1,1296,1296,1.4742,296.32,direct_cup_evidence,2720.238,1060.031,3016.558,1356.351,2868.398,1208.191
1,Day 1,Tray 5,5,DJI_20260618124449_0006,39,4,9,No,No,No,,,0,0,0.0,296.32,direct_cup_evidence,3104.662,1057.919,3400.982,1354.239,3252.822,1206.079
1,Day 1,Tray 5,5,DJI_20260618124449_0006,40,4,10,Yes,Yes,No,Day 1,1,962,962,1.09797,296.32,direct_cup_evidence,3470.076,1051.582,3766.397,1347.902,3618.237,1199.742
1,Day 1,Tray 5,5,DJI_20260618124449_0006,41,5,1,Yes,Yes,No,Day 1,1,1513,1513,1.72104,296.32,direct_cup_evidence,63.062,1368.415,359.382,1664.736,211.222,1516.576
1,Day 1,Tray 5,5,DJI_20260618124449_0006,42,5,2,No,No,No,,,0,0,0.0,296.32,direct_cup_evidence,436.925,1383.201,733.246,1679.521,585.086,1531.361
1,Day 1,Tray 5,5,DJI_20260618124449_0006,43,5,3,No,No,No,,,0,0,0.0,296.32,direct_cup_evidence,810.789,1381.089,1107.109,1677.409,958.949,1529.249
1,Day 1,Tray 5,5,DJI_20260618124449_0006,44,5,4,No,No,No,,,0,0,0.0,296.32,direct_cup_evidence,1190.989,1387.425,1487.309,1683.746,1339.149,1535.586
1,Day 1,Tray 5,5,DJI_20260618124449_0006,45,5,5,No,No,No,,,0,0,0.0,296.32,direct_cup_evidence,1573.301,1387.425,1869.621,1683.746,1721.461,1535.586
1,Day 1,Tray 5,5,DJI_20260618124449_0006,46,5,6,Yes,Yes,No,Day 1,1,2206,2206,2.5178,296.32,direct_cup_evidence,1964.062,1378.976,2260.382,1675.297,2112.222,1527.137
1,Day 1,Tray 5,5,DJI_20260618124449_0006,47,5,7,Yes,Yes,No,Day 1,1,2019,2019,2.29661,296.32,direct_cup_evidence,2340.038,1387.425,2636.358,1683.746,2488.198,1535.586
1,Day 1,Tray 5,5,DJI_20260618124449_0006,48,5,8,Yes,Yes,No,Day 1,1,1741,1741,1.97372,296.32,direct_cup_evidence,2724.462,1387.425,3020.782,1683.746,2872.622,1535.586
1,Day 1,Tray 5,5,DJI_20260618124449_0006,49,5,9,Yes,Yes,No,Day 1,1,1005,1005,1.14319,296.32,direct_cup_evidence,3102.55,1383.201,3398.87,1679.521,3250.71,1531.361
1,Day 1,Tray 5,5,DJI_20260618124449_0006,50,5,10,No,No,No,,,0,0,0.0,296.32,direct_cup_evidence,3467.964,1381.089,3764.285,1677.409,3616.124,1529.249
1,Day 1,Tray 5,5,DJI_20260618124449_0006,51,6,1,No,No,No,,,0,0,0.0,296.32,direct_cup_evidence,63.062,1700.034,359.382,1996.355,211.222,1848.194
1,Day 1,Tray 5,5,DJI_20260618124449_0006,52,6,2,No,No,No,,,0,0,0.0,296.32,direct_cup_evidence,439.038,1700.034,735.358,1996.355,587.198,1848.194
1,Day 1,Tray 5,5,DJI_20260618124449_0006,53,6,3,Yes,Yes,No,Day 1,1,2165,2165,2.46269,296.32,direct_cup_evidence,817.125,1706.371,1113.446,2002.691,965.286,1854.531
1,Day 1,Tray 5,5,DJI_20260618124449_0006,54,6,4,Yes,Yes,No,Day 1,1,2065,2065,2.34894,296.32,direct_cup_evidence,1197.325,1710.595,1493.646,2006.916,1345.486,1858.756
1,Day 1,Tray 5,5,DJI_20260618124449_0006,55,6,5,Yes,Yes,No,Day 1,1,3064,3064,3.4853,296.32,direct_cup_evidence,1583.862,1708.483,1880.182,2004.804,1732.022,1856.643
1,Day 1,Tray 5,5,DJI_20260618124449_0006,56,6,6,No,No,No,,,0,0,0.0,296.32,direct_cup_evidence,1959.838,1719.044,2256.158,2015.365,2107.998,1867.204
1,Day 1,Tray 5,5,DJI_20260618124449_0006,57,6,7,No,No,No,,,0,0,0.0,296.32,direct_cup_evidence,2340.038,1712.708,2636.358,2009.028,2488.198,1860.868
1,Day 1,Tray 5,5,DJI_20260618124449_0006,58,6,8,Yes,Yes,No,Day 1,1,257,257,0.29234,296.32,direct_cup_evidence,2720.238,1712.708,3016.558,2009.028,2868.398,1860.868
1,Day 1,Tray 5,5,DJI_20260618124449_0006,59,6,9,Yes,Yes,No,Day 1,1,1070,1070,1.21713,296.32,direct_cup_evidence,3085.652,1704.259,3381.972,2000.579,3233.812,1852.419
1,Day 1,Tray 5,5,DJI_20260618124449_0006,60,6,10,No,No,No,,,0,0,0.0,296.32,direct_cup_evidence,3478.525,1672.575,3774.846,1968.896,3626.686,1820.736
1,Day 1,Tray 5,5,DJI_20260618124449_0006,61,7,1,Yes,Yes,No,Day 1,1,266,266,0.3036,296.32,direct_cup_evidence,65.174,2012.643,361.495,2308.964,213.334,2160.803
1,Day 1,Tray 5,5,DJI_20260618124449_0006,62,7,2,No,No,No,,,0,0,0.0,296.32,direct_cup_evidence,449.599,2021.092,745.919,2317.412,597.759,2169.252
1,Day 1,Tray 5,5,DJI_20260618124449_0006,63,7,3,Yes,Yes,No,Day 1,1,972,964,1.10939,296.32,direct_cup_evidence,825.574,2035.878,1121.895,2332.198,973.734,2184.038
1,Day 1,Tray 5,5,DJI_20260618124449_0006,64,7,4,Yes,Yes,No,Day 1,1,1337,1332,1.52598,296.32,direct_cup_evidence,1193.101,2037.99,1489.421,2334.31,1341.261,2186.15
1,Day 1,Tray 5,5,DJI_20260618124449_0006,65,7,5,Yes,Yes,No,Day 1,1,906,906,1.03058,296.32,direct_cup_evidence,1573.301,2035.878,1869.621,2332.198,1721.461,2184.038
1,Day 1,Tray 5,5,DJI_20260618124449_0006,66,7,6,Yes,Yes,No,Day 1,1,44,44,0.05022,296.32,direct_cup_evidence,1959.838,2040.102,2256.158,2336.422,2107.998,2188.262
1,Day 1,Tray 5,5,DJI_20260618124449_0006,67,7,7,No,No,No,,,0,0,0.0,296.32,direct_cup_evidence,2337.925,2040.102,2634.246,2336.422,2486.086,2188.262
1,Day 1,Tray 5,5,DJI_20260618124449_0006,68,7,8,No,No,No,,,0,0,0.0,296.32,direct_cup_evidence,2709.676,2029.541,3005.997,2325.861,2857.837,2177.701
1,Day 1,Tray 5,5,DJI_20260618124449_0006,69,7,9,No,No,No,,,0,0,0.0,296.32,direct_cup_evidence,3087.764,2037.99,3384.085,2334.31,3235.924,2186.15
1,Day 1,Tray 5,5,DJI_20260618124449_0006,70,7,10,No,No,No,,,0,0,0.0,296.32,direct_cup_evidence,3472.189,2016.868,3768.509,2313.188,3620.349,2165.028
1,Day 1,Tray 6,6,DJI_20260618123542_0001,1,1,1,No,No,No,,,0,0,0.0,285.127,direct_cup_evidence,70.286,106.836,355.414,391.964,212.85,249.4
1,Day 1,Tray 6,6,DJI_20260618123542_0001,2,1,2,No,No,No,,,0,0,0.0,285.127,direct_cup_evidence,452.986,108.986,738.114,394.114,595.55,251.55
1,Day 1,Tray 6,6,DJI_20260618123542_0001,3,1,3,Yes,Yes,No,Day 1,1,651,651,0.80148,285.127,direct_cup_evidence,839.986,96.086,1125.114,381.214,982.55,238.65
1,Day 1,Tray 6,6,DJI_20260618123542_0001,4,1,4,No,No,No,,,0,0,0.0,285.127,direct_cup_evidence,1222.686,100.386,1507.814,385.514,1365.25,242.95
1,Day 1,Tray 6,6,DJI_20260618123542_0001,5,1,5,No,No,No,,,0,0,0.0,285.127,direct_cup_evidence,1613.986,98.236,1899.114,383.364,1756.55,240.8
1,Day 1,Tray 6,6,DJI_20260618123542_0001,6,1,6,No,No,No,,,0,0,0.0,285.127,direct_cup_evidence,1994.536,91.786,2279.664,376.914,2137.1,234.35
1,Day 1,Tray 6,6,DJI_20260618123542_0001,7,1,7,No,No,No,,,0,0,0.0,285.127,direct_cup_evidence,2379.386,98.236,2664.514,383.364,2521.95,240.8
1,Day 1,Tray 6,6,DJI_20260618123542_0001,8,1,8,No,No,No,,,0,0,0.0,285.127,direct_cup_evidence,2762.086,104.686,3047.214,389.814,2904.65,247.25
1,Day 1,Tray 6,6,DJI_20260618123542_0001,9,1,9,No,No,No,,,0,0,0.0,285.127,direct_cup_evidence,3142.636,104.686,3427.764,389.814,3285.2,247.25
1,Day 1,Tray 6,6,DJI_20260618123542_0001,10,1,10,No,No,No,,,0,0,0.0,285.127,direct_cup_evidence,3516.736,91.786,3801.864,376.914,3659.3,234.35
1,Day 1,Tray 6,6,DJI_20260618123542_0001,11,2,1,Yes,Yes,No,Day 1,1,138,138,0.1693,285.127,direct_cup_evidence,65.986,431.486,351.114,716.614,208.55,574.05
1,Day 1,Tray 6,6,DJI_20260618123542_0001,12,2,2,Yes,Yes,No,Day 1,1,104,104,0.12715,285.127,direct_cup_evidence,459.436,431.486,744.564,716.614,602.0,574.05
1,Day 1,Tray 6,6,DJI_20260618123542_0001,13,2,3,No,No,No,,,0,0,0.0,285.127,direct_cup_evidence,852.886,431.486,1138.014,716.614,995.45,574.05
1,Day 1,Tray 6,6,DJI_20260618123542_0001,14,2,4,No,No,No,,,0,0,0.0,285.127,direct_cup_evidence,1226.986,427.186,1512.114,712.314,1369.55,569.75
1,Day 1,Tray 6,6,DJI_20260618123542_0001,15,2,5,Yes,Yes,No,Day 1,1,386,386,0.47522,285.127,direct_cup_evidence,1609.686,420.736,1894.814,705.864,1752.25,563.3
1,Day 1,Tray 6,6,DJI_20260618123542_0001,16,2,6,No,No,No,,,0,0,0.0,285.127,direct_cup_evidence,1996.686,427.186,2281.814,712.314,2139.25,569.75
1,Day 1,Tray 6,6,DJI_20260618123542_0001,17,2,7,No,No,No,,,0,0,0.0,285.127,direct_cup_evidence,2387.986,422.886,2673.114,708.014,2530.55,565.45
1,Day 1,Tray 6,6,DJI_20260618123542_0001,18,2,8,No,No,No,,,0,0,0.0,285.127,direct_cup_evidence,2764.236,427.186,3049.364,712.314,2906.8,569.75
1,Day 1,Tray 6,6,DJI_20260618123542_0001,19,2,9,No,No,No,,,0,0,0.0,285.127,direct_cup_evidence,3149.086,427.186,3434.214,712.314,3291.65,569.75
1,Day 1,Tray 6,6,DJI_20260618123542_0001,20,2,10,Yes,Yes,No,Day 1,1,168,168,0.20611,285.127,direct_cup_evidence,3523.186,431.486,3808.314,716.614,3665.75,574.05
1,Day 1,Tray 6,6,DJI_20260618123542_0001,21,3,1,No,No,No,,,0,0,0.0,285.127,direct_cup_evidence,74.586,764.736,359.714,1049.864,217.15,907.3
1,Day 1,Tray 6,6,DJI_20260618123542_0001,22,3,2,No,No,No,,,0,0,0.0,285.127,direct_cup_evidence,448.686,758.286,733.814,1043.414,591.25,900.85
1,Day 1,Tray 6,6,DJI_20260618123542_0001,23,3,3,No,No,No,,,0,0,0.0,285.127,direct_cup_evidence,839.986,762.586,1125.114,1047.714,982.55,905.15
1,Day 1,Tray 6,6,DJI_20260618123542_0001,24,3,4,No,No,No,,,0,0,0.0,285.127,direct_cup_evidence,1226.986,762.586,1512.114,1047.714,1369.55,905.15
1,Day 1,Tray 6,6,DJI_20260618123542_0001,25,3,5,No,No,No,,,0,0,0.0,285.127,direct_cup_evidence,1616.136,762.586,1901.264,1047.714,1758.7,905.15
1,Day 1,Tray 6,6,DJI_20260618123542_0001,26,3,6,Yes,Yes,No,Day 1,1,140,140,0.17236,285.127,direct_cup_evidence,1994.536,751.836,2279.664,1036.964,2137.1,894.4
1,Day 1,Tray 6,6,DJI_20260618123542_0001,27,3,7,No,No,No,,,0,0,0.0,285.127,direct_cup_evidence,2381.536,756.136,2666.664,1041.264,2524.1,898.7
1,Day 1,Tray 6,6,DJI_20260618123542_0001,28,3,8,No,No,No,,,0,0,0.0,285.127,direct_cup_evidence,2790.036,719.586,3075.164,1004.714,2932.6,862.15
1,Day 1,Tray 6,6,DJI_20260618123542_0001,29,3,9,Yes,Yes,No,Day 1,1,58,58,0.07141,285.127,direct_cup_evidence,3166.286,771.186,3451.414,1056.314,3308.85,913.75
1,Day 1,Tray 6,6,DJI_20260618123542_0001,30,3,10,Yes,Yes,No,Day 1,1,205,205,0.25239,285.127,direct_cup_evidence,3525.336,751.836,3810.464,1036.964,3667.9,894.4
1,Day 1,Tray 6,6,DJI_20260618123542_0001,31,4,1,No,No,No,,,0,0,0.0,285.127,direct_cup_evidence,72.436,1087.236,357.564,1372.364,215.0,1229.8
1,Day 1,Tray 6,6,DJI_20260618123542_0001,32,4,2,No,No,No,,,0,0,0.0,285.127,direct_cup_evidence,459.436,1093.686,744.564,1378.814,602.0,1236.25
1,Day 1,Tray 6,6,DJI_20260618123542_0001,33,4,3,No,No,No,,,0,0,0.0,285.127,direct_cup_evidence,844.286,1093.686,1129.414,1378.814,986.85,1236.25
1,Day 1,Tray 6,6,DJI_20260618123542_0001,34,4,4,Yes,Yes,No,Day 1,1,36,36,0.04417,285.127,direct_cup_evidence,1226.986,1089.386,1512.114,1374.514,1369.55,1231.95
1,Day 1,Tray 6,6,DJI_20260618123542_0001,35,4,5,No,No,No,,,10,10,0.01227,285.127,direct_cup_evidence,1613.986,1089.386,1899.114,1374.514,1756.55,1231.95
1,Day 1,Tray 6,6,DJI_20260618123542_0001,36,4,6,No,No,No,,,0,0,0.0,285.127,direct_cup_evidence,1970.886,1100.136,2256.014,1385.264,2113.45,1242.7
1,Day 1,Tray 6,6,DJI_20260618123542_0001,37,4,7,No,No,No,,,0,0,0.0,285.127,direct_cup_evidence,2383.686,1085.086,2668.814,1370.214,2526.25,1227.65
1,Day 1,Tray 6,6,DJI_20260618123542_0001,38,4,8,No,No,No,,,0,0,0.0,285.127,direct_cup_evidence,2762.086,1087.236,3047.214,1372.364,2904.65,1229.8
1,Day 1,Tray 6,6,DJI_20260618123542_0001,39,4,9,No,No,No,,,0,0,0.0,285.127,direct_cup_evidence,3151.236,1080.786,3436.364,1365.914,3293.8,1223.35
1,Day 1,Tray 6,6,DJI_20260618123542_0001,40,4,10,No,No,No,,,0,0,0.0,285.127,direct_cup_evidence,3529.636,1076.486,3814.764,1361.614,3672.2,1219.05
1,Day 1,Tray 6,6,DJI_20260618123542_0001,41,5,1,No,No,No,,,0,0,0.0,285.127,direct_cup_evidence,72.436,1414.036,357.564,1699.164,215.0,1556.6
1,Day 1,Tray 6,6,DJI_20260618123542_0001,42,5,2,Yes,Yes,No,Day 1,1,56,56,0.0687,285.127,direct_cup_evidence,448.686,1420.486,733.814,1705.614,591.25,1563.05
1,Day 1,Tray 6,6,DJI_20260618123542_0001,43,5,3,No,No,No,,,0,0,0.0,285.127,direct_cup_evidence,839.986,1420.486,1125.114,1705.614,982.55,1563.05
1,Day 1,Tray 6,6,DJI_20260618123542_0001,44,5,4,No,No,No,,,0,0,0.0,285.127,direct_cup_evidence,1229.136,1422.636,1514.264,1707.764,1371.7,1565.2
1,Day 1,Tray 6,6,DJI_20260618123542_0001,45,5,5,No,No,No,,,0,0,0.0,285.127,direct_cup_evidence,1613.986,1420.486,1899.114,1705.614,1756.55,1563.05
1,Day 1,Tray 6,6,DJI_20260618123542_0001,46,5,6,No,No,No,,,0,0,0.0,285.127,direct_cup_evidence,2000.986,1420.486,2286.114,1705.614,2143.55,1563.05
1,Day 1,Tray 6,6,DJI_20260618123542_0001,47,5,7,No,No,No,,,0,0,0.0,285.127,direct_cup_evidence,2387.986,1414.036,2673.114,1699.164,2530.55,1556.6
1,Day 1,Tray 6,6,DJI_20260618123542_0001,48,5,8,No,No,No,,,0,0,0.0,285.127,direct_cup_evidence,2777.136,1414.036,3062.264,1699.164,2919.7,1556.6
1,Day 1,Tray 6,6,DJI_20260618123542_0001,49,5,9,No,No,No,,,0,0,0.0,285.127,direct_cup_evidence,3153.386,1411.886,3438.514,1697.014,3295.95,1554.45
1,Day 1,Tray 6,6,DJI_20260618123542_0001,50,5,10,No,No,No,,,0,0,0.0,285.127,direct_cup_evidence,3531.786,1401.136,3816.914,1686.264,3674.35,1543.7
1,Day 1,Tray 6,6,DJI_20260618123542_0001,51,6,1,No,No,No,,,0,0,0.0,285.127,direct_cup_evidence,70.286,1749.436,355.414,2034.564,212.85,1892.0
1,Day 1,Tray 6,6,DJI_20260618123542_0001,52,6,2,No,No,No,,,0,0,0.0,285.127,direct_cup_evidence,457.286,1749.436,742.414,2034.564,599.85,1892.0
1,Day 1,Tray 6,6,DJI_20260618123542_0001,53,6,3,Yes,Yes,No,Day 1,1,20,20,0.02462,285.127,direct_cup_evidence,842.136,1745.136,1127.264,2030.264,984.7,1887.7
1,Day 1,Tray 6,6,DJI_20260618123542_0001,54,6,4,No,No,No,,,0,0,0.0,285.127,direct_cup_evidence,1229.136,1751.586,1514.264,2036.714,1371.7,1894.15
1,Day 1,Tray 6,6,DJI_20260618123542_0001,55,6,5,Yes,Yes,No,Day 1,1,166,166,0.20437,285.127,direct_cup_evidence,1618.286,1751.586,1903.414,2036.714,1760.85,1894.15
1,Day 1,Tray 6,6,DJI_20260618123542_0001,56,6,6,No,No,No,,,0,0,0.0,285.127,direct_cup_evidence,2005.286,1745.136,2290.414,2030.264,2147.85,1887.7
1,Day 1,Tray 6,6,DJI_20260618123542_0001,57,6,7,No,No,No,,,0,0,0.0,285.127,direct_cup_evidence,2390.136,1747.286,2675.264,2032.414,2532.7,1889.85
1,Day 1,Tray 6,6,DJI_20260618123542_0001,58,6,8,No,No,No,,,0,0,0.0,285.127,direct_cup_evidence,2757.786,1725.786,3042.914,2010.914,2900.35,1868.35
1,Day 1,Tray 6,6,DJI_20260618123542_0001,59,6,9,No,No,No,,,0,0,0.0,285.127,direct_cup_evidence,3155.536,1736.536,3440.664,2021.664,3298.1,1879.1
1,Day 1,Tray 6,6,DJI_20260618123542_0001,60,6,10,No,No,No,,,0,0,0.0,285.127,direct_cup_evidence,3529.636,1723.636,3814.764,2008.764,3672.2,1866.2
1,Day 1,Tray 6,6,DJI_20260618123542_0001,61,7,1,No,No,No,,,0,0,0.0,285.127,direct_cup_evidence,70.286,2074.086,355.414,2359.214,212.85,2216.65
1,Day 1,Tray 6,6,DJI_20260618123542_0001,62,7,2,Yes,Yes,No,Day 1,1,482,482,0.59341,285.127,direct_cup_evidence,457.286,2082.686,742.414,2367.814,599.85,2225.25
1,Day 1,Tray 6,6,DJI_20260618123542_0001,63,7,3,No,No,No,,,0,0,0.0,285.127,direct_cup_evidence,842.136,2082.686,1127.264,2367.814,984.7,2225.25
1,Day 1,Tray 6,6,DJI_20260618123542_0001,64,7,4,No,No,No,,,0,0,0.0,285.127,direct_cup_evidence,1231.286,2082.686,1516.414,2367.814,1373.85,2225.25
1,Day 1,Tray 6,6,DJI_20260618123542_0001,65,7,5,No,No,No,,,0,0,0.0,285.127,direct_cup_evidence,1616.136,2082.686,1901.264,2367.814,1758.7,2225.25
1,Day 1,Tray 6,6,DJI_20260618123542_0001,66,7,6,No,No,No,,,0,0,0.0,285.127,direct_cup_evidence,2005.286,2082.686,2290.414,2367.814,2147.85,2225.25
1,Day 1,Tray 6,6,DJI_20260618123542_0001,67,7,7,No,No,No,,,0,0,0.0,285.127,direct_cup_evidence,2390.136,2074.086,2675.264,2359.214,2532.7,2216.65
1,Day 1,Tray 6,6,DJI_20260618123542_0001,68,7,8,No,No,No,,,0,0,0.0,285.127,direct_cup_evidence,2774.986,2071.936,3060.114,2357.064,2917.55,2214.5
1,Day 1,Tray 6,6,DJI_20260618123542_0001,69,7,9,No,No,No,,,0,0,0.0,285.127,direct_cup_evidence,3127.586,2069.786,3412.714,2354.914,3270.15,2212.35
1,Day 1,Tray 6,6,DJI_20260618123542_0001,70,7,10,No,No,No,,,0,0,0.0,285.127,direct_cup_evidence,3540.386,2035.386,3825.514,2320.514,3682.95,2177.95
1,Day 1,Tray 7,7,DJI_20260618123812_0002,1,1,1,No,No,No,,,0,0,0.0,295.43,direct_cup_evidence,71.789,99.494,367.22,394.924,219.504,247.209
1,Day 1,Tray 7,7,DJI_20260618123812_0002,2,1,2,No,No,No,,,0,0,0.0,295.43,direct_cup_evidence,446.865,84.576,742.295,380.006,594.58,232.291
1,Day 1,Tray 7,7,DJI_20260618123812_0002,3,1,3,Yes,Yes,No,Day 1,1,517,517,0.59408,295.43,direct_cup_evidence,821.94,88.838,1117.371,384.268,969.656,236.553
1,Day 1,Tray 7,7,DJI_20260618123812_0002,4,1,4,No,No,No,,,0,0,0.0,295.43,direct_cup_evidence,1205.54,86.707,1500.971,382.137,1353.256,234.422
1,Day 1,Tray 7,7,DJI_20260618123812_0002,5,1,5,No,No,No,,,0,0,0.0,295.43,direct_cup_evidence,1584.878,93.1,1880.308,388.531,1732.593,240.816
1,Day 1,Tray 7,7,DJI_20260618123812_0002,6,1,6,No,No,No,,,0,0,0.0,295.43,direct_cup_evidence,1942.905,80.314,2238.335,375.744,2090.62,228.029
1,Day 1,Tray 7,7,DJI_20260618123812_0002,7,1,7,No,No,No,,,0,0,0.0,295.43,direct_cup_evidence,2354.209,86.707,2649.64,382.137,2501.924,234.422
1,Day 1,Tray 7,7,DJI_20260618123812_0002,8,1,8,No,No,No,,,0,0,0.0,295.43,direct_cup_evidence,2739.94,90.969,3035.371,386.4,2887.656,238.684
1,Day 1,Tray 7,7,DJI_20260618123812_0002,9,1,9,No,No,No,,,0,0,0.0,295.43,direct_cup_evidence,3117.147,93.1,3412.577,388.531,3264.862,240.816
1,Day 1,Tray 7,7,DJI_20260618123812_0002,10,1,10,No,No,No,,,0,0,0.0,295.43,direct_cup_evidence,3490.092,90.969,3785.522,386.4,3637.807,238.684
1,Day 1,Tray 7,7,DJI_20260618123812_0002,11,2,1,No,No,No,,,0,0,0.0,295.43,direct_cup_evidence,80.314,399.98,375.744,695.411,228.029,547.696
1,Day 1,Tray 7,7,DJI_20260618123812_0002,12,2,2,No,No,No,,,0,0,0.0,295.43,direct_cup_evidence,444.734,421.292,740.164,716.722,592.449,569.007
1,Day 1,Tray 7,7,DJI_20260618123812_0002,13,2,3,Yes,Yes,No,Day 1,1,142,142,0.16262,295.43,direct_cup_evidence,821.94,421.292,1117.371,716.722,969.656,569.007
1,Day 1,Tray 7,7,DJI_20260618123812_0002,14,2,4,Yes,Yes,No,Day 1,1,98,63,0.11261,295.43,direct_cup_evidence,1209.803,417.029,1505.233,712.46,1357.518,564.744
1,Day 1,Tray 7,7,DJI_20260618123812_0002,15,2,5,No,No,No,,,0,0,0.0,295.43,direct_cup_evidence,1593.403,425.554,1888.833,720.984,1741.118,573.269
1,Day 1,Tray 7,7,DJI_20260618123812_0002,16,2,6,No,No,No,,,0,0,0.0,295.43,direct_cup_evidence,1970.609,417.029,2266.04,712.46,2118.324,564.744
1,Day 1,Tray 7,7,DJI_20260618123812_0002,17,2,7,No,No,No,,,0,0,0.0,295.43,direct_cup_evidence,2354.209,419.16,2649.64,714.591,2501.924,566.876
1,Day 1,Tray 7,7,DJI_20260618123812_0002,18,2,8,Yes,Yes,No,Day 1,1,89,89,0.10192,295.43,direct_cup_evidence,2735.678,419.16,3031.108,714.591,2883.393,566.876
1,Day 1,Tray 7,7,DJI_20260618123812_0002,19,2,9,No,No,No,,,5,5,0.00573,295.43,direct_cup_evidence,3115.016,421.292,3410.446,716.722,3262.731,569.007
1,Day 1,Tray 7,7,DJI_20260618123812_0002,20,2,10,No,No,No,,,0,0,0.0,295.43,direct_cup_evidence,3492.223,419.16,3787.653,714.591,3639.938,566.876
1,Day 1,Tray 7,7,DJI_20260618123812_0002,21,3,1,No,No,No,,,0,0,0.0,295.43,direct_cup_evidence,67.527,745.22,362.957,1040.651,215.242,892.936
1,Day 1,Tray 7,7,DJI_20260618123812_0002,22,3,2,No,No,No,,,0,0,0.0,295.43,direct_cup_evidence,442.603,745.22,738.033,1040.651,590.318,892.936
1,Day 1,Tray 7,7,DJI_20260618123812_0002,23,3,3,No,No,No,,,0,0,0.0,295.43,direct_cup_evidence,826.203,743.089,1121.633,1038.52,973.918,890.804
1,Day 1,Tray 7,7,DJI_20260618123812_0002,24,3,4,No,No,No,,,0,0,0.0,295.43,direct_cup_evidence,1203.409,745.22,1498.84,1040.651,1351.124,892.936
1,Day 1,Tray 7,7,DJI_20260618123812_0002,25,3,5,No,No,No,,,0,0,0.0,295.43,direct_cup_evidence,1580.616,745.22,1876.046,1040.651,1728.331,892.936
1,Day 1,Tray 7,7,DJI_20260618123812_0002,26,3,6,No,No,No,,,0,0,0.0,295.43,direct_cup_evidence,1966.347,745.22,2261.777,1040.651,2114.062,892.936
1,Day 1,Tray 7,7,DJI_20260618123812_0002,27,3,7,No,No,No,,,0,0,0.0,295.43,direct_cup_evidence,2356.34,749.483,2651.771,1044.913,2504.056,897.198
1,Day 1,Tray 7,7,DJI_20260618123812_0002,28,3,8,No,No,No,,,0,0,0.0,295.43,direct_cup_evidence,2733.547,745.22,3028.977,1040.651,2881.262,892.936
1,Day 1,Tray 7,7,DJI_20260618123812_0002,29,3,9,No,No,No,,,0,0,0.0,295.43,direct_cup_evidence,3104.36,745.22,3399.791,1040.651,3252.076,892.936
1,Day 1,Tray 7,7,DJI_20260618123812_0002,30,3,10,No,No,No,,,0,0,0.0,295.43,direct_cup_evidence,3487.96,749.483,3783.391,1044.913,3635.676,897.198
1,Day 1,Tray 7,7,DJI_20260618123812_0002,31,4,1,No,No,No,,,0,0,0.0,295.43,direct_cup_evidence,78.183,1049.969,373.613,1345.4,225.898,1197.684
1,Day 1,Tray 7,7,DJI_20260618123812_0002,32,4,2,No,No,No,,,0,0,0.0,295.43,direct_cup_evidence,438.34,1073.412,733.771,1368.842,586.056,1221.127
1,Day 1,Tray 7,7,DJI_20260618123812_0002,33,4,3,No,No,No,,,0,0,0.0,295.43,direct_cup_evidence,821.94,1081.936,1117.371,1377.366,969.656,1229.651
1,Day 1,Tray 7,7,DJI_20260618123812_0002,34,4,4,Yes,Yes,No,Day 1,1,432,432,0.49641,295.43,direct_cup_evidence,1205.54,1081.936,1500.971,1377.366,1353.256,1229.651
1,Day 1,Tray 7,7,DJI_20260618123812_0002,35,4,5,Yes,Yes,No,Day 1,1,405,405,0.46538,295.43,direct_cup_evidence,1584.878,1075.543,1880.308,1370.973,1732.593,1223.258
1,Day 1,Tray 7,7,DJI_20260618123812_0002,36,4,6,Yes,Yes,No,Day 1,1,421,421,0.48213,295.43,direct_cup_evidence,1968.478,1075.543,2263.908,1370.973,2116.193,1223.258
1,Day 1,Tray 7,7,DJI_20260618123812_0002,37,4,7,No,No,No,,,0,0,0.0,295.43,direct_cup_evidence,2352.078,1075.543,2647.508,1370.973,2499.793,1223.258
1,Day 1,Tray 7,7,DJI_20260618123812_0002,38,4,8,Yes,Yes,No,Day 1,1,28,28,0.03207,295.43,direct_cup_evidence,2737.809,1073.412,3033.24,1368.842,2885.524,1221.127
1,Day 1,Tray 7,7,DJI_20260618123812_0002,39,4,9,No,No,No,,,0,0,0.0,295.43,direct_cup_evidence,3117.147,1073.412,3412.577,1368.842,3264.862,1221.127
1,Day 1,Tray 7,7,DJI_20260618123812_0002,40,4,10,No,No,No,,,0,0,0.0,295.43,direct_cup_evidence,3492.223,1073.412,3787.653,1368.842,3639.938,1221.127
1,Day 1,Tray 7,7,DJI_20260618123812_0002,41,5,1,No,No,No,,,0,0,0.0,295.43,direct_cup_evidence,54.74,1403.734,350.171,1699.164,202.456,1551.449
1,Day 1,Tray 7,7,DJI_20260618123812_0002,42,5,2,No,No,No,,,0,0,0.0,295.43,direct_cup_evidence,438.34,1403.734,733.771,1699.164,586.056,1551.449
1,Day 1,Tray 7,7,DJI_20260618123812_0002,43,5,3,No,No,No,,,0,0,0.0,295.43,direct_cup_evidence,826.203,1410.127,1121.633,1705.557,973.918,1557.842
1,Day 1,Tray 7,7,DJI_20260618123812_0002,44,5,4,Yes,Yes,No,Day 1,1,640,640,0.73542,295.43,direct_cup_evidence,1209.803,1403.734,1505.233,1699.164,1357.518,1551.449
1,Day 1,Tray 7,7,DJI_20260618123812_0002,45,5,5,No,No,No,,,0,0,0.0,295.43,direct_cup_evidence,1584.878,1403.734,1880.308,1699.164,1732.593,1551.449
1,Day 1,Tray 7,7,DJI_20260618123812_0002,46,5,6,No,No,No,,,0,0,0.0,295.43,direct_cup_evidence,1968.478,1405.865,2263.908,1701.295,2116.193,1553.58
1,Day 1,Tray 7,7,DJI_20260618123812_0002,47,5,7,No,No,No,,,0,0,0.0,295.43,direct_cup_evidence,2347.816,1403.734,2643.246,1699.164,2495.531,1551.449
1,Day 1,Tray 7,7,DJI_20260618123812_0002,48,5,8,No,No,No,,,0,0,0.0,295.43,direct_cup_evidence,2712.236,1410.127,3007.666,1705.557,2859.951,1557.842
1,Day 1,Tray 7,7,DJI_20260618123812_0002,49,5,9,No,No,No,,,5,5,0.00575,295.43,direct_cup_evidence,3115.016,1405.865,3410.446,1701.295,3262.731,1553.58
1,Day 1,Tray 7,7,DJI_20260618123812_0002,50,5,10,Yes,Yes,No,Day 1,1,423,401,0.48443,295.43,direct_cup_evidence,3492.223,1401.603,3787.653,1697.033,3639.938,1549.318
1,Day 1,Tray 7,7,DJI_20260618123812_0002,51,6,1,No,No,No,,,0,0,0.0,295.43,direct_cup_evidence,59.003,1723.4,354.433,2018.831,206.718,1871.116
1,Day 1,Tray 7,7,DJI_20260618123812_0002,52,6,2,No,No,No,,,0,0,0.0,295.43,direct_cup_evidence,436.209,1729.794,731.64,2025.224,583.924,1877.509
1,Day 1,Tray 7,7,DJI_20260618123812_0002,53,6,3,No,No,No,,,0,0,0.0,295.43,direct_cup_evidence,817.678,1712.745,1113.108,2008.175,965.393,1860.46
1,Day 1,Tray 7,7,DJI_20260618123812_0002,54,6,4,Yes,Yes,No,Day 1,1,559,559,0.64234,295.43,direct_cup_evidence,1175.705,1759.629,1471.135,2055.06,1323.42,1907.344
1,Day 1,Tray 7,7,DJI_20260618123812_0002,55,6,5,No,No,No,,,0,0,0.0,295.43,direct_cup_evidence,1582.747,1736.187,1878.177,2031.617,1730.462,1883.902
1,Day 1,Tray 7,7,DJI_20260618123812_0002,56,6,6,No,No,No,,,0,0,0.0,295.43,direct_cup_evidence,1966.347,1736.187,2261.777,2031.617,2114.062,1883.902
1,Day 1,Tray 7,7,DJI_20260618123812_0002,57,6,7,No,No,No,,,0,0,0.0,295.43,direct_cup_evidence,2337.16,1748.974,2632.591,2044.404,2484.876,1896.689
1,Day 1,Tray 7,7,DJI_20260618123812_0002,58,6,8,No,No,No,,,0,0,0.0,295.43,direct_cup_evidence,2731.416,1729.794,3026.846,2025.224,2879.131,1877.509
1,Day 1,Tray 7,7,DJI_20260618123812_0002,59,6,9,Yes,Yes,No,Day 1,1,976,976,1.12152,295.43,direct_cup_evidence,3110.754,1727.663,3406.184,2023.093,3258.469,1875.378
1,Day 1,Tray 7,7,DJI_20260618123812_0002,60,6,10,No,No,No,,,0,0,0.0,295.43,direct_cup_evidence,3487.96,1710.614,3783.391,2006.044,3635.676,1858.329
1,Day 1,Tray 7,7,DJI_20260618123812_0002,61,7,1,No,No,No,,,0,0,0.0,295.43,direct_cup_evidence,61.134,2049.46,356.564,2344.891,208.849,2197.176
1,Day 1,Tray 7,7,DJI_20260618123812_0002,62,7,2,No,No,No,,,0,0,0.0,295.43,direct_cup_evidence,436.209,2055.854,731.64,2351.284,583.924,2203.569
1,Day 1,Tray 7,7,DJI_20260618123812_0002,63,7,3,Yes,Yes,No,Day 1,1,27,27,0.03092,295.43,direct_cup_evidence,817.678,2060.116,1113.108,2355.546,965.393,2207.831
1,Day 1,Tray 7,7,DJI_20260618123812_0002,64,7,4,No,No,No,,,0,0,0.0,295.43,direct_cup_evidence,1197.016,2055.854,1492.446,2351.284,1344.731,2203.569
1,Day 1,Tray 7,7,DJI_20260618123812_0002,65,7,5,No,No,No,,,0,0,0.0,295.43,direct_cup_evidence,1561.436,2083.558,1856.866,2378.988,1709.151,2231.273
1,Day 1,Tray 7,7,DJI_20260618123812_0002,66,7,6,Yes,Yes,No,Day 1,1,163,163,0.18667,295.43,direct_cup_evidence,1968.478,2055.854,2263.908,2351.284,2116.193,2203.569
1,Day 1,Tray 7,7,DJI_20260618123812_0002,67,7,7,Yes,Yes,No,Day 1,1,1282,1282,1.46816,295.43,direct_cup_evidence,2343.554,2060.116,2638.984,2355.546,2491.269,2207.831
1,Day 1,Tray 7,7,DJI_20260618123812_0002,68,7,8,No,No,No,,,0,0,0.0,295.43,direct_cup_evidence,2731.416,2055.854,3026.846,2351.284,2879.131,2203.569
1,Day 1,Tray 7,7,DJI_20260618123812_0002,69,7,9,No,No,No,,,0,0,0.0,295.43,direct_cup_evidence,3110.754,2053.723,3406.184,2349.153,3258.469,2201.438
1,Day 1,Tray 7,7,DJI_20260618123812_0002,70,7,10,No,No,No,,,0,0,0.0,295.43,direct_cup_evidence,3481.567,2047.329,3776.997,2342.76,3629.282,2195.044
1,Day 1,Tray 8,8,DJI_20260618124121_0003,1,1,1,Yes,Yes,No,Day 1,1,1330,1330,1.53349,294.156,direct_cup_evidence,42.146,97.425,336.302,391.581,189.224,244.503
1,Day 1,Tray 8,8,DJI_20260618124121_0003,2,1,2,No,No,No,,,0,0,0.0,294.156,direct_cup_evidence,420.594,99.551,714.75,393.707,567.672,246.629
1,Day 1,Tray 8,8,DJI_20260618124121_0003,3,1,3,No,No,No,,,0,0,0.0,294.156,direct_cup_evidence,750.141,142.073,1044.297,436.229,897.219,289.151
1,Day 1,Tray 8,8,DJI_20260618124121_0003,4,1,4,Yes,Yes,No,Day 1,1,912,912,1.05154,294.156,direct_cup_evidence,1183.867,97.425,1478.024,391.581,1330.946,244.503
1,Day 1,Tray 8,8,DJI_20260618124121_0003,5,1,5,Yes,Yes,No,Day 1,1,1417,1417,1.63936,294.156,direct_cup_evidence,1566.567,103.803,1860.724,397.959,1713.646,250.881
1,Day 1,Tray 8,8,DJI_20260618124121_0003,6,1,6,Yes,Yes,No,Day 1,1,44,44,0.0509,294.156,direct_cup_evidence,1949.267,99.551,2243.424,393.707,2096.346,246.629
1,Day 1,Tray 8,8,DJI_20260618124121_0003,7,1,7,No,No,No,,,0,0,0.0,294.156,direct_cup_evidence,2331.967,101.677,2626.124,395.833,2479.046,248.755
1,Day 1,Tray 8,8,DJI_20260618124121_0003,8,1,8,Yes,Yes,No,Day 1,1,865,865,1.00074,294.156,direct_cup_evidence,2701.911,86.794,2996.067,380.95,2848.989,233.872
1,Day 1,Tray 8,8,DJI_20260618124121_0003,9,1,9,Yes,Yes,No,Day 1,1,488,488,0.56458,294.156,direct_cup_evidence,3090.989,103.803,3385.145,397.959,3238.067,250.881
1,Day 1,Tray 8,8,DJI_20260618124121_0003,10,1,10,Yes,Yes,No,Day 1,1,1641,1641,1.89208,294.156,direct_cup_evidence,3469.437,103.803,3763.593,397.959,3616.515,250.881
1,Day 1,Tray 8,8,DJI_20260618124121_0003,11,2,1,Yes,Yes,No,Day 1,1,1510,1510,1.74696,294.156,direct_cup_evidence,48.524,422.72,342.68,716.876,195.602,569.798
1,Day 1,Tray 8,8,DJI_20260618124121_0003,12,2,2,Yes,Yes,No,Day 1,1,1478,1478,1.70994,294.156,direct_cup_evidence,429.098,429.098,723.254,723.254,576.176,576.176
1,Day 1,Tray 8,8,DJI_20260618124121_0003,13,2,3,Yes,Yes,No,Day 1,1,899,899,1.04008,294.156,direct_cup_evidence,803.294,424.846,1097.45,719.002,950.372,571.924
1,Day 1,Tray 8,8,DJI_20260618124121_0003,14,2,4,No,No,No,,,0,0,0.0,294.156,direct_cup_evidence,1181.741,422.72,1475.898,716.876,1328.819,569.798
1,Day 1,Tray 8,8,DJI_20260618124121_0003,15,2,5,Yes,Yes,No,Day 1,1,1343,1343,1.54848,294.156,direct_cup_evidence,1564.441,424.846,1858.598,719.002,1711.519,571.924
1,Day 1,Tray 8,8,DJI_20260618124121_0003,16,2,6,No,No,No,,,0,0,0.0,294.156,direct_cup_evidence,1951.394,429.098,2245.55,723.254,2098.472,576.176
1,Day 1,Tray 8,8,DJI_20260618124121_0003,17,2,7,No,No,No,,,0,0,0.0,294.156,direct_cup_evidence,2329.841,433.35,2623.998,727.506,2476.919,580.428
1,Day 1,Tray 8,8,DJI_20260618124121_0003,18,2,8,Yes,Yes,No,Day 1,1,387,387,0.44773,294.156,direct_cup_evidence,2712.541,429.098,3006.698,723.254,2859.619,576.176
1,Day 1,Tray 8,8,DJI_20260618124121_0003,19,2,9,Yes,Yes,No,Day 1,1,941,941,1.08498,294.156,direct_cup_evidence,3088.863,433.35,3383.019,727.506,3235.941,580.428
1,Day 1,Tray 8,8,DJI_20260618124121_0003,20,2,10,Yes,Yes,No,Day 1,1,1889,1889,2.18543,294.156,direct_cup_evidence,3460.932,429.098,3755.089,723.254,3608.011,576.176
1,Day 1,Tray 8,8,DJI_20260618124121_0003,21,3,1,No,No,No,,,0,0,0.0,294.156,direct_cup_evidence,48.524,754.393,342.68,1048.549,195.602,901.471
1,Day 1,Tray 8,8,DJI_20260618124121_0003,22,3,2,Yes,Yes,No,Day 1,1,1437,1437,1.6625,294.156,direct_cup_evidence,422.72,750.141,716.876,1044.297,569.798,897.219
1,Day 1,Tray 8,8,DJI_20260618124121_0003,23,3,3,No,No,No,,,0,0,0.0,294.156,direct_cup_evidence,805.42,756.519,1099.576,1050.675,952.498,903.597
1,Day 1,Tray 8,8,DJI_20260618124121_0003,24,3,4,Yes,Yes,No,Day 1,1,444,444,0.51367,294.156,direct_cup_evidence,1183.867,750.141,1478.024,1044.297,1330.946,897.219
1,Day 1,Tray 8,8,DJI_20260618124121_0003,25,3,5,Yes,Yes,No,Day 1,1,445,445,0.51483,294.156,direct_cup_evidence,1572.946,752.267,1867.102,1046.423,1720.024,899.345
1,Day 1,Tray 8,8,DJI_20260618124121_0003,26,3,6,Yes,Yes,No,Day 1,1,1239,1239,1.42373,294.156,direct_cup_evidence,1951.394,754.393,2245.55,1048.549,2098.472,901.471
1,Day 1,Tray 8,8,DJI_20260618124121_0003,27,3,7,No,No,No,,,0,0,0.0,294.156,direct_cup_evidence,2331.967,754.393,2626.124,1048.549,2479.046,901.471
1,Day 1,Tray 8,8,DJI_20260618124121_0003,28,3,8,Yes,Yes,No,Day 1,1,94,94,0.10875,294.156,direct_cup_evidence,2712.541,752.267,3006.698,1046.423,2859.619,899.345
1,Day 1,Tray 8,8,DJI_20260618124121_0003,29,3,9,No,No,No,,,0,0,0.0,294.156,direct_cup_evidence,3095.241,756.519,3389.398,1050.675,3242.319,903.597
1,Day 1,Tray 8,8,DJI_20260618124121_0003,30,3,10,Yes,Yes,No,Day 1,1,495,495,0.57268,294.156,direct_cup_evidence,3465.185,741.636,3759.341,1035.793,3612.263,888.714
1,Day 1,Tray 8,8,DJI_20260618124121_0003,31,4,1,Yes,Yes,No,Day 1,1,831,831,0.95815,294.156,direct_cup_evidence,52.776,1075.436,346.933,1369.592,199.854,1222.514
1,Day 1,Tray 8,8,DJI_20260618124121_0003,32,4,2,No,No,No,,,0,0,0.0,294.156,direct_cup_evidence,422.72,1079.688,716.876,1373.844,569.798,1226.766
1,Day 1,Tray 8,8,DJI_20260618124121_0003,33,4,3,No,No,No,,,0,0,0.0,294.156,direct_cup_evidence,805.42,1071.184,1099.576,1365.34,952.498,1218.262
1,Day 1,Tray 8,8,DJI_20260618124121_0003,34,4,4,Yes,Yes,No,Day 1,1,862,862,0.99727,294.156,direct_cup_evidence,1183.867,1081.814,1478.024,1375.97,1330.946,1228.892
1,Day 1,Tray 8,8,DJI_20260618124121_0003,35,4,5,No,No,No,,,0,0,0.0,294.156,direct_cup_evidence,1566.567,1075.436,1860.724,1369.592,1713.646,1222.514
1,Day 1,Tray 8,8,DJI_20260618124121_0003,36,4,6,Yes,Yes,No,Day 1,1,881,881,1.01925,294.156,direct_cup_evidence,1930.132,1071.184,2224.289,1365.34,2077.211,1218.262
1,Day 1,Tray 8,8,DJI_20260618124121_0003,37,4,7,Yes,Yes,No,Day 1,1,1264,1264,1.46235,294.156,direct_cup_evidence,2331.967,1083.94,2626.124,1378.096,2479.046,1231.018
1,Day 1,Tray 8,8,DJI_20260618124121_0003,38,4,8,No,No,No,,,0,0,0.0,294.156,direct_cup_evidence,2706.163,1086.066,3000.319,1380.223,2853.241,1233.144
1,Day 1,Tray 8,8,DJI_20260618124121_0003,39,4,9,No,No,No,,,0,0,0.0,294.156,direct_cup_evidence,3082.485,1079.688,3376.641,1373.844,3229.563,1226.766
1,Day 1,Tray 8,8,DJI_20260618124121_0003,40,4,10,Yes,Yes,No,Day 1,1,890,890,1.02966,294.156,direct_cup_evidence,3471.563,1083.94,3765.719,1378.096,3618.641,1231.018
1,Day 1,Tray 8,8,DJI_20260618124121_0003,41,5,1,No,No,No,,,0,0,0.0,294.156,direct_cup_evidence,37.894,1377.344,332.05,1671.5,184.972,1524.422
1,Day 1,Tray 8,8,DJI_20260618124121_0003,42,5,2,Yes,Yes,No,Day 1,1,975,975,1.128,294.156,direct_cup_evidence,420.594,1400.731,714.75,1694.887,567.672,1547.809
1,Day 1,Tray 8,8,DJI_20260618124121_0003,43,5,3,No,No,No,,,0,0,0.0,294.156,direct_cup_evidence,801.167,1402.857,1095.324,1697.013,948.246,1549.935
1,Day 1,Tray 8,8,DJI_20260618124121_0003,44,5,4,Yes,Yes,No,Day 1,1,933,933,1.07941,294.156,direct_cup_evidence,1183.867,1407.109,1478.024,1701.265,1330.946,1554.187
1,Day 1,Tray 8,8,DJI_20260618124121_0003,45,5,5,No,No,No,,,0,0,0.0,294.156,direct_cup_evidence,1566.567,1407.109,1860.724,1701.265,1713.646,1554.187
1,Day 1,Tray 8,8,DJI_20260618124121_0003,46,5,6,Yes,Yes,No,Day 1,1,1657,1657,1.91053,294.156,direct_cup_evidence,1949.267,1411.361,2243.424,1705.518,2096.346,1558.439
1,Day 1,Tray 8,8,DJI_20260618124121_0003,47,5,7,Yes,Yes,No,Day 1,1,1398,1398,1.61738,294.156,direct_cup_evidence,2331.967,1347.578,2626.124,1641.734,2479.046,1494.656
1,Day 1,Tray 8,8,DJI_20260618124121_0003,48,5,8,Yes,Yes,No,Day 1,1,565,565,0.65366,294.156,direct_cup_evidence,2738.055,1387.974,3032.211,1682.13,2885.133,1535.052
1,Day 1,Tray 8,8,DJI_20260618124121_0003,49,5,9,No,No,No,,,0,0,0.0,294.156,direct_cup_evidence,3090.989,1413.487,3385.145,1707.644,3238.067,1560.566
1,Day 1,Tray 8,8,DJI_20260618124121_0003,50,5,10,Yes,Yes,No,Day 1,1,1000,1000,1.153,294.156,direct_cup_evidence,3471.563,1413.487,3765.719,1707.644,3618.641,1560.566
1,Day 1,Tray 8,8,DJI_20260618124121_0003,51,6,1,Yes,Yes,No,Day 1,1,50,50,0.05785,294.156,direct_cup_evidence,48.524,1723.9,342.68,2018.056,195.602,1870.978
1,Day 1,Tray 8,8,DJI_20260618124121_0003,52,6,2,Yes,Yes,No,Day 1,1,1101,1101,1.27377,294.156,direct_cup_evidence,422.72,1730.278,716.876,2024.434,569.798,1877.356
1,Day 1,Tray 8,8,DJI_20260618124121_0003,53,6,3,No,No,No,,,0,0,0.0,294.156,direct_cup_evidence,807.546,1732.404,1101.702,2026.56,954.624,1879.482
1,Day 1,Tray 8,8,DJI_20260618124121_0003,54,6,4,No,No,No,,,0,0,0.0,294.156,direct_cup_evidence,1185.994,1738.782,1480.15,2032.939,1333.072,1885.861
1,Day 1,Tray 8,8,DJI_20260618124121_0003,55,6,5,No,No,No,,,0,0,0.0,294.156,direct_cup_evidence,1568.694,1743.035,1862.85,2037.191,1715.772,1890.113
1,Day 1,Tray 8,8,DJI_20260618124121_0003,56,6,6,Yes,Yes,No,Day 1,1,980,980,1.13379,294.156,direct_cup_evidence,1949.267,1743.035,2243.424,2037.191,2096.346,1890.113
1,Day 1,Tray 8,8,DJI_20260618124121_0003,57,6,7,Yes,Yes,No,Day 1,1,871,871,1.00768,294.156,direct_cup_evidence,2334.094,1743.035,2628.25,2037.191,2481.172,1890.113
1,Day 1,Tray 8,8,DJI_20260618124121_0003,58,6,8,Yes,Yes,No,Day 1,1,202,202,0.23291,294.156,direct_cup_evidence,2744.433,1755.791,3038.589,2049.948,2891.511,1902.869
1,Day 1,Tray 8,8,DJI_20260618124121_0003,59,6,9,Yes,Yes,No,Day 1,1,980,980,1.13379,294.156,direct_cup_evidence,3090.989,1738.782,3385.145,2032.939,3238.067,1885.861
1,Day 1,Tray 8,8,DJI_20260618124121_0003,60,6,10,Yes,Yes,No,Day 1,1,181,181,0.2094,294.156,direct_cup_evidence,3471.563,1736.656,3765.719,2030.813,3618.641,1883.734
1,Day 1,Tray 8,8,DJI_20260618124121_0003,61,7,1,Yes,Yes,No,Day 1,1,1498,1498,1.73307,294.156,direct_cup_evidence,61.281,2049.195,355.437,2343.351,208.359,2196.273
1,Day 1,Tray 8,8,DJI_20260618124121_0003,62,7,2,Yes,Yes,No,Day 1,1,1489,1489,1.72266,294.156,direct_cup_evidence,431.224,2055.573,725.38,2349.729,578.302,2202.651
1,Day 1,Tray 8,8,DJI_20260618124121_0003,63,7,3,Yes,Yes,No,Day 1,1,1668,845,1.92321,294.156,direct_cup_evidence,805.42,2061.951,1099.576,2356.108,952.498,2209.029
1,Day 1,Tray 8,8,DJI_20260618124121_0003,64,7,4,Yes,Yes,No,Day 1,1,495,495,0.57268,294.156,direct_cup_evidence,1188.12,2064.077,1482.276,2358.234,1335.198,2211.156
1,Day 1,Tray 8,8,DJI_20260618124121_0003,65,7,5,Yes,Yes,No,Day 1,1,1853,1853,2.14378,294.156,direct_cup_evidence,1566.567,2068.33,1860.724,2362.486,1713.646,2215.408
1,Day 1,Tray 8,8,DJI_20260618124121_0003,66,7,6,Yes,Yes,No,Day 1,1,458,458,0.52808,294.156,direct_cup_evidence,1951.394,2068.33,2245.55,2362.486,2098.472,2215.408
1,Day 1,Tray 8,8,DJI_20260618124121_0003,67,7,7,Yes,Yes,No,Day 1,1,1551,1551,1.79439,294.156,direct_cup_evidence,2331.967,2064.077,2626.124,2358.234,2479.046,2211.156
1,Day 1,Tray 8,8,DJI_20260618124121_0003,68,7,8,No,No,No,,,0,0,0.0,294.156,direct_cup_evidence,2712.541,2068.33,3006.698,2362.486,2859.619,2215.408
1,Day 1,Tray 8,8,DJI_20260618124121_0003,69,7,9,Yes,Yes,No,Day 1,1,710,710,0.82142,294.156,direct_cup_evidence,3084.611,2057.699,3378.767,2351.855,3231.689,2204.777
1,Day 1,Tray 8,8,DJI_20260618124121_0003,70,7,10,No,No,No,,,0,0,0.0,294.156,direct_cup_evidence,3486.446,2095.969,3780.602,2390.125,3633.524,2243.047
2,Day 2,Tray 1,1,DJI_20260620131000_0001,1,1,1,Yes,Yes,No,Day 1,1,3370,3370,3.37486,316.062,direct_cup_evidence,64.638,99.071,380.7,415.133,222.669,257.102
2,Day 2,Tray 1,1,DJI_20260620131000_0001,2,1,2,Yes,Yes,No,Day 2,2,581,581,0.58184,316.062,direct_cup_evidence,470.951,96.776,787.013,412.837,628.982,254.807
2,Day 2,Tray 1,1,DJI_20260620131000_0001,3,1,3,Yes,Yes,No,Day 1,1,450,350,0.44923,316.062,direct_cup_evidence,884.151,94.48,1200.213,410.542,1042.182,252.511
2,Day 2,Tray 1,1,DJI_20260620131000_0001,4,1,4,Yes,Yes,No,Day 2,2,799,799,0.80015,316.062,direct_cup_evidence,1299.647,87.594,1615.709,403.655,1457.678,245.624
2,Day 2,Tray 1,1,DJI_20260620131000_0001,5,1,5,Yes,Yes,No,Day 2,2,327,327,0.32747,316.062,direct_cup_evidence,1705.96,87.594,2022.022,403.655,1863.991,245.624
2,Day 2,Tray 1,1,DJI_20260620131000_0001,6,1,6,No,No,No,,,0,0,0.0,316.062,direct_cup_evidence,2121.456,85.298,2437.517,401.36,2279.487,243.329
2,Day 2,Tray 1,1,DJI_20260620131000_0001,7,1,7,No,No,No,,,0,0,0.0,316.062,direct_cup_evidence,2534.656,80.707,2850.717,396.769,2692.687,238.738
2,Day 2,Tray 1,1,DJI_20260620131000_0001,8,1,8,No,No,No,,,0,0,0.0,316.062,direct_cup_evidence,2943.265,85.298,3259.326,401.36,3101.296,243.329
2,Day 2,Tray 1,1,DJI_20260620131000_0001,9,1,9,Yes,Yes,No,Day 1,1,3673,3673,3.66669,316.062,direct_cup_evidence,3356.465,85.298,3672.526,401.36,3514.496,243.329
2,Day 2,Tray 1,1,DJI_20260620131000_0001,10,1,10,No,No,No,,,0,0,0.0,316.062,direct_cup_evidence,3751.3,85.298,4067.362,401.36,3909.331,243.329
2,Day 2,Tray 1,1,DJI_20260620131000_0001,11,2,1,Yes,Yes,No,Day 1,1,1702,1702,1.70445,316.062,direct_cup_evidence,57.751,454.883,373.813,770.944,215.782,612.913
2,Day 2,Tray 1,1,DJI_20260620131000_0001,12,2,2,Yes,Yes,No,Day 1,1,1844,1844,1.84666,316.062,direct_cup_evidence,468.656,450.291,784.717,766.353,626.687,608.322
2,Day 2,Tray 1,1,DJI_20260620131000_0001,13,2,3,No,No,No,,,0,0,0.0,316.062,direct_cup_evidence,891.038,454.883,1207.1,770.944,1049.069,612.913
2,Day 2,Tray 1,1,DJI_20260620131000_0001,14,2,4,Yes,Yes,No,Day 1,1,1025,1025,1.02648,316.062,direct_cup_evidence,1297.351,443.405,1613.413,759.466,1455.382,601.436
2,Day 2,Tray 1,1,DJI_20260620131000_0001,15,2,5,Yes,Yes,No,Day 2,2,842,842,0.84321,316.062,direct_cup_evidence,1712.847,441.109,2028.909,757.171,1870.878,599.14
2,Day 2,Tray 1,1,DJI_20260620131000_0001,16,2,6,No,No,No,,,0,0,0.0,316.062,direct_cup_evidence,2123.751,441.109,2439.813,757.171,2281.782,599.14
2,Day 2,Tray 1,1,DJI_20260620131000_0001,17,2,7,No,No,No,,,0,0,0.0,316.062,direct_cup_evidence,2534.656,438.814,2850.717,754.875,2692.687,596.844
2,Day 2,Tray 1,1,DJI_20260620131000_0001,18,2,8,No,No,No,,,0,0,0.0,316.062,direct_cup_evidence,2945.56,436.518,3261.622,752.58,3103.591,594.549
2,Day 2,Tray 1,1,DJI_20260620131000_0001,19,2,9,No,No,No,,,0,0,0.0,316.062,direct_cup_evidence,3356.465,436.518,3672.526,752.58,3514.496,594.549
2,Day 2,Tray 1,1,DJI_20260620131000_0001,20,2,10,No,No,No,,,0,0,0.0,316.062,direct_cup_evidence,3758.187,431.927,4074.249,747.989,3916.218,589.958
2,Day 2,Tray 1,1,DJI_20260620131000_0001,21,3,1,Yes,Yes,No,Day 1,1,2066,2066,2.06898,316.062,direct_cup_evidence,64.638,796.92,380.7,1112.982,222.669,954.951
2,Day 2,Tray 1,1,DJI_20260620131000_0001,22,3,2,No,No,No,,,0,0,0.0,316.062,direct_cup_evidence,470.951,803.807,787.013,1119.869,628.982,961.838
2,Day 2,Tray 1,1,DJI_20260620131000_0001,23,3,3,Yes,Yes,No,Day 2,2,1171,1171,1.16899,316.062,direct_cup_evidence,886.447,794.625,1202.509,1110.686,1044.478,952.656
2,Day 2,Tray 1,1,DJI_20260620131000_0001,24,3,4,No,No,No,,,0,0,0.0,316.062,direct_cup_evidence,1295.056,799.216,1611.117,1115.277,1453.087,957.247
2,Day 2,Tray 1,1,DJI_20260620131000_0001,25,3,5,No,No,No,,,0,0,0.0,316.062,direct_cup_evidence,1710.551,796.92,2026.613,1112.982,1868.582,954.951
2,Day 2,Tray 1,1,DJI_20260620131000_0001,26,3,6,Yes,Yes,No,Day 1,1,1732,1732,1.7345,316.062,direct_cup_evidence,2123.751,790.034,2439.813,1106.095,2281.782,948.064
2,Day 2,Tray 1,1,DJI_20260620131000_0001,27,3,7,No,No,No,,,0,0,0.0,316.062,direct_cup_evidence,2525.474,796.92,2841.535,1112.982,2683.504,954.951
2,Day 2,Tray 1,1,DJI_20260620131000_0001,28,3,8,Yes,Yes,No,Day 2,2,287,287,0.28741,316.062,direct_cup_evidence,2943.265,790.034,3259.326,1106.095,3101.296,948.064
2,Day 2,Tray 1,1,DJI_20260620131000_0001,29,3,9,No,No,No,,,0,0,0.0,316.062,direct_cup_evidence,3349.578,773.965,3665.64,1090.026,3507.609,931.996
2,Day 2,Tray 1,1,DJI_20260620131000_0001,30,3,10,Yes,Yes,No,Day 2,2,769,769,0.76768,316.062,direct_cup_evidence,3762.778,785.443,4078.84,1101.504,3920.809,943.473
2,Day 2,Tray 1,1,DJI_20260620131000_0001,31,4,1,Yes,Yes,No,Day 1,1,1192,1192,1.19372,316.062,direct_cup_evidence,64.638,1157.323,380.7,1473.384,222.669,1315.353
2,Day 2,Tray 1,1,DJI_20260620131000_0001,32,4,2,No,No,No,,,0,0,0.0,316.062,direct_cup_evidence,468.656,1143.549,784.717,1459.611,626.687,1301.58
2,Day 2,Tray 1,1,DJI_20260620131000_0001,33,4,3,No,No,No,,,0,0,0.0,316.062,direct_cup_evidence,893.334,1152.731,1209.395,1468.793,1051.364,1310.762
2,Day 2,Tray 1,1,DJI_20260620131000_0001,34,4,4,No,No,No,,,0,0,0.0,316.062,direct_cup_evidence,1295.056,1145.845,1611.117,1461.906,1453.087,1303.876
2,Day 2,Tray 1,1,DJI_20260620131000_0001,35,4,5,No,No,No,,,0,0,0.0,316.062,direct_cup_evidence,1712.847,1148.14,2028.909,1464.202,1870.878,1306.171
2,Day 2,Tray 1,1,DJI_20260620131000_0001,36,4,6,Yes,Yes,No,Day 2,2,135,135,0.13519,316.062,direct_cup_evidence,2126.047,1145.845,2442.109,1461.906,2284.078,1303.876
2,Day 2,Tray 1,1,DJI_20260620131000_0001,37,4,7,No,No,No,,,0,0,0.0,316.062,direct_cup_evidence,2536.951,1143.549,2853.013,1459.611,2694.982,1301.58
2,Day 2,Tray 1,1,DJI_20260620131000_0001,38,4,8,No,No,No,,,0,0,0.0,316.062,direct_cup_evidence,2945.56,1132.071,3261.622,1448.133,3103.591,1290.102
2,Day 2,Tray 1,1,DJI_20260620131000_0001,39,4,9,Yes,Yes,No,Day 1,1,2061,1172,2.06397,316.062,direct_cup_evidence,3358.76,1134.367,3674.822,1450.429,3516.791,1292.398
2,Day 2,Tray 1,1,DJI_20260620131000_0001,40,4,10,No,No,No,,,0,0,0.0,316.062,direct_cup_evidence,3760.483,1129.776,4076.544,1445.837,3918.513,1287.807
2,Day 2,Tray 1,1,DJI_20260620131000_0001,41,5,1,No,No,No,,,0,0,0.0,316.062,direct_cup_evidence,0.363,1506.247,316.424,1822.309,158.393,1664.278
2,Day 2,Tray 1,1,DJI_20260620131000_0001,42,5,2,Yes,Yes,No,Day 2,2,667,667,0.66796,316.062,direct_cup_evidence,473.247,1506.247,789.309,1822.309,631.278,1664.278
2,Day 2,Tray 1,1,DJI_20260620131000_0001,43,5,3,No,No,No,,,0,0,0.0,316.062,direct_cup_evidence,886.447,1506.247,1202.509,1822.309,1044.478,1664.278
2,Day 2,Tray 1,1,DJI_20260620131000_0001,44,5,4,Yes,Yes,No,Day 2,2,191,191,0.19128,316.062,direct_cup_evidence,1313.42,1540.68,1629.482,1856.742,1471.451,1698.711
2,Day 2,Tray 1,1,DJI_20260620131000_0001,45,5,5,Yes,Yes,No,Day 2,2,599,599,0.59986,316.062,direct_cup_evidence,1733.507,1476.405,2049.569,1792.466,1891.538,1634.436
2,Day 2,Tray 1,1,DJI_20260620131000_0001,46,5,6,Yes,Yes,No,Day 1,1,2018,2018,2.02091,316.062,direct_cup_evidence,2123.751,1503.951,2439.813,1820.013,2281.782,1661.982
2,Day 2,Tray 1,1,DJI_20260620131000_0001,47,5,7,Yes,Yes,No,Day 1,1,1519,1519,1.52119,316.062,direct_cup_evidence,2543.838,1497.065,2859.9,1813.126,2701.869,1655.096
2,Day 2,Tray 1,1,DJI_20260620131000_0001,48,5,8,No,No,No,,,0,0,0.0,316.062,direct_cup_evidence,2950.151,1487.883,3266.213,1803.944,3108.182,1645.913
2,Day 2,Tray 1,1,DJI_20260620131000_0001,49,5,9,No,No,No,,,0,0,0.0,316.062,direct_cup_evidence,3349.578,1476.405,3665.64,1792.466,3507.609,1634.436
2,Day 2,Tray 1,1,DJI_20260620131000_0001,50,5,10,Yes,Yes,No,Day 2,2,687,687,0.68799,316.062,direct_cup_evidence,3762.778,1476.405,4078.84,1792.466,3920.809,1634.436
2,Day 2,Tray 1,1,DJI_20260620131000_0001,51,6,1,Yes,Yes,No,Day 2,2,757,757,0.75809,316.062,direct_cup_evidence,73.82,1845.989,389.882,2162.051,231.851,2004.02
2,Day 2,Tray 1,1,DJI_20260620131000_0001,52,6,2,Yes,Yes,No,Day 2,2,515,515,0.51412,316.062,direct_cup_evidence,473.247,1857.467,789.309,2173.529,631.278,2015.498
2,Day 2,Tray 1,1,DJI_20260620131000_0001,53,6,3,Yes,Yes,No,Day 1,1,709,681,0.71002,316.062,direct_cup_evidence,884.151,1859.763,1200.213,2175.824,1042.182,2017.793
2,Day 2,Tray 1,1,DJI_20260620131000_0001,54,6,4,Yes,Yes,No,Day 2,2,605,605,0.60587,316.062,direct_cup_evidence,1297.351,1864.354,1613.413,2180.415,1455.382,2022.384
2,Day 2,Tray 1,1,DJI_20260620131000_0001,55,6,5,Yes,Yes,No,Day 2,2,1407,1392,1.40903,316.062,direct_cup_evidence,1712.847,1855.171,2028.909,2171.233,1870.878,2013.202
2,Day 2,Tray 1,1,DJI_20260620131000_0001,56,6,6,Yes,Yes,No,Day 2,2,400,400,0.40058,316.062,direct_cup_evidence,2130.638,1850.58,2446.7,2166.642,2288.669,2008.611
2,Day 2,Tray 1,1,DJI_20260620131000_0001,57,6,7,Yes,Yes,No,Day 2,2,1932,1491,1.93479,316.062,direct_cup_evidence,2536.951,1841.398,2853.013,2157.46,2694.982,1999.429
2,Day 2,Tray 1,1,DJI_20260620131000_0001,58,6,8,No,No,No,,,0,0,0.0,316.062,direct_cup_evidence,2945.56,1827.625,3261.622,2143.686,3103.591,1985.656
2,Day 2,Tray 1,1,DJI_20260620131000_0001,59,6,9,No,No,No,,,0,0,0.0,316.062,direct_cup_evidence,3363.351,1834.511,3679.413,2150.573,3521.382,1992.542
2,Day 2,Tray 1,1,DJI_20260620131000_0001,60,6,10,Yes,Yes,No,Day 1,1,1959,1055,1.96183,316.062,direct_cup_evidence,3758.187,1816.147,4074.249,2132.209,3916.218,1974.178
2,Day 2,Tray 1,1,DJI_20260620131000_0001,61,7,1,Yes,Yes,No,Day 2,2,1779,1779,1.78157,316.062,direct_cup_evidence,80.707,2199.505,396.769,2515.566,238.738,2357.536
2,Day 2,Tray 1,1,DJI_20260620131000_0001,62,7,2,No,No,No,,,0,0,0.0,316.062,direct_cup_evidence,482.429,2201.8,798.491,2517.862,640.46,2359.831
2,Day 2,Tray 1,1,DJI_20260620131000_0001,63,7,3,No,No,No,,,0,0,0.0,316.062,direct_cup_evidence,865.787,2204.096,1181.849,2520.157,1023.818,2362.127
2,Day 2,Tray 1,1,DJI_20260620131000_0001,64,7,4,No,No,No,,,0,0,0.0,316.062,direct_cup_evidence,1304.238,2213.278,1620.3,2529.34,1462.269,2371.309
2,Day 2,Tray 1,1,DJI_20260620131000_0001,65,7,5,No,No,No,,,0,0,0.0,316.062,direct_cup_evidence,1712.847,2213.278,2028.909,2529.34,1870.878,2371.309
2,Day 2,Tray 1,1,DJI_20260620131000_0001,66,7,6,Yes,Yes,No,Day 1,1,2350,2350,2.35339,316.062,direct_cup_evidence,2130.638,2204.096,2446.7,2520.157,2288.669,2362.127
2,Day 2,Tray 1,1,DJI_20260620131000_0001,67,7,7,Yes,Yes,No,Day 1,1,3015,3015,3.01935,316.062,direct_cup_evidence,2534.656,2190.323,2850.717,2506.384,2692.687,2348.353
2,Day 2,Tray 1,1,DJI_20260620131000_0001,68,7,8,No,No,No,,,0,0,0.0,316.062,direct_cup_evidence,2947.856,2194.914,3263.917,2510.975,3105.887,2352.944
2,Day 2,Tray 1,1,DJI_20260620131000_0001,69,7,9,Yes,Yes,No,Day 1,1,2521,2521,2.51667,316.062,direct_cup_evidence,3356.465,2181.14,3672.526,2497.202,3514.496,2339.171
2,Day 2,Tray 1,1,DJI_20260620131000_0001,70,7,10,Yes,Yes,No,Day 2,2,962,962,0.96339,316.062,direct_cup_evidence,3751.3,2162.776,4067.362,2478.837,3909.331,2320.807
2,Day 2,Tray 2,2,DJI_20260620131052_0002,1,1,1,Yes,Yes,No,Day 1,1,2704,2704,2.68238,317.309,direct_cup_evidence,59.423,107.63,376.732,424.939,218.078,266.284
2,Day 2,Tray 2,2,DJI_20260620131052_0002,2,1,2,Yes,Yes,No,Day 1,1,1868,1868,1.85306,317.309,direct_cup_evidence,468.032,112.221,785.341,429.53,626.687,270.876
2,Day 2,Tray 2,2,DJI_20260620131052_0002,3,1,3,Yes,Yes,No,Day 1,1,2758,2758,2.74458,317.309,direct_cup_evidence,878.937,96.152,1196.245,413.461,1037.591,254.807
2,Day 2,Tray 2,2,DJI_20260620131052_0002,4,1,4,No,No,No,,,0,0,0.0,317.309,direct_cup_evidence,1278.363,93.857,1595.672,411.165,1437.018,252.511
2,Day 2,Tray 2,2,DJI_20260620131052_0002,5,1,5,Yes,Yes,No,Day 2,2,449,449,0.44541,317.309,direct_cup_evidence,1666.312,77.788,1983.621,395.097,1824.967,236.442
2,Day 2,Tray 2,2,DJI_20260620131052_0002,6,1,6,Yes,Yes,No,Day 1,1,1391,1391,1.38423,317.309,direct_cup_evidence,2097.877,84.675,2415.185,401.983,2256.531,243.329
2,Day 2,Tray 2,2,DJI_20260620131052_0002,7,1,7,Yes,Yes,No,Day 1,1,1195,1195,1.18918,317.309,direct_cup_evidence,2511.077,84.675,2828.385,401.983,2669.731,243.329
2,Day 2,Tray 2,2,DJI_20260620131052_0002,8,1,8,No,No,No,,,0,0,0.0,317.309,direct_cup_evidence,2924.277,84.675,3241.585,401.983,3082.931,243.329
2,Day 2,Tray 2,2,DJI_20260620131052_0002,9,1,9,No,No,No,,,0,0,0.0,317.309,direct_cup_evidence,3337.477,84.675,3654.785,401.983,3496.131,243.329
2,Day 2,Tray 2,2,DJI_20260620131052_0002,10,1,10,No,No,No,,,0,0,0.0,317.309,direct_cup_evidence,3746.086,84.675,4063.394,401.983,3904.74,243.329
2,Day 2,Tray 2,2,DJI_20260620131052_0002,11,2,1,Yes,Yes,No,Day 1,1,1712,1712,1.69831,317.309,direct_cup_evidence,66.31,445.077,383.619,762.385,224.964,603.731
2,Day 2,Tray 2,2,DJI_20260620131052_0002,12,2,2,Yes,Yes,No,Day 1,1,2614,2614,2.5931,317.309,direct_cup_evidence,463.441,451.963,780.75,769.272,622.096,610.618
2,Day 2,Tray 2,2,DJI_20260620131052_0002,13,2,3,No,No,No,,,0,0,0.0,317.309,direct_cup_evidence,869.755,449.668,1187.063,766.977,1028.409,608.322
2,Day 2,Tray 2,2,DJI_20260620131052_0002,14,2,4,No,No,No,,,0,0,0.0,317.309,direct_cup_evidence,1285.25,442.781,1602.559,760.09,1443.904,601.436
2,Day 2,Tray 2,2,DJI_20260620131052_0002,15,2,5,No,No,No,,,0,0,0.0,317.309,direct_cup_evidence,1691.563,442.781,2008.872,760.09,1850.218,601.436
2,Day 2,Tray 2,2,DJI_20260620131052_0002,16,2,6,Yes,Yes,No,Day 1,1,1698,1698,1.68442,317.309,direct_cup_evidence,2104.763,440.486,2422.072,757.794,2263.418,599.14
2,Day 2,Tray 2,2,DJI_20260620131052_0002,17,2,7,Yes,Yes,No,Day 1,1,1976,1976,1.9602,317.309,direct_cup_evidence,2511.077,440.486,2828.385,757.794,2669.731,599.14
2,Day 2,Tray 2,2,DJI_20260620131052_0002,18,2,8,Yes,Yes,No,Day 2,2,1310,1310,1.29953,317.309,direct_cup_evidence,2928.868,431.303,3246.177,748.612,3087.522,589.958
2,Day 2,Tray 2,2,DJI_20260620131052_0002,19,2,9,No,No,No,,,0,0,0.0,317.309,direct_cup_evidence,3346.659,435.895,3663.968,753.203,3505.313,594.549
2,Day 2,Tray 2,2,DJI_20260620131052_0002,20,2,10,Yes,Yes,No,Day 1,1,2887,2887,2.86392,317.309,direct_cup_evidence,3755.268,435.895,4072.577,753.203,3913.922,594.549
2,Day 2,Tray 2,2,DJI_20260620131052_0002,21,3,1,No,No,No,,,0,0,0.0,317.309,direct_cup_evidence,54.832,787.115,372.141,1104.423,213.487,945.769
2,Day 2,Tray 2,2,DJI_20260620131052_0002,22,3,2,No,No,No,,,0,0,0.0,317.309,direct_cup_evidence,518.535,784.819,835.843,1102.128,677.189,943.473
2,Day 2,Tray 2,2,DJI_20260620131052_0002,23,3,3,No,No,No,,,0,0,0.0,317.309,direct_cup_evidence,869.755,800.888,1187.063,1118.197,1028.409,959.542
2,Day 2,Tray 2,2,DJI_20260620131052_0002,24,3,4,Yes,Yes,No,Day 1,1,3700,3700,3.682,317.309,direct_cup_evidence,1280.659,800.888,1597.968,1118.197,1439.313,959.542
2,Day 2,Tray 2,2,DJI_20260620131052_0002,25,3,5,Yes,Yes,No,Day 1,1,2382,2382,2.37041,317.309,direct_cup_evidence,1696.155,807.775,2013.463,1125.083,1854.809,966.429
2,Day 2,Tray 2,2,DJI_20260620131052_0002,26,3,6,Yes,Yes,No,Day 2,2,254,254,0.25276,317.309,direct_cup_evidence,2120.832,807.775,2438.141,1125.083,2279.487,966.429
2,Day 2,Tray 2,2,DJI_20260620131052_0002,27,3,7,Yes,Yes,No,Day 1,1,2682,2682,2.66895,317.309,direct_cup_evidence,2515.668,794.001,2832.977,1111.31,2674.322,952.656
2,Day 2,Tray 2,2,DJI_20260620131052_0002,28,3,8,Yes,Yes,No,Day 1,1,2017,2017,2.00718,317.309,direct_cup_evidence,2935.755,794.001,3253.063,1111.31,3094.409,952.656
2,Day 2,Tray 2,2,DJI_20260620131052_0002,29,3,9,Yes,Yes,No,Day 1,1,2007,2007,1.99723,317.309,direct_cup_evidence,3332.886,787.115,3650.194,1104.423,3491.54,945.769
2,Day 2,Tray 2,2,DJI_20260620131052_0002,30,3,10,Yes,Yes,No,Day 1,1,2247,1285,2.22903,317.309,direct_cup_evidence,3759.859,789.41,4077.168,1106.719,3918.513,948.064
2,Day 2,Tray 2,2,DJI_20260620131052_0002,31,4,1,Yes,Yes,No,Day 1,1,2775,2775,2.75281,317.309,direct_cup_evidence,66.31,1152.108,383.619,1469.417,224.964,1310.762
2,Day 2,Tray 2,2,DJI_20260620131052_0002,32,4,2,Yes,Yes,No,Day 1,1,2818,2818,2.79547,317.309,direct_cup_evidence,509.352,1179.655,826.661,1496.963,668.007,1338.309
2,Day 2,Tray 2,2,DJI_20260620131052_0002,33,4,3,Yes,Yes,No,Day 2,2,961,961,0.95332,317.309,direct_cup_evidence,869.755,1154.403,1187.063,1471.712,1028.409,1313.058
2,Day 2,Tray 2,2,DJI_20260620131052_0002,34,4,4,Yes,Yes,No,Day 1,1,1269,1269,1.26282,317.309,direct_cup_evidence,1269.181,1158.995,1586.49,1476.303,1427.836,1317.649
2,Day 2,Tray 2,2,DJI_20260620131052_0002,35,4,5,Yes,Yes,No,Day 1,1,2951,2951,2.93664,317.309,direct_cup_evidence,1693.859,1152.108,2011.168,1469.417,1852.513,1310.762
2,Day 2,Tray 2,2,DJI_20260620131052_0002,36,4,6,No,No,No,,,0,0,0.0,317.309,direct_cup_evidence,2107.059,1152.108,2424.368,1469.417,2265.713,1310.762
2,Day 2,Tray 2,2,DJI_20260620131052_0002,37,4,7,No,No,No,,,0,0,0.0,317.309,direct_cup_evidence,2517.963,1147.517,2835.272,1464.825,2676.618,1306.171
2,Day 2,Tray 2,2,DJI_20260620131052_0002,38,4,8,No,No,No,,,0,0,0.0,317.309,direct_cup_evidence,2933.459,1140.63,3250.768,1457.939,3092.113,1299.284
2,Day 2,Tray 2,2,DJI_20260620131052_0002,39,4,9,No,No,No,,,0,0,0.0,317.309,direct_cup_evidence,3346.659,1145.221,3663.968,1462.53,3505.313,1303.876
2,Day 2,Tray 2,2,DJI_20260620131052_0002,40,4,10,Yes,Yes,No,Day 1,1,2546,2546,2.5177,317.309,direct_cup_evidence,3748.381,1138.335,4065.69,1455.643,3907.036,1296.989
2,Day 2,Tray 2,2,DJI_20260620131052_0002,41,5,1,Yes,Yes,No,Day 2,2,949,949,0.94141,317.309,direct_cup_evidence,70.901,1503.328,388.21,1820.637,229.556,1661.982
2,Day 2,Tray 2,2,DJI_20260620131052_0002,42,5,2,No,No,No,,,0,0,0.0,317.309,direct_cup_evidence,465.737,1505.623,783.045,1822.932,624.391,1664.278
2,Day 2,Tray 2,2,DJI_20260620131052_0002,43,5,3,Yes,Yes,No,Day 1,1,3309,3309,3.28254,317.309,direct_cup_evidence,865.163,1503.328,1182.472,1820.637,1023.818,1661.982
2,Day 2,Tray 2,2,DJI_20260620131052_0002,44,5,4,No,No,No,,,0,0,0.0,317.309,direct_cup_evidence,1280.659,1505.623,1597.968,1822.932,1439.313,1664.278
2,Day 2,Tray 2,2,DJI_20260620131052_0002,45,5,5,Yes,Yes,No,Day 1,1,1372,1372,1.36103,317.309,direct_cup_evidence,1675.495,1482.668,1992.803,1799.977,1834.149,1641.322
2,Day 2,Tray 2,2,DJI_20260620131052_0002,46,5,6,No,No,No,,,0,0,0.0,317.309,direct_cup_evidence,2107.059,1505.623,2424.368,1822.932,2265.713,1664.278
2,Day 2,Tray 2,2,DJI_20260620131052_0002,47,5,7,No,No,No,,,0,0,0.0,317.309,direct_cup_evidence,2522.555,1503.328,2839.863,1820.637,2681.209,1661.982
2,Day 2,Tray 2,2,DJI_20260620131052_0002,48,5,8,No,No,No,,,0,0,0.0,317.309,direct_cup_evidence,2931.163,1501.032,3248.472,1818.341,3089.818,1659.687
2,Day 2,Tray 2,2,DJI_20260620131052_0002,49,5,9,No,No,No,,,0,0,0.0,317.309,direct_cup_evidence,3342.068,1498.737,3659.377,1816.045,3500.722,1657.391
2,Day 2,Tray 2,2,DJI_20260620131052_0002,50,5,10,Yes,Yes,No,Day 1,1,1173,666,1.16362,317.309,direct_cup_evidence,3743.79,1496.441,4061.099,1813.75,3902.444,1655.096
2,Day 2,Tray 2,2,DJI_20260620131052_0002,51,6,1,No,No,No,,,0,0,0.0,317.309,direct_cup_evidence,68.606,1849.957,385.914,2167.265,227.26,2008.611
2,Day 2,Tray 2,2,DJI_20260620131052_0002,52,6,2,Yes,Yes,No,Day 1,1,2550,2550,2.52961,317.309,direct_cup_evidence,470.328,1856.843,787.637,2174.152,628.982,2015.498
2,Day 2,Tray 2,2,DJI_20260620131052_0002,53,6,3,Yes,Yes,No,Day 1,1,3105,3105,3.08989,317.309,direct_cup_evidence,872.05,1863.73,1189.359,2181.039,1030.704,2022.384
2,Day 2,Tray 2,2,DJI_20260620131052_0002,54,6,4,No,No,No,,,0,0,0.0,317.309,direct_cup_evidence,1282.955,1854.548,1600.263,2171.857,1441.609,2013.202
2,Day 2,Tray 2,2,DJI_20260620131052_0002,55,6,5,Yes,Yes,No,Day 1,1,2979,2979,2.9645,317.309,direct_cup_evidence,1696.155,1854.548,2013.463,2171.857,1854.809,2013.202
2,Day 2,Tray 2,2,DJI_20260620131052_0002,56,6,6,Yes,Yes,No,Day 1,1,2015,2015,1.99889,317.309,direct_cup_evidence,2120.832,1875.208,2438.141,2192.517,2279.487,2033.862
2,Day 2,Tray 2,2,DJI_20260620131052_0002,57,6,7,Yes,Yes,No,Day 1,1,2371,2371,2.35946,317.309,direct_cup_evidence,2515.668,1872.912,2832.977,2190.221,2674.322,2031.567
2,Day 2,Tray 2,2,DJI_20260620131052_0002,58,6,8,No,No,No,,,0,0,0.0,317.309,direct_cup_evidence,2924.277,1843.07,3241.585,2160.379,3082.931,2001.724
2,Day 2,Tray 2,2,DJI_20260620131052_0002,59,6,9,No,No,No,,,0,0,0.0,317.309,direct_cup_evidence,3307.635,1829.297,3624.943,2146.605,3466.289,1987.951
2,Day 2,Tray 2,2,DJI_20260620131052_0002,60,6,10,Yes,Yes,No,Day 1,1,1449,1428,1.44195,317.309,direct_cup_evidence,3746.086,1849.957,4063.394,2167.265,3904.74,2008.611
2,Day 2,Tray 2,2,DJI_20260620131052_0002,61,7,1,No,No,No,,,0,0,0.0,317.309,direct_cup_evidence,68.606,2201.177,385.914,2518.485,227.26,2359.831
2,Day 2,Tray 2,2,DJI_20260620131052_0002,62,7,2,No,No,No,,,0,0,0.0,317.309,direct_cup_evidence,410.643,2226.428,727.952,2543.737,569.298,2385.082
2,Day 2,Tray 2,2,DJI_20260620131052_0002,63,7,3,Yes,Yes,No,Day 2,2,439,439,0.43549,317.309,direct_cup_evidence,876.641,2203.472,1193.95,2520.781,1035.296,2362.127
2,Day 2,Tray 2,2,DJI_20260620131052_0002,64,7,4,No,No,No,,,0,0,0.0,317.309,direct_cup_evidence,1282.955,2208.063,1600.263,2525.372,1441.609,2366.718
2,Day 2,Tray 2,2,DJI_20260620131052_0002,65,7,5,Yes,Yes,No,Day 2,2,914,914,0.90669,317.309,direct_cup_evidence,1693.859,2217.246,2011.168,2534.554,1852.513,2375.9
2,Day 2,Tray 2,2,DJI_20260620131052_0002,66,7,6,Yes,Yes,No,Day 1,1,1490,1490,1.48275,317.309,direct_cup_evidence,2104.763,2219.541,2422.072,2536.85,2263.418,2378.196
2,Day 2,Tray 2,2,DJI_20260620131052_0002,67,7,7,No,No,No,,,0,0,0.0,317.309,direct_cup_evidence,2495.008,2173.63,2812.317,2490.939,2653.662,2332.284
2,Day 2,Tray 2,2,DJI_20260620131052_0002,68,7,8,Yes,Yes,No,Day 1,1,1732,1732,1.72357,317.309,direct_cup_evidence,2928.868,2201.177,3246.177,2518.485,3087.522,2359.831
2,Day 2,Tray 2,2,DJI_20260620131052_0002,69,7,9,Yes,Yes,No,Day 1,1,2689,2689,2.6675,317.309,direct_cup_evidence,3335.181,2203.472,3652.49,2520.781,3493.836,2362.127
2,Day 2,Tray 2,2,DJI_20260620131052_0002,70,7,10,Yes,Yes,No,Day 1,1,2605,2605,2.58417,317.309,direct_cup_evidence,3748.381,2189.699,4065.69,2507.008,3907.036,2348.353
2,Day 2,Tray 3,3,DJI_20260620131152_0003,1,1,1,Yes,Yes,No,Day 1,1,547,547,0.54953,315.483,direct_cup_evidence,64.442,96.51,379.925,411.993,222.184,254.252
2,Day 2,Tray 3,3,DJI_20260620131152_0003,2,1,2,Yes,Yes,No,Day 1,1,1828,1828,1.83645,315.483,direct_cup_evidence,469.871,87.348,785.354,402.831,627.612,245.089
2,Day 2,Tray 3,3,DJI_20260620131152_0003,3,1,3,No,No,No,,,0,0,0.0,315.483,direct_cup_evidence,870.718,82.767,1186.201,398.25,1028.459,240.508
2,Day 2,Tray 3,3,DJI_20260620131152_0003,4,1,4,Yes,Yes,No,Day 1,1,958,958,0.96243,315.483,direct_cup_evidence,1287.599,80.476,1603.082,395.959,1445.341,238.218
2,Day 2,Tray 3,3,DJI_20260620131152_0003,5,1,5,Yes,Yes,No,Day 2,2,829,829,0.8302,315.483,direct_cup_evidence,1693.027,71.314,2008.51,386.797,1850.769,229.056
2,Day 2,Tray 3,3,DJI_20260620131152_0003,6,1,6,Yes,Yes,No,Day 1,1,1873,1873,1.8757,315.483,direct_cup_evidence,2105.327,80.476,2420.81,395.959,2263.069,238.218
2,Day 2,Tray 3,3,DJI_20260620131152_0003,7,1,7,Yes,Yes,No,Day 2,2,1171,1171,1.17269,315.483,direct_cup_evidence,2513.046,71.314,2828.529,386.797,2670.788,229.056
2,Day 2,Tray 3,3,DJI_20260620131152_0003,8,1,8,No,No,No,,,0,0,0.0,315.483,direct_cup_evidence,2927.637,82.767,3243.12,398.25,3085.378,240.508
2,Day 2,Tray 3,3,DJI_20260620131152_0003,9,1,9,Yes,Yes,No,Day 2,2,436,342,0.43801,315.483,direct_cup_evidence,3342.227,82.767,3657.71,398.25,3499.969,240.508
2,Day 2,Tray 3,3,DJI_20260620131152_0003,10,1,10,No,No,No,,,0,0,0.0,315.483,direct_cup_evidence,3747.656,80.476,4063.139,395.959,3905.397,238.218
2,Day 2,Tray 3,3,DJI_20260620131152_0003,11,2,1,Yes,Yes,No,Day 2,2,276,276,0.27728,315.483,direct_cup_evidence,52.99,440.093,368.473,755.577,210.731,597.835
2,Day 2,Tray 3,3,DJI_20260620131152_0003,12,2,2,Yes,Yes,No,Day 2,2,331,331,0.33359,315.483,direct_cup_evidence,462.999,435.512,778.482,750.995,620.741,593.254
2,Day 2,Tray 3,3,DJI_20260620131152_0003,13,2,3,Yes,Yes,No,Day 1,1,948,948,0.9554,315.483,direct_cup_evidence,870.718,435.512,1186.201,750.995,1028.459,593.254
2,Day 2,Tray 3,3,DJI_20260620131152_0003,14,2,4,No,No,No,,,0,0,0.0,315.483,direct_cup_evidence,1280.727,437.803,1596.21,753.286,1438.469,595.544
2,Day 2,Tray 3,3,DJI_20260620131152_0003,15,2,5,Yes,Yes,No,Day 2,2,713,713,0.71629,315.483,direct_cup_evidence,1695.318,435.512,2010.801,750.995,1853.059,593.254
2,Day 2,Tray 3,3,DJI_20260620131152_0003,16,2,6,No,No,No,,,0,0,0.0,315.483,direct_cup_evidence,2107.618,435.512,2423.101,750.995,2265.359,593.254
2,Day 2,Tray 3,3,DJI_20260620131152_0003,17,2,7,No,No,No,,,0,0,0.0,315.483,direct_cup_evidence,2517.627,430.931,2833.11,746.414,2675.369,588.673
2,Day 2,Tray 3,3,DJI_20260620131152_0003,18,2,8,No,No,No,,,0,0,0.0,315.483,direct_cup_evidence,2929.927,435.512,3245.41,750.995,3087.669,593.254
2,Day 2,Tray 3,3,DJI_20260620131152_0003,19,2,9,No,No,No,,,0,0,0.0,315.483,direct_cup_evidence,3339.937,435.512,3655.42,750.995,3497.678,593.254
2,Day 2,Tray 3,3,DJI_20260620131152_0003,20,2,10,No,No,No,,,0,0,0.0,315.483,direct_cup_evidence,3740.784,428.641,4056.267,744.124,3898.526,586.382
2,Day 2,Tray 3,3,DJI_20260620131152_0003,21,3,1,Yes,Yes,No,Day 1,1,1238,687,1.24767,315.483,direct_cup_evidence,50.699,792.839,366.182,1108.322,208.441,950.581
2,Day 2,Tray 3,3,DJI_20260620131152_0003,22,3,2,No,No,No,,,0,0,0.0,315.483,direct_cup_evidence,462.999,783.677,778.482,1099.16,620.741,941.418
2,Day 2,Tray 3,3,DJI_20260620131152_0003,23,3,3,No,No,No,,,0,0,0.0,315.483,direct_cup_evidence,875.299,785.967,1190.782,1101.45,1033.041,943.709
2,Day 2,Tray 3,3,DJI_20260620131152_0003,24,3,4,Yes,Yes,No,Day 1,1,1265,1265,1.27085,315.483,direct_cup_evidence,1280.727,788.258,1596.21,1103.741,1438.469,945.999
2,Day 2,Tray 3,3,DJI_20260620131152_0003,25,3,5,Yes,Yes,No,Day 1,1,1096,1096,1.10456,315.483,direct_cup_evidence,1690.737,792.839,2006.22,1108.322,1848.478,950.581
2,Day 2,Tray 3,3,DJI_20260620131152_0003,26,3,6,No,No,No,,,0,0,0.0,315.483,direct_cup_evidence,2073.26,772.224,2388.743,1087.707,2231.001,929.966
2,Day 2,Tray 3,3,DJI_20260620131152_0003,27,3,7,No,No,No,,,0,0,0.0,315.483,direct_cup_evidence,2517.627,779.096,2833.11,1094.579,2675.369,936.837
2,Day 2,Tray 3,3,DJI_20260620131152_0003,28,3,8,Yes,Yes,No,Day 1,1,945,945,0.95238,315.483,direct_cup_evidence,2927.637,783.677,3243.12,1099.16,3085.378,941.418
2,Day 2,Tray 3,3,DJI_20260620131152_0003,29,3,9,No,No,No,,,0,0,0.0,315.483,direct_cup_evidence,3351.39,781.386,3666.873,1096.869,3509.131,939.128
2,Day 2,Tray 3,3,DJI_20260620131152_0003,30,3,10,No,No,No,,,0,0,0.0,315.483,direct_cup_evidence,3754.527,785.967,4070.01,1101.45,3912.269,943.709
2,Day 2,Tray 3,3,DJI_20260620131152_0003,31,4,1,No,No,No,,,0,0,0.0,315.483,direct_cup_evidence,52.99,1136.422,368.473,1451.905,210.731,1294.164
2,Day 2,Tray 3,3,DJI_20260620131152_0003,32,4,2,No,No,No,,,0,0,0.0,315.483,direct_cup_evidence,462.999,1136.422,778.482,1451.905,620.741,1294.164
2,Day 2,Tray 3,3,DJI_20260620131152_0003,33,4,3,No,No,No,,,0,0,0.0,315.483,direct_cup_evidence,870.718,1138.713,1186.201,1454.196,1028.459,1296.454
2,Day 2,Tray 3,3,DJI_20260620131152_0003,34,4,4,Yes,Yes,No,Day 2,2,973,973,0.9775,315.483,direct_cup_evidence,1278.437,1141.003,1593.92,1456.487,1436.178,1298.745
2,Day 2,Tray 3,3,DJI_20260620131152_0003,35,4,5,No,No,No,,,0,0,0.0,315.483,direct_cup_evidence,1695.318,1141.003,2010.801,1456.487,1853.059,1298.745
2,Day 2,Tray 3,3,DJI_20260620131152_0003,36,4,6,No,No,No,,,0,0,0.0,315.483,direct_cup_evidence,2119.071,1152.456,2434.554,1467.939,2276.812,1310.198
2,Day 2,Tray 3,3,DJI_20260620131152_0003,37,4,7,No,No,No,,,0,0,0.0,315.483,direct_cup_evidence,2519.918,1138.713,2835.401,1454.196,2677.659,1296.454
2,Day 2,Tray 3,3,DJI_20260620131152_0003,38,4,8,Yes,Yes,No,Day 2,2,691,376,0.692,315.483,direct_cup_evidence,2932.218,1136.422,3247.701,1451.905,3089.959,1294.164
2,Day 2,Tray 3,3,DJI_20260620131152_0003,39,4,9,No,No,No,,,0,0,0.0,315.483,direct_cup_evidence,3337.646,1127.26,3653.129,1442.743,3495.388,1285.002
2,Day 2,Tray 3,3,DJI_20260620131152_0003,40,4,10,No,No,No,,,0,0,0.0,315.483,direct_cup_evidence,3743.075,1136.422,4058.558,1451.905,3900.816,1294.164
2,Day 2,Tray 3,3,DJI_20260620131152_0003,41,5,1,Yes,Yes,No,Day 1,1,1536,1536,1.548,315.483,direct_cup_evidence,52.99,1486.877,368.473,1802.36,210.731,1644.619
2,Day 2,Tray 3,3,DJI_20260620131152_0003,42,5,2,Yes,Yes,No,Day 1,1,2007,2007,2.01627,315.483,direct_cup_evidence,465.29,1486.877,780.773,1802.36,623.031,1644.619
2,Day 2,Tray 3,3,DJI_20260620131152_0003,43,5,3,Yes,Yes,No,Day 1,1,1274,1274,1.27584,315.483,direct_cup_evidence,868.427,1489.168,1183.91,1804.651,1026.169,1646.909
2,Day 2,Tray 3,3,DJI_20260620131152_0003,44,5,4,Yes,Yes,No,Day 1,1,2156,2156,2.15911,315.483,direct_cup_evidence,1278.437,1496.04,1593.92,1811.523,1436.178,1653.781
2,Day 2,Tray 3,3,DJI_20260620131152_0003,45,5,5,Yes,Yes,No,Day 1,1,741,741,0.74442,315.483,direct_cup_evidence,1695.318,1484.587,2010.801,1800.07,1853.059,1642.328
2,Day 2,Tray 3,3,DJI_20260620131152_0003,46,5,6,No,No,No,,,0,0,0.0,315.483,direct_cup_evidence,2105.327,1489.168,2420.81,1804.651,2263.069,1646.909
2,Day 2,Tray 3,3,DJI_20260620131152_0003,47,5,7,Yes,Yes,No,Day 1,1,1325,1325,1.33112,315.483,direct_cup_evidence,2533.661,1489.168,2849.144,1804.651,2691.403,1646.909
2,Day 2,Tray 3,3,DJI_20260620131152_0003,48,5,8,No,No,No,,,0,0,0.0,315.483,direct_cup_evidence,2929.927,1486.877,3245.41,1802.36,3087.669,1644.619
2,Day 2,Tray 3,3,DJI_20260620131152_0003,49,5,9,No,No,No,,,0,0,0.0,315.483,direct_cup_evidence,3339.937,1484.587,3655.42,1800.07,3497.678,1642.328
2,Day 2,Tray 3,3,DJI_20260620131152_0003,50,5,10,Yes,Yes,No,Day 1,1,1634,937,1.64676,315.483,direct_cup_evidence,3749.946,1484.587,4065.429,1800.07,3907.688,1642.328
2,Day 2,Tray 3,3,DJI_20260620131152_0003,51,6,1,Yes,Yes,No,Day 1,1,1258,1258,1.25981,315.483,direct_cup_evidence,64.442,1828.17,379.925,2143.653,222.184,1985.912
2,Day 2,Tray 3,3,DJI_20260620131152_0003,52,6,2,Yes,Yes,No,Day 2,2,553,553,0.55556,315.483,direct_cup_evidence,458.418,1839.623,773.901,2155.106,616.159,1997.364
2,Day 2,Tray 3,3,DJI_20260620131152_0003,53,6,3,Yes,Yes,No,Day 1,1,746,746,0.74708,315.483,direct_cup_evidence,868.427,1844.204,1183.91,2159.687,1026.169,2001.946
2,Day 2,Tray 3,3,DJI_20260620131152_0003,54,6,4,No,No,No,,,0,0,0.0,315.483,direct_cup_evidence,1280.727,1839.623,1596.21,2155.106,1438.469,1997.364
2,Day 2,Tray 3,3,DJI_20260620131152_0003,55,6,5,Yes,Yes,No,Day 1,1,1522,1522,1.52903,315.483,direct_cup_evidence,1699.899,1844.204,2015.382,2159.687,1857.641,2001.946
2,Day 2,Tray 3,3,DJI_20260620131152_0003,56,6,6,No,No,No,,,0,0,0.0,315.483,direct_cup_evidence,2107.618,1841.913,2423.101,2157.397,2265.359,1999.655
2,Day 2,Tray 3,3,DJI_20260620131152_0003,57,6,7,Yes,Yes,No,Day 2,2,901,901,0.90516,315.483,direct_cup_evidence,2515.337,1832.751,2830.82,2148.234,2673.078,1990.493
2,Day 2,Tray 3,3,DJI_20260620131152_0003,58,6,8,No,No,No,,,0,0,0.0,315.483,direct_cup_evidence,2918.475,1846.495,3233.958,2161.978,3076.216,2004.236
2,Day 2,Tray 3,3,DJI_20260620131152_0003,59,6,9,Yes,Yes,No,Day 1,1,1472,1472,1.4835,315.483,direct_cup_evidence,3339.937,1839.623,3655.42,2155.106,3497.678,1997.364
2,Day 2,Tray 3,3,DJI_20260620131152_0003,60,6,10,Yes,Yes,No,Day 1,1,1483,1483,1.49458,315.483,direct_cup_evidence,3740.784,1825.88,4056.267,2141.363,3898.526,1983.621
2,Day 2,Tray 3,3,DJI_20260620131152_0003,61,7,1,Yes,Yes,No,Day 1,1,2299,2299,2.31696,315.483,direct_cup_evidence,66.733,2171.753,382.216,2487.237,224.474,2329.495
2,Day 2,Tray 3,3,DJI_20260620131152_0003,62,7,2,Yes,Yes,No,Day 2,2,311,311,0.31244,315.483,direct_cup_evidence,462.999,2183.206,778.482,2498.689,620.741,2340.948
2,Day 2,Tray 3,3,DJI_20260620131152_0003,63,7,3,No,No,No,,,19,19,0.01903,315.483,direct_cup_evidence,889.042,2169.463,1204.525,2484.946,1046.784,2327.204
2,Day 2,Tray 3,3,DJI_20260620131152_0003,64,7,4,No,No,No,,,0,0,0.0,315.483,direct_cup_evidence,1283.018,2196.95,1598.501,2512.433,1440.759,2354.691
2,Day 2,Tray 3,3,DJI_20260620131152_0003,65,7,5,Yes,Yes,No,Day 1,1,2025,2025,2.03436,315.483,direct_cup_evidence,1688.446,2196.95,2003.929,2512.433,1846.188,2354.691
2,Day 2,Tray 3,3,DJI_20260620131152_0003,66,7,6,Yes,Yes,No,Day 1,1,1922,1922,1.93701,315.483,direct_cup_evidence,2093.875,2180.916,2409.358,2496.399,2251.616,2338.657
2,Day 2,Tray 3,3,DJI_20260620131152_0003,67,7,7,No,No,No,,,0,0,0.0,315.483,direct_cup_evidence,2517.627,2194.659,2833.11,2510.142,2675.369,2352.401
2,Day 2,Tray 3,3,DJI_20260620131152_0003,68,7,8,Yes,Yes,No,Day 2,2,121,121,0.12156,315.483,direct_cup_evidence,2925.346,2180.916,3240.829,2496.399,3083.088,2338.657
2,Day 2,Tray 3,3,DJI_20260620131152_0003,69,7,9,Yes,Yes,No,Day 1,1,1467,1467,1.47378,315.483,direct_cup_evidence,3337.646,2185.497,3653.129,2500.98,3495.388,2343.238
2,Day 2,Tray 3,3,DJI_20260620131152_0003,70,7,10,Yes,Yes,No,Day 2,2,368,368,0.36853,315.483,direct_cup_evidence,3736.203,2174.044,4051.686,2489.527,3893.944,2331.786
2,Day 2,Tray 4,4,DJI_20260620131233_0004,1,1,1,Yes,Yes,No,Day 1,1,1118,1118,1.12673,315.145,direct_cup_evidence,64.611,85.226,379.756,400.371,222.184,242.799
2,Day 2,Tray 4,4,DJI_20260620131233_0004,2,1,2,No,No,No,,,0,0,0.0,315.145,direct_cup_evidence,481.493,85.226,796.637,400.371,639.065,242.799
2,Day 2,Tray 4,4,DJI_20260620131233_0004,3,1,3,Yes,Yes,No,Day 2,2,477,477,0.48073,315.145,direct_cup_evidence,882.34,82.936,1197.485,398.081,1039.912,240.508
2,Day 2,Tray 4,4,DJI_20260620131233_0004,4,1,4,No,No,No,,,0,0,0.0,315.145,direct_cup_evidence,1301.511,80.645,1616.656,395.79,1459.084,238.218
2,Day 2,Tray 4,4,DJI_20260620131233_0004,5,1,5,No,No,No,,,0,0,0.0,315.145,direct_cup_evidence,1716.102,80.645,2031.247,395.79,1873.674,238.218
2,Day 2,Tray 4,4,DJI_20260620131233_0004,6,1,6,No,No,No,,,0,0,0.0,315.145,direct_cup_evidence,2128.402,78.355,2443.547,393.5,2285.974,235.927
2,Day 2,Tray 4,4,DJI_20260620131233_0004,7,1,7,No,No,No,,,0,0,0.0,315.145,direct_cup_evidence,2542.993,78.355,2858.137,393.5,2700.565,235.927
2,Day 2,Tray 4,4,DJI_20260620131233_0004,8,1,8,Yes,Yes,No,Day 1,1,1082,1082,1.087,315.145,direct_cup_evidence,2950.711,78.355,3265.856,393.5,3108.284,235.927
2,Day 2,Tray 4,4,DJI_20260620131233_0004,9,1,9,No,No,No,,,0,0,0.0,315.145,direct_cup_evidence,3358.43,78.355,3673.575,393.5,3516.003,235.927
2,Day 2,Tray 4,4,DJI_20260620131233_0004,10,1,10,No,No,No,,,0,0,0.0,315.145,direct_cup_evidence,3754.696,78.355,4069.841,393.5,3912.269,235.927
2,Day 2,Tray 4,4,DJI_20260620131233_0004,11,2,1,No,No,No,,,0,0,0.0,315.145,direct_cup_evidence,64.611,437.972,379.756,753.117,222.184,595.544
2,Day 2,Tray 4,4,DJI_20260620131233_0004,12,2,2,Yes,Yes,No,Day 1,1,2220,2220,2.23734,315.145,direct_cup_evidence,472.33,431.1,787.475,746.245,629.903,588.673
2,Day 2,Tray 4,4,DJI_20260620131233_0004,13,2,3,Yes,Yes,No,Day 1,1,922,922,0.9292,315.145,direct_cup_evidence,889.211,431.1,1204.356,746.245,1046.784,588.673
2,Day 2,Tray 4,4,DJI_20260620131233_0004,14,2,4,No,No,No,,,0,0,0.0,315.145,direct_cup_evidence,1301.511,431.1,1616.656,746.245,1459.084,588.673
2,Day 2,Tray 4,4,DJI_20260620131233_0004,15,2,5,No,No,No,,,0,0,0.0,315.145,direct_cup_evidence,1718.393,428.81,2033.537,743.955,1875.965,586.382
2,Day 2,Tray 4,4,DJI_20260620131233_0004,16,2,6,No,No,No,,,0,0,0.0,315.145,direct_cup_evidence,2132.983,428.81,2448.128,743.955,2290.556,586.382
2,Day 2,Tray 4,4,DJI_20260620131233_0004,17,2,7,No,No,No,,,0,0,0.0,315.145,direct_cup_evidence,2570.479,394.451,2885.624,709.596,2728.052,552.024
2,Day 2,Tray 4,4,DJI_20260620131233_0004,18,2,8,No,No,No,,,0,0,0.0,315.145,direct_cup_evidence,2953.002,424.229,3268.147,739.374,3110.574,581.801
2,Day 2,Tray 4,4,DJI_20260620131233_0004,19,2,9,No,No,No,,,0,0,0.0,315.145,direct_cup_evidence,3363.011,426.519,3678.156,741.664,3520.584,584.092
2,Day 2,Tray 4,4,DJI_20260620131233_0004,20,2,10,No,No,No,,,0,0,0.0,315.145,direct_cup_evidence,3766.149,426.519,4081.294,741.664,3923.722,584.092
2,Day 2,Tray 4,4,DJI_20260620131233_0004,21,3,1,Yes,Yes,No,Day 2,2,309,309,0.31141,315.145,direct_cup_evidence,60.03,793.008,375.175,1108.153,217.603,950.581
2,Day 2,Tray 4,4,DJI_20260620131233_0004,22,3,2,No,No,No,,,0,0,0.0,315.145,direct_cup_evidence,479.202,793.008,794.347,1108.153,636.774,950.581
2,Day 2,Tray 4,4,DJI_20260620131233_0004,23,3,3,No,No,No,,,0,0,0.0,315.145,direct_cup_evidence,889.211,786.136,1204.356,1101.281,1046.784,943.709
2,Day 2,Tray 4,4,DJI_20260620131233_0004,24,3,4,No,No,No,,,0,0,0.0,315.145,direct_cup_evidence,1303.802,786.136,1618.947,1101.281,1461.374,943.709
2,Day 2,Tray 4,4,DJI_20260620131233_0004,25,3,5,No,No,No,,,0,0,0.0,315.145,direct_cup_evidence,1718.393,781.555,2033.537,1096.7,1875.965,939.128
2,Day 2,Tray 4,4,DJI_20260620131233_0004,26,3,6,No,No,No,,,0,0,0.0,315.145,direct_cup_evidence,2128.402,779.265,2443.547,1094.41,2285.974,936.837
2,Day 2,Tray 4,4,DJI_20260620131233_0004,27,3,7,Yes,Yes,No,Day 1,1,178,178,0.17939,315.145,direct_cup_evidence,2545.283,779.265,2860.428,1094.41,2702.856,936.837
2,Day 2,Tray 4,4,DJI_20260620131233_0004,28,3,8,Yes,Yes,No,Day 2,2,235,235,0.23684,315.145,direct_cup_evidence,2957.583,774.684,3272.728,1089.829,3115.156,932.256
2,Day 2,Tray 4,4,DJI_20260620131233_0004,29,3,9,No,No,No,,,0,0,0.0,315.145,direct_cup_evidence,3365.302,779.265,3680.447,1094.41,3522.874,936.837
2,Day 2,Tray 4,4,DJI_20260620131233_0004,30,3,10,Yes,Yes,No,Day 2,2,697,697,0.70244,315.145,direct_cup_evidence,3770.73,774.684,4085.875,1089.829,3928.303,932.256
2,Day 2,Tray 4,4,DJI_20260620131233_0004,31,4,1,No,No,No,,,0,0,0.0,315.145,direct_cup_evidence,71.483,1143.463,386.628,1458.608,229.056,1301.036
2,Day 2,Tray 4,4,DJI_20260620131233_0004,32,4,2,No,No,No,,,0,0,0.0,315.145,direct_cup_evidence,479.202,1136.591,794.347,1451.736,636.774,1294.164
2,Day 2,Tray 4,4,DJI_20260620131233_0004,33,4,3,Yes,Yes,No,Day 1,1,1486,1486,1.49761,315.145,direct_cup_evidence,893.793,1138.882,1208.937,1454.027,1051.365,1296.454
2,Day 2,Tray 4,4,DJI_20260620131233_0004,34,4,4,No,No,No,,,0,0,0.0,315.145,direct_cup_evidence,1306.093,1138.882,1621.237,1454.027,1463.665,1296.454
2,Day 2,Tray 4,4,DJI_20260620131233_0004,35,4,5,No,No,No,,,0,0,0.0,315.145,direct_cup_evidence,1720.683,1136.591,2035.828,1451.736,1878.256,1294.164
2,Day 2,Tray 4,4,DJI_20260620131233_0004,36,4,6,Yes,Yes,No,Day 1,1,310,310,0.31242,315.145,direct_cup_evidence,2130.693,1129.72,2445.837,1444.865,2288.265,1287.292
2,Day 2,Tray 4,4,DJI_20260620131233_0004,37,4,7,No,No,No,,,0,0,0.0,315.145,direct_cup_evidence,2547.574,1132.01,2862.719,1447.155,2705.146,1289.583
2,Day 2,Tray 4,4,DJI_20260620131233_0004,38,4,8,Yes,Yes,No,Day 1,1,83,83,0.08338,315.145,direct_cup_evidence,2953.002,1127.429,3268.147,1442.574,3110.574,1285.002
2,Day 2,Tray 4,4,DJI_20260620131233_0004,39,4,9,No,No,No,,,0,0,0.0,315.145,direct_cup_evidence,3367.593,1141.173,3682.737,1456.317,3525.165,1298.745
2,Day 2,Tray 4,4,DJI_20260620131233_0004,40,4,10,No,No,No,,,0,0,0.0,315.145,direct_cup_evidence,3775.311,1122.848,4090.456,1437.993,3932.884,1280.421
2,Day 2,Tray 4,4,DJI_20260620131233_0004,41,5,1,Yes,Yes,No,Day 1,1,1235,1235,1.24465,315.145,direct_cup_evidence,69.193,1484.756,384.337,1799.901,226.765,1642.328
2,Day 2,Tray 4,4,DJI_20260620131233_0004,42,5,2,No,No,No,,,0,0,0.0,315.145,direct_cup_evidence,486.074,1493.918,801.219,1809.063,643.646,1651.491
2,Day 2,Tray 4,4,DJI_20260620131233_0004,43,5,3,No,No,No,,,0,0,0.0,315.145,direct_cup_evidence,898.374,1493.918,1213.519,1809.063,1055.946,1651.491
2,Day 2,Tray 4,4,DJI_20260620131233_0004,44,5,4,Yes,Yes,No,Day 2,2,912,912,0.91621,315.145,direct_cup_evidence,1370.228,1482.465,1685.373,1797.61,1527.801,1640.038
2,Day 2,Tray 4,4,DJI_20260620131233_0004,45,5,5,No,No,No,,,0,0,0.0,315.145,direct_cup_evidence,1720.683,1487.046,2035.828,1802.191,1878.256,1644.619
2,Day 2,Tray 4,4,DJI_20260620131233_0004,46,5,6,No,No,No,,,0,0,0.0,315.145,direct_cup_evidence,2139.855,1489.337,2455.0,1804.482,2297.427,1646.909
2,Day 2,Tray 4,4,DJI_20260620131233_0004,47,5,7,Yes,Yes,No,Day 1,1,304,304,0.30637,315.145,direct_cup_evidence,2552.155,1480.175,2867.3,1795.32,2709.727,1637.747
2,Day 2,Tray 4,4,DJI_20260620131233_0004,48,5,8,Yes,Yes,No,Day 1,1,792,792,0.79819,315.145,direct_cup_evidence,2957.583,1473.303,3272.728,1788.448,3115.156,1630.876
2,Day 2,Tray 4,4,DJI_20260620131233_0004,49,5,9,Yes,Yes,No,Day 2,2,1034,1034,1.04208,315.145,direct_cup_evidence,3367.593,1473.303,3682.737,1788.448,3525.165,1630.876
2,Day 2,Tray 4,4,DJI_20260620131233_0004,50,5,10,No,No,No,,,0,0,0.0,315.145,direct_cup_evidence,3775.311,1471.013,4090.456,1786.157,3932.884,1628.585
2,Day 2,Tray 4,4,DJI_20260620131233_0004,51,6,1,Yes,Yes,No,Day 1,1,421,254,0.42429,315.145,direct_cup_evidence,69.193,1842.083,384.337,2157.227,226.765,1999.655
2,Day 2,Tray 4,4,DJI_20260620131233_0004,52,6,2,No,No,No,,,0,0,0.0,315.145,direct_cup_evidence,481.493,1844.373,796.637,2159.518,639.065,2001.946
2,Day 2,Tray 4,4,DJI_20260620131233_0004,53,6,3,Yes,Yes,No,Day 1,1,1176,1176,1.18519,315.145,direct_cup_evidence,891.502,1842.083,1206.647,2157.227,1049.074,1999.655
2,Day 2,Tray 4,4,DJI_20260620131233_0004,54,6,4,Yes,Yes,No,Day 2,2,418,418,0.42126,315.145,direct_cup_evidence,1315.255,1837.501,1630.4,2152.646,1472.827,1995.074
2,Day 2,Tray 4,4,DJI_20260620131233_0004,55,6,5,Yes,Yes,No,Day 1,1,1339,1339,1.34946,315.145,direct_cup_evidence,1720.683,1842.083,2035.828,2157.227,1878.256,1999.655
2,Day 2,Tray 4,4,DJI_20260620131233_0004,56,6,6,Yes,Yes,No,Day 1,1,825,825,0.83144,315.145,direct_cup_evidence,2139.855,1839.792,2455.0,2154.937,2297.427,1997.364
2,Day 2,Tray 4,4,DJI_20260620131233_0004,57,6,7,No,No,No,,,0,0,0.0,315.145,direct_cup_evidence,2545.283,1828.339,2860.428,2143.484,2702.856,1985.912
2,Day 2,Tray 4,4,DJI_20260620131233_0004,58,6,8,Yes,Yes,No,Day 1,1,386,386,0.38778,315.145,direct_cup_evidence,2964.455,1828.339,3279.6,2143.484,3122.027,1985.912
2,Day 2,Tray 4,4,DJI_20260620131233_0004,59,6,9,Yes,Yes,No,Day 2,2,523,523,0.52708,315.145,direct_cup_evidence,3367.593,1837.501,3682.737,2152.646,3525.165,1995.074
2,Day 2,Tray 4,4,DJI_20260620131233_0004,60,6,10,No,No,No,,,0,0,0.0,315.145,direct_cup_evidence,3846.319,1846.664,4161.464,2161.809,4003.891,2004.236
2,Day 2,Tray 4,4,DJI_20260620131233_0004,61,7,1,Yes,Yes,No,Day 1,1,1205,663,1.21441,315.145,direct_cup_evidence,73.774,2187.956,388.919,2503.101,231.346,2345.529
2,Day 2,Tray 4,4,DJI_20260620131233_0004,62,7,2,No,No,No,,,0,0,0.0,315.145,direct_cup_evidence,486.074,2194.828,801.219,2509.973,643.646,2352.401
2,Day 2,Tray 4,4,DJI_20260620131233_0004,63,7,3,Yes,Yes,No,Day 2,2,497,383,0.4993,315.145,direct_cup_evidence,898.374,2187.956,1213.519,2503.101,1055.946,2345.529
2,Day 2,Tray 4,4,DJI_20260620131233_0004,64,7,4,Yes,Yes,No,Day 2,2,499,499,0.50131,315.145,direct_cup_evidence,1308.383,2197.119,1623.528,2512.264,1465.956,2354.691
2,Day 2,Tray 4,4,DJI_20260620131233_0004,65,7,5,Yes,Yes,No,Day 1,1,402,402,0.40514,315.145,direct_cup_evidence,1727.555,2190.247,2042.7,2505.392,1885.127,2347.819
2,Day 2,Tray 4,4,DJI_20260620131233_0004,66,7,6,Yes,Yes,No,Day 2,2,277,277,0.27916,315.145,direct_cup_evidence,2139.855,2187.956,2455.0,2503.101,2297.427,2345.529
2,Day 2,Tray 4,4,DJI_20260620131233_0004,67,7,7,Yes,Yes,No,Day 2,2,534,311,0.53647,315.145,direct_cup_evidence,2554.445,2171.923,2869.59,2487.067,2712.018,2329.495
2,Day 2,Tray 4,4,DJI_20260620131233_0004,68,7,8,No,No,No,,,0,0,0.0,315.145,direct_cup_evidence,2964.455,2171.923,3279.6,2487.067,3122.027,2329.495
2,Day 2,Tray 4,4,DJI_20260620131233_0004,69,7,9,Yes,Yes,No,Day 1,1,1846,1846,1.86042,315.145,direct_cup_evidence,3372.174,2167.341,3687.319,2482.486,3529.746,2324.914
2,Day 2,Tray 4,4,DJI_20260620131233_0004,70,7,10,Yes,Yes,No,Day 1,1,1380,1380,1.38638,315.145,direct_cup_evidence,3766.149,2160.47,4081.294,2475.615,3923.722,2318.042
2,Day 2,Tray 5,5,DJI_20260620131340_0005,1,1,1,Yes,Yes,No,Day 2,2,467,467,0.45892,318.52,direct_cup_evidence,76.495,97.095,395.016,415.616,235.756,256.356
2,Day 2,Tray 5,5,DJI_20260620131340_0005,2,1,2,Yes,Yes,No,Day 2,2,1504,1504,1.47797,318.52,direct_cup_evidence,470.184,99.384,788.705,417.905,629.444,258.644
2,Day 2,Tray 5,5,DJI_20260620131340_0005,3,1,3,No,No,No,,,0,0,0.0,318.52,direct_cup_evidence,875.318,85.651,1193.838,404.171,1034.578,244.911
2,Day 2,Tray 5,5,DJI_20260620131340_0005,4,1,4,No,No,No,,,0,0,0.0,318.52,direct_cup_evidence,1285.029,90.229,1603.549,408.749,1444.289,249.489
2,Day 2,Tray 5,5,DJI_20260620131340_0005,5,1,5,No,No,No,,,0,0,0.0,318.52,direct_cup_evidence,1697.029,85.651,2015.549,404.171,1856.289,244.911
2,Day 2,Tray 5,5,DJI_20260620131340_0005,6,1,6,Yes,Yes,No,Day 1,1,2196,2196,2.16478,318.52,direct_cup_evidence,2113.607,83.362,2432.127,401.882,2272.867,242.622
2,Day 2,Tray 5,5,DJI_20260620131340_0005,7,1,7,Yes,Yes,No,Day 2,2,1115,1115,1.10261,318.52,direct_cup_evidence,2527.895,85.651,2846.416,404.171,2687.156,244.911
2,Day 2,Tray 5,5,DJI_20260620131340_0005,8,1,8,Yes,Yes,No,Day 1,1,4944,4944,4.87372,318.52,direct_cup_evidence,2942.184,92.518,3260.705,411.038,3101.444,251.778
2,Day 2,Tray 5,5,DJI_20260620131340_0005,9,1,9,No,No,No,,,0,0,0.0,318.52,direct_cup_evidence,3354.184,94.807,3672.705,413.327,3513.444,254.067
2,Day 2,Tray 5,5,DJI_20260620131340_0005,10,1,10,Yes,Yes,No,Day 1,1,2031,2031,2.00213,318.52,direct_cup_evidence,3761.607,83.362,4080.127,401.882,3920.867,242.622
2,Day 2,Tray 5,5,DJI_20260620131340_0005,11,2,1,Yes,Yes,No,Day 1,1,4513,4513,4.44885,318.52,direct_cup_evidence,58.184,451.873,376.705,770.393,217.444,611.133
2,Day 2,Tray 5,5,DJI_20260620131340_0005,12,2,2,Yes,Yes,No,Day 1,1,3580,3580,3.52911,318.52,direct_cup_evidence,465.607,456.451,784.127,774.971,624.867,615.711
2,Day 2,Tray 5,5,DJI_20260620131340_0005,13,2,3,Yes,Yes,No,Day 1,1,2446,2446,2.41881,318.52,direct_cup_evidence,854.718,467.895,1173.238,786.416,1013.978,627.156
2,Day 2,Tray 5,5,DJI_20260620131340_0005,14,2,4,Yes,Yes,No,Day 2,2,1277,1277,1.2549,318.52,direct_cup_evidence,1280.451,447.295,1598.971,765.816,1439.711,606.556
2,Day 2,Tray 5,5,DJI_20260620131340_0005,15,2,5,Yes,Yes,No,Day 1,1,2315,2315,2.28209,318.52,direct_cup_evidence,1699.318,442.718,2017.838,761.238,1858.578,601.978
2,Day 2,Tray 5,5,DJI_20260620131340_0005,16,2,6,Yes,Yes,No,Day 1,1,6137,6137,6.0308,318.52,direct_cup_evidence,2111.318,447.295,2429.838,765.816,2270.578,606.556
2,Day 2,Tray 5,5,DJI_20260620131340_0005,17,2,7,Yes,Yes,No,Day 1,1,1864,1864,1.84328,318.52,direct_cup_evidence,2525.607,451.873,2844.127,770.393,2684.867,611.133
2,Day 2,Tray 5,5,DJI_20260620131340_0005,18,2,8,Yes,Yes,No,Day 1,1,2850,2850,2.80068,318.52,direct_cup_evidence,2942.184,447.295,3260.705,765.816,3101.444,606.556
2,Day 2,Tray 5,5,DJI_20260620131340_0005,19,2,9,Yes,Yes,No,Day 1,1,1972,1972,1.95008,318.52,direct_cup_evidence,3351.895,449.584,3670.416,768.105,3511.156,608.844
2,Day 2,Tray 5,5,DJI_20260620131340_0005,20,2,10,Yes,Yes,No,Day 1,1,3306,3306,3.24879,318.52,direct_cup_evidence,3757.029,447.295,4075.549,765.816,3916.289,606.556
2,Day 2,Tray 5,5,DJI_20260620131340_0005,21,3,1,Yes,Yes,No,Day 1,1,1869,1869,1.83666,318.52,direct_cup_evidence,67.34,797.495,385.86,1116.016,226.6,956.756
2,Day 2,Tray 5,5,DJI_20260620131340_0005,22,3,2,Yes,Yes,No,Day 1,1,4071,4071,4.00055,318.52,direct_cup_evidence,463.318,797.495,781.838,1116.016,622.578,956.756
2,Day 2,Tray 5,5,DJI_20260620131340_0005,23,3,3,Yes,Yes,No,Day 2,2,1263,1263,1.24505,318.52,direct_cup_evidence,868.451,799.784,1186.971,1118.305,1027.711,959.044
2,Day 2,Tray 5,5,DJI_20260620131340_0005,24,3,4,Yes,Yes,No,Day 1,1,2138,2138,2.101,318.52,direct_cup_evidence,1278.162,797.495,1596.682,1116.016,1437.422,956.756
2,Day 2,Tray 5,5,DJI_20260620131340_0005,25,3,5,No,No,No,,,0,0,0.0,318.52,direct_cup_evidence,1690.162,804.362,2008.682,1122.882,1849.422,963.622
2,Day 2,Tray 5,5,DJI_20260620131340_0005,26,3,6,Yes,Yes,No,Day 2,2,1503,1503,1.47699,318.52,direct_cup_evidence,2109.029,804.362,2427.549,1122.882,2268.289,963.622
2,Day 2,Tray 5,5,DJI_20260620131340_0005,27,3,7,Yes,Yes,No,Day 2,2,450,450,0.44221,318.52,direct_cup_evidence,2521.029,804.362,2839.549,1122.882,2680.289,963.622
2,Day 2,Tray 5,5,DJI_20260620131340_0005,28,3,8,No,No,No,,,0,0,0.0,318.52,direct_cup_evidence,2935.318,799.784,3253.838,1118.305,3094.578,959.044
2,Day 2,Tray 5,5,DJI_20260620131340_0005,29,3,9,No,No,No,,,0,0,0.0,318.52,direct_cup_evidence,3347.318,799.784,3665.838,1118.305,3506.578,959.044
2,Day 2,Tray 5,5,DJI_20260620131340_0005,30,3,10,Yes,Yes,No,Day 1,1,2723,2723,2.68429,318.52,direct_cup_evidence,3752.451,806.651,4070.971,1125.171,3911.711,965.911
2,Day 2,Tray 5,5,DJI_20260620131340_0005,31,4,1,Yes,Yes,No,Day 1,1,2212,2212,2.17372,318.52,direct_cup_evidence,65.051,1149.984,383.571,1468.505,224.311,1309.244
2,Day 2,Tray 5,5,DJI_20260620131340_0005,32,4,2,No,No,No,,,0,0,0.0,318.52,direct_cup_evidence,461.029,1154.562,779.549,1473.082,620.289,1313.822
2,Day 2,Tray 5,5,DJI_20260620131340_0005,33,4,3,Yes,Yes,No,Day 1,1,2421,2421,2.38659,318.52,direct_cup_evidence,866.162,1154.562,1184.682,1473.082,1025.422,1313.822
2,Day 2,Tray 5,5,DJI_20260620131340_0005,34,4,4,Yes,Yes,No,Day 1,1,2135,2135,2.11127,318.52,direct_cup_evidence,1275.873,1156.851,1594.393,1475.371,1435.133,1316.111
2,Day 2,Tray 5,5,DJI_20260620131340_0005,35,4,5,No,No,No,,,0,0,0.0,318.52,direct_cup_evidence,1717.629,1177.451,2036.149,1495.971,1876.889,1336.711
2,Day 2,Tray 5,5,DJI_20260620131340_0005,36,4,6,No,No,No,,,0,0,0.0,318.52,direct_cup_evidence,2138.784,1163.718,2457.305,1482.238,2298.044,1322.978
2,Day 2,Tray 5,5,DJI_20260620131340_0005,37,4,7,Yes,Yes,No,Day 1,1,4625,4625,4.55926,318.52,direct_cup_evidence,2521.029,1154.562,2839.549,1473.082,2680.289,1313.822
2,Day 2,Tray 5,5,DJI_20260620131340_0005,38,4,8,Yes,Yes,No,Day 1,1,3522,3522,3.46105,318.52,direct_cup_evidence,2919.295,1191.184,3237.816,1509.705,3078.556,1350.444
2,Day 2,Tray 5,5,DJI_20260620131340_0005,39,4,9,Yes,Yes,No,Day 2,2,2130,2130,2.09314,318.52,direct_cup_evidence,3345.029,1166.007,3663.549,1484.527,3504.289,1325.267
2,Day 2,Tray 5,5,DJI_20260620131340_0005,40,4,10,Yes,Yes,No,Day 1,1,2323,2323,2.28998,318.52,direct_cup_evidence,3750.162,1154.562,4068.682,1473.082,3909.422,1313.822
2,Day 2,Tray 5,5,DJI_20260620131340_0005,41,5,1,Yes,Yes,No,Day 1,1,3416,3416,3.37803,318.52,direct_cup_evidence,55.895,1504.762,374.416,1823.282,215.156,1664.022
2,Day 2,Tray 5,5,DJI_20260620131340_0005,42,5,2,Yes,Yes,No,Day 2,2,999,999,0.9848,318.52,direct_cup_evidence,456.451,1504.762,774.971,1823.282,615.711,1664.022
2,Day 2,Tray 5,5,DJI_20260620131340_0005,43,5,3,Yes,Yes,No,Day 2,2,655,655,0.64569,318.52,direct_cup_evidence,863.873,1507.051,1182.393,1825.571,1023.133,1666.311
2,Day 2,Tray 5,5,DJI_20260620131340_0005,44,5,4,Yes,Yes,No,Day 2,2,54,54,0.05307,318.52,direct_cup_evidence,1278.162,1507.051,1596.682,1825.571,1437.422,1666.311
2,Day 2,Tray 5,5,DJI_20260620131340_0005,45,5,5,No,No,No,,,0,0,0.0,318.52,direct_cup_evidence,1683.295,1511.629,2001.816,1830.149,1842.556,1670.889
2,Day 2,Tray 5,5,DJI_20260620131340_0005,46,5,6,Yes,Yes,No,Day 1,1,4183,4183,4.13651,318.52,direct_cup_evidence,2097.584,1511.629,2416.105,1830.149,2256.844,1670.889
2,Day 2,Tray 5,5,DJI_20260620131340_0005,47,5,7,Yes,Yes,No,Day 1,1,4173,4173,4.12662,318.52,direct_cup_evidence,2511.873,1511.629,2830.393,1830.149,2671.133,1670.889
2,Day 2,Tray 5,5,DJI_20260620131340_0005,48,5,8,Yes,Yes,No,Day 1,1,3860,3860,3.80513,318.52,direct_cup_evidence,2923.873,1509.34,3242.393,1827.86,3083.133,1668.6
2,Day 2,Tray 5,5,DJI_20260620131340_0005,49,5,9,Yes,Yes,No,Day 1,1,3493,3493,3.43255,318.52,direct_cup_evidence,3324.429,1500.184,3642.949,1818.705,3483.689,1659.444
2,Day 2,Tray 5,5,DJI_20260620131340_0005,50,5,10,Yes,Yes,No,Day 2,2,661,661,0.6516,318.52,direct_cup_evidence,3738.718,1509.34,4057.238,1827.86,3897.978,1668.6
2,Day 2,Tray 5,5,DJI_20260620131340_0005,51,6,1,Yes,Yes,No,Day 2,2,647,647,0.6378,318.52,direct_cup_evidence,55.895,1848.095,374.416,2166.616,215.156,2007.356
2,Day 2,Tray 5,5,DJI_20260620131340_0005,52,6,2,No,No,No,,,0,0,0.0,318.52,direct_cup_evidence,461.029,1854.962,779.549,2173.482,620.289,2014.222
2,Day 2,Tray 5,5,DJI_20260620131340_0005,53,6,3,Yes,Yes,No,Day 1,1,4384,4323,4.32168,318.52,direct_cup_evidence,863.873,1857.251,1182.393,2175.771,1023.133,2016.511
2,Day 2,Tray 5,5,DJI_20260620131340_0005,54,6,4,Yes,Yes,No,Day 1,1,5246,5246,5.17143,318.52,direct_cup_evidence,1250.695,1864.118,1569.216,2182.638,1409.956,2023.378
2,Day 2,Tray 5,5,DJI_20260620131340_0005,55,6,5,Yes,Yes,No,Day 1,1,6361,6361,6.25092,318.52,direct_cup_evidence,1683.295,1864.118,2001.816,2182.638,1842.556,2023.378
2,Day 2,Tray 5,5,DJI_20260620131340_0005,56,6,6,Yes,Yes,No,Day 2,2,37,37,0.03659,318.52,direct_cup_evidence,2090.718,1854.962,2409.238,2173.482,2249.978,2014.222
2,Day 2,Tray 5,5,DJI_20260620131340_0005,57,6,7,No,No,No,,,0,0,0.0,318.52,direct_cup_evidence,2466.095,1827.495,2784.616,2146.016,2625.356,1986.756
2,Day 2,Tray 5,5,DJI_20260620131340_0005,58,6,8,Yes,Yes,No,Day 1,1,1688,1688,1.66401,318.52,direct_cup_evidence,2907.851,1850.384,3226.371,2168.905,3067.111,2009.644
2,Day 2,Tray 5,5,DJI_20260620131340_0005,59,6,9,Yes,Yes,No,Day 1,1,2877,2877,2.8361,318.52,direct_cup_evidence,3312.984,1854.962,3631.505,2173.482,3472.244,2014.222
2,Day 2,Tray 5,5,DJI_20260620131340_0005,60,6,10,Yes,Yes,No,Day 2,2,1193,1193,1.17974,318.52,direct_cup_evidence,3747.873,1893.873,4066.393,2212.393,3907.133,2053.133
2,Day 2,Tray 5,5,DJI_20260620131340_0005,61,7,1,Yes,Yes,No,Day 1,1,1358,1358,1.3387,318.52,direct_cup_evidence,67.34,2186.851,385.86,2505.371,226.6,2346.111
2,Day 2,Tray 5,5,DJI_20260620131340_0005,62,7,2,Yes,Yes,No,Day 2,2,764,764,0.75078,318.52,direct_cup_evidence,463.318,2205.162,781.838,2523.682,622.578,2364.422
2,Day 2,Tray 5,5,DJI_20260620131340_0005,63,7,3,Yes,Yes,No,Day 1,1,2852,2836,2.81146,318.52,direct_cup_evidence,852.429,2209.74,1170.949,2528.26,1011.689,2369.0
2,Day 2,Tray 5,5,DJI_20260620131340_0005,64,7,4,Yes,Yes,No,Day 1,1,3367,3367,3.31914,318.52,direct_cup_evidence,1273.584,2214.318,1592.105,2532.838,1432.844,2373.578
2,Day 2,Tray 5,5,DJI_20260620131340_0005,65,7,5,Yes,Yes,No,Day 1,1,2537,2532,2.4931,318.52,direct_cup_evidence,1683.295,2214.318,2001.816,2532.838,1842.556,2373.578
2,Day 2,Tray 5,5,DJI_20260620131340_0005,66,7,6,Yes,Yes,No,Day 1,1,1416,1408,1.39587,318.52,direct_cup_evidence,2088.429,2218.895,2406.949,2537.416,2247.689,2378.156
2,Day 2,Tray 5,5,DJI_20260620131340_0005,67,7,7,No,No,No,,,0,0,0.0,318.52,direct_cup_evidence,2500.429,2218.895,2818.949,2537.416,2659.689,2378.156
2,Day 2,Tray 5,5,DJI_20260620131340_0005,68,7,8,No,No,No,,,0,0,0.0,318.52,direct_cup_evidence,2907.851,2250.94,3226.371,2569.46,3067.111,2410.2
2,Day 2,Tray 5,5,DJI_20260620131340_0005,69,7,9,No,No,No,,,0,0,0.0,318.52,direct_cup_evidence,3322.14,2214.318,3640.66,2532.838,3481.4,2373.578
2,Day 2,Tray 5,5,DJI_20260620131340_0005,70,7,10,No,No,No,,,0,0,0.0,318.52,direct_cup_evidence,3724.984,2264.673,4043.505,2583.193,3884.244,2423.933
2,Day 2,Tray 6,6,DJI_20260620131437_0006,1,1,1,Yes,Yes,No,Day 2,2,161,161,0.16226,315.074,direct_cup_evidence,46.372,105.941,361.446,421.015,203.909,263.478
2,Day 2,Tray 6,6,DJI_20260620131437_0006,2,1,2,No,No,No,,,0,0,0.0,315.074,direct_cup_evidence,454.19,99.067,769.264,414.142,611.727,256.604
2,Day 2,Tray 6,6,DJI_20260620131437_0006,3,1,3,Yes,Yes,No,Day 1,1,1660,1660,1.67297,315.074,direct_cup_evidence,864.298,92.194,1179.373,407.268,1021.836,249.731
2,Day 2,Tray 6,6,DJI_20260620131437_0006,4,1,4,Yes,Yes,No,Day 2,2,500,500,0.50391,315.074,direct_cup_evidence,1269.825,92.194,1584.899,407.268,1427.362,249.731
2,Day 2,Tray 6,6,DJI_20260620131437_0006,5,1,5,Yes,Yes,No,Day 2,2,617,617,0.62182,315.074,direct_cup_evidence,1689.098,71.574,2004.173,386.648,1846.636,229.111
2,Day 2,Tray 6,6,DJI_20260620131437_0006,6,1,6,No,No,No,,,0,0,0.0,315.074,direct_cup_evidence,2101.498,83.03,2416.573,398.104,2259.036,240.567
2,Day 2,Tray 6,6,DJI_20260620131437_0006,7,1,7,No,No,No,,,0,0,0.0,315.074,direct_cup_evidence,2507.025,78.447,2822.099,393.522,2664.562,235.984
2,Day 2,Tray 6,6,DJI_20260620131437_0006,8,1,8,No,No,No,,,0,0,0.0,315.074,direct_cup_evidence,2926.298,73.865,3241.373,388.939,3083.836,231.402
2,Day 2,Tray 6,6,DJI_20260620131437_0006,9,1,9,No,No,No,,,0,0,0.0,315.074,direct_cup_evidence,3304.332,73.865,3619.406,388.939,3461.869,231.402
2,Day 2,Tray 6,6,DJI_20260620131437_0006,10,1,10,No,No,No,,,0,0,0.0,315.074,direct_cup_evidence,3739.643,73.865,4054.717,388.939,3897.18,231.402
2,Day 2,Tray 6,6,DJI_20260620131437_0006,11,2,1,Yes,Yes,No,Day 1,1,768,768,0.774,315.074,direct_cup_evidence,46.372,451.898,361.446,766.973,203.909,609.436
2,Day 2,Tray 6,6,DJI_20260620131437_0006,12,2,2,Yes,Yes,No,Day 1,1,787,787,0.79315,315.074,direct_cup_evidence,451.898,449.607,766.973,764.682,609.436,607.144
2,Day 2,Tray 6,6,DJI_20260620131437_0006,13,2,3,No,No,No,,,0,0,0.0,315.074,direct_cup_evidence,868.881,449.607,1183.955,764.682,1026.418,607.144
2,Day 2,Tray 6,6,DJI_20260620131437_0006,14,2,4,No,No,No,,,0,0,0.0,315.074,direct_cup_evidence,1274.407,442.734,1589.482,757.808,1431.944,600.271
2,Day 2,Tray 6,6,DJI_20260620131437_0006,15,2,5,Yes,Yes,No,Day 1,1,1354,1354,1.36458,315.074,direct_cup_evidence,1682.225,438.152,1997.299,753.226,1839.762,595.689
2,Day 2,Tray 6,6,DJI_20260620131437_0006,16,2,6,No,No,No,,,0,0,0.0,315.074,direct_cup_evidence,2101.498,435.861,2416.573,750.935,2259.036,593.398
2,Day 2,Tray 6,6,DJI_20260620131437_0006,17,2,7,Yes,Yes,No,Day 2,2,166,166,0.1673,315.074,direct_cup_evidence,2497.861,390.038,2812.935,705.113,2655.398,547.576
2,Day 2,Tray 6,6,DJI_20260620131437_0006,18,2,8,No,No,No,,,0,0,0.0,315.074,direct_cup_evidence,2891.932,428.987,3207.006,744.062,3049.469,586.524
2,Day 2,Tray 6,6,DJI_20260620131437_0006,19,2,9,No,No,No,,,0,0,0.0,315.074,direct_cup_evidence,3350.154,422.114,3665.228,737.188,3507.691,579.651
2,Day 2,Tray 6,6,DJI_20260620131437_0006,20,2,10,Yes,Yes,No,Day 1,1,1096,1096,1.10456,315.074,direct_cup_evidence,3748.807,428.987,4063.882,744.062,3906.344,586.524
2,Day 2,Tray 6,6,DJI_20260620131437_0006,21,3,1,No,No,No,,,0,0,0.0,315.074,direct_cup_evidence,46.372,800.147,361.446,1115.222,203.909,957.684
2,Day 2,Tray 6,6,DJI_20260620131437_0006,22,3,2,No,No,No,,,0,0,0.0,315.074,direct_cup_evidence,456.481,797.856,771.555,1112.93,614.018,955.393
2,Day 2,Tray 6,6,DJI_20260620131437_0006,23,3,3,No,No,No,,,0,0,0.0,315.074,direct_cup_evidence,864.298,795.565,1179.373,1110.639,1021.836,953.102
2,Day 2,Tray 6,6,DJI_20260620131437_0006,24,3,4,No,No,No,,,0,0,0.0,315.074,direct_cup_evidence,1274.407,793.274,1589.482,1108.348,1431.944,950.811
2,Day 2,Tray 6,6,DJI_20260620131437_0006,25,3,5,Yes,Yes,No,Day 2,2,525,525,0.5291,315.074,direct_cup_evidence,1650.15,852.843,1965.224,1167.917,1807.687,1010.38
2,Day 2,Tray 6,6,DJI_20260620131437_0006,26,3,6,Yes,Yes,No,Day 1,1,809,809,0.81532,315.074,direct_cup_evidence,2099.207,786.401,2414.282,1101.475,2256.744,943.938
2,Day 2,Tray 6,6,DJI_20260620131437_0006,27,3,7,No,No,No,,,0,0,0.0,315.074,direct_cup_evidence,2513.898,788.692,2828.973,1103.766,2671.436,946.229
2,Day 2,Tray 6,6,DJI_20260620131437_0006,28,3,8,No,No,No,,,0,0,0.0,315.074,direct_cup_evidence,2903.387,802.438,3218.462,1117.513,3060.924,959.976
2,Day 2,Tray 6,6,DJI_20260620131437_0006,29,3,9,Yes,Yes,No,Day 1,1,421,421,0.42429,315.074,direct_cup_evidence,3331.825,781.818,3646.899,1096.893,3489.362,939.356
2,Day 2,Tray 6,6,DJI_20260620131437_0006,30,3,10,Yes,Yes,No,Day 1,1,548,543,0.55228,315.074,direct_cup_evidence,3739.643,781.818,4054.717,1096.893,3897.18,939.356
2,Day 2,Tray 6,6,DJI_20260620131437_0006,31,4,1,No,No,No,,,0,0,0.0,315.074,direct_cup_evidence,50.954,1146.105,366.028,1461.179,208.491,1303.642
2,Day 2,Tray 6,6,DJI_20260620131437_0006,32,4,2,No,No,No,,,0,0,0.0,315.074,direct_cup_evidence,456.481,1150.687,771.555,1465.762,614.018,1308.224
2,Day 2,Tray 6,6,DJI_20260620131437_0006,33,4,3,No,No,No,,,0,0,0.0,315.074,direct_cup_evidence,866.59,1146.105,1181.664,1461.179,1024.127,1303.642
2,Day 2,Tray 6,6,DJI_20260620131437_0006,34,4,4,Yes,Yes,No,Day 1,1,575,575,0.57949,315.074,direct_cup_evidence,1278.99,1143.814,1594.064,1458.888,1436.527,1301.351
2,Day 2,Tray 6,6,DJI_20260620131437_0006,35,4,5,Yes,Yes,No,Day 2,2,569,569,0.57344,315.074,direct_cup_evidence,1693.681,1141.523,2008.755,1456.597,1851.218,1299.06
2,Day 2,Tray 6,6,DJI_20260620131437_0006,36,4,6,No,No,No,,,0,0,0.0,315.074,direct_cup_evidence,2099.207,1143.814,2414.282,1458.888,2256.744,1301.351
2,Day 2,Tray 6,6,DJI_20260620131437_0006,37,4,7,No,No,No,,,0,0,0.0,315.074,direct_cup_evidence,2447.456,1187.345,2762.53,1502.419,2604.993,1344.882
2,Day 2,Tray 6,6,DJI_20260620131437_0006,38,4,8,No,No,No,,,0,0,0.0,315.074,direct_cup_evidence,2917.134,1136.941,3232.208,1452.015,3074.671,1294.478
2,Day 2,Tray 6,6,DJI_20260620131437_0006,39,4,9,No,No,No,,,0,0,0.0,315.074,direct_cup_evidence,3338.698,1127.776,3653.773,1442.85,3496.236,1285.313
2,Day 2,Tray 6,6,DJI_20260620131437_0006,40,4,10,Yes,Yes,No,Day 2,2,284,284,0.28622,315.074,direct_cup_evidence,3744.225,1127.776,4059.299,1442.85,3901.762,1285.313
2,Day 2,Tray 6,6,DJI_20260620131437_0006,41,5,1,Yes,Yes,No,Day 2,2,200,200,0.20156,315.074,direct_cup_evidence,50.954,1489.772,366.028,1804.846,208.491,1647.309
2,Day 2,Tray 6,6,DJI_20260620131437_0006,42,5,2,Yes,Yes,No,Day 1,1,527,527,0.53112,315.074,direct_cup_evidence,458.772,1498.936,773.846,1814.01,616.309,1656.473
2,Day 2,Tray 6,6,DJI_20260620131437_0006,43,5,3,Yes,Yes,No,Day 2,2,190,190,0.19088,315.074,direct_cup_evidence,811.603,1487.481,1126.677,1802.555,969.14,1645.018
2,Day 2,Tray 6,6,DJI_20260620131437_0006,44,5,4,Yes,Yes,No,Day 2,2,575,575,0.57949,315.074,direct_cup_evidence,1278.99,1496.645,1594.064,1811.719,1436.527,1654.182
2,Day 2,Tray 6,6,DJI_20260620131437_0006,45,5,5,No,No,No,,,0,0,0.0,315.074,direct_cup_evidence,1679.934,1503.518,1995.008,1818.593,1837.471,1661.056
2,Day 2,Tray 6,6,DJI_20260620131437_0006,46,5,6,No,No,No,,,0,0,0.0,315.074,direct_cup_evidence,2094.625,1489.772,2409.699,1804.846,2252.162,1647.309
2,Day 2,Tray 6,6,DJI_20260620131437_0006,47,5,7,No,No,No,,,0,0,0.0,315.074,direct_cup_evidence,2513.898,1487.481,2828.973,1802.555,2671.436,1645.018
2,Day 2,Tray 6,6,DJI_20260620131437_0006,48,5,8,No,No,No,,,0,0,0.0,315.074,direct_cup_evidence,2928.59,1482.898,3243.664,1797.973,3086.127,1640.436
2,Day 2,Tray 6,6,DJI_20260620131437_0006,49,5,9,No,No,No,,,0,0,0.0,315.074,direct_cup_evidence,3343.281,1482.898,3658.355,1797.973,3500.818,1640.436
2,Day 2,Tray 6,6,DJI_20260620131437_0006,50,5,10,No,No,No,,,0,0,0.0,315.074,direct_cup_evidence,3751.098,1480.607,4066.173,1795.682,3908.636,1638.144
2,Day 2,Tray 6,6,DJI_20260620131437_0006,51,6,1,No,No,No,,,0,0,0.0,315.074,direct_cup_evidence,57.827,1840.312,372.902,2155.386,215.364,1997.849
2,Day 2,Tray 6,6,DJI_20260620131437_0006,52,6,2,No,No,No,,,0,0,0.0,315.074,direct_cup_evidence,456.481,1844.894,771.555,2159.968,614.018,2002.431
2,Day 2,Tray 6,6,DJI_20260620131437_0006,53,6,3,Yes,Yes,No,Day 1,1,22,22,0.02217,315.074,direct_cup_evidence,866.59,1851.767,1181.664,2166.842,1024.127,2009.304
2,Day 2,Tray 6,6,DJI_20260620131437_0006,54,6,4,No,No,No,,,0,0,0.0,315.074,direct_cup_evidence,1276.698,1851.767,1591.773,2166.842,1434.236,2009.304
2,Day 2,Tray 6,6,DJI_20260620131437_0006,55,6,5,Yes,Yes,No,Day 1,1,799,799,0.80524,315.074,direct_cup_evidence,1691.39,1844.894,2006.464,2159.968,1848.927,2002.431
2,Day 2,Tray 6,6,DJI_20260620131437_0006,56,6,6,No,No,No,,,0,0,0.0,315.074,direct_cup_evidence,2103.79,1842.603,2418.864,2157.677,2261.327,2000.14
2,Day 2,Tray 6,6,DJI_20260620131437_0006,57,6,7,No,No,No,,,0,0,0.0,315.074,direct_cup_evidence,2513.898,1838.021,2828.973,2153.095,2671.436,1995.558
2,Day 2,Tray 6,6,DJI_20260620131437_0006,58,6,8,No,No,No,,,0,0,0.0,315.074,direct_cup_evidence,2917.134,1840.312,3232.208,2155.386,3074.671,1997.849
2,Day 2,Tray 6,6,DJI_20260620131437_0006,59,6,9,No,No,No,,,5,5,0.00504,315.074,direct_cup_evidence,3327.243,1838.021,3642.317,2153.095,3484.78,1995.558
2,Day 2,Tray 6,6,DJI_20260620131437_0006,60,6,10,No,No,No,,,0,0,0.0,315.074,direct_cup_evidence,3753.39,1858.641,4068.464,2173.715,3910.927,2016.178
2,Day 2,Tray 6,6,DJI_20260620131437_0006,61,7,1,No,No,No,,,0,0,0.0,315.074,direct_cup_evidence,60.118,2183.978,375.193,2499.053,217.656,2341.516
2,Day 2,Tray 6,6,DJI_20260620131437_0006,62,7,2,Yes,Yes,No,Day 1,1,1569,1569,1.57126,315.074,direct_cup_evidence,456.481,2195.434,771.555,2510.508,614.018,2352.971
2,Day 2,Tray 6,6,DJI_20260620131437_0006,63,7,3,No,No,No,,,0,0,0.0,315.074,direct_cup_evidence,866.59,2200.016,1181.664,2515.09,1024.127,2357.553
2,Day 2,Tray 6,6,DJI_20260620131437_0006,64,7,4,No,No,No,,,0,0,0.0,315.074,direct_cup_evidence,1274.407,2190.852,1589.482,2505.926,1431.944,2348.389
2,Day 2,Tray 6,6,DJI_20260620131437_0006,65,7,5,No,No,No,,,0,0,0.0,315.074,direct_cup_evidence,1691.39,2197.725,2006.464,2512.799,1848.927,2355.262
2,Day 2,Tray 6,6,DJI_20260620131437_0006,66,7,6,Yes,Yes,No,Day 2,2,183,183,0.18385,315.074,direct_cup_evidence,2106.081,2195.434,2421.155,2510.508,2263.618,2352.971
2,Day 2,Tray 6,6,DJI_20260620131437_0006,67,7,7,Yes,Yes,No,Day 2,2,942,942,0.94936,315.074,direct_cup_evidence,2511.607,2197.725,2826.682,2512.799,2669.144,2355.262
2,Day 2,Tray 6,6,DJI_20260620131437_0006,68,7,8,No,No,No,,,0,0,0.0,315.074,direct_cup_evidence,2928.59,2195.434,3243.664,2510.508,3086.127,2352.971
2,Day 2,Tray 6,6,DJI_20260620131437_0006,69,7,9,No,No,No,,,0,0,0.0,315.074,direct_cup_evidence,3311.205,2181.687,3626.279,2496.762,3468.742,2339.224
2,Day 2,Tray 6,6,DJI_20260620131437_0006,70,7,10,No,No,No,,,0,0,0.0,315.074,direct_cup_evidence,3737.352,2170.232,4052.426,2485.306,3894.889,2327.769
2,Day 2,Tray 7,7,DJI_20260620131539_0007,1,1,1,Yes,Yes,No,Day 2,2,661,661,0.67041,314.043,direct_cup_evidence,67.997,95.551,382.04,409.594,225.019,252.572
2,Day 2,Tray 7,7,DJI_20260620131539_0007,2,1,2,No,No,No,,,0,0,0.0,314.043,direct_cup_evidence,467.521,88.662,781.564,402.705,624.542,245.684
2,Day 2,Tray 7,7,DJI_20260620131539_0007,3,1,3,Yes,Yes,No,Day 1,1,1380,1380,1.39965,314.043,direct_cup_evidence,887.709,93.255,1201.752,407.298,1044.731,250.276
2,Day 2,Tray 7,7,DJI_20260620131539_0007,4,1,4,No,No,No,,,0,0,0.0,314.043,direct_cup_evidence,1280.344,74.886,1594.387,388.929,1437.366,231.907
2,Day 2,Tray 7,7,DJI_20260620131539_0007,5,1,5,No,No,No,,,0,0,0.0,314.043,direct_cup_evidence,1718.901,93.255,2032.944,407.298,1875.923,250.276
2,Day 2,Tray 7,7,DJI_20260620131539_0007,6,1,6,Yes,Yes,No,Day 2,2,569,394,0.5771,314.043,direct_cup_evidence,2123.017,88.662,2437.06,402.705,2280.038,245.684
2,Day 2,Tray 7,7,DJI_20260620131539_0007,7,1,7,No,No,No,,,0,0,0.0,314.043,direct_cup_evidence,2545.501,88.662,2859.544,402.705,2702.523,245.684
2,Day 2,Tray 7,7,DJI_20260620131539_0007,8,1,8,Yes,Yes,No,Day 2,2,263,263,0.26675,314.043,direct_cup_evidence,2951.913,88.662,3265.956,402.705,3108.934,245.684
2,Day 2,Tray 7,7,DJI_20260620131539_0007,9,1,9,No,No,No,,,0,0,0.0,314.043,direct_cup_evidence,3353.732,84.07,3667.775,398.113,3510.754,241.092
2,Day 2,Tray 7,7,DJI_20260620131539_0007,10,1,10,Yes,Yes,No,Day 2,2,638,638,0.64709,314.043,direct_cup_evidence,3760.144,95.551,4074.187,409.594,3917.166,252.572
2,Day 2,Tray 7,7,DJI_20260620131539_0007,11,2,1,No,No,No,,,0,0,0.0,314.043,direct_cup_evidence,58.813,458.336,372.856,772.379,215.834,615.358
2,Day 2,Tray 7,7,DJI_20260620131539_0007,12,2,2,No,No,No,,,0,0,0.0,314.043,direct_cup_evidence,465.225,458.336,779.268,772.379,622.246,615.358
2,Day 2,Tray 7,7,DJI_20260620131539_0007,13,2,3,Yes,Yes,No,Day 1,1,745,745,0.75561,314.043,direct_cup_evidence,869.34,433.079,1183.383,747.122,1026.362,590.101
2,Day 2,Tray 7,7,DJI_20260620131539_0007,14,2,4,Yes,Yes,No,Day 1,1,1167,1167,1.18362,314.043,direct_cup_evidence,1232.126,488.186,1546.169,802.229,1389.147,645.207
2,Day 2,Tray 7,7,DJI_20260620131539_0007,15,2,5,No,No,No,,,0,0,0.0,314.043,direct_cup_evidence,1709.717,437.671,2023.76,751.714,1866.738,594.693
2,Day 2,Tray 7,7,DJI_20260620131539_0007,16,2,6,Yes,Yes,No,Day 2,2,167,167,0.16938,314.043,direct_cup_evidence,2125.313,444.56,2439.356,758.603,2282.334,601.581
2,Day 2,Tray 7,7,DJI_20260620131539_0007,17,2,7,Yes,Yes,No,Day 2,2,315,315,0.31949,314.043,direct_cup_evidence,2538.613,451.448,2852.656,765.491,2695.634,608.469
2,Day 2,Tray 7,7,DJI_20260620131539_0007,18,2,8,Yes,Yes,No,Day 1,1,662,662,0.67143,314.043,direct_cup_evidence,2905.991,423.895,3220.034,737.938,3063.012,580.916
2,Day 2,Tray 7,7,DJI_20260620131539_0007,19,2,9,No,No,No,,,0,0,0.0,314.043,direct_cup_evidence,3349.14,446.856,3663.183,760.899,3506.162,603.877
2,Day 2,Tray 7,7,DJI_20260620131539_0007,20,2,10,No,No,No,,,0,0,0.0,314.043,direct_cup_evidence,3757.848,442.264,4071.891,756.306,3914.869,599.285
2,Day 2,Tray 7,7,DJI_20260620131539_0007,21,3,1,No,No,No,,,0,0,0.0,314.043,direct_cup_evidence,70.294,795.865,384.336,1109.908,227.315,952.886
2,Day 2,Tray 7,7,DJI_20260620131539_0007,22,3,2,Yes,Yes,No,Day 2,2,45,45,0.04564,314.043,direct_cup_evidence,479.001,788.976,793.044,1103.019,636.023,945.998
2,Day 2,Tray 7,7,DJI_20260620131539_0007,23,3,3,Yes,Yes,No,Day 2,2,84,53,0.0852,314.043,direct_cup_evidence,883.117,798.161,1197.16,1112.204,1040.138,955.182
2,Day 2,Tray 7,7,DJI_20260620131539_0007,24,3,4,No,No,No,,,0,0,0.0,314.043,direct_cup_evidence,1298.713,795.865,1612.756,1109.908,1455.734,952.886
2,Day 2,Tray 7,7,DJI_20260620131539_0007,25,3,5,Yes,Yes,No,Day 2,2,591,591,0.59942,314.043,direct_cup_evidence,1712.013,795.865,2026.056,1109.908,1869.034,952.886
2,Day 2,Tray 7,7,DJI_20260620131539_0007,26,3,6,No,No,No,,,0,0,0.0,314.043,direct_cup_evidence,2125.313,795.865,2439.356,1109.908,2282.334,952.886
2,Day 2,Tray 7,7,DJI_20260620131539_0007,27,3,7,No,No,No,,,0,0,0.0,314.043,direct_cup_evidence,2536.317,795.865,2850.36,1109.908,2693.338,952.886
2,Day 2,Tray 7,7,DJI_20260620131539_0007,28,3,8,No,No,No,,,0,0,0.0,314.043,direct_cup_evidence,2938.136,811.937,3252.179,1125.98,3095.158,968.959
2,Day 2,Tray 7,7,DJI_20260620131539_0007,29,3,9,Yes,Yes,No,Day 2,2,346,346,0.35093,314.043,direct_cup_evidence,3344.548,791.272,3658.591,1105.315,3501.569,948.294
2,Day 2,Tray 7,7,DJI_20260620131539_0007,30,3,10,Yes,Yes,No,Day 2,2,780,780,0.79111,314.043,direct_cup_evidence,3757.848,791.272,4071.891,1105.315,3914.869,948.294
2,Day 2,Tray 7,7,DJI_20260620131539_0007,31,4,1,No,No,No,,,0,0,0.0,314.043,direct_cup_evidence,65.701,1142.577,379.744,1456.62,222.723,1299.599
2,Day 2,Tray 7,7,DJI_20260620131539_0007,32,4,2,No,No,No,,,0,0,0.0,314.043,direct_cup_evidence,481.297,1147.17,795.34,1461.213,638.319,1304.191
2,Day 2,Tray 7,7,DJI_20260620131539_0007,33,4,3,No,No,No,,,0,0,0.0,314.043,direct_cup_evidence,887.709,1144.874,1201.752,1458.916,1044.731,1301.895
2,Day 2,Tray 7,7,DJI_20260620131539_0007,34,4,4,Yes,Yes,No,Day 1,1,901,901,0.91383,314.043,direct_cup_evidence,1328.562,1121.912,1642.605,1435.955,1485.584,1278.934
2,Day 2,Tray 7,7,DJI_20260620131539_0007,35,4,5,Yes,Yes,No,Day 1,1,1066,1066,1.08118,314.043,direct_cup_evidence,1709.717,1133.393,2023.76,1447.436,1866.738,1290.414
2,Day 2,Tray 7,7,DJI_20260620131539_0007,36,4,6,Yes,Yes,No,Day 1,1,1320,1320,1.3388,314.043,direct_cup_evidence,2123.017,1147.17,2437.06,1461.213,2280.038,1304.191
2,Day 2,Tray 7,7,DJI_20260620131539_0007,37,4,7,No,No,No,,,0,0,0.0,314.043,direct_cup_evidence,2536.317,1142.577,2850.36,1456.62,2693.338,1299.599
2,Day 2,Tray 7,7,DJI_20260620131539_0007,38,4,8,Yes,Yes,No,Day 1,1,622,622,0.63086,314.043,direct_cup_evidence,2910.583,1174.723,3224.626,1488.766,3067.604,1331.744
2,Day 2,Tray 7,7,DJI_20260620131539_0007,39,4,9,No,No,No,,,0,0,0.0,314.043,direct_cup_evidence,3351.436,1140.281,3665.479,1454.324,3508.458,1297.303
2,Day 2,Tray 7,7,DJI_20260620131539_0007,40,4,10,No,No,No,,,0,0,0.0,314.043,direct_cup_evidence,3760.144,1133.393,4074.187,1447.436,3917.166,1290.414
2,Day 2,Tray 7,7,DJI_20260620131539_0007,41,5,1,No,No,No,,,0,0,0.0,314.043,direct_cup_evidence,65.701,1493.882,379.744,1807.925,222.723,1650.904
2,Day 2,Tray 7,7,DJI_20260620131539_0007,42,5,2,Yes,Yes,No,Day 2,2,272,272,0.275,314.043,direct_cup_evidence,479.001,1498.475,793.044,1812.518,636.023,1655.496
2,Day 2,Tray 7,7,DJI_20260620131539_0007,43,5,3,No,No,No,,,0,0,0.0,314.043,direct_cup_evidence,910.67,1470.921,1224.713,1784.964,1067.692,1627.943
2,Day 2,Tray 7,7,DJI_20260620131539_0007,44,5,4,Yes,Yes,No,Day 1,1,1333,1333,1.34769,314.043,direct_cup_evidence,1301.009,1498.475,1615.052,1812.518,1458.031,1655.496
2,Day 2,Tray 7,7,DJI_20260620131539_0007,45,5,5,No,No,No,,,0,0,0.0,314.043,direct_cup_evidence,1707.421,1493.882,2021.464,1807.925,1864.442,1650.904
2,Day 2,Tray 7,7,DJI_20260620131539_0007,46,5,6,No,No,No,,,0,0,0.0,314.043,direct_cup_evidence,2123.017,1498.475,2437.06,1812.518,2280.038,1655.496
2,Day 2,Tray 7,7,DJI_20260620131539_0007,47,5,7,No,No,No,,,0,0,0.0,314.043,direct_cup_evidence,2531.725,1491.586,2845.768,1805.629,2688.746,1648.608
2,Day 2,Tray 7,7,DJI_20260620131539_0007,48,5,8,No,No,No,,,0,0,0.0,314.043,direct_cup_evidence,2945.025,1493.882,3259.068,1807.925,3102.046,1650.904
2,Day 2,Tray 7,7,DJI_20260620131539_0007,49,5,9,No,No,No,,,0,0,0.0,314.043,direct_cup_evidence,3376.694,1475.514,3690.736,1789.556,3533.715,1632.535
2,Day 2,Tray 7,7,DJI_20260620131539_0007,50,5,10,Yes,Yes,No,Day 1,1,1440,1440,1.46051,314.043,direct_cup_evidence,3757.848,1484.698,4071.891,1798.741,3914.869,1641.719
2,Day 2,Tray 7,7,DJI_20260620131539_0007,51,6,1,No,No,No,,,0,0,0.0,314.043,direct_cup_evidence,79.478,1845.187,393.521,2159.23,236.499,2002.209
2,Day 2,Tray 7,7,DJI_20260620131539_0007,52,6,2,No,No,No,,,0,0,0.0,314.043,direct_cup_evidence,479.001,1838.299,793.044,2152.342,636.023,1995.321
2,Day 2,Tray 7,7,DJI_20260620131539_0007,53,6,3,Yes,Yes,No,Day 2,2,459,459,0.46554,314.043,direct_cup_evidence,896.894,1842.891,1210.936,2156.934,1053.915,1999.913
2,Day 2,Tray 7,7,DJI_20260620131539_0007,54,6,4,Yes,Yes,No,Day 1,1,614,614,0.62274,314.043,direct_cup_evidence,1298.713,1838.299,1612.756,2152.342,1455.734,1995.321
2,Day 2,Tray 7,7,DJI_20260620131539_0007,55,6,5,No,No,No,,,0,0,0.0,314.043,direct_cup_evidence,1707.421,1849.78,2021.464,2163.823,1864.442,2006.801
2,Day 2,Tray 7,7,DJI_20260620131539_0007,56,6,6,Yes,Yes,No,Day 2,2,563,292,0.57102,314.043,direct_cup_evidence,2123.017,1842.891,2437.06,2156.934,2280.038,1999.913
2,Day 2,Tray 7,7,DJI_20260620131539_0007,57,6,7,No,No,No,,,0,0,0.0,314.043,direct_cup_evidence,2534.021,1838.299,2848.064,2152.342,2691.042,1995.321
2,Day 2,Tray 7,7,DJI_20260620131539_0007,58,6,8,No,No,No,,,0,0,0.0,314.043,direct_cup_evidence,2935.84,1838.299,3249.883,2152.342,3092.862,1995.321
2,Day 2,Tray 7,7,DJI_20260620131539_0007,59,6,9,Yes,Yes,No,Day 1,1,1610,1610,1.63293,314.043,direct_cup_evidence,3330.771,1838.299,3644.814,2152.342,3487.793,1995.321
2,Day 2,Tray 7,7,DJI_20260620131539_0007,60,6,10,No,No,No,,,0,0,0.0,314.043,direct_cup_evidence,3750.96,1831.411,4065.003,2145.454,3907.981,1988.432
2,Day 2,Tray 7,7,DJI_20260620131539_0007,61,7,1,Yes,Yes,No,Day 2,2,899,544,0.9118,314.043,direct_cup_evidence,70.294,2182.716,384.336,2496.759,227.315,2339.737
2,Day 2,Tray 7,7,DJI_20260620131539_0007,62,7,2,No,No,No,,,0,0,0.0,314.043,direct_cup_evidence,474.409,2189.604,788.452,2503.647,631.431,2346.626
2,Day 2,Tray 7,7,DJI_20260620131539_0007,63,7,3,No,Yes,Yes,Day 1,1,13,13,0.01314,314.043,direct_cup_evidence,883.117,2196.492,1197.16,2510.535,1040.138,2353.514
2,Day 2,Tray 7,7,DJI_20260620131539_0007,64,7,4,No,No,No,,,0,0,0.0,314.043,direct_cup_evidence,1296.417,2194.196,1610.46,2508.239,1453.438,2351.218
2,Day 2,Tray 7,7,DJI_20260620131539_0007,65,7,5,No,No,No,,,0,0,0.0,314.043,direct_cup_evidence,1709.717,2196.492,2023.76,2510.535,1866.738,2353.514
2,Day 2,Tray 7,7,DJI_20260620131539_0007,66,7,6,Yes,Yes,No,Day 1,1,970,970,0.98069,314.043,direct_cup_evidence,2134.497,2187.308,2448.54,2501.351,2291.519,2344.329
2,Day 2,Tray 7,7,DJI_20260620131539_0007,67,7,7,Yes,Yes,No,Day 1,1,2252,2252,2.28407,314.043,direct_cup_evidence,2534.021,2189.604,2848.064,2503.647,2691.042,2346.626
2,Day 2,Tray 7,7,DJI_20260620131539_0007,68,7,8,No,No,No,,,0,0,0.0,314.043,direct_cup_evidence,2947.321,2164.347,3261.364,2478.39,3104.342,2321.368
2,Day 2,Tray 7,7,DJI_20260620131539_0007,69,7,9,No,No,No,,,0,0,0.0,314.043,direct_cup_evidence,3351.436,2187.308,3665.479,2501.351,3508.458,2344.329
2,Day 2,Tray 7,7,DJI_20260620131539_0007,70,7,10,No,No,No,,,0,0,0.0,314.043,direct_cup_evidence,3748.664,2178.124,4062.706,2492.166,3905.685,2335.145
2,Day 2,Tray 8,8,DJI_20260620131623_0008,1,1,1,Yes,Yes,No,Day 1,1,3100,3082,3.06554,318.712,direct_cup_evidence,63.583,86.566,382.294,405.277,222.938,245.922
2,Day 2,Tray 8,8,DJI_20260620131623_0008,2,1,2,No,No,No,,,0,0,0.0,318.712,direct_cup_evidence,454.299,93.461,773.011,412.172,613.655,252.817
2,Day 2,Tray 8,8,DJI_20260620131623_0008,3,1,3,No,No,No,,,0,0,0.0,318.712,direct_cup_evidence,867.999,91.163,1186.711,409.874,1027.355,250.518
2,Day 2,Tray 8,8,DJI_20260620131623_0008,4,1,4,Yes,Yes,No,Day 1,1,2953,2953,2.91102,318.712,direct_cup_evidence,1290.893,86.566,1609.604,405.277,1450.248,245.922
2,Day 2,Tray 8,8,DJI_20260620131623_0008,5,1,5,Yes,Yes,No,Day 1,1,3143,3143,3.08861,318.712,direct_cup_evidence,1683.908,81.969,2002.619,400.681,1843.263,241.325
2,Day 2,Tray 8,8,DJI_20260620131623_0008,6,1,6,Yes,Yes,No,Day 1,1,1508,1508,1.4819,318.712,direct_cup_evidence,2093.011,68.179,2411.722,386.891,2252.367,227.535
2,Day 2,Tray 8,8,DJI_20260620131623_0008,7,1,7,No,No,No,,,0,0,0.0,318.712,direct_cup_evidence,2504.413,72.776,2823.124,391.487,2663.768,232.132
2,Day 2,Tray 8,8,DJI_20260620131623_0008,8,1,8,Yes,Yes,No,Day 1,1,2469,2469,2.42627,318.712,direct_cup_evidence,2925.008,70.478,3243.719,389.189,3084.363,229.833
2,Day 2,Tray 8,8,DJI_20260620131623_0008,9,1,9,Yes,Yes,No,Day 1,1,2433,2433,2.39841,318.712,direct_cup_evidence,3334.111,72.776,3652.822,391.487,3493.467,232.132
2,Day 2,Tray 8,8,DJI_20260620131623_0008,10,1,10,Yes,Yes,No,Day 1,1,3022,3022,2.97904,318.712,direct_cup_evidence,3738.618,70.478,4057.329,389.189,3897.973,229.833
2,Day 2,Tray 8,8,DJI_20260620131623_0008,11,2,1,Yes,Yes,No,Day 1,1,2767,2767,2.72767,318.712,direct_cup_evidence,58.986,440.509,377.697,759.221,218.342,599.865
2,Day 2,Tray 8,8,DJI_20260620131623_0008,12,2,2,Yes,Yes,No,Day 1,1,3159,3159,3.11409,318.712,direct_cup_evidence,456.598,442.808,775.309,761.519,615.953,602.163
2,Day 2,Tray 8,8,DJI_20260620131623_0008,13,2,3,Yes,Yes,No,Day 1,1,2375,2375,2.34124,318.712,direct_cup_evidence,927.756,389.946,1246.467,708.657,1087.112,549.302
2,Day 2,Tray 8,8,DJI_20260620131623_0008,14,2,4,Yes,Yes,No,Day 2,2,511,511,0.50216,318.712,direct_cup_evidence,1270.208,435.913,1588.919,754.624,1429.563,595.268
2,Day 2,Tray 8,8,DJI_20260620131623_0008,15,2,5,Yes,Yes,No,Day 1,1,2901,2901,2.8508,318.712,direct_cup_evidence,1683.908,435.913,2002.619,754.624,1843.263,595.268
2,Day 2,Tray 8,8,DJI_20260620131623_0008,16,2,6,Yes,Yes,No,Day 2,2,1443,1443,1.42249,318.712,direct_cup_evidence,2095.309,426.719,2414.021,745.431,2254.665,586.075
2,Day 2,Tray 8,8,DJI_20260620131623_0008,17,2,7,Yes,Yes,No,Day 2,2,676,676,0.66639,318.712,direct_cup_evidence,2536.589,465.791,2855.301,784.502,2695.945,625.147
2,Day 2,Tray 8,8,DJI_20260620131623_0008,18,2,8,Yes,Yes,No,Day 1,1,1922,1922,1.88874,318.712,direct_cup_evidence,2925.008,429.018,3243.719,747.729,3084.363,588.373
2,Day 2,Tray 8,8,DJI_20260620131623_0008,19,2,9,Yes,Yes,No,Day 1,1,2451,2451,2.40858,318.712,direct_cup_evidence,3334.111,422.123,3652.822,740.834,3493.467,581.478
2,Day 2,Tray 8,8,DJI_20260620131623_0008,20,2,10,Yes,Yes,No,Day 1,1,4307,4307,4.23247,318.712,direct_cup_evidence,3747.811,429.018,4066.522,747.729,3907.167,588.373
2,Day 2,Tray 8,8,DJI_20260620131623_0008,21,3,1,No,No,No,,,0,0,0.0,318.712,direct_cup_evidence,42.898,789.856,361.609,1108.567,202.253,949.212
2,Day 2,Tray 8,8,DJI_20260620131623_0008,22,3,2,Yes,Yes,No,Day 1,1,3219,3219,3.17324,318.712,direct_cup_evidence,456.598,776.066,775.309,1094.777,615.953,935.422
2,Day 2,Tray 8,8,DJI_20260620131623_0008,23,3,3,Yes,Yes,No,Day 2,2,750,750,0.73702,318.712,direct_cup_evidence,858.806,789.856,1177.517,1108.567,1018.162,949.212
2,Day 2,Tray 8,8,DJI_20260620131623_0008,24,3,4,Yes,Yes,No,Day 1,1,1516,825,1.49445,318.712,direct_cup_evidence,1270.208,787.558,1588.919,1106.269,1429.563,946.913
2,Day 2,Tray 8,8,DJI_20260620131623_0008,25,3,5,Yes,Yes,No,Day 1,1,2150,2150,2.11944,318.712,direct_cup_evidence,1683.908,787.558,2002.619,1106.269,1843.263,946.913
2,Day 2,Tray 8,8,DJI_20260620131623_0008,26,3,6,Yes,Yes,No,Day 1,1,3657,3657,3.61635,318.712,direct_cup_evidence,2097.608,787.558,2416.319,1106.269,2256.963,946.913
2,Day 2,Tray 8,8,DJI_20260620131623_0008,27,3,7,No,No,No,,,0,0,0.0,318.712,direct_cup_evidence,2511.308,782.961,2830.019,1101.672,2670.663,942.317
2,Day 2,Tray 8,8,DJI_20260620131623_0008,28,3,8,Yes,Yes,No,Day 1,1,643,643,0.63386,318.712,direct_cup_evidence,2885.936,856.508,3204.647,1175.219,3045.292,1015.863
2,Day 2,Tray 8,8,DJI_20260620131623_0008,29,3,9,Yes,Yes,No,Day 2,2,1247,704,1.22927,318.712,direct_cup_evidence,3341.006,780.663,3659.717,1099.374,3500.362,940.018
2,Day 2,Tray 8,8,DJI_20260620131623_0008,30,3,10,Yes,Yes,No,Day 1,1,2290,2290,2.26455,318.712,direct_cup_evidence,3754.706,780.663,4073.417,1099.374,3914.062,940.018
2,Day 2,Tray 8,8,DJI_20260620131623_0008,31,4,1,Yes,Yes,No,Day 1,1,2531,2531,2.4872,318.712,direct_cup_evidence,42.898,1132.308,361.609,1451.019,202.253,1291.663
2,Day 2,Tray 8,8,DJI_20260620131623_0008,32,4,2,No,No,No,,,0,0,0.0,318.712,direct_cup_evidence,442.808,1143.799,761.519,1462.511,602.163,1303.155
2,Day 2,Tray 8,8,DJI_20260620131623_0008,33,4,3,Yes,Yes,No,Day 2,2,538,538,0.53035,318.712,direct_cup_evidence,856.508,1143.799,1175.219,1462.511,1015.863,1303.155
2,Day 2,Tray 8,8,DJI_20260620131623_0008,34,4,4,Yes,Yes,No,Day 1,1,3122,3122,3.06797,318.712,direct_cup_evidence,1231.136,1139.203,1549.847,1457.914,1390.492,1298.558
2,Day 2,Tray 8,8,DJI_20260620131623_0008,35,4,5,Yes,Yes,No,Day 2,2,898,898,0.88523,318.712,direct_cup_evidence,1677.013,1141.501,1995.724,1460.212,1836.368,1300.857
2,Day 2,Tray 8,8,DJI_20260620131623_0008,36,4,6,Yes,Yes,No,Day 1,1,2659,2659,2.62945,318.712,direct_cup_evidence,2097.608,1127.711,2416.319,1446.422,2256.963,1287.067
2,Day 2,Tray 8,8,DJI_20260620131623_0008,37,4,7,Yes,Yes,No,Day 1,1,2455,2455,2.42771,318.712,direct_cup_evidence,2467.639,1141.501,2786.351,1460.212,2626.995,1300.857
2,Day 2,Tray 8,8,DJI_20260620131623_0008,38,4,8,No,No,No,,,0,0,0.0,318.712,direct_cup_evidence,2920.411,1134.606,3239.122,1453.317,3079.767,1293.962
2,Day 2,Tray 8,8,DJI_20260620131623_0008,39,4,9,No,No,No,,,0,0,0.0,318.712,direct_cup_evidence,3341.006,1139.203,3659.717,1457.914,3500.362,1298.558
2,Day 2,Tray 8,8,DJI_20260620131623_0008,40,4,10,Yes,Yes,No,Day 1,1,2281,1204,2.24858,318.712,direct_cup_evidence,3754.706,1132.308,4073.417,1451.019,3914.062,1291.663
2,Day 2,Tray 8,8,DJI_20260620131623_0008,41,5,1,No,No,No,,,0,0,0.0,318.712,direct_cup_evidence,100.356,1500.041,419.067,1818.752,259.712,1659.397
2,Day 2,Tray 8,8,DJI_20260620131623_0008,42,5,2,Yes,Yes,No,Day 1,1,2445,2445,2.41024,318.712,direct_cup_evidence,449.703,1490.848,768.414,1809.559,609.058,1650.203
2,Day 2,Tray 8,8,DJI_20260620131623_0008,43,5,3,No,No,No,,,0,0,0.0,318.712,direct_cup_evidence,856.508,1497.743,1175.219,1816.454,1015.863,1657.098
2,Day 2,Tray 8,8,DJI_20260620131623_0008,44,5,4,Yes,Yes,No,Day 1,1,2885,2885,2.84399,318.712,direct_cup_evidence,1311.578,1513.831,1630.289,1832.542,1470.933,1673.187
2,Day 2,Tray 8,8,DJI_20260620131623_0008,45,5,5,Yes,Yes,No,Day 2,2,556,321,0.54982,318.712,direct_cup_evidence,1681.609,1497.743,2000.321,1816.454,1840.965,1657.098
2,Day 2,Tray 8,8,DJI_20260620131623_0008,46,5,6,Yes,Yes,No,Day 1,1,3608,3608,3.54556,318.712,direct_cup_evidence,2134.381,1500.041,2453.092,1818.752,2293.737,1659.397
2,Day 2,Tray 8,8,DJI_20260620131623_0008,47,5,7,Yes,Yes,No,Day 1,1,3476,1945,3.42659,318.712,direct_cup_evidence,2534.291,1520.726,2853.002,1839.437,2693.647,1680.082
2,Day 2,Tray 8,8,DJI_20260620131623_0008,48,5,8,Yes,Yes,No,Day 1,1,2225,2225,2.1865,318.712,direct_cup_evidence,2938.798,1490.848,3257.509,1809.559,3098.153,1650.203
2,Day 2,Tray 8,8,DJI_20260620131623_0008,49,5,9,No,No,No,,,0,0,0.0,318.712,direct_cup_evidence,3345.603,1493.146,3664.314,1811.857,3504.958,1652.502
2,Day 2,Tray 8,8,DJI_20260620131623_0008,50,5,10,Yes,Yes,No,Day 1,1,2612,2592,2.5668,318.712,direct_cup_evidence,3747.811,1486.251,4066.522,1804.962,3907.167,1645.607
2,Day 2,Tray 8,8,DJI_20260620131623_0008,51,6,1,Yes,Yes,No,Day 1,1,935,935,0.92171,318.712,direct_cup_evidence,45.196,1835.598,363.907,2154.309,204.552,1994.953
2,Day 2,Tray 8,8,DJI_20260620131623_0008,52,6,2,Yes,Yes,No,Day 1,1,2467,2467,2.43193,318.712,direct_cup_evidence,456.598,1842.493,775.309,2161.204,615.953,2001.848
2,Day 2,Tray 8,8,DJI_20260620131623_0008,53,6,3,Yes,Yes,No,Day 2,2,861,475,0.8461,318.712,direct_cup_evidence,893.281,1876.968,1211.992,2195.679,1052.637,2036.323
2,Day 2,Tray 8,8,DJI_20260620131623_0008,54,6,4,Yes,Yes,No,Day 2,2,32,32,0.03155,318.712,direct_cup_evidence,1265.611,1849.388,1584.322,2168.099,1424.967,2008.743
2,Day 2,Tray 8,8,DJI_20260620131623_0008,55,6,5,No,No,No,,,0,0,0.0,318.712,direct_cup_evidence,1679.311,1847.089,1998.022,2165.801,1838.667,2006.445
2,Day 2,Tray 8,8,DJI_20260620131623_0008,56,6,6,Yes,Yes,No,Day 1,1,2763,2763,2.71519,318.712,direct_cup_evidence,2132.083,1863.178,2450.794,2181.889,2291.438,2022.533
2,Day 2,Tray 8,8,DJI_20260620131623_0008,57,6,7,Yes,Yes,No,Day 1,1,2502,2502,2.46643,318.712,direct_cup_evidence,2513.606,1849.388,2832.317,2168.099,2672.962,2008.743
2,Day 2,Tray 8,8,DJI_20260620131623_0008,58,6,8,Yes,Yes,No,Day 1,1,1653,1653,1.62439,318.712,direct_cup_evidence,2931.903,1849.388,3250.614,2168.099,3091.258,2008.743
2,Day 2,Tray 8,8,DJI_20260620131623_0008,59,6,9,Yes,Yes,No,Day 1,1,3730,3730,3.68854,318.712,direct_cup_evidence,3299.636,1851.686,3618.347,2170.397,3458.992,2011.042
2,Day 2,Tray 8,8,DJI_20260620131623_0008,60,6,10,Yes,Yes,No,Day 1,1,48,48,0.04717,318.712,direct_cup_evidence,3759.303,1842.493,4078.014,2161.204,3918.658,2001.848
2,Day 2,Tray 8,8,DJI_20260620131623_0008,61,7,1,Yes,Yes,No,Day 1,1,4020,3967,3.95043,318.712,direct_cup_evidence,52.091,2187.243,370.802,2505.954,211.447,2346.598
2,Day 2,Tray 8,8,DJI_20260620131623_0008,62,7,2,Yes,Yes,No,Day 1,1,3458,3458,3.41956,318.712,direct_cup_evidence,449.703,2189.541,768.414,2508.252,609.058,2348.897
2,Day 2,Tray 8,8,DJI_20260620131623_0008,63,7,3,Yes,Yes,No,Day 1,1,4179,4162,4.1196,318.712,direct_cup_evidence,856.508,2203.331,1175.219,2522.042,1015.863,2362.687
2,Day 2,Tray 8,8,DJI_20260620131623_0008,64,7,4,Yes,Yes,No,Day 1,1,1806,1764,1.78033,318.712,direct_cup_evidence,1272.506,2201.033,1591.217,2519.744,1431.862,2360.388
2,Day 2,Tray 8,8,DJI_20260620131623_0008,65,7,5,Yes,Yes,No,Day 1,1,4449,4449,4.39955,318.712,direct_cup_evidence,1651.731,2189.541,1970.442,2508.252,1811.087,2348.897
2,Day 2,Tray 8,8,DJI_20260620131623_0008,66,7,6,Yes,Yes,No,Day 1,1,1975,1975,1.94693,318.712,direct_cup_evidence,2097.608,2203.331,2416.319,2522.042,2256.963,2362.687
2,Day 2,Tray 8,8,DJI_20260620131623_0008,67,7,7,Yes,Yes,No,Day 1,1,3540,3540,3.47874,318.712,direct_cup_evidence,2511.308,2207.928,2830.019,2526.639,2670.663,2367.283
2,Day 2,Tray 8,8,DJI_20260620131623_0008,68,7,8,Yes,Yes,No,Day 2,2,1472,1472,1.44653,318.712,direct_cup_evidence,2925.008,2207.928,3243.719,2526.639,3084.363,2367.283
2,Day 2,Tray 8,8,DJI_20260620131623_0008,69,7,9,Yes,Yes,No,Day 1,1,2378,2378,2.35157,318.712,direct_cup_evidence,3338.708,2244.701,3657.419,2563.412,3498.063,2404.057
2,Day 2,Tray 8,8,DJI_20260620131623_0008,70,7,10,No,No,No,,,0,0,0.0,318.712,direct_cup_evidence,3752.408,2194.138,4071.119,2512.849,3911.763,2353.493
3,Day 3,Tray 1,1,DJI_20260621125425_0001,1,1,1,Yes,Yes,No,Day 1,1,1859,1859,2.62734,266.273,direct_cup_evidence,45.837,93.948,312.11,360.221,178.973,227.084
3,Day 3,Tray 1,1,DJI_20260621125425_0001,2,1,2,Yes,Yes,No,Day 2,2,748,748,1.05715,266.273,direct_cup_evidence,384.539,88.174,650.812,354.448,517.676,221.311
3,Day 3,Tray 1,1,DJI_20260621125425_0001,3,1,3,Yes,Yes,No,Day 1,1,564,564,0.79115,266.273,direct_cup_evidence,719.392,80.477,985.666,346.75,852.529,213.613
3,Day 3,Tray 1,1,DJI_20260621125425_0001,4,1,4,Yes,Yes,No,Day 2,2,829,829,1.17163,266.273,direct_cup_evidence,1069.641,78.552,1335.915,344.826,1202.778,211.689
3,Day 3,Tray 1,1,DJI_20260621125425_0001,5,1,5,Yes,Yes,No,Day 2,2,464,464,0.65577,266.273,direct_cup_evidence,1412.192,78.552,1678.466,344.826,1545.329,211.689
3,Day 3,Tray 1,1,DJI_20260621125425_0001,6,1,6,No,No,No,,,0,0,0.0,266.273,direct_cup_evidence,1758.592,76.628,2024.866,342.901,1891.729,209.764
3,Day 3,Tray 1,1,DJI_20260621125425_0001,7,1,7,No,No,No,,,0,0,0.0,266.273,direct_cup_evidence,2103.068,72.779,2369.341,339.052,2236.204,205.916
3,Day 3,Tray 1,1,DJI_20260621125425_0001,8,1,8,No,No,No,,,0,0,0.0,266.273,direct_cup_evidence,2449.468,67.005,2715.741,333.279,2582.604,200.142
3,Day 3,Tray 1,1,DJI_20260621125425_0001,9,1,9,Yes,Yes,No,Day 1,1,3157,3157,4.46181,266.273,direct_cup_evidence,2792.019,67.005,3058.292,333.279,2925.156,200.142
3,Day 3,Tray 1,1,DJI_20260621125425_0001,10,1,10,No,No,No,,,0,0,0.0,266.273,direct_cup_evidence,3136.494,67.005,3402.768,333.279,3269.631,200.142
3,Day 3,Tray 1,1,DJI_20260621125425_0001,11,2,1,Yes,Yes,No,Day 1,1,1356,1356,1.91645,266.273,direct_cup_evidence,45.837,382.614,312.11,648.888,178.973,515.751
3,Day 3,Tray 1,1,DJI_20260621125425_0001,12,2,2,Yes,Yes,No,Day 1,1,1350,794,1.90797,266.273,direct_cup_evidence,380.69,380.69,646.963,646.963,513.827,513.827
3,Day 3,Tray 1,1,DJI_20260621125425_0001,13,2,3,Yes,Yes,No,Day 3,3,294,294,0.41396,266.273,direct_cup_evidence,719.392,334.503,985.666,600.777,852.529,467.64
3,Day 3,Tray 1,1,DJI_20260621125425_0001,14,2,4,Yes,Yes,No,Day 1,1,931,931,1.31579,266.273,direct_cup_evidence,1069.641,378.765,1335.915,645.039,1202.778,511.902
3,Day 3,Tray 1,1,DJI_20260621125425_0001,15,2,5,Yes,Yes,No,Day 2,2,874,874,1.23523,266.273,direct_cup_evidence,1417.965,371.068,1684.239,637.341,1551.102,504.204
3,Day 3,Tray 1,1,DJI_20260621125425_0001,16,2,6,No,No,No,,,0,0,0.0,266.273,direct_cup_evidence,1758.592,369.143,2024.866,635.417,1891.729,502.28
3,Day 3,Tray 1,1,DJI_20260621125425_0001,17,2,7,No,No,No,,,0,0,0.0,266.273,direct_cup_evidence,2087.672,365.294,2353.946,631.568,2220.809,498.431
3,Day 3,Tray 1,1,DJI_20260621125425_0001,18,2,8,No,No,No,,,0,0,0.0,266.273,direct_cup_evidence,2455.241,367.219,2721.515,633.492,2588.378,500.356
3,Day 3,Tray 1,1,DJI_20260621125425_0001,19,2,9,No,No,No,,,0,0,0.0,266.273,direct_cup_evidence,2803.565,361.445,3069.839,627.719,2936.702,494.582
3,Day 3,Tray 1,1,DJI_20260621125425_0001,20,2,10,Yes,Yes,No,Day 3,3,359,359,0.50738,266.273,direct_cup_evidence,3148.041,359.521,3414.315,625.795,3281.178,492.658
3,Day 3,Tray 1,1,DJI_20260621125425_0001,21,3,1,Yes,Yes,No,Day 1,1,2042,2042,2.88597,266.273,direct_cup_evidence,36.214,682.828,302.488,949.101,169.351,815.964
3,Day 3,Tray 1,1,DJI_20260621125425_0001,22,3,2,No,No,No,,,0,0,0.0,266.273,direct_cup_evidence,388.388,673.205,654.661,939.479,521.524,806.342
3,Day 3,Tray 1,1,DJI_20260621125425_0001,23,3,3,Yes,Yes,No,Day 2,2,1183,1183,1.67194,266.273,direct_cup_evidence,752.108,659.734,1018.381,926.008,885.244,792.871
3,Day 3,Tray 1,1,DJI_20260621125425_0001,24,3,4,No,No,No,,,0,0,0.0,266.273,direct_cup_evidence,1069.641,696.299,1335.915,962.572,1202.778,829.436
3,Day 3,Tray 1,1,DJI_20260621125425_0001,25,3,5,No,No,No,,,0,0,0.0,266.273,direct_cup_evidence,1417.965,669.357,1684.239,935.63,1551.102,802.493
3,Day 3,Tray 1,1,DJI_20260621125425_0001,26,3,6,Yes,Yes,No,Day 1,1,1561,1561,2.18968,266.273,direct_cup_evidence,1762.441,667.432,2028.715,933.706,1895.578,800.569
3,Day 3,Tray 1,1,DJI_20260621125425_0001,27,3,7,Yes,Yes,No,Day 3,3,68,68,0.0961,266.273,direct_cup_evidence,2110.765,665.508,2377.039,931.781,2243.902,798.644
3,Day 3,Tray 1,1,DJI_20260621125425_0001,28,3,8,Yes,Yes,No,Day 2,2,366,366,0.51533,266.273,direct_cup_evidence,2480.259,655.885,2746.532,922.159,2613.396,789.022
3,Day 3,Tray 1,1,DJI_20260621125425_0001,29,3,9,No,No,No,,,0,0,0.0,266.273,direct_cup_evidence,2797.792,657.81,3064.066,924.083,2930.929,790.947
3,Day 3,Tray 1,1,DJI_20260621125425_0001,30,3,10,Yes,Yes,No,Day 2,2,930,930,1.31438,266.273,direct_cup_evidence,3148.041,655.885,3414.315,922.159,3281.178,789.022
3,Day 3,Tray 1,1,DJI_20260621125425_0001,31,4,1,Yes,Yes,No,Day 1,1,1194,1194,1.68749,266.273,direct_cup_evidence,41.988,965.721,308.261,1231.995,175.124,1098.858
3,Day 3,Tray 1,1,DJI_20260621125425_0001,32,4,2,No,No,No,,,0,0,0.0,266.273,direct_cup_evidence,382.614,971.494,648.888,1237.768,515.751,1104.631
3,Day 3,Tray 1,1,DJI_20260621125425_0001,33,4,3,No,No,No,,,0,0,0.0,266.273,direct_cup_evidence,725.165,967.645,991.439,1233.919,858.302,1100.782
3,Day 3,Tray 1,1,DJI_20260621125425_0001,34,4,4,No,No,No,,,0,0,0.0,266.273,direct_cup_evidence,1069.641,967.645,1335.915,1233.919,1202.778,1100.782
3,Day 3,Tray 1,1,DJI_20260621125425_0001,35,4,5,No,No,No,,,0,0,0.0,266.273,direct_cup_evidence,1419.89,961.872,1686.163,1228.146,1553.027,1095.009
3,Day 3,Tray 1,1,DJI_20260621125425_0001,36,4,6,Yes,Yes,No,Day 2,2,287,287,0.4041,266.273,direct_cup_evidence,1764.365,958.023,2030.639,1224.297,1897.502,1091.16
3,Day 3,Tray 1,1,DJI_20260621125425_0001,37,4,7,No,No,No,,,0,0,0.0,266.273,direct_cup_evidence,2114.614,959.948,2380.888,1226.221,2247.751,1093.084
3,Day 3,Tray 1,1,DJI_20260621125425_0001,38,4,8,Yes,Yes,No,Day 3,3,254,254,0.35898,266.273,direct_cup_evidence,2459.09,959.948,2725.363,1226.221,2592.227,1093.084
3,Day 3,Tray 1,1,DJI_20260621125425_0001,39,4,9,Yes,Yes,No,Day 1,1,2141,2141,3.02589,266.273,direct_cup_evidence,2803.565,958.023,3069.839,1224.297,2936.702,1091.16
3,Day 3,Tray 1,1,DJI_20260621125425_0001,40,4,10,No,No,No,,,0,0,0.0,266.273,direct_cup_evidence,3149.965,950.325,3416.239,1216.599,3283.102,1083.462
3,Day 3,Tray 1,1,DJI_20260621125425_0001,41,5,1,Yes,Yes,No,Day 3,3,419,419,0.58996,266.273,direct_cup_evidence,47.761,1258.237,314.035,1524.51,180.898,1391.373
3,Day 3,Tray 1,1,DJI_20260621125425_0001,42,5,2,Yes,Yes,No,Day 2,2,544,275,0.76884,266.273,direct_cup_evidence,378.765,1267.859,645.039,1534.132,511.902,1400.996
3,Day 3,Tray 1,1,DJI_20260621125425_0001,43,5,3,No,No,No,,,0,0,0.0,266.273,direct_cup_evidence,727.09,1258.237,993.363,1524.51,860.227,1391.373
3,Day 3,Tray 1,1,DJI_20260621125425_0001,44,5,4,Yes,Yes,No,Day 2,2,98,98,0.13799,266.273,direct_cup_evidence,1077.339,1260.161,1343.612,1526.435,1210.476,1393.298
3,Day 3,Tray 1,1,DJI_20260621125425_0001,45,5,5,Yes,Yes,No,Day 2,2,582,298,0.81946,266.273,direct_cup_evidence,1417.965,1256.312,1684.239,1522.586,1551.102,1389.449
3,Day 3,Tray 1,1,DJI_20260621125425_0001,46,5,6,Yes,Yes,No,Day 1,1,1713,1713,2.4029,266.273,direct_cup_evidence,1766.29,1256.312,2032.563,1522.586,1899.427,1389.449
3,Day 3,Tray 1,1,DJI_20260621125425_0001,47,5,7,Yes,Yes,No,Day 1,1,1391,1391,1.95855,266.273,direct_cup_evidence,2116.539,1254.388,2382.812,1520.661,2249.676,1387.524
3,Day 3,Tray 1,1,DJI_20260621125425_0001,48,5,8,No,No,No,,,0,0,0.0,266.273,direct_cup_evidence,2461.014,1254.388,2727.288,1520.661,2594.151,1387.524
3,Day 3,Tray 1,1,DJI_20260621125425_0001,49,5,9,No,No,No,,,0,0,0.0,266.273,direct_cup_evidence,2803.565,1242.841,3069.839,1509.115,2936.702,1375.978
3,Day 3,Tray 1,1,DJI_20260621125425_0001,50,5,10,Yes,Yes,No,Day 2,2,497,497,0.70241,266.273,direct_cup_evidence,3144.192,1242.841,3410.466,1509.115,3277.329,1375.978
3,Day 3,Tray 1,1,DJI_20260621125425_0001,51,6,1,Yes,Yes,No,Day 2,2,655,655,0.92572,266.273,direct_cup_evidence,49.685,1550.752,315.959,1817.026,182.822,1683.889
3,Day 3,Tray 1,1,DJI_20260621125425_0001,52,6,2,Yes,Yes,No,Day 2,2,720,720,1.01377,266.273,direct_cup_evidence,382.614,1562.299,648.888,1828.572,515.751,1695.436
3,Day 3,Tray 1,1,DJI_20260621125425_0001,53,6,3,Yes,Yes,No,Day 1,1,648,648,0.91239,266.273,direct_cup_evidence,727.09,1562.299,993.363,1828.572,860.227,1695.436
3,Day 3,Tray 1,1,DJI_20260621125425_0001,54,6,4,Yes,Yes,No,Day 2,2,605,605,0.85185,266.273,direct_cup_evidence,1069.641,1562.299,1335.915,1828.572,1202.778,1695.436
3,Day 3,Tray 1,1,DJI_20260621125425_0001,55,6,5,Yes,Yes,No,Day 2,2,1154,1154,1.62485,266.273,direct_cup_evidence,1419.89,1558.45,1686.163,1824.723,1553.027,1691.587
3,Day 3,Tray 1,1,DJI_20260621125425_0001,56,6,6,Yes,Yes,No,Day 2,2,451,451,0.6374,266.273,direct_cup_evidence,1768.214,1556.525,2034.488,1822.799,1901.351,1689.662
3,Day 3,Tray 1,1,DJI_20260621125425_0001,57,6,7,Yes,Yes,No,Day 2,2,2008,2008,2.83792,266.273,direct_cup_evidence,2114.614,1548.828,2380.888,1815.101,2247.751,1681.964
3,Day 3,Tray 1,1,DJI_20260621125425_0001,58,6,8,No,No,No,,,0,0,0.0,266.273,direct_cup_evidence,2461.014,1544.979,2727.288,1811.252,2594.151,1678.116
3,Day 3,Tray 1,1,DJI_20260621125425_0001,59,6,9,No,No,No,,,0,0,0.0,266.273,direct_cup_evidence,2807.414,1577.694,3073.688,1843.968,2940.551,1710.831
3,Day 3,Tray 1,1,DJI_20260621125425_0001,60,6,10,Yes,Yes,No,Day 1,1,1555,881,2.18946,266.273,direct_cup_evidence,3151.89,1537.281,3418.163,1803.555,3285.027,1670.418
3,Day 3,Tray 1,1,DJI_20260621125425_0001,61,7,1,Yes,Yes,No,Day 2,2,1539,1539,2.17508,266.273,direct_cup_evidence,47.761,1850.965,314.035,2117.239,180.898,1984.102
3,Day 3,Tray 1,1,DJI_20260621125425_0001,62,7,2,No,No,No,,,0,0,0.0,266.273,direct_cup_evidence,390.312,1850.965,656.586,2117.239,523.449,1984.102
3,Day 3,Tray 1,1,DJI_20260621125425_0001,63,7,3,No,No,No,,,0,0,0.0,266.273,direct_cup_evidence,727.09,1860.588,993.363,2126.861,860.227,1993.724
3,Day 3,Tray 1,1,DJI_20260621125425_0001,64,7,4,No,No,No,,,0,0,0.0,266.273,direct_cup_evidence,1073.49,1860.588,1339.763,2126.861,1206.627,1993.724
3,Day 3,Tray 1,1,DJI_20260621125425_0001,65,7,5,No,No,No,,,0,0,0.0,266.273,direct_cup_evidence,1421.814,1860.588,1688.088,2126.861,1554.951,1993.724
3,Day 3,Tray 1,1,DJI_20260621125425_0001,66,7,6,Yes,Yes,No,Day 1,1,2014,2014,2.83574,266.273,direct_cup_evidence,1766.29,1850.965,2032.563,2117.239,1899.427,1984.102
3,Day 3,Tray 1,1,DJI_20260621125425_0001,67,7,7,Yes,Yes,No,Day 1,1,2521,2521,3.56295,266.273,direct_cup_evidence,2116.539,1847.117,2382.812,2113.39,2249.676,1980.253
3,Day 3,Tray 1,1,DJI_20260621125425_0001,68,7,8,No,No,No,,,0,0,0.0,266.273,direct_cup_evidence,2466.788,1849.041,2733.061,2115.315,2599.924,1982.178
3,Day 3,Tray 1,1,DJI_20260621125425_0001,69,7,9,Yes,Yes,No,Day 1,1,1600,1600,2.25282,266.273,direct_cup_evidence,2813.188,1843.268,3079.461,2109.541,2946.324,1976.404
3,Day 3,Tray 1,1,DJI_20260621125425_0001,70,7,10,Yes,Yes,No,Day 2,2,930,886,1.31438,266.273,direct_cup_evidence,3148.041,1825.948,3414.315,2092.221,3281.178,1959.084
3,Day 3,Tray 2,2,DJI_20260621125542_0002,1,1,1,Yes,Yes,No,Day 1,1,1359,1359,2.5468,231.076,direct_cup_evidence,34.814,84.381,265.89,315.457,150.352,199.919
3,Day 3,Tray 2,2,DJI_20260621125542_0002,2,1,2,Yes,Yes,No,Day 1,1,1256,1256,2.35378,231.076,direct_cup_evidence,322.301,79.424,553.377,310.5,437.839,194.962
3,Day 3,Tray 2,2,DJI_20260621125542_0002,3,1,3,Yes,Yes,No,Day 1,1,1858,1858,3.46694,231.076,direct_cup_evidence,616.397,74.468,847.472,305.543,731.934,190.006
3,Day 3,Tray 2,2,DJI_20260621125542_0002,4,1,4,No,No,No,,,0,0,0.0,231.076,direct_cup_evidence,910.492,71.163,1141.568,302.239,1026.03,186.701
3,Day 3,Tray 2,2,DJI_20260621125542_0002,5,1,5,Yes,Yes,No,Day 2,2,440,440,0.82457,231.076,direct_cup_evidence,1204.588,69.511,1435.663,300.587,1320.126,185.049
3,Day 3,Tray 2,2,DJI_20260621125542_0002,6,1,6,Yes,Yes,No,Day 1,1,859,859,1.60979,231.076,direct_cup_evidence,1505.292,67.859,1736.368,298.934,1620.83,183.397
3,Day 3,Tray 2,2,DJI_20260621125542_0002,7,1,7,Yes,Yes,No,Day 1,1,896,896,1.67913,231.076,direct_cup_evidence,1802.692,66.207,2033.768,297.282,1918.23,181.744
3,Day 3,Tray 2,2,DJI_20260621125542_0002,8,1,8,Yes,Yes,No,Day 3,3,77,77,0.1443,231.076,direct_cup_evidence,2101.744,61.25,2332.82,292.326,2217.282,176.788
3,Day 3,Tray 2,2,DJI_20260621125542_0002,9,1,9,No,No,No,,,0,0,0.0,231.076,direct_cup_evidence,2404.101,64.554,2635.177,295.63,2519.639,180.092
3,Day 3,Tray 2,2,DJI_20260621125542_0002,10,1,10,No,No,No,,,0,0,0.0,231.076,direct_cup_evidence,2696.544,64.554,2927.62,295.63,2812.082,180.092
3,Day 3,Tray 2,2,DJI_20260621125542_0002,11,2,1,Yes,Yes,No,Day 1,1,1122,1122,2.0936,231.076,direct_cup_evidence,36.467,342.128,267.542,573.203,152.004,457.666
3,Day 3,Tray 2,2,DJI_20260621125542_0002,12,2,2,Yes,Yes,No,Day 1,1,1542,1542,2.88975,231.076,direct_cup_evidence,328.91,325.606,559.986,556.681,444.448,441.143
3,Day 3,Tray 2,2,DJI_20260621125542_0002,13,2,3,No,No,No,,,0,0,0.0,231.076,direct_cup_evidence,616.397,323.953,847.472,555.029,731.934,439.491
3,Day 3,Tray 2,2,DJI_20260621125542_0002,14,2,4,No,No,No,,,0,0,0.0,231.076,direct_cup_evidence,917.101,325.606,1148.177,556.681,1032.639,441.143
3,Day 3,Tray 2,2,DJI_20260621125542_0002,15,2,5,No,No,No,,,0,0,0.0,231.076,direct_cup_evidence,1207.892,325.606,1438.968,556.681,1323.43,441.143
3,Day 3,Tray 2,2,DJI_20260621125542_0002,16,2,6,Yes,Yes,No,Day 1,1,1041,1041,1.95086,231.076,direct_cup_evidence,1501.988,325.606,1733.063,556.681,1617.526,441.143
3,Day 3,Tray 2,2,DJI_20260621125542_0002,17,2,7,Yes,Yes,No,Day 1,1,1313,1313,2.4606,231.076,direct_cup_evidence,1802.692,323.953,2033.768,555.029,1918.23,439.491
3,Day 3,Tray 2,2,DJI_20260621125542_0002,18,2,8,Yes,Yes,No,Day 2,2,1031,1031,1.93212,231.076,direct_cup_evidence,2103.397,318.997,2334.472,550.072,2218.934,434.534
3,Day 3,Tray 2,2,DJI_20260621125542_0002,19,2,9,No,No,No,,,0,0,0.0,231.076,direct_cup_evidence,2405.753,318.997,2636.829,550.072,2521.291,434.534
3,Day 3,Tray 2,2,DJI_20260621125542_0002,20,2,10,Yes,Yes,No,Day 1,1,1769,1744,3.31516,231.076,direct_cup_evidence,2701.501,309.083,2932.577,540.159,2817.039,424.621
3,Day 3,Tray 2,2,DJI_20260621125542_0002,21,3,1,No,No,No,,,0,0,0.0,231.076,direct_cup_evidence,39.771,581.7,270.847,812.776,155.309,697.238
3,Day 3,Tray 2,2,DJI_20260621125542_0002,22,3,2,No,No,No,,,0,0,0.0,231.076,direct_cup_evidence,323.953,586.657,555.029,817.732,439.491,702.194
3,Day 3,Tray 2,2,DJI_20260621125542_0002,23,3,3,No,No,No,,,0,0,0.0,231.076,direct_cup_evidence,616.397,586.657,847.472,817.732,731.934,702.194
3,Day 3,Tray 2,2,DJI_20260621125542_0002,24,3,4,Yes,Yes,No,Day 1,1,2452,2452,4.57531,231.076,direct_cup_evidence,910.492,585.004,1141.568,816.08,1026.03,700.542
3,Day 3,Tray 2,2,DJI_20260621125542_0002,25,3,5,Yes,Yes,No,Day 1,1,1619,1619,3.03405,231.076,direct_cup_evidence,1207.892,581.7,1438.968,812.776,1323.43,697.238
3,Day 3,Tray 2,2,DJI_20260621125542_0002,26,3,6,Yes,Yes,No,Day 2,2,403,403,0.75523,231.076,direct_cup_evidence,1506.944,583.352,1738.02,814.428,1622.482,698.89
3,Day 3,Tray 2,2,DJI_20260621125542_0002,27,3,7,Yes,Yes,No,Day 1,1,1705,1705,3.19522,231.076,direct_cup_evidence,1802.692,576.743,2033.768,807.819,1918.23,692.281
3,Day 3,Tray 2,2,DJI_20260621125542_0002,28,3,8,Yes,Yes,No,Day 1,1,1309,1309,2.4531,231.076,direct_cup_evidence,2103.397,580.048,2334.472,811.123,2218.934,695.586
3,Day 3,Tray 2,2,DJI_20260621125542_0002,29,3,9,Yes,Yes,No,Day 1,1,1334,1334,2.49995,231.076,direct_cup_evidence,2407.406,576.743,2638.481,807.819,2522.943,692.281
3,Day 3,Tray 2,2,DJI_20260621125542_0002,30,3,10,Yes,Yes,No,Day 1,1,1527,850,2.86164,231.076,direct_cup_evidence,2701.501,571.787,2932.577,802.862,2817.039,687.324
3,Day 3,Tray 2,2,DJI_20260621125542_0002,31,4,1,Yes,Yes,No,Day 1,1,1688,1688,3.14972,231.076,direct_cup_evidence,31.51,839.447,262.586,1070.522,147.048,954.984
3,Day 3,Tray 2,2,DJI_20260621125542_0002,32,4,2,Yes,Yes,No,Day 1,1,1712,1712,3.20834,231.076,direct_cup_evidence,323.953,844.403,555.029,1075.479,439.491,959.941
3,Day 3,Tray 2,2,DJI_20260621125542_0002,33,4,3,Yes,Yes,No,Day 2,2,693,693,1.2931,231.076,direct_cup_evidence,619.701,839.447,850.777,1070.522,735.239,954.984
3,Day 3,Tray 2,2,DJI_20260621125542_0002,34,4,4,Yes,Yes,No,Day 1,1,156,156,0.29235,231.076,direct_cup_evidence,912.144,841.099,1143.22,1072.174,1027.682,956.637
3,Day 3,Tray 2,2,DJI_20260621125542_0002,35,4,5,Yes,Yes,No,Day 1,1,1961,1961,3.65913,231.076,direct_cup_evidence,1209.544,839.447,1440.62,1070.522,1325.082,954.984
3,Day 3,Tray 2,2,DJI_20260621125542_0002,36,4,6,No,No,No,,,0,0,0.0,231.076,direct_cup_evidence,1493.727,832.838,1724.802,1063.913,1609.264,948.376
3,Day 3,Tray 2,2,DJI_20260621125542_0002,37,4,7,No,No,No,,,0,0,0.0,231.076,direct_cup_evidence,1809.301,839.447,2040.377,1070.522,1924.839,954.984
3,Day 3,Tray 2,2,DJI_20260621125542_0002,38,4,8,No,No,No,,,0,0,0.0,231.076,direct_cup_evidence,2103.397,834.49,2334.472,1065.566,2218.934,950.028
3,Day 3,Tray 2,2,DJI_20260621125542_0002,39,4,9,No,No,No,,,0,0,0.0,231.076,direct_cup_evidence,2410.71,837.794,2641.786,1068.87,2526.248,953.332
3,Day 3,Tray 2,2,DJI_20260621125542_0002,40,4,10,Yes,Yes,No,Day 1,1,1668,1668,3.12588,231.076,direct_cup_evidence,2704.806,832.838,2935.881,1063.913,2820.343,948.376
3,Day 3,Tray 2,2,DJI_20260621125542_0002,41,5,1,Yes,Yes,No,Day 2,2,731,731,1.36401,231.076,direct_cup_evidence,36.467,1098.846,267.542,1329.921,152.004,1214.383
3,Day 3,Tray 2,2,DJI_20260621125542_0002,42,5,2,Yes,Yes,No,Day 3,3,339,339,0.6353,231.076,direct_cup_evidence,332.214,1097.193,563.29,1328.269,447.752,1212.731
3,Day 3,Tray 2,2,DJI_20260621125542_0002,43,5,3,Yes,Yes,No,Day 1,1,2242,2242,4.20157,231.076,direct_cup_evidence,616.397,1098.846,847.472,1329.921,731.934,1214.383
3,Day 3,Tray 2,2,DJI_20260621125542_0002,44,5,4,No,No,No,,,0,0,0.0,231.076,direct_cup_evidence,910.492,1098.846,1141.568,1329.921,1026.03,1214.383
3,Day 3,Tray 2,2,DJI_20260621125542_0002,45,5,5,Yes,Yes,No,Day 1,1,1279,1279,2.39688,231.076,direct_cup_evidence,1207.892,1097.193,1438.968,1328.269,1323.43,1212.731
3,Day 3,Tray 2,2,DJI_20260621125542_0002,46,5,6,No,No,No,,,0,0,0.0,231.076,direct_cup_evidence,1533.38,1115.368,1764.456,1346.443,1648.918,1230.906
3,Day 3,Tray 2,2,DJI_20260621125542_0002,47,5,7,No,No,No,,,0,0,0.0,231.076,direct_cup_evidence,1805.997,1095.541,2037.072,1326.617,1921.534,1211.079
3,Day 3,Tray 2,2,DJI_20260621125542_0002,48,5,8,No,No,No,,,0,0,0.0,231.076,direct_cup_evidence,2108.353,1098.846,2339.429,1329.921,2223.891,1214.383
3,Day 3,Tray 2,2,DJI_20260621125542_0002,49,5,9,No,No,No,,,0,0,0.0,231.076,direct_cup_evidence,2447.059,1095.541,2678.134,1326.617,2562.597,1211.079
3,Day 3,Tray 2,2,DJI_20260621125542_0002,50,5,10,Yes,Yes,No,Day 1,1,943,943,1.76721,231.076,direct_cup_evidence,2698.197,1095.541,2929.272,1326.617,2813.734,1211.079
3,Day 3,Tray 2,2,DJI_20260621125542_0002,51,6,1,No,No,No,,,0,0,0.0,231.076,direct_cup_evidence,36.467,1346.679,267.542,1577.754,152.004,1462.217
3,Day 3,Tray 2,2,DJI_20260621125542_0002,52,6,2,Yes,Yes,No,Day 1,1,1640,1640,3.07341,231.076,direct_cup_evidence,332.214,1349.983,563.29,1581.059,447.752,1465.521
3,Day 3,Tray 2,2,DJI_20260621125542_0002,53,6,3,Yes,Yes,No,Day 1,1,2032,2032,3.80802,231.076,direct_cup_evidence,614.744,1354.94,845.82,1586.016,730.282,1470.478
3,Day 3,Tray 2,2,DJI_20260621125542_0002,54,6,4,No,No,No,,,0,0,0.0,231.076,direct_cup_evidence,912.144,1354.94,1143.22,1586.016,1027.682,1470.478
3,Day 3,Tray 2,2,DJI_20260621125542_0002,55,6,5,Yes,Yes,No,Day 1,1,2077,2077,3.89236,231.076,direct_cup_evidence,1211.197,1349.983,1442.272,1581.059,1326.734,1465.521
3,Day 3,Tray 2,2,DJI_20260621125542_0002,56,6,6,Yes,Yes,No,Day 1,1,1251,1251,2.34441,231.076,direct_cup_evidence,1513.553,1348.331,1744.629,1579.407,1629.091,1463.869
3,Day 3,Tray 2,2,DJI_20260621125542_0002,57,6,7,Yes,Yes,No,Day 1,1,1633,1633,3.06029,231.076,direct_cup_evidence,1819.214,1335.113,2050.29,1566.189,1934.752,1450.651
3,Day 3,Tray 2,2,DJI_20260621125542_0002,58,6,8,No,No,No,,,0,0,0.0,231.076,direct_cup_evidence,2110.006,1364.853,2341.081,1595.929,2225.543,1480.391
3,Day 3,Tray 2,2,DJI_20260621125542_0002,59,6,9,Yes,Yes,No,Day 3,3,57,57,0.10682,231.076,direct_cup_evidence,2399.144,1348.331,2630.22,1579.407,2514.682,1463.869
3,Day 3,Tray 2,2,DJI_20260621125542_0002,60,6,10,Yes,Yes,No,Day 1,1,190,190,0.35607,231.076,direct_cup_evidence,2698.197,1349.983,2929.272,1581.059,2813.734,1465.521
3,Day 3,Tray 2,2,DJI_20260621125542_0002,61,7,1,Yes,Yes,No,Day 3,3,151,101,0.28298,231.076,direct_cup_evidence,39.771,1596.164,270.847,1827.24,155.309,1711.702
3,Day 3,Tray 2,2,DJI_20260621125542_0002,62,7,2,No,No,No,,,0,0,0.0,231.076,direct_cup_evidence,327.258,1607.73,558.333,1838.806,442.796,1723.268
3,Day 3,Tray 2,2,DJI_20260621125542_0002,63,7,3,Yes,Yes,No,Day 2,2,425,425,0.79646,231.076,direct_cup_evidence,616.397,1614.339,847.472,1845.414,731.934,1729.877
3,Day 3,Tray 2,2,DJI_20260621125542_0002,64,7,4,No,No,No,,,0,0,0.0,231.076,direct_cup_evidence,913.797,1617.643,1144.872,1848.719,1029.334,1733.181
3,Day 3,Tray 2,2,DJI_20260621125542_0002,65,7,5,Yes,Yes,No,Day 2,2,692,687,1.29683,231.076,direct_cup_evidence,1209.544,1611.034,1440.62,1842.11,1325.082,1726.572
3,Day 3,Tray 2,2,DJI_20260621125542_0002,66,7,6,Yes,Yes,No,Day 1,1,1089,1089,2.04082,231.076,direct_cup_evidence,1508.597,1615.991,1739.672,1847.067,1624.134,1731.529
3,Day 3,Tray 2,2,DJI_20260621125542_0002,67,7,7,No,No,No,,,0,0,0.0,231.076,direct_cup_evidence,1809.301,1612.687,2040.377,1843.762,1924.839,1728.224
3,Day 3,Tray 2,2,DJI_20260621125542_0002,68,7,8,Yes,Yes,No,Day 1,1,1296,1296,2.42874,231.076,direct_cup_evidence,2101.744,1607.73,2332.82,1838.806,2217.282,1723.268
3,Day 3,Tray 2,2,DJI_20260621125542_0002,69,7,9,Yes,Yes,No,Day 1,1,1843,1843,3.45383,231.076,direct_cup_evidence,2400.797,1607.73,2631.872,1838.806,2516.334,1723.268
3,Day 3,Tray 2,2,DJI_20260621125542_0002,70,7,10,No,Yes,Yes,Day 1,1,0,0,0.0,231.076,direct_cup_evidence,2703.153,1606.078,2934.229,1837.153,2818.691,1721.616
3,Day 3,Tray 3,3,DJI_20260621125701_0003,1,1,1,Yes,Yes,No,Day 1,1,411,411,0.79063,228.148,direct_cup_evidence,66.805,76.762,294.954,304.91,180.879,190.836
3,Day 3,Tray 3,3,DJI_20260621125701_0003,2,1,2,Yes,Yes,No,Day 1,1,1036,1036,1.98422,228.148,direct_cup_evidence,337.295,68.465,565.443,296.613,451.369,182.539
3,Day 3,Tray 3,3,DJI_20260621125701_0003,3,1,3,No,No,No,,,0,0,0.0,228.148,direct_cup_evidence,644.292,63.486,872.44,291.635,758.366,177.561
3,Day 3,Tray 3,3,DJI_20260621125701_0003,4,1,4,Yes,Yes,No,Day 1,1,736,736,1.40964,228.148,direct_cup_evidence,936.354,58.508,1164.502,286.656,1050.428,172.582
3,Day 3,Tray 3,3,DJI_20260621125701_0003,5,1,5,Yes,Yes,No,Day 2,2,482,482,0.92316,228.148,direct_cup_evidence,1241.692,63.486,1469.84,291.635,1355.766,177.561
3,Day 3,Tray 3,3,DJI_20260621125701_0003,6,1,6,Yes,Yes,No,Day 1,1,1046,1046,2.01216,228.148,direct_cup_evidence,1537.073,66.805,1765.221,294.954,1651.147,180.879
3,Day 3,Tray 3,3,DJI_20260621125701_0003,7,1,7,Yes,Yes,No,Day 2,2,705,705,1.35026,228.148,direct_cup_evidence,1832.454,60.168,2060.602,288.316,1946.528,174.242
3,Day 3,Tray 3,3,DJI_20260621125701_0003,8,1,8,No,No,No,,,0,0,0.0,228.148,direct_cup_evidence,2127.835,63.486,2355.984,291.635,2241.909,177.561
3,Day 3,Tray 3,3,DJI_20260621125701_0003,9,1,9,Yes,Yes,No,Day 2,2,704,704,1.35426,228.148,direct_cup_evidence,2421.557,61.827,2649.705,289.975,2535.631,175.901
3,Day 3,Tray 3,3,DJI_20260621125701_0003,10,1,10,No,No,No,,,0,0,0.0,228.148,direct_cup_evidence,2718.598,61.827,2946.746,289.975,2832.672,175.901
3,Day 3,Tray 3,3,DJI_20260621125701_0003,11,2,1,Yes,Yes,No,Day 2,2,267,267,0.51138,228.148,direct_cup_evidence,51.87,317.381,280.019,545.53,165.944,431.456
3,Day 3,Tray 3,3,DJI_20260621125701_0003,12,2,2,Yes,Yes,No,Day 2,2,287,287,0.54968,228.148,direct_cup_evidence,337.295,317.381,565.443,545.53,451.369,431.456
3,Day 3,Tray 3,3,DJI_20260621125701_0003,13,2,3,Yes,Yes,No,Day 1,1,164,164,0.3141,228.148,direct_cup_evidence,640.973,317.381,869.121,545.53,755.047,431.456
3,Day 3,Tray 3,3,DJI_20260621125701_0003,14,2,4,No,No,No,,,0,0,0.0,228.148,direct_cup_evidence,936.354,315.722,1164.502,543.87,1050.428,429.796
3,Day 3,Tray 3,3,DJI_20260621125701_0003,15,2,5,Yes,Yes,No,Day 2,2,239,239,0.45976,228.148,direct_cup_evidence,1231.735,315.722,1459.884,543.87,1345.809,429.796
3,Day 3,Tray 3,3,DJI_20260621125701_0003,16,2,6,No,No,No,,,0,0,0.0,228.148,direct_cup_evidence,1533.754,317.381,1761.902,545.53,1647.828,431.456
3,Day 3,Tray 3,3,DJI_20260621125701_0003,17,2,7,No,No,No,,,0,0,0.0,228.148,direct_cup_evidence,1829.135,315.722,2057.284,543.87,1943.209,429.796
3,Day 3,Tray 3,3,DJI_20260621125701_0003,18,2,8,No,No,No,,,0,0,0.0,228.148,direct_cup_evidence,2131.154,315.722,2359.302,543.87,2245.228,429.796
3,Day 3,Tray 3,3,DJI_20260621125701_0003,19,2,9,No,No,No,,,0,0,0.0,228.148,direct_cup_evidence,2428.195,315.722,2656.343,543.87,2542.269,429.796
3,Day 3,Tray 3,3,DJI_20260621125701_0003,20,2,10,No,No,No,,,0,0,0.0,228.148,direct_cup_evidence,2720.257,312.403,2948.405,540.551,2834.331,426.477
3,Day 3,Tray 3,3,DJI_20260621125701_0003,21,3,1,Yes,Yes,No,Day 1,1,713,384,1.37158,228.148,direct_cup_evidence,41.914,571.276,270.062,799.425,155.988,685.351
3,Day 3,Tray 3,3,DJI_20260621125701_0003,22,3,2,No,No,No,,,0,0,0.0,228.148,direct_cup_evidence,338.954,566.298,567.102,794.446,453.028,680.372
3,Day 3,Tray 3,3,DJI_20260621125701_0003,23,3,3,No,No,No,,,0,0,0.0,228.148,direct_cup_evidence,629.357,567.958,857.505,796.106,743.431,682.032
3,Day 3,Tray 3,3,DJI_20260621125701_0003,24,3,4,Yes,Yes,No,Day 1,1,985,985,1.89481,228.148,direct_cup_evidence,929.716,569.617,1157.865,797.765,1043.791,683.691
3,Day 3,Tray 3,3,DJI_20260621125701_0003,25,3,5,Yes,Yes,No,Day 1,1,838,838,1.605,228.148,direct_cup_evidence,1233.395,566.298,1461.543,794.446,1347.469,680.372
3,Day 3,Tray 3,3,DJI_20260621125701_0003,26,3,6,No,No,No,,,0,0,0.0,228.148,direct_cup_evidence,1532.095,566.298,1760.243,794.446,1646.169,680.372
3,Day 3,Tray 3,3,DJI_20260621125701_0003,27,3,7,No,No,No,,,0,0,0.0,228.148,direct_cup_evidence,1830.795,564.639,2058.943,792.787,1944.869,678.713
3,Day 3,Tray 3,3,DJI_20260621125701_0003,28,3,8,Yes,Yes,No,Day 1,1,854,854,1.64281,228.148,direct_cup_evidence,2127.835,564.639,2355.984,792.787,2241.909,678.713
3,Day 3,Tray 3,3,DJI_20260621125701_0003,29,3,9,No,No,No,,,0,0,0.0,228.148,direct_cup_evidence,2429.854,566.298,2658.002,794.446,2543.928,680.372
3,Day 3,Tray 3,3,DJI_20260621125701_0003,30,3,10,No,No,No,,,0,0,0.0,228.148,direct_cup_evidence,2711.96,566.298,2940.108,794.446,2826.034,680.372
3,Day 3,Tray 3,3,DJI_20260621125701_0003,31,4,1,No,No,No,,,0,0,0.0,228.148,direct_cup_evidence,31.957,820.193,260.105,1048.341,146.031,934.267
3,Day 3,Tray 3,3,DJI_20260621125701_0003,32,4,2,No,No,No,,,0,0,0.0,228.148,direct_cup_evidence,332.316,820.193,560.465,1048.341,446.391,934.267
3,Day 3,Tray 3,3,DJI_20260621125701_0003,33,4,3,No,No,No,,,0,0,0.0,228.148,direct_cup_evidence,627.698,823.512,855.846,1051.66,741.772,937.586
3,Day 3,Tray 3,3,DJI_20260621125701_0003,34,4,4,Yes,Yes,No,Day 2,2,843,843,1.62165,228.148,direct_cup_evidence,929.716,820.193,1157.865,1048.341,1043.791,934.267
3,Day 3,Tray 3,3,DJI_20260621125701_0003,35,4,5,No,No,No,,,19,14,0.03639,228.148,direct_cup_evidence,1228.416,820.193,1456.565,1048.341,1342.491,934.267
3,Day 3,Tray 3,3,DJI_20260621125701_0003,36,4,6,Yes,Yes,No,Day 3,3,58,58,0.11109,228.148,direct_cup_evidence,1530.435,818.534,1758.584,1046.682,1644.509,932.608
3,Day 3,Tray 3,3,DJI_20260621125701_0003,37,4,7,No,No,No,,,0,0,0.0,228.148,direct_cup_evidence,1830.795,816.874,2058.943,1045.022,1944.869,930.948
3,Day 3,Tray 3,3,DJI_20260621125701_0003,38,4,8,Yes,Yes,No,Day 2,2,479,479,0.91741,228.148,direct_cup_evidence,2129.495,818.534,2357.643,1046.682,2243.569,932.608
3,Day 3,Tray 3,3,DJI_20260621125701_0003,39,4,9,Yes,Yes,No,Day 3,3,48,48,0.09234,228.148,direct_cup_evidence,2428.195,818.534,2656.343,1046.682,2542.269,932.608
3,Day 3,Tray 3,3,DJI_20260621125701_0003,40,4,10,No,No,No,,,0,0,0.0,228.148,direct_cup_evidence,2718.598,816.874,2946.746,1045.022,2832.672,930.948
3,Day 3,Tray 3,3,DJI_20260621125701_0003,41,5,1,Yes,Yes,No,Day 1,1,994,994,1.91213,228.148,direct_cup_evidence,31.957,1074.088,260.105,1302.236,146.031,1188.162
3,Day 3,Tray 3,3,DJI_20260621125701_0003,42,5,2,Yes,Yes,No,Day 1,1,1234,1234,2.36344,228.148,direct_cup_evidence,328.998,1077.407,557.146,1305.555,443.072,1191.481
3,Day 3,Tray 3,3,DJI_20260621125701_0003,43,5,3,Yes,Yes,No,Day 1,1,768,768,1.4645,228.148,direct_cup_evidence,624.379,1077.407,852.527,1305.555,738.453,1191.481
3,Day 3,Tray 3,3,DJI_20260621125701_0003,44,5,4,Yes,Yes,No,Day 1,1,1424,1424,2.7393,228.148,direct_cup_evidence,923.079,1075.748,1151.227,1303.896,1037.153,1189.822
3,Day 3,Tray 3,3,DJI_20260621125701_0003,45,5,5,Yes,Yes,No,Day 1,1,703,703,1.35234,228.148,direct_cup_evidence,1226.757,1075.748,1454.905,1303.896,1340.831,1189.822
3,Day 3,Tray 3,3,DJI_20260621125701_0003,46,5,6,Yes,Yes,No,Day 3,3,63,63,0.12066,228.148,direct_cup_evidence,1527.116,1077.407,1755.265,1305.555,1641.191,1191.481
3,Day 3,Tray 3,3,DJI_20260621125701_0003,47,5,7,Yes,Yes,No,Day 1,1,847,847,1.62223,228.148,direct_cup_evidence,1829.135,1067.45,2057.284,1295.599,1943.209,1181.524
3,Day 3,Tray 3,3,DJI_20260621125701_0003,48,5,8,No,No,No,,,0,0,0.0,228.148,direct_cup_evidence,2124.516,1072.429,2352.665,1300.577,2238.591,1186.503
3,Day 3,Tray 3,3,DJI_20260621125701_0003,49,5,9,No,No,No,,,0,0,0.0,228.148,direct_cup_evidence,2428.195,1072.429,2656.343,1300.577,2542.269,1186.503
3,Day 3,Tray 3,3,DJI_20260621125701_0003,50,5,10,Yes,Yes,No,Day 1,1,1103,1103,2.12181,228.148,direct_cup_evidence,2720.257,1064.131,2948.405,1292.28,2834.331,1178.206
3,Day 3,Tray 3,3,DJI_20260621125701_0003,51,6,1,Yes,Yes,No,Day 1,1,974,974,1.87365,228.148,direct_cup_evidence,30.298,1326.324,258.446,1554.472,144.372,1440.398
3,Day 3,Tray 3,3,DJI_20260621125701_0003,52,6,2,Yes,Yes,No,Day 2,2,298,298,0.57075,228.148,direct_cup_evidence,322.36,1331.302,550.508,1559.45,436.434,1445.376
3,Day 3,Tray 3,3,DJI_20260621125701_0003,53,6,3,Yes,Yes,No,Day 1,1,524,524,1.0036,228.148,direct_cup_evidence,624.379,1331.302,852.527,1559.45,738.453,1445.376
3,Day 3,Tray 3,3,DJI_20260621125701_0003,54,6,4,No,No,No,,,0,0,0.0,228.148,direct_cup_evidence,919.76,1334.621,1147.908,1562.769,1033.834,1448.695
3,Day 3,Tray 3,3,DJI_20260621125701_0003,55,6,5,Yes,Yes,No,Day 1,1,1000,1000,1.92367,228.148,direct_cup_evidence,1225.098,1334.621,1453.246,1562.769,1339.172,1448.695
3,Day 3,Tray 3,3,DJI_20260621125701_0003,56,6,6,No,No,No,,,0,0,0.0,228.148,direct_cup_evidence,1525.457,1332.961,1753.605,1561.11,1639.531,1447.036
3,Day 3,Tray 3,3,DJI_20260621125701_0003,57,6,7,Yes,Yes,No,Day 2,2,615,615,1.18306,228.148,direct_cup_evidence,1825.816,1324.664,2053.965,1552.812,1939.891,1438.738
3,Day 3,Tray 3,3,DJI_20260621125701_0003,58,6,8,No,No,No,,,0,0,0.0,228.148,direct_cup_evidence,2129.495,1324.664,2357.643,1552.812,2243.569,1438.738
3,Day 3,Tray 3,3,DJI_20260621125701_0003,59,6,9,Yes,Yes,No,Day 1,1,778,778,1.49661,228.148,direct_cup_evidence,2423.216,1324.664,2651.365,1552.812,2537.291,1438.738
3,Day 3,Tray 3,3,DJI_20260621125701_0003,60,6,10,Yes,Yes,No,Day 1,1,1162,1162,2.2353,228.148,direct_cup_evidence,2706.981,1337.94,2935.13,1566.088,2821.056,1452.014
3,Day 3,Tray 3,3,DJI_20260621125701_0003,61,7,1,Yes,Yes,No,Day 1,1,1608,1608,3.09326,228.148,direct_cup_evidence,22.0,1585.197,250.149,1813.345,136.074,1699.271
3,Day 3,Tray 3,3,DJI_20260621125701_0003,62,7,2,Yes,Yes,No,Day 2,2,322,177,0.61942,228.148,direct_cup_evidence,320.7,1586.856,548.849,1815.005,434.774,1700.931
3,Day 3,Tray 3,3,DJI_20260621125701_0003,63,7,3,Yes,Yes,No,Day 3,3,58,58,0.11157,228.148,direct_cup_evidence,617.741,1590.175,845.889,1818.324,731.815,1704.249
3,Day 3,Tray 3,3,DJI_20260621125701_0003,64,7,4,No,No,No,,,0,0,0.0,228.148,direct_cup_evidence,923.079,1590.175,1151.227,1818.324,1037.153,1704.249
3,Day 3,Tray 3,3,DJI_20260621125701_0003,65,7,5,Yes,Yes,No,Day 1,1,1312,1312,2.51283,228.148,direct_cup_evidence,1223.438,1591.835,1451.586,1819.983,1337.512,1705.909
3,Day 3,Tray 3,3,DJI_20260621125701_0003,66,7,6,Yes,Yes,No,Day 1,1,1083,1083,2.08333,228.148,direct_cup_evidence,1523.798,1591.835,1751.946,1819.983,1637.872,1705.909
3,Day 3,Tray 3,3,DJI_20260621125701_0003,67,7,7,No,No,No,,,0,0,0.0,228.148,direct_cup_evidence,1825.816,1590.175,2053.965,1818.324,1939.891,1704.249
3,Day 3,Tray 3,3,DJI_20260621125701_0003,68,7,8,Yes,Yes,No,Day 2,2,493,276,0.94837,228.148,direct_cup_evidence,2124.516,1576.9,2352.665,1805.048,2238.591,1690.974
3,Day 3,Tray 3,3,DJI_20260621125701_0003,69,7,9,Yes,Yes,No,Day 1,1,967,967,1.86019,228.148,direct_cup_evidence,2419.898,1575.24,2648.046,1803.389,2533.972,1689.314
3,Day 3,Tray 3,3,DJI_20260621125701_0003,70,7,10,Yes,Yes,No,Day 2,2,266,266,0.5117,228.148,direct_cup_evidence,2718.598,1575.24,2946.746,1803.389,2832.672,1689.314
3,Day 3,Tray 4,4,DJI_20260621125808_0004,1,1,1,Yes,Yes,No,Day 1,1,952,952,1.54787,248.093,direct_cup_evidence,76.679,58.595,324.771,306.688,200.725,182.642
3,Day 3,Tray 4,4,DJI_20260621125808_0004,2,1,2,No,No,No,,,0,0,0.0,248.093,direct_cup_evidence,403.987,53.17,652.08,301.263,528.033,177.217
3,Day 3,Tray 4,4,DJI_20260621125808_0004,3,1,3,Yes,Yes,No,Day 2,2,367,367,0.59671,248.093,direct_cup_evidence,724.062,58.595,972.155,306.688,848.108,182.642
3,Day 3,Tray 4,4,DJI_20260621125808_0004,4,1,4,No,No,No,,,0,0,0.0,248.093,direct_cup_evidence,1049.562,56.787,1297.655,304.88,1173.608,180.833
3,Day 3,Tray 4,4,DJI_20260621125808_0004,5,1,5,No,No,No,,,0,0,0.0,248.093,direct_cup_evidence,1371.445,64.02,1619.538,312.113,1495.492,188.067
3,Day 3,Tray 4,4,DJI_20260621125808_0004,6,1,6,No,No,No,,,0,0,0.0,248.093,direct_cup_evidence,1691.52,64.02,1939.613,312.113,1815.567,188.067
3,Day 3,Tray 4,4,DJI_20260621125808_0004,7,1,7,No,No,No,,,0,0,0.0,248.093,direct_cup_evidence,2011.595,64.02,2259.688,312.113,2135.642,188.067
3,Day 3,Tray 4,4,DJI_20260621125808_0004,8,1,8,Yes,Yes,No,Day 1,1,816,816,1.32674,248.093,direct_cup_evidence,2329.862,83.912,2577.955,332.005,2453.908,207.958
3,Day 3,Tray 4,4,DJI_20260621125808_0004,9,1,9,No,No,No,,,0,0,0.0,248.093,direct_cup_evidence,2648.129,73.062,2896.221,321.155,2772.175,197.108
3,Day 3,Tray 4,4,DJI_20260621125808_0004,10,1,10,No,No,No,,,0,0,0.0,248.093,direct_cup_evidence,2959.162,80.295,3207.255,328.388,3083.208,204.342
3,Day 3,Tray 4,4,DJI_20260621125808_0004,11,2,1,No,No,No,,,0,0,0.0,248.093,direct_cup_evidence,73.062,328.037,321.155,576.13,197.108,452.083
3,Day 3,Tray 4,4,DJI_20260621125808_0004,12,2,2,Yes,Yes,No,Day 1,1,1347,1347,2.1901,248.093,direct_cup_evidence,400.37,326.229,648.463,574.321,524.417,450.275
3,Day 3,Tray 4,4,DJI_20260621125808_0004,13,2,3,Yes,Yes,No,Day 1,1,710,710,1.1544,248.093,direct_cup_evidence,727.679,337.079,975.771,585.171,851.725,461.125
3,Day 3,Tray 4,4,DJI_20260621125808_0004,14,2,4,No,No,No,,,0,0,0.0,248.093,direct_cup_evidence,1051.37,333.462,1299.463,581.555,1175.417,457.508
3,Day 3,Tray 4,4,DJI_20260621125808_0004,15,2,5,No,No,No,,,0,0,0.0,248.093,direct_cup_evidence,1375.062,333.462,1623.155,581.555,1499.108,457.508
3,Day 3,Tray 4,4,DJI_20260621125808_0004,16,2,6,No,No,No,,,0,0,0.0,248.093,direct_cup_evidence,1695.137,335.27,1943.23,583.363,1819.183,459.317
3,Day 3,Tray 4,4,DJI_20260621125808_0004,17,2,7,Yes,Yes,No,Day 3,3,94,94,0.15284,248.093,direct_cup_evidence,2017.02,338.887,2265.113,586.98,2141.067,462.933
3,Day 3,Tray 4,4,DJI_20260621125808_0004,18,2,8,No,No,No,,,0,0,0.0,248.093,direct_cup_evidence,2335.287,340.695,2583.38,588.788,2459.333,464.742
3,Day 3,Tray 4,4,DJI_20260621125808_0004,19,2,9,Yes,Yes,No,Day 3,3,38,30,0.06178,248.093,direct_cup_evidence,2649.937,340.695,2898.03,588.788,2773.983,464.742
3,Day 3,Tray 4,4,DJI_20260621125808_0004,20,2,10,No,No,No,,,0,0,0.0,248.093,direct_cup_evidence,2966.395,344.312,3214.488,592.405,3090.442,468.358
3,Day 3,Tray 4,4,DJI_20260621125808_0004,21,3,1,Yes,Yes,No,Day 2,2,180,180,0.29266,248.093,direct_cup_evidence,58.595,583.012,306.688,831.105,182.642,707.058
3,Day 3,Tray 4,4,DJI_20260621125808_0004,22,3,2,No,No,No,,,0,0,0.0,248.093,direct_cup_evidence,398.562,608.329,646.655,856.421,522.608,732.375
3,Day 3,Tray 4,4,DJI_20260621125808_0004,23,3,3,No,No,No,,,0,0,0.0,248.093,direct_cup_evidence,724.062,608.329,972.155,856.421,848.108,732.375
3,Day 3,Tray 4,4,DJI_20260621125808_0004,24,3,4,Yes,Yes,No,Day 3,3,33,33,0.05366,248.093,direct_cup_evidence,1049.562,608.329,1297.655,856.421,1173.608,732.375
3,Day 3,Tray 4,4,DJI_20260621125808_0004,25,3,5,No,No,No,,,0,0,0.0,248.093,direct_cup_evidence,1358.787,611.945,1606.88,860.038,1482.833,735.992
3,Day 3,Tray 4,4,DJI_20260621125808_0004,26,3,6,No,No,No,,,0,0,0.0,248.093,direct_cup_evidence,1696.945,611.945,1945.038,860.038,1820.992,735.992
3,Day 3,Tray 4,4,DJI_20260621125808_0004,27,3,7,No,Yes,Yes,Day 1,1,0,0,0.0,248.093,direct_cup_evidence,2017.02,610.137,2265.113,858.23,2141.067,734.183
3,Day 3,Tray 4,4,DJI_20260621125808_0004,28,3,8,Yes,Yes,No,Day 2,2,107,107,0.17397,248.093,direct_cup_evidence,2342.52,611.945,2590.613,860.038,2466.567,735.992
3,Day 3,Tray 4,4,DJI_20260621125808_0004,29,3,9,No,No,No,,,0,0,0.0,248.093,direct_cup_evidence,2658.979,615.562,2907.071,863.655,2783.025,739.608
3,Day 3,Tray 4,4,DJI_20260621125808_0004,30,3,10,Yes,Yes,No,Day 2,2,555,555,0.90238,248.093,direct_cup_evidence,2966.395,620.987,3214.488,869.08,3090.442,745.033
3,Day 3,Tray 4,4,DJI_20260621125808_0004,31,4,1,No,No,No,,,0,0,0.0,248.093,direct_cup_evidence,67.637,877.77,315.73,1125.863,191.683,1001.817
3,Day 3,Tray 4,4,DJI_20260621125808_0004,32,4,2,No,No,No,,,0,0,0.0,248.093,direct_cup_evidence,394.945,883.195,643.038,1131.288,518.992,1007.242
3,Day 3,Tray 4,4,DJI_20260621125808_0004,33,4,3,Yes,Yes,No,Day 1,1,1077,1077,1.75111,248.093,direct_cup_evidence,724.062,883.195,972.155,1131.288,848.108,1007.242
3,Day 3,Tray 4,4,DJI_20260621125808_0004,34,4,4,No,No,No,,,0,0,0.0,248.093,direct_cup_evidence,1053.179,886.812,1301.271,1134.905,1177.225,1010.858
3,Day 3,Tray 4,4,DJI_20260621125808_0004,35,4,5,No,No,No,,,0,0,0.0,248.093,direct_cup_evidence,1375.062,886.812,1623.155,1134.905,1499.108,1010.858
3,Day 3,Tray 4,4,DJI_20260621125808_0004,36,4,6,Yes,Yes,No,Day 1,1,141,141,0.22925,248.093,direct_cup_evidence,1696.945,881.387,1945.038,1129.48,1820.992,1005.433
3,Day 3,Tray 4,4,DJI_20260621125808_0004,37,4,7,No,No,No,,,0,0,0.0,248.093,direct_cup_evidence,2022.445,886.812,2270.538,1134.905,2146.492,1010.858
3,Day 3,Tray 4,4,DJI_20260621125808_0004,38,4,8,Yes,Yes,No,Day 1,1,123,123,0.19999,248.093,direct_cup_evidence,2340.712,883.195,2588.805,1131.288,2464.758,1007.242
3,Day 3,Tray 4,4,DJI_20260621125808_0004,39,4,9,No,No,No,,,0,0,0.0,248.093,direct_cup_evidence,2671.637,901.279,2919.73,1149.371,2795.683,1025.325
3,Day 3,Tray 4,4,DJI_20260621125808_0004,40,4,10,No,No,No,,,0,0,0.0,248.093,direct_cup_evidence,2973.629,886.812,3221.721,1134.905,3097.675,1010.858
3,Day 3,Tray 4,4,DJI_20260621125808_0004,41,5,1,Yes,Yes,No,Day 1,1,954,954,1.55112,248.093,direct_cup_evidence,73.062,1158.062,321.155,1406.155,197.108,1282.108
3,Day 3,Tray 4,4,DJI_20260621125808_0004,42,5,2,No,No,No,,,0,0,0.0,248.093,direct_cup_evidence,391.329,1161.679,639.421,1409.771,515.375,1285.725
3,Day 3,Tray 4,4,DJI_20260621125808_0004,43,5,3,No,No,No,,,8,8,0.01301,248.093,direct_cup_evidence,724.062,1161.679,972.155,1409.771,848.108,1285.725
3,Day 3,Tray 4,4,DJI_20260621125808_0004,44,5,4,Yes,Yes,No,Day 2,2,675,675,1.09308,248.093,direct_cup_evidence,1045.945,1163.487,1294.038,1411.58,1169.992,1287.533
3,Day 3,Tray 4,4,DJI_20260621125808_0004,45,5,5,No,No,No,,,0,0,0.0,248.093,direct_cup_evidence,1376.87,1165.295,1624.963,1413.388,1500.917,1289.342
3,Day 3,Tray 4,4,DJI_20260621125808_0004,46,5,6,No,No,No,,,0,0,0.0,248.093,direct_cup_evidence,1727.687,1176.145,1975.78,1424.238,1851.733,1300.192
3,Day 3,Tray 4,4,DJI_20260621125808_0004,47,5,7,Yes,Yes,No,Day 1,1,314,314,0.51054,248.093,direct_cup_evidence,2026.062,1161.679,2274.155,1409.771,2150.108,1285.725
3,Day 3,Tray 4,4,DJI_20260621125808_0004,48,5,8,Yes,Yes,No,Day 1,1,759,759,1.23407,248.093,direct_cup_evidence,2344.329,1161.679,2592.421,1409.771,2468.375,1285.725
3,Day 3,Tray 4,4,DJI_20260621125808_0004,49,5,9,Yes,Yes,No,Day 2,2,820,820,1.33325,248.093,direct_cup_evidence,2639.087,1147.212,2887.18,1395.305,2763.133,1271.258
3,Day 3,Tray 4,4,DJI_20260621125808_0004,50,5,10,No,No,No,,,0,0,0.0,248.093,direct_cup_evidence,2975.437,1161.679,3223.53,1409.771,3099.483,1285.725
3,Day 3,Tray 4,4,DJI_20260621125808_0004,51,6,1,Yes,Yes,No,Day 1,1,318,195,0.51704,248.093,direct_cup_evidence,62.212,1436.545,310.305,1684.638,186.258,1560.592
3,Day 3,Tray 4,4,DJI_20260621125808_0004,52,6,2,No,No,No,,,0,0,0.0,248.093,direct_cup_evidence,393.137,1440.162,641.23,1688.255,517.183,1564.208
3,Day 3,Tray 4,4,DJI_20260621125808_0004,53,6,3,Yes,Yes,No,Day 1,1,892,892,1.44449,248.093,direct_cup_evidence,720.445,1436.545,968.538,1684.638,844.492,1560.592
3,Day 3,Tray 4,4,DJI_20260621125808_0004,54,6,4,Yes,Yes,No,Day 2,2,406,406,0.66012,248.093,direct_cup_evidence,1053.179,1440.162,1301.271,1688.255,1177.225,1564.208
3,Day 3,Tray 4,4,DJI_20260621125808_0004,55,6,5,Yes,Yes,No,Day 1,1,968,968,1.57388,248.093,direct_cup_evidence,1376.87,1443.779,1624.963,1691.871,1500.917,1567.825
3,Day 3,Tray 4,4,DJI_20260621125808_0004,56,6,6,Yes,Yes,No,Day 1,1,701,358,1.13976,248.093,direct_cup_evidence,1700.562,1441.97,1948.655,1690.063,1824.608,1566.017
3,Day 3,Tray 4,4,DJI_20260621125808_0004,57,6,7,No,No,No,,,0,0,0.0,248.093,direct_cup_evidence,2026.062,1443.779,2274.155,1691.871,2150.108,1567.825
3,Day 3,Tray 4,4,DJI_20260621125808_0004,58,6,8,Yes,Yes,No,Day 1,1,161,151,0.26177,248.093,direct_cup_evidence,2331.67,1447.395,2579.763,1695.488,2455.717,1571.442
3,Day 3,Tray 4,4,DJI_20260621125808_0004,59,6,9,Yes,Yes,No,Day 2,2,418,212,0.67963,248.093,direct_cup_evidence,2666.212,1429.312,2914.305,1677.405,2790.258,1553.358
3,Day 3,Tray 4,4,DJI_20260621125808_0004,60,6,10,No,No,No,,,0,0,0.0,248.093,direct_cup_evidence,2980.862,1431.12,3228.955,1679.213,3104.908,1555.167
3,Day 3,Tray 4,4,DJI_20260621125808_0004,61,7,1,Yes,Yes,No,Day 1,1,976,976,1.58052,248.093,direct_cup_evidence,73.062,1711.412,321.155,1959.505,197.108,1835.458
3,Day 3,Tray 4,4,DJI_20260621125808_0004,62,7,2,No,No,No,,,0,0,0.0,248.093,direct_cup_evidence,393.137,1722.262,641.23,1970.355,517.183,1846.308
3,Day 3,Tray 4,4,DJI_20260621125808_0004,63,7,3,Yes,Yes,No,Day 2,2,565,356,0.91495,248.093,direct_cup_evidence,720.445,1724.07,968.538,1972.163,844.492,1848.117
3,Day 3,Tray 4,4,DJI_20260621125808_0004,64,7,4,Yes,Yes,No,Day 2,2,575,575,0.9349,248.093,direct_cup_evidence,1049.562,1718.645,1297.655,1966.738,1173.608,1842.692
3,Day 3,Tray 4,4,DJI_20260621125808_0004,65,7,5,Yes,Yes,No,Day 1,1,325,325,0.5263,248.093,direct_cup_evidence,1380.487,1722.262,1628.58,1970.355,1504.533,1846.308
3,Day 3,Tray 4,4,DJI_20260621125808_0004,66,7,6,Yes,Yes,No,Day 2,2,355,355,0.5772,248.093,direct_cup_evidence,1702.37,1722.262,1950.463,1970.355,1826.417,1846.308
3,Day 3,Tray 4,4,DJI_20260621125808_0004,67,7,7,Yes,Yes,No,Day 2,2,482,243,0.78369,248.093,direct_cup_evidence,2049.57,1727.687,2297.663,1975.78,2173.617,1851.733
3,Day 3,Tray 4,4,DJI_20260621125808_0004,68,7,8,No,No,No,,,0,0,0.0,248.093,direct_cup_evidence,2347.945,1713.22,2596.038,1961.313,2471.992,1837.267
3,Day 3,Tray 4,4,DJI_20260621125808_0004,69,7,9,Yes,Yes,No,Day 1,1,1444,1444,2.34781,248.093,direct_cup_evidence,2671.637,1707.795,2919.73,1955.888,2795.683,1831.842
3,Day 3,Tray 4,4,DJI_20260621125808_0004,70,7,10,Yes,Yes,No,Day 1,1,1009,1009,1.63396,248.093,direct_cup_evidence,2984.479,1716.837,3232.571,1964.93,3108.525,1840.883
3,Day 3,Tray 5,5,DJI_20260621125931_0005,1,1,1,Yes,Yes,No,Day 2,2,435,435,0.71301,246.406,direct_cup_evidence,65.359,88.485,311.765,334.891,188.562,211.688
3,Day 3,Tray 5,5,DJI_20260621125931_0005,2,1,2,Yes,Yes,No,Day 2,2,1239,1239,2.04739,246.406,direct_cup_evidence,376.665,84.927,623.071,331.333,499.868,208.13
3,Day 3,Tray 5,5,DJI_20260621125931_0005,3,1,3,No,No,No,,,0,0,0.0,246.406,direct_cup_evidence,686.192,84.927,932.597,331.333,809.394,208.13
3,Day 3,Tray 5,5,DJI_20260621125931_0005,4,1,4,No,No,No,,,0,0,0.0,246.406,direct_cup_evidence,1009.949,77.812,1256.355,324.217,1133.152,201.014
3,Day 3,Tray 5,5,DJI_20260621125931_0005,5,1,5,Yes,Yes,No,Day 3,3,306,306,0.50565,246.406,direct_cup_evidence,1331.928,77.812,1578.334,324.217,1455.131,201.014
3,Day 3,Tray 5,5,DJI_20260621125931_0005,6,1,6,Yes,Yes,No,Day 1,1,1715,1715,2.82249,246.406,direct_cup_evidence,1653.907,81.369,1900.313,327.775,1777.11,204.572
3,Day 3,Tray 5,5,DJI_20260621125931_0005,7,1,7,Yes,Yes,No,Day 2,2,1168,1168,1.92225,246.406,direct_cup_evidence,1977.665,83.148,2224.071,329.554,2100.868,206.351
3,Day 3,Tray 5,5,DJI_20260621125931_0005,8,1,8,Yes,Yes,No,Day 1,1,3853,3853,6.34113,246.406,direct_cup_evidence,2296.086,83.148,2542.492,329.554,2419.289,206.351
3,Day 3,Tray 5,5,DJI_20260621125931_0005,9,1,9,No,No,No,,,0,0,0.0,246.406,direct_cup_evidence,2614.507,86.706,2860.913,333.112,2737.71,209.909
3,Day 3,Tray 5,5,DJI_20260621125931_0005,10,1,10,Yes,Yes,No,Day 1,1,1506,1506,2.47852,246.406,direct_cup_evidence,2927.592,88.485,3173.997,334.891,3050.794,211.688
3,Day 3,Tray 5,5,DJI_20260621125931_0005,11,2,1,Yes,Yes,No,Day 1,1,3739,3739,6.15352,246.406,direct_cup_evidence,54.686,362.434,301.092,608.839,177.889,485.637
3,Day 3,Tray 5,5,DJI_20260621125931_0005,12,2,2,Yes,Yes,No,Day 1,1,2503,2503,4.1361,246.406,direct_cup_evidence,365.992,360.655,612.397,607.061,489.194,483.858
3,Day 3,Tray 5,5,DJI_20260621125931_0005,13,2,3,Yes,Yes,No,Day 1,1,1656,1656,2.72539,246.406,direct_cup_evidence,686.192,358.876,932.597,605.282,809.394,482.079
3,Day 3,Tray 5,5,DJI_20260621125931_0005,14,2,4,Yes,Yes,No,Day 2,2,1133,1133,1.87223,246.406,direct_cup_evidence,1009.949,360.655,1256.355,607.061,1133.152,483.858
3,Day 3,Tray 5,5,DJI_20260621125931_0005,15,2,5,Yes,Yes,No,Day 1,1,1735,1735,2.8554,246.406,direct_cup_evidence,1326.592,355.318,1572.997,601.724,1449.794,478.521
3,Day 3,Tray 5,5,DJI_20260621125931_0005,16,2,6,Yes,Yes,No,Day 1,1,5082,5082,8.36378,246.406,direct_cup_evidence,1652.128,358.876,1898.534,605.282,1775.331,482.079
3,Day 3,Tray 5,5,DJI_20260621125931_0005,17,2,7,Yes,Yes,No,Day 1,1,1283,1283,2.11152,246.406,direct_cup_evidence,1972.328,360.655,2218.734,607.061,2095.531,483.858
3,Day 3,Tray 5,5,DJI_20260621125931_0005,18,2,8,Yes,Yes,No,Day 1,1,2134,2134,3.49784,246.406,direct_cup_evidence,2294.307,355.318,2540.713,601.724,2417.51,478.521
3,Day 3,Tray 5,5,DJI_20260621125931_0005,19,2,9,Yes,Yes,No,Day 1,1,1561,1561,2.56904,246.406,direct_cup_evidence,2610.949,355.318,2857.355,601.724,2734.152,478.521
3,Day 3,Tray 5,5,DJI_20260621125931_0005,20,2,10,Yes,Yes,No,Day 1,1,2330,2330,3.81911,246.406,direct_cup_evidence,2931.149,362.434,3177.555,608.839,3054.352,485.637
3,Day 3,Tray 5,5,DJI_20260621125931_0005,21,3,1,Yes,Yes,No,Day 1,1,1269,1269,2.08002,246.406,direct_cup_evidence,49.349,636.383,295.755,882.788,172.552,759.586
3,Day 3,Tray 5,5,DJI_20260621125931_0005,22,3,2,Yes,Yes,No,Day 1,1,3452,3452,5.68118,246.406,direct_cup_evidence,362.434,631.046,608.839,877.452,485.637,754.249
3,Day 3,Tray 5,5,DJI_20260621125931_0005,23,3,3,Yes,Yes,No,Day 2,2,1069,1069,1.7522,246.406,direct_cup_evidence,684.413,636.383,930.818,882.788,807.616,759.586
3,Day 3,Tray 5,5,DJI_20260621125931_0005,24,3,4,Yes,Yes,No,Day 1,1,1823,1823,3.01243,246.406,direct_cup_evidence,1002.834,632.825,1249.239,879.231,1126.037,756.028
3,Day 3,Tray 5,5,DJI_20260621125931_0005,25,3,5,No,No,No,,,0,0,0.0,246.406,direct_cup_evidence,1326.592,632.825,1572.997,879.231,1449.794,756.028
3,Day 3,Tray 5,5,DJI_20260621125931_0005,26,3,6,Yes,Yes,No,Day 2,2,1073,1073,1.76591,246.406,direct_cup_evidence,1650.349,632.825,1896.755,879.231,1773.552,756.028
3,Day 3,Tray 5,5,DJI_20260621125931_0005,27,3,7,Yes,Yes,No,Day 2,2,344,344,0.56614,246.406,direct_cup_evidence,1972.328,631.046,2218.734,877.452,2095.531,754.249
3,Day 3,Tray 5,5,DJI_20260621125931_0005,28,3,8,Yes,Yes,No,Day 3,3,389,389,0.64281,246.406,direct_cup_evidence,2292.528,632.825,2538.934,879.231,2415.731,756.028
3,Day 3,Tray 5,5,DJI_20260621125931_0005,29,3,9,No,No,No,,,0,0,0.0,246.406,direct_cup_evidence,2610.949,632.825,2857.355,879.231,2734.152,756.028
3,Day 3,Tray 5,5,DJI_20260621125931_0005,30,3,10,Yes,Yes,No,Day 1,1,1679,1679,2.76324,246.406,direct_cup_evidence,2925.813,629.267,3172.218,875.673,3049.016,752.47
3,Day 3,Tray 5,5,DJI_20260621125931_0005,31,4,1,Yes,Yes,No,Day 1,1,1625,1625,2.67437,246.406,direct_cup_evidence,49.349,899.658,295.755,1146.064,172.552,1022.861
3,Day 3,Tray 5,5,DJI_20260621125931_0005,32,4,2,No,No,No,,,0,0,0.0,246.406,direct_cup_evidence,364.213,906.774,610.618,1153.179,487.416,1029.977
3,Day 3,Tray 5,5,DJI_20260621125931_0005,33,4,3,Yes,Yes,No,Day 1,1,1746,1746,2.88519,246.406,direct_cup_evidence,680.855,906.774,927.261,1153.179,804.058,1029.977
3,Day 3,Tray 5,5,DJI_20260621125931_0005,34,4,4,Yes,Yes,No,Day 1,1,414,414,0.68412,246.406,direct_cup_evidence,1001.055,908.553,1247.461,1154.958,1124.258,1031.756
3,Day 3,Tray 5,5,DJI_20260621125931_0005,35,4,5,Yes,Yes,No,Day 3,3,215,215,0.35384,246.406,direct_cup_evidence,1321.255,906.774,1567.661,1153.179,1444.458,1029.977
3,Day 3,Tray 5,5,DJI_20260621125931_0005,36,4,6,No,No,No,,,0,0,0.0,246.406,direct_cup_evidence,1643.234,910.332,1889.639,1156.737,1766.437,1033.534
3,Day 3,Tray 5,5,DJI_20260621125931_0005,37,4,7,Yes,Yes,No,Day 1,1,3285,3285,5.38445,246.406,direct_cup_evidence,1972.328,910.332,2218.734,1156.737,2095.531,1033.534
3,Day 3,Tray 5,5,DJI_20260621125931_0005,38,4,8,Yes,Yes,No,Day 1,1,2521,2521,4.14897,246.406,direct_cup_evidence,2280.076,910.332,2526.482,1156.737,2403.279,1033.534
3,Day 3,Tray 5,5,DJI_20260621125931_0005,39,4,9,Yes,Yes,No,Day 2,2,1920,1920,3.15987,246.406,direct_cup_evidence,2607.392,904.995,2853.797,1151.401,2730.594,1028.198
3,Day 3,Tray 5,5,DJI_20260621125931_0005,40,4,10,Yes,Yes,No,Day 1,1,2047,2047,3.38258,246.406,direct_cup_evidence,2924.034,899.658,3170.439,1146.064,3047.237,1022.861
3,Day 3,Tray 5,5,DJI_20260621125931_0005,41,5,1,Yes,Yes,No,Day 1,1,2742,2742,4.51269,246.406,direct_cup_evidence,42.234,1180.723,288.639,1427.128,165.437,1303.926
3,Day 3,Tray 5,5,DJI_20260621125931_0005,42,5,2,Yes,Yes,No,Day 2,2,920,920,1.52026,246.406,direct_cup_evidence,358.876,1182.502,605.282,1428.907,482.079,1305.704
3,Day 3,Tray 5,5,DJI_20260621125931_0005,43,5,3,Yes,Yes,No,Day 2,2,524,524,0.86589,246.406,direct_cup_evidence,675.518,1182.502,921.924,1428.907,798.721,1305.704
3,Day 3,Tray 5,5,DJI_20260621125931_0005,44,5,4,Yes,Yes,No,Day 2,2,200,200,0.32915,246.406,direct_cup_evidence,1004.613,1184.281,1251.018,1430.686,1127.816,1307.483
3,Day 3,Tray 5,5,DJI_20260621125931_0005,45,5,5,Yes,Yes,No,Day 3,3,172,172,0.28307,246.406,direct_cup_evidence,1278.562,1177.165,1524.967,1423.571,1401.764,1300.368
3,Day 3,Tray 5,5,DJI_20260621125931_0005,46,5,6,Yes,Yes,No,Day 1,1,2805,2797,4.61637,246.406,direct_cup_evidence,1645.013,1184.281,1891.418,1430.686,1768.216,1307.483
3,Day 3,Tray 5,5,DJI_20260621125931_0005,47,5,7,Yes,Yes,No,Day 1,1,3366,3366,5.56217,246.406,direct_cup_evidence,1966.992,1182.502,2213.397,1428.907,2090.194,1305.704
3,Day 3,Tray 5,5,DJI_20260621125931_0005,48,5,8,Yes,Yes,No,Day 1,1,2937,2937,4.81404,246.406,direct_cup_evidence,2285.413,1184.281,2531.818,1430.686,2408.616,1307.483
3,Day 3,Tray 5,5,DJI_20260621125931_0005,49,5,9,Yes,Yes,No,Day 1,1,2178,2178,3.58448,246.406,direct_cup_evidence,2605.613,1177.165,2852.018,1423.571,2728.816,1300.368
3,Day 3,Tray 5,5,DJI_20260621125931_0005,50,5,10,Yes,Yes,No,Day 2,2,539,539,0.88707,246.406,direct_cup_evidence,2922.255,1180.723,3168.661,1427.128,3045.458,1303.926
3,Day 3,Tray 5,5,DJI_20260621125931_0005,51,6,1,Yes,Yes,No,Day 2,2,769,769,1.26559,246.406,direct_cup_evidence,45.792,1449.335,292.197,1695.741,168.994,1572.538
3,Day 3,Tray 5,5,DJI_20260621125931_0005,52,6,2,No,No,No,,,0,0,0.0,246.406,direct_cup_evidence,360.655,1454.672,607.061,1701.077,483.858,1577.874
3,Day 3,Tray 5,5,DJI_20260621125931_0005,53,6,3,Yes,Yes,No,Day 1,1,3507,3499,5.7717,246.406,direct_cup_evidence,679.076,1458.229,925.482,1704.635,802.279,1581.432
3,Day 3,Tray 5,5,DJI_20260621125931_0005,54,6,4,Yes,Yes,No,Day 1,1,1909,1909,3.14177,246.406,direct_cup_evidence,1001.055,1451.114,1247.461,1697.519,1124.258,1574.317
3,Day 3,Tray 5,5,DJI_20260621125931_0005,55,6,5,Yes,Yes,No,Day 1,1,4833,4833,7.92178,246.406,direct_cup_evidence,1319.476,1458.229,1565.882,1704.635,1442.679,1581.432
3,Day 3,Tray 5,5,DJI_20260621125931_0005,56,6,6,Yes,Yes,No,Day 2,2,300,300,0.49373,246.406,direct_cup_evidence,1657.465,1468.903,1903.871,1715.308,1780.668,1592.106
3,Day 3,Tray 5,5,DJI_20260621125931_0005,57,6,7,No,No,No,,,13,13,0.02139,246.406,direct_cup_evidence,1963.434,1452.893,2209.839,1699.298,2086.637,1576.096
3,Day 3,Tray 5,5,DJI_20260621125931_0005,58,6,8,Yes,Yes,No,Day 1,1,1377,1377,2.26622,246.406,direct_cup_evidence,2283.634,1458.229,2530.039,1704.635,2406.837,1581.432
3,Day 3,Tray 5,5,DJI_20260621125931_0005,59,6,9,Yes,Yes,No,Day 1,1,2126,2126,3.51312,246.406,direct_cup_evidence,2603.834,1452.893,2850.239,1699.298,2727.037,1576.096
3,Day 3,Tray 5,5,DJI_20260621125931_0005,60,6,10,Yes,Yes,No,Day 2,2,1050,1050,1.72805,246.406,direct_cup_evidence,2915.139,1443.998,3161.545,1690.404,3038.342,1567.201
3,Day 3,Tray 5,5,DJI_20260621125931_0005,61,7,1,Yes,Yes,No,Day 1,1,1098,1098,1.80705,246.406,direct_cup_evidence,42.234,1721.505,288.639,1967.911,165.437,1844.708
3,Day 3,Tray 5,5,DJI_20260621125931_0005,62,7,2,Yes,Yes,No,Day 2,2,662,662,1.0895,246.406,direct_cup_evidence,362.434,1719.726,608.839,1966.132,485.637,1842.929
3,Day 3,Tray 5,5,DJI_20260621125931_0005,63,7,3,Yes,Yes,No,Day 1,1,2095,2095,3.44788,246.406,direct_cup_evidence,671.961,1730.399,918.366,1976.805,795.163,1853.602
3,Day 3,Tray 5,5,DJI_20260621125931_0005,64,7,4,Yes,Yes,No,Day 1,1,2407,2402,3.96136,246.406,direct_cup_evidence,992.161,1728.621,1238.566,1975.026,1115.363,1851.823
3,Day 3,Tray 5,5,DJI_20260621125931_0005,65,7,5,Yes,Yes,No,Day 1,1,2263,2263,3.72437,246.406,direct_cup_evidence,1315.918,1732.178,1562.324,1978.584,1439.121,1855.381
3,Day 3,Tray 5,5,DJI_20260621125931_0005,66,7,6,Yes,Yes,No,Day 1,1,1089,1089,1.79224,246.406,direct_cup_evidence,1643.234,1728.621,1889.639,1975.026,1766.437,1851.823
3,Day 3,Tray 5,5,DJI_20260621125931_0005,67,7,7,Yes,Yes,No,Day 3,3,447,447,0.73566,246.406,direct_cup_evidence,1959.876,1730.399,2206.282,1976.805,2083.079,1853.602
3,Day 3,Tray 5,5,DJI_20260621125931_0005,68,7,8,No,No,No,,,0,0,0.0,246.406,direct_cup_evidence,2276.518,1721.505,2522.924,1967.911,2399.721,1844.708
3,Day 3,Tray 5,5,DJI_20260621125931_0005,69,7,9,No,No,No,,,0,0,0.0,246.406,direct_cup_evidence,2596.718,1726.842,2843.124,1973.247,2719.921,1850.044
3,Day 3,Tray 5,5,DJI_20260621125931_0005,70,7,10,Yes,Yes,No,Day 3,3,483,483,0.7949,246.406,direct_cup_evidence,2909.803,1714.389,3156.208,1960.795,3033.006,1837.592
3,Day 3,Tray 6,6,DJI_20260621125958_0006,1,1,1,Yes,Yes,No,Day 2,2,252,150,0.40973,247.405,direct_cup_evidence,32.497,98.172,279.903,345.578,156.2,221.875
3,Day 3,Tray 6,6,DJI_20260621125958_0006,2,1,2,No,No,No,,,0,0,0.0,247.405,direct_cup_evidence,350.222,92.847,597.628,340.253,473.925,216.55
3,Day 3,Tray 6,6,DJI_20260621125958_0006,3,1,3,Yes,Yes,No,Day 1,1,1318,1318,2.15163,247.405,direct_cup_evidence,671.497,85.747,918.903,333.153,795.2,209.45
3,Day 3,Tray 6,6,DJI_20260621125958_0006,4,1,4,Yes,Yes,No,Day 2,2,437,437,0.71629,247.405,direct_cup_evidence,990.997,94.622,1238.403,342.028,1114.7,218.325
3,Day 3,Tray 6,6,DJI_20260621125958_0006,5,1,5,Yes,Yes,No,Day 2,2,415,415,0.67748,247.405,direct_cup_evidence,1312.272,87.522,1559.678,334.928,1435.975,211.225
3,Day 3,Tray 6,6,DJI_20260621125958_0006,6,1,6,No,No,No,,,0,0,0.0,247.405,direct_cup_evidence,1637.097,87.522,1884.503,334.928,1760.8,211.225
3,Day 3,Tray 6,6,DJI_20260621125958_0006,7,1,7,Yes,Yes,No,Day 3,3,24,24,0.03918,247.405,direct_cup_evidence,1958.372,87.522,2205.778,334.928,2082.075,211.225
3,Day 3,Tray 6,6,DJI_20260621125958_0006,8,1,8,No,No,No,,,0,0,0.0,247.405,direct_cup_evidence,2276.097,87.522,2523.503,334.928,2399.8,211.225
3,Day 3,Tray 6,6,DJI_20260621125958_0006,9,1,9,Yes,Yes,No,Day 3,3,83,34,0.13605,247.405,direct_cup_evidence,2595.597,87.522,2843.003,334.928,2719.3,211.225
3,Day 3,Tray 6,6,DJI_20260621125958_0006,10,1,10,No,No,No,,,0,0,0.0,247.405,direct_cup_evidence,2907.997,92.847,3155.403,340.253,3031.7,216.55
3,Day 3,Tray 6,6,DJI_20260621125958_0006,11,2,1,Yes,Yes,No,Day 1,1,498,498,0.81627,247.405,direct_cup_evidence,37.822,371.522,285.228,618.928,161.525,495.225
3,Day 3,Tray 6,6,DJI_20260621125958_0006,12,2,2,Yes,Yes,No,Day 1,1,706,706,1.15721,247.405,direct_cup_evidence,351.997,369.747,599.403,617.153,475.7,493.45
3,Day 3,Tray 6,6,DJI_20260621125958_0006,13,2,3,No,No,No,,,0,0,0.0,247.405,direct_cup_evidence,673.272,364.422,920.678,611.828,796.975,488.125
3,Day 3,Tray 6,6,DJI_20260621125958_0006,14,2,4,No,No,No,,,0,0,0.0,247.405,direct_cup_evidence,990.997,369.747,1238.403,617.153,1114.7,493.45
3,Day 3,Tray 6,6,DJI_20260621125958_0006,15,2,5,Yes,Yes,No,Day 1,1,771,771,1.26375,247.405,direct_cup_evidence,1317.597,367.972,1565.003,615.378,1441.3,491.675
3,Day 3,Tray 6,6,DJI_20260621125958_0006,16,2,6,Yes,Yes,No,Day 3,3,65,65,0.10611,247.405,direct_cup_evidence,1637.097,362.647,1884.503,610.053,1760.8,486.35
3,Day 3,Tray 6,6,DJI_20260621125958_0006,17,2,7,Yes,Yes,No,Day 2,2,25,25,0.04081,247.405,direct_cup_evidence,1958.372,367.972,2205.778,615.378,2082.075,491.675
3,Day 3,Tray 6,6,DJI_20260621125958_0006,18,2,8,No,No,No,,,0,0,0.0,247.405,direct_cup_evidence,2276.097,369.747,2523.503,617.153,2399.8,493.45
3,Day 3,Tray 6,6,DJI_20260621125958_0006,19,2,9,No,No,No,,,0,0,0.0,247.405,direct_cup_evidence,2597.372,364.422,2844.778,611.828,2721.075,488.125
3,Day 3,Tray 6,6,DJI_20260621125958_0006,20,2,10,Yes,Yes,No,Day 1,1,958,958,1.56393,247.405,direct_cup_evidence,2906.222,367.972,3153.628,615.378,3029.925,491.675
3,Day 3,Tray 6,6,DJI_20260621125958_0006,21,3,1,No,No,No,,,0,0,0.0,247.405,direct_cup_evidence,28.947,641.322,276.353,888.728,152.65,765.025
3,Day 3,Tray 6,6,DJI_20260621125958_0006,22,3,2,No,No,No,,,0,0,0.0,247.405,direct_cup_evidence,351.997,646.647,599.403,894.053,475.7,770.35
3,Day 3,Tray 6,6,DJI_20260621125958_0006,23,3,3,No,No,No,,,0,0,0.0,247.405,direct_cup_evidence,671.497,644.872,918.903,892.278,795.2,768.575
3,Day 3,Tray 6,6,DJI_20260621125958_0006,24,3,4,No,No,No,,,0,0,0.0,247.405,direct_cup_evidence,992.772,644.872,1240.178,892.278,1116.475,768.575
3,Day 3,Tray 6,6,DJI_20260621125958_0006,25,3,5,Yes,Yes,No,Day 2,2,504,504,0.82611,247.405,direct_cup_evidence,1315.822,644.872,1563.228,892.278,1439.525,768.575
3,Day 3,Tray 6,6,DJI_20260621125958_0006,26,3,6,Yes,Yes,No,Day 1,1,526,526,0.85523,247.405,direct_cup_evidence,1637.097,641.322,1884.503,888.728,1760.8,765.025
3,Day 3,Tray 6,6,DJI_20260621125958_0006,27,3,7,No,No,No,,,0,0,0.0,247.405,direct_cup_evidence,1958.372,641.322,2205.778,888.728,2082.075,765.025
3,Day 3,Tray 6,6,DJI_20260621125958_0006,28,3,8,No,No,No,,,0,0,0.0,247.405,direct_cup_evidence,2274.322,644.872,2521.728,892.278,2398.025,768.575
3,Day 3,Tray 6,6,DJI_20260621125958_0006,29,3,9,Yes,Yes,No,Day 1,1,391,391,0.64089,247.405,direct_cup_evidence,2595.597,637.772,2843.003,885.178,2719.3,761.475
3,Day 3,Tray 6,6,DJI_20260621125958_0006,30,3,10,Yes,Yes,No,Day 1,1,663,663,1.08672,247.405,direct_cup_evidence,2909.772,637.772,3157.178,885.178,3033.475,761.475
3,Day 3,Tray 6,6,DJI_20260621125958_0006,31,4,1,No,No,No,,,0,0,0.0,247.405,direct_cup_evidence,32.497,914.672,279.903,1162.078,156.2,1038.375
3,Day 3,Tray 6,6,DJI_20260621125958_0006,32,4,2,No,No,No,,,0,0,0.0,247.405,direct_cup_evidence,353.772,923.547,601.178,1170.953,477.475,1047.25
3,Day 3,Tray 6,6,DJI_20260621125958_0006,33,4,3,Yes,Yes,No,Day 3,3,64,59,0.10448,247.405,direct_cup_evidence,676.822,918.222,924.228,1165.628,800.525,1041.925
3,Day 3,Tray 6,6,DJI_20260621125958_0006,34,4,4,Yes,Yes,No,Day 1,1,484,484,0.78694,247.405,direct_cup_evidence,989.222,918.222,1236.628,1165.628,1112.925,1041.925
3,Day 3,Tray 6,6,DJI_20260621125958_0006,35,4,5,Yes,Yes,No,Day 2,2,480,480,0.78677,247.405,direct_cup_evidence,1294.522,921.772,1541.928,1169.178,1418.225,1045.475
3,Day 3,Tray 6,6,DJI_20260621125958_0006,36,4,6,No,No,No,,,0,0,0.0,247.405,direct_cup_evidence,1637.097,916.447,1884.503,1163.853,1760.8,1040.15
3,Day 3,Tray 6,6,DJI_20260621125958_0006,37,4,7,Yes,Yes,No,Day 3,3,385,368,0.63105,247.405,direct_cup_evidence,1956.597,921.772,2204.003,1169.178,2080.3,1045.475
3,Day 3,Tray 6,6,DJI_20260621125958_0006,38,4,8,No,No,No,,,0,0,0.0,247.405,direct_cup_evidence,2277.872,914.672,2525.278,1162.078,2401.575,1038.375
3,Day 3,Tray 6,6,DJI_20260621125958_0006,39,4,9,No,No,No,,,0,0,0.0,247.405,direct_cup_evidence,2579.622,934.197,2827.028,1181.603,2703.325,1057.9
3,Day 3,Tray 6,6,DJI_20260621125958_0006,40,4,10,Yes,Yes,No,Day 2,2,261,261,0.42436,247.405,direct_cup_evidence,2915.097,911.122,3162.503,1158.528,3038.8,1034.825
3,Day 3,Tray 6,6,DJI_20260621125958_0006,41,5,1,Yes,Yes,No,Day 2,2,181,181,0.29668,247.405,direct_cup_evidence,37.822,1189.797,285.228,1437.203,161.525,1313.5
3,Day 3,Tray 6,6,DJI_20260621125958_0006,42,5,2,Yes,Yes,No,Day 1,1,561,561,0.91954,247.405,direct_cup_evidence,362.647,1219.972,610.053,1467.378,486.35,1343.675
3,Day 3,Tray 6,6,DJI_20260621125958_0006,43,5,3,Yes,Yes,No,Day 2,2,141,93,0.23018,247.405,direct_cup_evidence,673.272,1191.572,920.678,1438.978,796.975,1315.275
3,Day 3,Tray 6,6,DJI_20260621125958_0006,44,5,4,Yes,Yes,No,Day 2,2,790,790,1.28967,247.405,direct_cup_evidence,990.997,1193.347,1238.403,1440.753,1114.7,1317.05
3,Day 3,Tray 6,6,DJI_20260621125958_0006,45,5,5,No,No,No,,,0,0,0.0,247.405,direct_cup_evidence,1315.822,1193.347,1563.228,1440.753,1439.525,1317.05
3,Day 3,Tray 6,6,DJI_20260621125958_0006,46,5,6,No,No,No,,,0,0,0.0,247.405,direct_cup_evidence,1637.097,1193.347,1884.503,1440.753,1760.8,1317.05
3,Day 3,Tray 6,6,DJI_20260621125958_0006,47,5,7,No,No,No,,,0,0,0.0,247.405,direct_cup_evidence,1958.372,1188.022,2205.778,1435.428,2082.075,1311.725
3,Day 3,Tray 6,6,DJI_20260621125958_0006,48,5,8,No,No,No,,,0,0,0.0,247.405,direct_cup_evidence,2274.322,1189.797,2521.728,1437.203,2398.025,1313.5
3,Day 3,Tray 6,6,DJI_20260621125958_0006,49,5,9,No,No,No,,,0,0,0.0,247.405,direct_cup_evidence,2588.497,1188.022,2835.903,1435.428,2712.2,1311.725
3,Day 3,Tray 6,6,DJI_20260621125958_0006,50,5,10,No,No,No,,,0,0,0.0,247.405,direct_cup_evidence,2906.222,1179.147,3153.628,1426.553,3029.925,1302.85
3,Day 3,Tray 6,6,DJI_20260621125958_0006,51,6,1,No,No,No,,,0,0,0.0,247.405,direct_cup_evidence,69.772,1475.572,317.178,1722.978,193.475,1599.275
3,Day 3,Tray 6,6,DJI_20260621125958_0006,52,6,2,No,No,No,,,0,0,0.0,247.405,direct_cup_evidence,359.097,1470.247,606.503,1717.653,482.8,1593.95
3,Day 3,Tray 6,6,DJI_20260621125958_0006,53,6,3,Yes,Yes,No,Day 1,1,180,180,0.29266,247.405,direct_cup_evidence,673.272,1468.472,920.678,1715.878,796.975,1592.175
3,Day 3,Tray 6,6,DJI_20260621125958_0006,54,6,4,No,No,No,,,0,0,0.0,247.405,direct_cup_evidence,932.422,1456.047,1179.828,1703.453,1056.125,1579.75
3,Day 3,Tray 6,6,DJI_20260621125958_0006,55,6,5,Yes,Yes,No,Day 1,1,726,726,1.18519,247.405,direct_cup_evidence,1317.597,1470.247,1565.003,1717.653,1441.3,1593.95
3,Day 3,Tray 6,6,DJI_20260621125958_0006,56,6,6,Yes,Yes,No,Day 3,3,235,235,0.38364,247.405,direct_cup_evidence,1638.872,1468.472,1886.278,1715.878,1762.575,1592.175
3,Day 3,Tray 6,6,DJI_20260621125958_0006,57,6,7,No,No,No,,,0,0,0.0,247.405,direct_cup_evidence,1956.597,1464.922,2204.003,1712.328,2080.3,1588.625
3,Day 3,Tray 6,6,DJI_20260621125958_0006,58,6,8,No,No,No,,,10,10,0.01626,247.405,direct_cup_evidence,2276.097,1461.372,2523.503,1708.778,2399.8,1585.075
3,Day 3,Tray 6,6,DJI_20260621125958_0006,59,6,9,No,No,No,,,0,0,0.0,247.405,direct_cup_evidence,2577.847,1470.247,2825.253,1717.653,2701.55,1593.95
3,Day 3,Tray 6,6,DJI_20260621125958_0006,60,6,10,No,No,No,,,0,0,0.0,247.405,direct_cup_evidence,2938.172,1461.372,3185.578,1708.778,3061.875,1585.075
3,Day 3,Tray 6,6,DJI_20260621125958_0006,61,7,1,No,No,No,,,0,0,0.0,247.405,direct_cup_evidence,37.822,1738.272,285.228,1985.678,161.525,1861.975
3,Day 3,Tray 6,6,DJI_20260621125958_0006,62,7,2,Yes,Yes,No,Day 1,1,1146,1146,1.87841,247.405,direct_cup_evidence,351.997,1741.822,599.403,1989.228,475.7,1865.525
3,Day 3,Tray 6,6,DJI_20260621125958_0006,63,7,3,No,No,No,,,0,0,0.0,247.405,direct_cup_evidence,673.272,1745.372,920.678,1992.778,796.975,1869.075
3,Day 3,Tray 6,6,DJI_20260621125958_0006,64,7,4,No,No,No,,,0,0,0.0,247.405,direct_cup_evidence,996.322,1745.372,1243.728,1992.778,1120.025,1869.075
3,Day 3,Tray 6,6,DJI_20260621125958_0006,65,7,5,No,No,No,,,0,0,0.0,247.405,direct_cup_evidence,1322.922,1743.597,1570.328,1991.003,1446.625,1867.3
3,Day 3,Tray 6,6,DJI_20260621125958_0006,66,7,6,Yes,Yes,No,Day 2,2,492,258,0.80644,247.405,direct_cup_evidence,1638.872,1743.597,1886.278,1991.003,1762.575,1867.3
3,Day 3,Tray 6,6,DJI_20260621125958_0006,67,7,7,Yes,Yes,No,Day 2,2,877,877,1.42592,247.405,direct_cup_evidence,1960.147,1736.497,2207.553,1983.903,2083.85,1860.2
3,Day 3,Tray 6,6,DJI_20260621125958_0006,68,7,8,No,No,No,,,0,0,0.0,247.405,direct_cup_evidence,2274.322,1732.947,2521.728,1980.353,2398.025,1856.65
3,Day 3,Tray 6,6,DJI_20260621125958_0006,69,7,9,No,No,No,,,0,0,0.0,247.405,direct_cup_evidence,2567.197,1738.272,2814.603,1985.678,2690.9,1861.975
3,Day 3,Tray 6,6,DJI_20260621125958_0006,70,7,10,Yes,Yes,No,Day 3,3,237,237,0.3869,247.405,direct_cup_evidence,2915.097,1724.072,3162.503,1971.478,3038.8,1847.775
3,Day 3,Tray 7,7,DJI_20260621130023_0008,1,1,1,Yes,Yes,No,Day 2,2,670,670,1.09377,247.491,direct_cup_evidence,44.671,73.338,292.162,320.829,168.417,197.083
3,Day 3,Tray 7,7,DJI_20260621130023_0008,2,1,2,No,No,No,,,0,0,0.0,247.491,direct_cup_evidence,358.213,73.338,605.704,320.829,481.958,197.083
3,Day 3,Tray 7,7,DJI_20260621130023_0008,3,1,3,Yes,Yes,No,Day 1,1,994,994,1.6227,247.491,direct_cup_evidence,677.13,67.963,924.62,315.454,800.875,191.708
3,Day 3,Tray 7,7,DJI_20260621130023_0008,4,1,4,No,No,No,,,0,0,0.0,247.491,direct_cup_evidence,999.63,62.588,1247.12,310.079,1123.375,186.333
3,Day 3,Tray 7,7,DJI_20260621130023_0008,5,1,5,No,No,No,,,0,0,0.0,247.491,direct_cup_evidence,1322.13,64.38,1569.62,311.87,1445.875,188.125
3,Day 3,Tray 7,7,DJI_20260621130023_0008,6,1,6,Yes,Yes,No,Day 2,2,624,373,1.01868,247.491,direct_cup_evidence,1644.63,64.38,1892.12,311.87,1768.375,188.125
3,Day 3,Tray 7,7,DJI_20260621130023_0008,7,1,7,No,No,No,,,0,0,0.0,247.491,direct_cup_evidence,1968.921,66.171,2216.412,313.662,2092.667,189.917
3,Day 3,Tray 7,7,DJI_20260621130023_0008,8,1,8,Yes,Yes,No,Day 2,2,260,260,0.42274,247.491,direct_cup_evidence,2291.421,64.38,2538.912,311.87,2415.167,188.125
3,Day 3,Tray 7,7,DJI_20260621130023_0008,9,1,9,Yes,Yes,No,Day 3,3,62,47,0.10081,247.491,direct_cup_evidence,2610.338,64.38,2857.829,311.87,2734.083,188.125
3,Day 3,Tray 7,7,DJI_20260621130023_0008,10,1,10,Yes,Yes,No,Day 2,2,642,642,1.0523,247.491,direct_cup_evidence,2925.671,71.546,3173.162,319.037,3049.417,195.292
3,Day 3,Tray 7,7,DJI_20260621130023_0008,11,2,1,No,No,No,,,0,0,0.0,247.491,direct_cup_evidence,55.421,351.046,302.912,598.537,179.167,474.792
3,Day 3,Tray 7,7,DJI_20260621130023_0008,12,2,2,No,No,No,,,0,0,0.0,247.491,direct_cup_evidence,361.796,342.088,609.287,589.579,485.542,465.833
3,Day 3,Tray 7,7,DJI_20260621130023_0008,13,2,3,Yes,Yes,No,Day 1,1,522,522,0.85561,247.491,direct_cup_evidence,687.88,343.88,935.37,591.37,811.625,467.625
3,Day 3,Tray 7,7,DJI_20260621130023_0008,14,2,4,Yes,Yes,No,Day 1,1,1032,1032,1.69155,247.491,direct_cup_evidence,963.796,345.671,1211.287,593.162,1087.542,469.417
3,Day 3,Tray 7,7,DJI_20260621130023_0008,15,2,5,Yes,Yes,No,Day 3,3,261,261,0.42436,247.491,direct_cup_evidence,1322.13,342.088,1569.62,589.579,1445.875,465.833
3,Day 3,Tray 7,7,DJI_20260621130023_0008,16,2,6,Yes,Yes,No,Day 2,2,256,256,0.41961,247.491,direct_cup_evidence,1642.838,334.921,1890.329,582.412,1766.583,458.667
3,Day 3,Tray 7,7,DJI_20260621130023_0008,17,2,7,Yes,Yes,No,Day 2,2,289,289,0.47179,247.491,direct_cup_evidence,1968.921,342.088,2216.412,589.579,2092.667,465.833
3,Day 3,Tray 7,7,DJI_20260621130023_0008,18,2,8,Yes,Yes,No,Day 1,1,464,464,0.76054,247.491,direct_cup_evidence,2289.63,336.713,2537.12,584.204,2413.375,460.458
3,Day 3,Tray 7,7,DJI_20260621130023_0008,19,2,9,No,No,No,,,0,0,0.0,247.491,direct_cup_evidence,2610.338,342.088,2857.829,589.579,2734.083,465.833
3,Day 3,Tray 7,7,DJI_20260621130023_0008,20,2,10,No,No,No,,,0,0,0.0,247.491,direct_cup_evidence,2927.463,343.88,3174.954,591.37,3051.208,467.625
3,Day 3,Tray 7,7,DJI_20260621130023_0008,21,3,1,No,No,No,,,0,0,0.0,247.491,direct_cup_evidence,53.63,614.421,301.12,861.912,177.375,738.167
3,Day 3,Tray 7,7,DJI_20260621130023_0008,22,3,2,Yes,Yes,No,Day 2,2,230,230,0.37699,247.491,direct_cup_evidence,363.588,619.796,611.079,867.287,487.333,743.542
3,Day 3,Tray 7,7,DJI_20260621130023_0008,23,3,3,Yes,Yes,No,Day 2,2,188,110,0.30815,247.491,direct_cup_evidence,680.713,619.796,928.204,867.287,804.458,743.542
3,Day 3,Tray 7,7,DJI_20260621130023_0008,24,3,4,No,No,No,,,0,0,0.0,247.491,direct_cup_evidence,999.63,614.421,1247.12,861.912,1123.375,738.167
3,Day 3,Tray 7,7,DJI_20260621130023_0008,25,3,5,Yes,Yes,No,Day 2,2,521,521,0.85053,247.491,direct_cup_evidence,1322.13,619.796,1569.62,867.287,1445.875,743.542
3,Day 3,Tray 7,7,DJI_20260621130023_0008,26,3,6,No,No,No,,,0,0,0.0,247.491,direct_cup_evidence,1646.421,619.796,1893.912,867.287,1770.167,743.542
3,Day 3,Tray 7,7,DJI_20260621130023_0008,27,3,7,No,No,No,,,0,0,0.0,247.491,direct_cup_evidence,1967.13,621.588,2214.62,869.079,2090.875,745.333
3,Day 3,Tray 7,7,DJI_20260621130023_0008,28,3,8,No,No,No,,,0,0,0.0,247.491,direct_cup_evidence,2291.421,619.796,2538.912,867.287,2415.167,743.542
3,Day 3,Tray 7,7,DJI_20260621130023_0008,29,3,9,Yes,Yes,No,Day 2,2,380,380,0.62035,247.491,direct_cup_evidence,2612.13,621.588,2859.62,869.079,2735.875,745.333
3,Day 3,Tray 7,7,DJI_20260621130023_0008,30,3,10,Yes,Yes,No,Day 2,2,556,551,0.90767,247.491,direct_cup_evidence,2931.046,619.796,3178.537,867.287,3054.792,743.542
3,Day 3,Tray 7,7,DJI_20260621130023_0008,31,4,1,No,No,No,,,0,0,0.0,247.491,direct_cup_evidence,50.046,895.713,297.537,1143.204,173.792,1019.458
3,Day 3,Tray 7,7,DJI_20260621130023_0008,32,4,2,No,No,No,,,0,0,0.0,247.491,direct_cup_evidence,367.171,893.921,614.662,1141.412,490.917,1017.667
3,Day 3,Tray 7,7,DJI_20260621130023_0008,33,4,3,No,No,No,,,0,0,0.0,247.491,direct_cup_evidence,680.713,893.921,928.204,1141.412,804.458,1017.667
3,Day 3,Tray 7,7,DJI_20260621130023_0008,34,4,4,Yes,Yes,No,Day 1,1,722,722,1.18343,247.491,direct_cup_evidence,999.63,895.713,1247.12,1143.204,1123.375,1019.458
3,Day 3,Tray 7,7,DJI_20260621130023_0008,35,4,5,Yes,Yes,No,Day 1,1,875,875,1.42843,247.491,direct_cup_evidence,1322.13,895.713,1569.62,1143.204,1445.875,1019.458
3,Day 3,Tray 7,7,DJI_20260621130023_0008,36,4,6,Yes,Yes,No,Day 1,1,933,933,1.52312,247.491,direct_cup_evidence,1641.046,895.713,1888.537,1143.204,1764.792,1019.458
3,Day 3,Tray 7,7,DJI_20260621130023_0008,37,4,7,No,No,No,,,0,0,0.0,247.491,direct_cup_evidence,1958.171,910.046,2205.662,1157.537,2081.917,1033.792
3,Day 3,Tray 7,7,DJI_20260621130023_0008,38,4,8,Yes,Yes,No,Day 1,1,713,713,1.16397,247.491,direct_cup_evidence,2287.838,892.13,2535.329,1139.62,2411.583,1015.875
3,Day 3,Tray 7,7,DJI_20260621130023_0008,39,4,9,No,No,No,,,0,0,0.0,247.491,direct_cup_evidence,2637.213,881.38,2884.704,1128.87,2760.958,1005.125
3,Day 3,Tray 7,7,DJI_20260621130023_0008,40,4,10,No,No,No,,,13,8,0.02122,247.491,direct_cup_evidence,2931.046,893.921,3178.537,1141.412,3054.792,1017.667
3,Day 3,Tray 7,7,DJI_20260621130023_0008,41,5,1,No,No,No,,,0,0,0.0,247.491,direct_cup_evidence,42.88,1162.671,290.37,1410.162,166.625,1286.417
3,Day 3,Tray 7,7,DJI_20260621130023_0008,42,5,2,Yes,Yes,No,Day 2,2,300,151,0.48777,247.491,direct_cup_evidence,365.38,1168.046,612.87,1415.537,489.125,1291.792
3,Day 3,Tray 7,7,DJI_20260621130023_0008,43,5,3,No,No,No,,,0,0,0.0,247.491,direct_cup_evidence,686.088,1171.63,933.579,1419.12,809.833,1295.375
3,Day 3,Tray 7,7,DJI_20260621130023_0008,44,5,4,Yes,Yes,No,Day 1,1,1014,1014,1.64867,247.491,direct_cup_evidence,953.046,1191.338,1200.537,1438.829,1076.792,1315.083
3,Day 3,Tray 7,7,DJI_20260621130023_0008,45,5,5,No,No,No,,,0,0,0.0,247.491,direct_cup_evidence,1320.338,1173.421,1567.829,1420.912,1444.083,1297.167
3,Day 3,Tray 7,7,DJI_20260621130023_0008,46,5,6,No,No,No,,,0,0,0.0,247.491,direct_cup_evidence,1644.63,1169.838,1892.12,1417.329,1768.375,1293.583
3,Day 3,Tray 7,7,DJI_20260621130023_0008,47,5,7,No,No,No,,,0,0,0.0,247.491,direct_cup_evidence,1967.13,1168.046,2214.62,1415.537,2090.875,1291.792
3,Day 3,Tray 7,7,DJI_20260621130023_0008,48,5,8,No,No,No,,,0,0,0.0,247.491,direct_cup_evidence,2289.63,1168.046,2537.12,1415.537,2413.375,1291.792
3,Day 3,Tray 7,7,DJI_20260621130023_0008,49,5,9,Yes,Yes,No,Day 3,3,120,120,0.1959,247.491,direct_cup_evidence,2604.963,1150.13,2852.454,1397.62,2728.708,1273.875
3,Day 3,Tray 7,7,DJI_20260621130023_0008,50,5,10,Yes,Yes,No,Day 1,1,1157,1157,1.88879,247.491,direct_cup_evidence,2932.838,1168.046,3180.329,1415.537,3056.583,1291.792
3,Day 3,Tray 7,7,DJI_20260621130023_0008,51,6,1,No,No,No,,,0,0,0.0,247.491,direct_cup_evidence,53.63,1436.796,301.12,1684.287,177.375,1560.542
3,Day 3,Tray 7,7,DJI_20260621130023_0008,52,6,2,No,No,No,,,0,0,0.0,247.491,direct_cup_evidence,386.88,1463.671,634.37,1711.162,510.625,1587.417
3,Day 3,Tray 7,7,DJI_20260621130023_0008,53,6,3,Yes,Yes,No,Day 2,2,393,393,0.64157,247.491,direct_cup_evidence,684.296,1443.963,931.787,1691.454,808.042,1567.708
3,Day 3,Tray 7,7,DJI_20260621130023_0008,54,6,4,Yes,Yes,No,Day 1,1,680,680,1.1101,247.491,direct_cup_evidence,1001.421,1443.963,1248.912,1691.454,1125.167,1567.708
3,Day 3,Tray 7,7,DJI_20260621130023_0008,55,6,5,No,No,No,,,0,0,0.0,247.491,direct_cup_evidence,1323.921,1449.338,1571.412,1696.829,1447.667,1573.083
3,Day 3,Tray 7,7,DJI_20260621130023_0008,56,6,6,Yes,Yes,No,Day 2,2,725,725,1.18835,247.491,direct_cup_evidence,1644.63,1447.546,1892.12,1695.037,1768.375,1571.292
3,Day 3,Tray 7,7,DJI_20260621130023_0008,57,6,7,Yes,Yes,No,Day 3,3,110,110,0.17885,247.491,direct_cup_evidence,1965.338,1442.171,2212.829,1689.662,2089.083,1565.917
3,Day 3,Tray 7,7,DJI_20260621130023_0008,58,6,8,No,No,No,,,0,0,0.0,247.491,direct_cup_evidence,2286.046,1447.546,2533.537,1695.037,2409.792,1571.292
3,Day 3,Tray 7,7,DJI_20260621130023_0008,59,6,9,No,Yes,Yes,Day 1,1,0,0,0.0,247.491,direct_cup_evidence,2583.463,1420.671,2830.954,1668.162,2707.208,1544.417
3,Day 3,Tray 7,7,DJI_20260621130023_0008,60,6,10,No,No,No,,,0,0,0.0,247.491,direct_cup_evidence,2927.463,1440.38,3174.954,1687.87,3051.208,1564.125
3,Day 3,Tray 7,7,DJI_20260621130023_0008,61,7,1,Yes,Yes,No,Day 2,2,649,649,1.05949,247.491,direct_cup_evidence,50.046,1710.921,297.537,1958.412,173.792,1834.667
3,Day 3,Tray 7,7,DJI_20260621130023_0008,62,7,2,No,No,No,,,0,0,0.0,247.491,direct_cup_evidence,365.38,1716.296,612.87,1963.787,489.125,1840.042
3,Day 3,Tray 7,7,DJI_20260621130023_0008,63,7,3,Yes,Yes,No,Day 1,1,51,51,0.08359,247.491,direct_cup_evidence,680.713,1721.671,928.204,1969.162,804.458,1845.417
3,Day 3,Tray 7,7,DJI_20260621130023_0008,64,7,4,No,No,No,,,0,0,0.0,247.491,direct_cup_evidence,999.63,1719.88,1247.12,1967.37,1123.375,1843.625
3,Day 3,Tray 7,7,DJI_20260621130023_0008,65,7,5,No,No,No,,,0,0,0.0,247.491,direct_cup_evidence,1325.713,1721.671,1573.204,1969.162,1449.458,1845.417
3,Day 3,Tray 7,7,DJI_20260621130023_0008,66,7,6,Yes,Yes,No,Day 1,1,676,676,1.10803,247.491,direct_cup_evidence,1651.796,1710.921,1899.287,1958.412,1775.542,1834.667
3,Day 3,Tray 7,7,DJI_20260621130023_0008,67,7,7,Yes,Yes,No,Day 1,1,1569,1569,2.57175,247.491,direct_cup_evidence,1954.588,1748.546,2202.079,1996.037,2078.333,1872.292
3,Day 3,Tray 7,7,DJI_20260621130023_0008,68,7,8,No,No,No,,,0,0,0.0,247.491,direct_cup_evidence,2291.421,1723.463,2538.912,1970.954,2415.167,1847.208
3,Day 3,Tray 7,7,DJI_20260621130023_0008,69,7,9,No,No,No,,,0,0,0.0,247.491,direct_cup_evidence,2590.63,1761.088,2838.12,2008.579,2714.375,1884.833
3,Day 3,Tray 7,7,DJI_20260621130023_0008,70,7,10,No,No,No,,,0,0,0.0,247.491,direct_cup_evidence,2920.296,1712.713,3167.787,1960.204,3044.042,1836.458
3,Day 3,Tray 8,8,DJI_20260621130058_0009,1,1,1,Yes,Yes,No,Day 1,1,2189,2189,3.55912,248.206,direct_cup_evidence,42.16,77.916,290.366,326.122,166.263,202.019
3,Day 3,Tray 8,8,DJI_20260621130058_0009,2,1,2,No,No,No,,,0,0,0.0,248.206,direct_cup_evidence,355.021,74.34,603.227,322.546,479.124,198.443
3,Day 3,Tray 8,8,DJI_20260621130058_0009,3,1,3,No,No,No,,,0,0,0.0,248.206,direct_cup_evidence,667.883,77.916,916.089,326.122,791.986,202.019
3,Day 3,Tray 8,8,DJI_20260621130058_0009,4,1,4,Yes,Yes,No,Day 1,1,2047,2042,3.31487,248.206,direct_cup_evidence,987.895,74.34,1236.101,322.546,1111.998,198.443
3,Day 3,Tray 8,8,DJI_20260621130058_0009,5,1,5,Yes,Yes,No,Day 1,1,2361,2361,3.808,248.206,direct_cup_evidence,1311.483,74.34,1559.689,322.546,1435.586,198.443
3,Day 3,Tray 8,8,DJI_20260621130058_0009,6,1,6,Yes,Yes,No,Day 1,1,1062,1062,1.72672,248.206,direct_cup_evidence,1636.858,67.189,1885.064,315.395,1760.961,191.292
3,Day 3,Tray 8,8,DJI_20260621130058_0009,7,1,7,No,No,No,,,0,0,0.0,248.206,direct_cup_evidence,1953.295,76.128,2201.501,324.334,2077.398,200.231
3,Day 3,Tray 8,8,DJI_20260621130058_0009,8,1,8,Yes,Yes,No,Day 1,1,1782,992,2.87415,248.206,direct_cup_evidence,2273.307,65.401,2521.513,313.607,2397.41,189.504
3,Day 3,Tray 8,8,DJI_20260621130058_0009,9,1,9,Yes,Yes,No,Day 1,1,1940,1940,3.15427,248.206,direct_cup_evidence,2586.168,70.765,2834.374,318.971,2710.271,194.868
3,Day 3,Tray 8,8,DJI_20260621130058_0009,10,1,10,Yes,Yes,No,Day 1,1,2614,2614,4.25013,248.206,direct_cup_evidence,2916.907,76.128,3165.113,324.334,3041.01,200.231
3,Day 3,Tray 8,8,DJI_20260621130058_0009,11,2,1,Yes,Yes,No,Day 1,1,1716,1716,2.79006,248.206,direct_cup_evidence,35.009,355.021,283.215,603.227,159.112,479.124
3,Day 3,Tray 8,8,DJI_20260621130058_0009,12,2,2,Yes,Yes,No,Day 1,1,2235,2235,3.61932,248.206,direct_cup_evidence,351.446,349.658,599.652,597.864,475.549,473.761
3,Day 3,Tray 8,8,DJI_20260621130058_0009,13,2,3,Yes,Yes,No,Day 1,1,1736,1736,2.81124,248.206,direct_cup_evidence,667.883,344.295,916.089,592.501,791.986,468.398
3,Day 3,Tray 8,8,DJI_20260621130058_0009,14,2,4,Yes,Yes,No,Day 2,2,542,542,0.88124,248.206,direct_cup_evidence,987.895,346.083,1236.101,594.289,1111.998,470.186
3,Day 3,Tray 8,8,DJI_20260621130058_0009,15,2,5,Yes,Yes,No,Day 1,1,2183,2183,3.53511,248.206,direct_cup_evidence,1311.483,346.083,1559.689,594.289,1435.586,470.186
3,Day 3,Tray 8,8,DJI_20260621130058_0009,16,2,6,Yes,Yes,No,Day 2,2,1231,1231,2.0015,248.206,direct_cup_evidence,1636.858,346.083,1885.064,594.289,1760.961,470.186
3,Day 3,Tray 8,8,DJI_20260621130058_0009,17,2,7,Yes,Yes,No,Day 2,2,695,695,1.13001,248.206,direct_cup_evidence,1955.083,346.083,2203.289,594.289,2079.186,470.186
3,Day 3,Tray 8,8,DJI_20260621130058_0009,18,2,8,Yes,Yes,No,Day 1,1,1657,1657,2.68331,248.206,direct_cup_evidence,2276.883,344.295,2525.089,592.501,2400.986,468.398
3,Day 3,Tray 8,8,DJI_20260621130058_0009,19,2,9,Yes,Yes,No,Day 1,1,1751,1751,2.84697,248.206,direct_cup_evidence,2598.683,349.658,2846.889,597.864,2722.786,473.761
3,Day 3,Tray 8,8,DJI_20260621130058_0009,20,2,10,Yes,Yes,No,Day 1,1,3461,3461,5.60468,248.206,direct_cup_evidence,2920.483,346.083,3168.689,594.289,3044.586,470.186
3,Day 3,Tray 8,8,DJI_20260621130058_0009,21,3,1,No,No,No,,,0,0,0.0,248.206,direct_cup_evidence,33.221,623.188,281.427,871.394,157.324,747.291
3,Day 3,Tray 8,8,DJI_20260621130058_0009,22,3,2,Yes,Yes,No,Day 1,1,2322,2322,3.7602,248.206,direct_cup_evidence,351.446,623.188,599.652,871.394,475.549,747.291
3,Day 3,Tray 8,8,DJI_20260621130058_0009,23,3,3,Yes,Yes,No,Day 2,2,570,570,0.92677,248.206,direct_cup_evidence,667.883,624.976,916.089,873.182,791.986,749.079
3,Day 3,Tray 8,8,DJI_20260621130058_0009,24,3,4,Yes,Yes,No,Day 1,1,1209,1209,1.96573,248.206,direct_cup_evidence,971.805,591.008,1220.011,839.214,1095.908,715.111
3,Day 3,Tray 8,8,DJI_20260621130058_0009,25,3,5,Yes,Yes,No,Day 1,1,1673,1673,2.72015,248.206,direct_cup_evidence,1315.058,628.551,1563.264,876.757,1439.161,752.654
3,Day 3,Tray 8,8,DJI_20260621130058_0009,26,3,6,Yes,Yes,No,Day 1,1,2873,2873,4.67124,248.206,direct_cup_evidence,1636.858,623.188,1885.064,871.394,1760.961,747.291
3,Day 3,Tray 8,8,DJI_20260621130058_0009,27,3,7,No,No,No,,,0,0,0.0,248.206,direct_cup_evidence,1912.176,612.461,2160.382,860.667,2036.279,736.564
3,Day 3,Tray 8,8,DJI_20260621130058_0009,28,3,8,Yes,Yes,No,Day 1,1,1083,1083,1.75379,248.206,direct_cup_evidence,2284.034,621.4,2532.24,869.606,2408.137,745.503
3,Day 3,Tray 8,8,DJI_20260621130058_0009,29,3,9,Yes,Yes,No,Day 2,2,1100,571,1.7885,248.206,direct_cup_evidence,2604.046,614.249,2852.252,862.455,2728.149,738.352
3,Day 3,Tray 8,8,DJI_20260621130058_0009,30,3,10,Yes,Yes,No,Day 1,1,1655,1655,2.69088,248.206,direct_cup_evidence,2927.634,619.613,3175.84,867.819,3051.737,743.716
3,Day 3,Tray 8,8,DJI_20260621130058_0009,31,4,1,Yes,Yes,No,Day 1,1,1682,1682,2.73478,248.206,direct_cup_evidence,35.009,896.718,283.215,1144.924,159.112,1020.821
3,Day 3,Tray 8,8,DJI_20260621130058_0009,32,4,2,No,No,No,,,0,0,0.0,248.206,direct_cup_evidence,349.658,898.506,597.864,1146.712,473.761,1022.609
3,Day 3,Tray 8,8,DJI_20260621130058_0009,33,4,3,Yes,Yes,No,Day 2,2,605,605,0.98368,248.206,direct_cup_evidence,667.883,896.718,916.089,1144.924,791.986,1020.821
3,Day 3,Tray 8,8,DJI_20260621130058_0009,34,4,4,Yes,Yes,No,Day 1,1,2347,2347,3.81601,248.206,direct_cup_evidence,989.683,898.506,1237.889,1146.712,1113.786,1022.609
3,Day 3,Tray 8,8,DJI_20260621130058_0009,35,4,5,Yes,Yes,No,Day 2,2,753,753,1.21939,248.206,direct_cup_evidence,1311.483,900.294,1559.689,1148.5,1435.586,1024.397
3,Day 3,Tray 8,8,DJI_20260621130058_0009,36,4,6,Yes,Yes,No,Day 1,1,1943,1943,3.15914,248.206,direct_cup_evidence,1636.858,900.294,1885.064,1148.5,1760.961,1024.397
3,Day 3,Tray 8,8,DJI_20260621130058_0009,37,4,7,Yes,Yes,No,Day 1,1,1492,1492,2.42586,248.206,direct_cup_evidence,1962.234,896.718,2210.44,1144.924,2086.337,1020.821
3,Day 3,Tray 8,8,DJI_20260621130058_0009,38,4,8,No,No,No,,,0,0,0.0,248.206,direct_cup_evidence,2271.519,887.779,2519.725,1135.985,2395.622,1011.882
3,Day 3,Tray 8,8,DJI_20260621130058_0009,39,4,9,Yes,Yes,No,Day 3,3,169,169,0.27478,248.206,direct_cup_evidence,2598.683,896.718,2846.889,1144.924,2722.786,1020.821
3,Day 3,Tray 8,8,DJI_20260621130058_0009,40,4,10,Yes,Yes,No,Day 1,1,1594,829,2.5917,248.206,direct_cup_evidence,2927.634,896.718,3175.84,1144.924,3051.737,1020.821
3,Day 3,Tray 8,8,DJI_20260621130058_0009,41,5,1,No,No,No,,,0,0,0.0,248.206,direct_cup_evidence,38.585,1166.673,286.791,1414.879,162.688,1290.776
3,Day 3,Tray 8,8,DJI_20260621130058_0009,42,5,2,Yes,Yes,No,Day 1,1,1756,1756,2.8551,248.206,direct_cup_evidence,346.083,1172.036,594.289,1420.242,470.186,1296.139
3,Day 3,Tray 8,8,DJI_20260621130058_0009,43,5,3,No,No,No,,,0,0,0.0,248.206,direct_cup_evidence,667.883,1168.46,916.089,1416.666,791.986,1292.563
3,Day 3,Tray 8,8,DJI_20260621130058_0009,44,5,4,Yes,Yes,No,Day 1,1,2154,2154,3.50221,248.206,direct_cup_evidence,987.895,1175.611,1236.101,1423.817,1111.998,1299.714
3,Day 3,Tray 8,8,DJI_20260621130058_0009,45,5,5,Yes,Yes,No,Day 2,2,762,762,1.22901,248.206,direct_cup_evidence,1311.483,1177.399,1559.689,1425.605,1435.586,1301.502
3,Day 3,Tray 8,8,DJI_20260621130058_0009,46,5,6,Yes,Yes,No,Day 1,1,2685,2685,4.36557,248.206,direct_cup_evidence,1636.858,1172.036,1885.064,1420.242,1760.961,1296.139
3,Day 3,Tray 8,8,DJI_20260621130058_0009,47,5,7,Yes,Yes,No,Day 1,1,2538,2538,4.12656,248.206,direct_cup_evidence,1908.6,1175.611,2156.806,1423.817,2032.703,1299.714
3,Day 3,Tray 8,8,DJI_20260621130058_0009,48,5,8,Yes,Yes,No,Day 1,1,1638,1638,2.65255,248.206,direct_cup_evidence,2282.246,1177.399,2530.452,1425.605,2406.349,1301.502
3,Day 3,Tray 8,8,DJI_20260621130058_0009,49,5,9,No,No,No,,,0,0,0.0,248.206,direct_cup_evidence,2604.046,1180.975,2852.252,1429.181,2728.149,1305.078
3,Day 3,Tray 8,8,DJI_20260621130058_0009,50,5,10,Yes,Yes,No,Day 1,1,1843,1843,2.99655,248.206,direct_cup_evidence,2925.846,1175.611,3174.052,1423.817,3049.949,1299.714
3,Day 3,Tray 8,8,DJI_20260621130058_0009,51,6,1,Yes,Yes,No,Day 1,1,931,931,1.51372,248.206,direct_cup_evidence,33.221,1440.203,281.427,1688.409,157.324,1564.306
3,Day 3,Tray 8,8,DJI_20260621130058_0009,52,6,2,Yes,Yes,No,Day 1,1,1890,1890,3.06063,248.206,direct_cup_evidence,331.78,1429.476,579.986,1677.682,455.883,1553.579
3,Day 3,Tray 8,8,DJI_20260621130058_0009,53,6,3,Yes,Yes,No,Day 2,2,1012,593,1.63881,248.206,direct_cup_evidence,671.458,1450.929,919.664,1699.135,795.561,1575.032
3,Day 3,Tray 8,8,DJI_20260621130058_0009,54,6,4,Yes,Yes,No,Day 2,2,38,38,0.06178,248.206,direct_cup_evidence,987.895,1450.929,1236.101,1699.135,1111.998,1575.032
3,Day 3,Tray 8,8,DJI_20260621130058_0009,55,6,5,Yes,Yes,No,Day 3,3,103,103,0.1668,248.206,direct_cup_evidence,1311.483,1459.868,1559.689,1708.074,1435.586,1583.971
3,Day 3,Tray 8,8,DJI_20260621130058_0009,56,6,6,Yes,Yes,No,Day 1,1,1871,1871,3.04208,248.206,direct_cup_evidence,1638.646,1456.293,1886.852,1704.499,1762.749,1580.396
3,Day 3,Tray 8,8,DJI_20260621130058_0009,57,6,7,Yes,Yes,No,Day 1,1,1896,1896,3.08273,248.206,direct_cup_evidence,1965.809,1449.141,2214.015,1697.347,2089.912,1573.244
3,Day 3,Tray 8,8,DJI_20260621130058_0009,58,6,8,Yes,Yes,No,Day 1,1,1271,1271,2.06653,248.206,direct_cup_evidence,2282.246,1449.141,2530.452,1697.347,2406.349,1573.244
3,Day 3,Tray 8,8,DJI_20260621130058_0009,59,6,9,Yes,Yes,No,Day 1,1,2980,2980,4.84521,248.206,direct_cup_evidence,2595.107,1454.505,2843.313,1702.711,2719.21,1578.608
3,Day 3,Tray 8,8,DJI_20260621130058_0009,60,6,10,Yes,Yes,No,Day 1,1,1115,1115,1.80561,248.206,direct_cup_evidence,2929.421,1449.141,3177.627,1697.347,3053.524,1573.244
3,Day 3,Tray 8,8,DJI_20260621130058_0009,61,7,1,Yes,Yes,No,Day 1,1,2662,2657,4.32817,248.206,direct_cup_evidence,35.009,1719.096,283.215,1967.302,159.112,1843.199
3,Day 3,Tray 8,8,DJI_20260621130058_0009,62,7,2,Yes,Yes,No,Day 1,1,2613,2613,4.21445,248.206,direct_cup_evidence,351.446,1724.459,599.652,1972.665,475.549,1848.562
3,Day 3,Tray 8,8,DJI_20260621130058_0009,63,7,3,Yes,Yes,No,Day 1,1,2915,1530,4.72049,248.206,direct_cup_evidence,673.246,1724.459,921.452,1972.665,797.349,1848.562
3,Day 3,Tray 8,8,DJI_20260621130058_0009,64,7,4,Yes,Yes,No,Day 1,1,1320,1320,2.1462,248.206,direct_cup_evidence,989.683,1729.823,1237.889,1978.029,1113.786,1853.926
3,Day 3,Tray 8,8,DJI_20260621130058_0009,65,7,5,Yes,Yes,No,Day 1,1,3280,3280,5.33299,248.206,direct_cup_evidence,1309.695,1726.247,1557.901,1974.453,1433.798,1850.35
3,Day 3,Tray 8,8,DJI_20260621130058_0009,66,7,6,Yes,Yes,No,Day 1,1,1616,1616,2.61692,248.206,direct_cup_evidence,1636.858,1733.398,1885.064,1981.604,1760.961,1857.501
3,Day 3,Tray 8,8,DJI_20260621130058_0009,67,7,7,Yes,Yes,No,Day 1,1,2588,2588,4.19096,248.206,direct_cup_evidence,1962.234,1733.398,2210.44,1981.604,2086.337,1857.501
3,Day 3,Tray 8,8,DJI_20260621130058_0009,68,7,8,Yes,Yes,No,Day 2,2,1016,571,1.64529,248.206,direct_cup_evidence,2287.609,1733.398,2535.815,1981.604,2411.712,1857.501
3,Day 3,Tray 8,8,DJI_20260621130058_0009,69,7,9,Yes,Yes,No,Day 1,1,1607,1607,2.61284,248.206,direct_cup_evidence,2607.621,1726.247,2855.827,1974.453,2731.724,1850.35
3,Day 3,Tray 8,8,DJI_20260621130058_0009,70,7,10,No,No,No,,,0,0,0.0,248.206,direct_cup_evidence,2918.695,1726.247,3166.901,1974.453,3042.798,1850.35
4,Day 4,Tray 1,1,DJI_20260622122222_0001,1,1,1,Yes,Yes,No,Day 1,1,2995,2995,3.56124,290.246,direct_cup_evidence,65.599,103.529,355.845,393.775,210.722,248.652
4,Day 4,Tray 1,1,DJI_20260622122222_0001,2,1,2,Yes,Yes,No,Day 2,2,1128,1128,1.34126,290.246,direct_cup_evidence,425.934,105.636,716.18,395.882,571.057,250.759
4,Day 4,Tray 1,1,DJI_20260622122222_0001,3,1,3,Yes,Yes,No,Day 1,1,536,375,0.63515,290.246,direct_cup_evidence,807.341,105.636,1097.587,395.882,952.464,250.759
4,Day 4,Tray 1,1,DJI_20260622122222_0001,4,1,4,Yes,Yes,No,Day 2,2,1179,1179,1.4019,290.246,direct_cup_evidence,1188.749,109.851,1478.995,400.097,1333.872,254.974
4,Day 4,Tray 1,1,DJI_20260622122222_0001,5,1,5,Yes,Yes,No,Day 2,2,729,729,0.86683,290.246,direct_cup_evidence,1559.62,105.636,1849.866,395.882,1704.743,250.759
4,Day 4,Tray 1,1,DJI_20260622122222_0001,6,1,6,No,No,No,,,0,0,0.0,290.246,direct_cup_evidence,1947.349,122.494,2237.595,412.74,2092.472,267.617
4,Day 4,Tray 1,1,DJI_20260622122222_0001,7,1,7,No,No,No,,,0,0,0.0,290.246,direct_cup_evidence,2318.22,114.065,2608.466,404.311,2463.343,259.188
4,Day 4,Tray 1,1,DJI_20260622122222_0001,8,1,8,No,No,No,,,0,0,0.0,290.246,direct_cup_evidence,2697.52,111.958,2987.766,402.204,2842.643,257.081
4,Day 4,Tray 1,1,DJI_20260622122222_0001,9,1,9,Yes,Yes,No,Day 1,1,4561,4561,5.40467,290.246,direct_cup_evidence,3074.713,122.494,3364.959,412.74,3219.836,267.617
4,Day 4,Tray 1,1,DJI_20260622122222_0001,10,1,10,Yes,Yes,No,Day 4,4,297,297,0.35194,290.246,direct_cup_evidence,3449.798,122.494,3740.044,412.74,3594.921,267.617
4,Day 4,Tray 1,1,DJI_20260622122222_0001,11,2,1,Yes,Yes,No,Day 1,1,1887,1887,2.23605,290.246,direct_cup_evidence,55.063,432.256,345.309,722.502,200.186,577.379
4,Day 4,Tray 1,1,DJI_20260622122222_0001,12,2,2,Yes,Yes,No,Day 1,1,2297,2297,2.72189,290.246,direct_cup_evidence,432.256,428.041,722.502,718.287,577.379,573.164
4,Day 4,Tray 1,1,DJI_20260622122222_0001,13,2,3,Yes,Yes,No,Day 3,3,561,561,0.66477,290.246,direct_cup_evidence,807.341,428.041,1097.587,718.287,952.464,573.164
4,Day 4,Tray 1,1,DJI_20260622122222_0001,14,2,4,Yes,Yes,No,Day 1,1,1057,1057,1.25684,290.246,direct_cup_evidence,1188.749,438.578,1478.995,728.824,1333.872,583.701
4,Day 4,Tray 1,1,DJI_20260622122222_0001,15,2,5,Yes,Yes,No,Day 2,2,1497,1497,1.78002,290.246,direct_cup_evidence,1563.834,428.041,1854.08,718.287,1708.957,573.164
4,Day 4,Tray 1,1,DJI_20260622122222_0001,16,2,6,Yes,Yes,No,Day 4,4,293,293,0.3472,290.246,direct_cup_evidence,1943.134,434.363,2233.38,724.609,2088.257,579.486
4,Day 4,Tray 1,1,DJI_20260622122222_0001,17,2,7,Yes,Yes,No,Day 4,4,66,66,0.07848,290.246,direct_cup_evidence,2326.649,438.578,2616.895,728.824,2471.772,583.701
4,Day 4,Tray 1,1,DJI_20260622122222_0001,18,2,8,No,No,No,,,0,0,0.0,290.246,direct_cup_evidence,2701.734,438.578,2991.98,728.824,2846.857,583.701
4,Day 4,Tray 1,1,DJI_20260622122222_0001,19,2,9,No,No,No,,,0,0,0.0,290.246,direct_cup_evidence,3076.82,432.256,3367.066,722.502,3221.943,577.379
4,Day 4,Tray 1,1,DJI_20260622122222_0001,20,2,10,Yes,Yes,No,Day 3,3,453,453,0.53864,290.246,direct_cup_evidence,3451.905,444.899,3742.151,735.145,3597.028,590.022
4,Day 4,Tray 1,1,DJI_20260622122222_0001,21,3,1,Yes,Yes,No,Day 1,1,2538,2538,3.00747,290.246,direct_cup_evidence,50.849,748.339,341.095,1038.585,195.972,893.462
4,Day 4,Tray 1,1,DJI_20260622122222_0001,22,3,2,No,No,No,,,0,0,0.0,290.246,direct_cup_evidence,428.041,754.661,718.287,1044.907,573.164,899.784
4,Day 4,Tray 1,1,DJI_20260622122222_0001,23,3,3,Yes,Yes,No,Day 2,2,1381,1381,1.64209,290.246,direct_cup_evidence,838.95,758.875,1129.196,1049.121,984.073,903.998
4,Day 4,Tray 1,1,DJI_20260622122222_0001,24,3,4,No,No,No,,,0,0,0.0,290.246,direct_cup_evidence,1186.641,748.339,1476.887,1038.585,1331.764,893.462
4,Day 4,Tray 1,1,DJI_20260622122222_0001,25,3,5,No,No,No,,,0,0,0.0,290.246,direct_cup_evidence,1563.834,756.768,1854.08,1047.014,1708.957,901.891
4,Day 4,Tray 1,1,DJI_20260622122222_0001,26,3,6,Yes,Yes,No,Day 1,1,2260,2260,2.67804,290.246,direct_cup_evidence,1943.134,750.446,2233.38,1040.692,2088.257,895.569
4,Day 4,Tray 1,1,DJI_20260622122222_0001,27,3,7,Yes,Yes,No,Day 3,3,893,422,1.06183,290.246,direct_cup_evidence,2326.649,758.875,2616.895,1049.121,2471.772,903.998
4,Day 4,Tray 1,1,DJI_20260622122222_0001,28,3,8,Yes,Yes,No,Day 2,2,785,768,0.93341,290.246,direct_cup_evidence,2705.949,763.09,2996.195,1053.336,2851.072,908.213
4,Day 4,Tray 1,1,DJI_20260622122222_0001,29,3,9,No,No,No,,,0,0,0.0,290.246,direct_cup_evidence,3076.82,760.983,3367.066,1051.229,3221.943,906.106
4,Day 4,Tray 1,1,DJI_20260622122222_0001,30,3,10,Yes,Yes,No,Day 2,2,1271,1271,1.5113,290.246,direct_cup_evidence,3456.12,744.125,3746.366,1034.371,3601.243,889.248
4,Day 4,Tray 1,1,DJI_20260622122222_0001,31,4,1,Yes,Yes,No,Day 1,1,1720,1720,2.03115,290.246,direct_cup_evidence,61.385,1064.423,351.631,1354.669,206.508,1209.546
4,Day 4,Tray 1,1,DJI_20260622122222_0001,32,4,2,No,No,No,,,0,0,0.0,290.246,direct_cup_evidence,428.041,1074.959,718.287,1365.205,573.164,1220.082
4,Day 4,Tray 1,1,DJI_20260622122222_0001,33,4,3,No,No,No,,,0,0,0.0,290.246,direct_cup_evidence,811.556,1070.744,1101.802,1360.99,956.679,1215.867
4,Day 4,Tray 1,1,DJI_20260622122222_0001,34,4,4,No,No,No,,,0,0,0.0,290.246,direct_cup_evidence,1186.641,1074.959,1476.887,1365.205,1331.764,1220.082
4,Day 4,Tray 1,1,DJI_20260622122222_0001,35,4,5,No,No,No,,,0,0,0.0,290.246,direct_cup_evidence,1570.156,1083.388,1860.402,1373.634,1715.279,1228.511
4,Day 4,Tray 1,1,DJI_20260622122222_0001,36,4,6,Yes,Yes,No,Day 2,2,621,621,0.73334,290.246,direct_cup_evidence,1947.349,1064.423,2237.595,1354.669,2092.472,1209.546
4,Day 4,Tray 1,1,DJI_20260622122222_0001,37,4,7,Yes,Yes,No,Day 4,4,280,192,0.33294,290.246,direct_cup_evidence,2318.22,1079.173,2608.466,1369.419,2463.343,1224.296
4,Day 4,Tray 1,1,DJI_20260622122222_0001,38,4,8,Yes,Yes,No,Day 3,3,851,851,1.00841,290.246,direct_cup_evidence,2705.949,1085.495,2996.195,1375.741,2851.072,1230.618
4,Day 4,Tray 1,1,DJI_20260622122222_0001,39,4,9,Yes,Yes,No,Day 1,1,2971,2971,3.52056,290.246,direct_cup_evidence,3072.605,1083.388,3362.851,1373.634,3217.728,1228.511
4,Day 4,Tray 1,1,DJI_20260622122222_0001,40,4,10,No,No,No,,,0,0,0.0,290.246,direct_cup_evidence,3456.12,1083.388,3746.366,1373.634,3601.243,1228.511
4,Day 4,Tray 1,1,DJI_20260622122222_0001,41,5,1,Yes,Yes,No,Day 3,3,642,642,0.76338,290.246,direct_cup_evidence,10.811,1365.755,301.057,1656.001,155.934,1510.878
4,Day 4,Tray 1,1,DJI_20260622122222_0001,42,5,2,Yes,Yes,No,Day 2,2,1206,1206,1.42908,290.246,direct_cup_evidence,428.041,1395.256,718.287,1685.502,573.164,1540.379
4,Day 4,Tray 1,1,DJI_20260622122222_0001,43,5,3,No,No,No,,,0,0,0.0,290.246,direct_cup_evidence,805.234,1401.578,1095.48,1691.824,950.357,1546.701
4,Day 4,Tray 1,1,DJI_20260622122222_0001,44,5,4,Yes,Yes,No,Day 2,2,722,722,0.8585,290.246,direct_cup_evidence,1176.105,1412.114,1466.351,1702.36,1321.228,1557.237
4,Day 4,Tray 1,1,DJI_20260622122222_0001,45,5,5,Yes,Yes,No,Day 2,2,1201,724,1.42806,290.246,direct_cup_evidence,1568.049,1405.793,1858.295,1696.039,1713.172,1550.916
4,Day 4,Tray 1,1,DJI_20260622122222_0001,46,5,6,Yes,Yes,No,Day 1,1,2447,2447,2.90963,290.246,direct_cup_evidence,1945.241,1407.9,2235.487,1698.146,2090.364,1553.023
4,Day 4,Tray 1,1,DJI_20260622122222_0001,47,5,7,Yes,Yes,No,Day 1,1,2008,2008,2.37943,290.246,direct_cup_evidence,2322.434,1405.793,2612.68,1696.039,2467.557,1550.916
4,Day 4,Tray 1,1,DJI_20260622122222_0001,48,5,8,No,No,No,,,0,0,0.0,290.246,direct_cup_evidence,2655.375,1456.366,2945.621,1746.612,2800.498,1601.489
4,Day 4,Tray 1,1,DJI_20260622122222_0001,49,5,9,No,No,No,,,0,0,0.0,290.246,direct_cup_evidence,3081.034,1405.793,3371.28,1696.039,3226.157,1550.916
4,Day 4,Tray 1,1,DJI_20260622122222_0001,50,5,10,Yes,Yes,No,Day 2,2,773,773,0.91914,290.246,direct_cup_evidence,3449.798,1403.685,3740.044,1693.931,3594.921,1548.808
4,Day 4,Tray 1,1,DJI_20260622122222_0001,51,6,1,Yes,Yes,No,Day 2,2,1250,661,1.48122,290.246,direct_cup_evidence,55.063,1711.34,345.309,2001.586,200.186,1856.463
4,Day 4,Tray 1,1,DJI_20260622122222_0001,52,6,2,Yes,Yes,No,Day 2,2,1167,1167,1.38763,290.246,direct_cup_evidence,428.041,1717.661,718.287,2007.907,573.164,1862.784
4,Day 4,Tray 1,1,DJI_20260622122222_0001,53,6,3,Yes,Yes,No,Day 1,1,1052,1052,1.25089,290.246,direct_cup_evidence,832.628,1736.626,1122.874,2026.872,977.751,1881.749
4,Day 4,Tray 1,1,DJI_20260622122222_0001,54,6,4,Yes,Yes,No,Day 2,2,1043,1043,1.23593,290.246,direct_cup_evidence,1161.355,1728.198,1451.601,2018.444,1306.478,1873.321
4,Day 4,Tray 1,1,DJI_20260622122222_0001,55,6,5,Yes,Yes,No,Day 2,2,1702,1702,2.02378,290.246,direct_cup_evidence,1559.62,1681.839,1849.866,1972.085,1704.743,1826.962
4,Day 4,Tray 1,1,DJI_20260622122222_0001,56,6,6,Yes,Yes,No,Day 2,2,805,805,0.9539,290.246,direct_cup_evidence,1947.349,1728.198,2237.595,2018.444,2092.472,1873.321
4,Day 4,Tray 1,1,DJI_20260622122222_0001,57,6,7,Yes,Yes,No,Day 2,2,3233,2721,3.83102,290.246,direct_cup_evidence,2328.756,1732.412,2619.002,2022.658,2473.879,1877.535
4,Day 4,Tray 1,1,DJI_20260622122222_0001,58,6,8,No,No,No,,,0,0,0.0,290.246,direct_cup_evidence,2703.841,1721.876,2994.087,2012.122,2848.964,1866.999
4,Day 4,Tray 1,1,DJI_20260622122222_0001,59,6,9,No,No,No,,,0,0,0.0,290.246,direct_cup_evidence,3081.034,1717.661,3371.28,2007.907,3226.157,1862.784
4,Day 4,Tray 1,1,DJI_20260622122222_0001,60,6,10,Yes,Yes,No,Day 1,1,2005,1143,2.38407,290.246,direct_cup_evidence,3451.905,1723.983,3742.151,2014.229,3597.028,1869.106
4,Day 4,Tray 1,1,DJI_20260622122222_0001,61,7,1,Yes,Yes,No,Day 2,2,2145,2145,2.55054,290.246,direct_cup_evidence,55.063,2035.852,345.309,2326.098,200.186,2180.975
4,Day 4,Tray 1,1,DJI_20260622122222_0001,62,7,2,No,No,No,,,0,0,0.0,290.246,direct_cup_evidence,434.363,2044.281,724.609,2334.527,579.486,2189.404
4,Day 4,Tray 1,1,DJI_20260622122222_0001,63,7,3,No,No,No,,,0,0,0.0,290.246,direct_cup_evidence,796.805,2044.281,1087.051,2334.527,941.928,2189.404
4,Day 4,Tray 1,1,DJI_20260622122222_0001,64,7,4,No,No,No,,,0,0,0.0,290.246,direct_cup_evidence,1188.749,2052.71,1478.995,2342.956,1333.872,2197.833
4,Day 4,Tray 1,1,DJI_20260622122222_0001,65,7,5,No,No,No,,,0,0,0.0,290.246,direct_cup_evidence,1565.941,2059.031,1856.187,2349.277,1711.064,2204.154
4,Day 4,Tray 1,1,DJI_20260622122222_0001,66,7,6,Yes,Yes,No,Day 1,1,2357,2357,2.80262,290.246,direct_cup_evidence,1945.241,2050.603,2235.487,2340.849,2090.364,2195.726
4,Day 4,Tray 1,1,DJI_20260622122222_0001,67,7,7,Yes,Yes,No,Day 1,1,3548,3548,4.21879,290.246,direct_cup_evidence,2328.756,2056.924,2619.002,2347.17,2473.879,2202.047
4,Day 4,Tray 1,1,DJI_20260622122222_0001,68,7,8,No,No,No,,,0,0,0.0,290.246,direct_cup_evidence,2703.841,2052.71,2994.087,2342.956,2848.964,2197.833
4,Day 4,Tray 1,1,DJI_20260622122222_0001,69,7,9,Yes,Yes,No,Day 1,1,2518,2518,2.98377,290.246,direct_cup_evidence,3074.713,2046.388,3364.959,2336.634,3219.836,2191.511
4,Day 4,Tray 1,1,DJI_20260622122222_0001,70,7,10,Yes,Yes,No,Day 2,2,1422,859,1.69084,290.246,direct_cup_evidence,3449.798,2037.959,3740.044,2328.205,3594.921,2183.082
4,Day 4,Tray 2,2,DJI_20260622122329_0002,1,1,1,Yes,Yes,No,Day 1,1,2541,2541,2.67857,307.857,direct_cup_evidence,59.849,88.499,367.706,396.356,213.777,242.428
4,Day 4,Tray 2,2,DJI_20260622122329_0002,2,1,2,Yes,Yes,No,Day 1,1,1142,1142,1.20383,307.857,direct_cup_evidence,443.325,75.276,751.183,383.133,597.254,229.204
4,Day 4,Tray 2,2,DJI_20260622122329_0002,3,1,3,Yes,Yes,No,Day 1,1,4043,4043,4.27577,307.857,direct_cup_evidence,835.617,73.072,1143.475,380.929,989.546,227.001
4,Day 4,Tray 2,2,DJI_20260622122329_0002,4,1,4,No,No,No,,,0,0,0.0,307.857,direct_cup_evidence,1223.502,75.276,1531.359,383.133,1377.431,229.204
4,Day 4,Tray 2,2,DJI_20260622122329_0002,5,1,5,Yes,Yes,No,Day 2,2,925,925,0.97826,307.857,direct_cup_evidence,1624.61,81.887,1932.467,389.745,1778.538,235.816
4,Day 4,Tray 2,2,DJI_20260622122329_0002,6,1,6,Yes,Yes,No,Day 1,1,2029,2029,2.13885,307.857,direct_cup_evidence,2021.31,81.887,2329.167,389.745,2175.238,235.816
4,Day 4,Tray 2,2,DJI_20260622122329_0002,7,1,7,Yes,Yes,No,Day 1,1,2003,2003,2.11144,307.857,direct_cup_evidence,2404.786,81.887,2712.644,389.745,2558.715,235.816
4,Day 4,Tray 2,2,DJI_20260622122329_0002,8,1,8,Yes,Yes,No,Day 3,3,240,240,0.25299,307.857,direct_cup_evidence,2803.69,86.295,3111.548,394.153,2957.619,240.224
4,Day 4,Tray 2,2,DJI_20260622122329_0002,9,1,9,No,No,No,,,0,0,0.0,307.857,direct_cup_evidence,3209.206,88.499,3517.063,396.356,3363.134,242.428
4,Day 4,Tray 2,2,DJI_20260622122329_0002,10,1,10,No,No,No,,,0,0,0.0,307.857,direct_cup_evidence,3599.294,90.703,3907.151,398.56,3753.223,244.632
4,Day 4,Tray 2,2,DJI_20260622122329_0002,11,2,1,Yes,Yes,No,Day 1,1,1164,1164,1.22702,307.857,direct_cup_evidence,55.441,421.286,363.298,729.144,209.369,575.215
4,Day 4,Tray 2,2,DJI_20260622122329_0002,12,2,2,No,Yes,Yes,Day 1,1,0,0,0.0,307.857,direct_cup_evidence,438.917,421.286,746.775,729.144,592.846,575.215
4,Day 4,Tray 2,2,DJI_20260622122329_0002,13,2,3,Yes,Yes,No,Day 4,4,92,92,0.09698,307.857,direct_cup_evidence,831.21,425.694,1139.067,733.551,985.138,579.623
4,Day 4,Tray 2,2,DJI_20260622122329_0002,14,2,4,No,No,No,,,0,0,0.0,307.857,direct_cup_evidence,1223.502,421.286,1531.359,729.144,1377.431,575.215
4,Day 4,Tray 2,2,DJI_20260622122329_0002,15,2,5,No,No,No,,,0,0,0.0,307.857,direct_cup_evidence,1613.59,425.694,1921.448,733.551,1767.519,579.623
4,Day 4,Tray 2,2,DJI_20260622122329_0002,16,2,6,Yes,Yes,No,Day 1,1,1998,1998,2.10617,307.857,direct_cup_evidence,2012.494,423.49,2320.351,731.348,2166.423,577.419
4,Day 4,Tray 2,2,DJI_20260622122329_0002,17,2,7,Yes,Yes,No,Day 1,1,2572,2572,2.71125,307.857,direct_cup_evidence,2406.99,425.694,2714.848,733.551,2560.919,579.623
4,Day 4,Tray 2,2,DJI_20260622122329_0002,18,2,8,Yes,Yes,No,Day 2,2,1854,1854,1.95438,307.857,direct_cup_evidence,2805.894,425.694,3113.751,733.551,2959.823,579.623
4,Day 4,Tray 2,2,DJI_20260622122329_0002,19,2,9,No,No,No,,,0,0,0.0,307.857,direct_cup_evidence,3207.002,430.102,3514.859,737.959,3360.931,584.031
4,Day 4,Tray 2,2,DJI_20260622122329_0002,20,2,10,Yes,Yes,No,Day 1,1,4069,4069,4.30327,307.857,direct_cup_evidence,3603.702,434.51,3911.559,742.367,3757.631,588.438
4,Day 4,Tray 2,2,DJI_20260622122329_0002,21,3,1,No,No,No,,,0,0,0.0,307.857,direct_cup_evidence,55.441,765.093,363.298,1072.95,209.369,919.022
4,Day 4,Tray 2,2,DJI_20260622122329_0002,22,3,2,No,No,No,,,0,0,0.0,307.857,direct_cup_evidence,436.714,760.685,744.571,1068.543,590.642,914.614
4,Day 4,Tray 2,2,DJI_20260622122329_0002,23,3,3,No,No,No,,,0,0,0.0,307.857,direct_cup_evidence,881.899,806.967,1189.756,1114.824,1035.828,960.896
4,Day 4,Tray 2,2,DJI_20260622122329_0002,24,3,4,Yes,Yes,No,Day 1,1,5186,5186,5.46677,307.857,direct_cup_evidence,1219.094,767.297,1526.951,1075.154,1373.023,921.226
4,Day 4,Tray 2,2,DJI_20260622122329_0002,25,3,5,Yes,Yes,No,Day 1,1,3368,3368,3.55035,307.857,direct_cup_evidence,1615.794,767.297,1923.651,1075.154,1769.723,921.226
4,Day 4,Tray 2,2,DJI_20260622122329_0002,26,3,6,Yes,Yes,No,Day 2,2,773,392,0.81485,307.857,direct_cup_evidence,2012.494,767.297,2320.351,1075.154,2166.423,921.226
4,Day 4,Tray 2,2,DJI_20260622122329_0002,27,3,7,Yes,Yes,No,Day 1,1,3252,3252,3.42807,307.857,direct_cup_evidence,2415.806,765.093,2723.663,1072.95,2569.734,919.022
4,Day 4,Tray 2,2,DJI_20260622122329_0002,28,3,8,Yes,Yes,No,Day 1,1,2834,2834,2.98743,307.857,direct_cup_evidence,2805.894,765.093,3113.751,1072.95,2959.823,919.022
4,Day 4,Tray 2,2,DJI_20260622122329_0002,29,3,9,Yes,Yes,No,Day 1,1,2629,2629,2.77134,307.857,direct_cup_evidence,3211.41,776.112,3519.267,1083.97,3365.338,930.041
4,Day 4,Tray 2,2,DJI_20260622122329_0002,30,3,10,Yes,Yes,No,Day 1,1,3758,3758,3.96146,307.857,direct_cup_evidence,3608.11,776.112,3915.967,1083.97,3762.038,930.041
4,Day 4,Tray 2,2,DJI_20260622122329_0002,31,4,1,No,Yes,Yes,Day 1,1,0,0,0.0,307.857,direct_cup_evidence,62.052,1093.472,369.91,1401.33,215.981,1247.401
4,Day 4,Tray 2,2,DJI_20260622122329_0002,32,4,2,Yes,Yes,No,Day 1,1,4013,4013,4.24405,307.857,direct_cup_evidence,445.529,1097.88,753.386,1405.738,599.458,1251.809
4,Day 4,Tray 2,2,DJI_20260622122329_0002,33,4,3,Yes,Yes,No,Day 2,2,1643,1643,1.73195,307.857,direct_cup_evidence,831.21,1100.084,1139.067,1407.941,985.138,1254.013
4,Day 4,Tray 2,2,DJI_20260622122329_0002,34,4,4,Yes,Yes,No,Day 1,1,252,252,0.26564,307.857,direct_cup_evidence,1249.949,1093.472,1557.806,1401.33,1403.877,1247.401
4,Day 4,Tray 2,2,DJI_20260622122329_0002,35,4,5,Yes,Yes,No,Day 1,1,4158,4158,4.39739,307.857,direct_cup_evidence,1613.59,1108.9,1921.448,1416.757,1767.519,1262.828
4,Day 4,Tray 2,2,DJI_20260622122329_0002,36,4,6,Yes,Yes,No,Day 4,4,244,244,0.25721,307.857,direct_cup_evidence,2010.29,1111.104,2318.148,1418.961,2164.219,1265.032
4,Day 4,Tray 2,2,DJI_20260622122329_0002,37,4,7,Yes,Yes,No,Day 4,4,51,51,0.05376,307.857,direct_cup_evidence,2462.087,1080.249,2769.945,1388.106,2616.016,1234.178
4,Day 4,Tray 2,2,DJI_20260622122329_0002,38,4,8,No,No,No,,,0,0,0.0,307.857,direct_cup_evidence,2805.894,1137.55,3113.751,1445.408,2959.823,1291.479
4,Day 4,Tray 2,2,DJI_20260622122329_0002,39,4,9,No,No,No,,,0,0,0.0,307.857,direct_cup_evidence,3211.41,1117.715,3519.267,1425.573,3365.338,1271.644
4,Day 4,Tray 2,2,DJI_20260622122329_0002,40,4,10,Yes,Yes,No,Day 1,1,3793,3793,3.99836,307.857,direct_cup_evidence,3599.294,1108.9,3907.151,1416.757,3753.223,1262.828
4,Day 4,Tray 2,2,DJI_20260622122329_0002,41,5,1,Yes,Yes,No,Day 2,2,1565,1565,1.64973,307.857,direct_cup_evidence,51.033,1437.279,358.89,1745.136,204.962,1591.208
4,Day 4,Tray 2,2,DJI_20260622122329_0002,42,5,2,Yes,Yes,No,Day 3,3,746,746,0.78639,307.857,direct_cup_evidence,403.655,1426.26,711.513,1734.117,557.584,1580.188
4,Day 4,Tray 2,2,DJI_20260622122329_0002,43,5,3,Yes,Yes,No,Day 1,1,4509,4509,4.75312,307.857,direct_cup_evidence,826.802,1441.687,1134.659,1749.544,980.731,1595.616
4,Day 4,Tray 2,2,DJI_20260622122329_0002,44,5,4,No,No,No,,,0,0,0.0,307.857,direct_cup_evidence,1216.89,1450.502,1524.748,1758.36,1370.819,1604.431
4,Day 4,Tray 2,2,DJI_20260622122329_0002,45,5,5,Yes,Yes,No,Day 1,1,2791,2791,2.95169,307.857,direct_cup_evidence,1615.794,1450.502,1923.651,1758.36,1769.723,1604.431
4,Day 4,Tray 2,2,DJI_20260622122329_0002,46,5,6,No,No,No,,,0,0,0.0,307.857,direct_cup_evidence,2021.31,1481.357,2329.167,1789.214,2175.238,1635.286
4,Day 4,Tray 2,2,DJI_20260622122329_0002,47,5,7,Yes,Yes,No,Day 4,4,230,230,0.24324,307.857,direct_cup_evidence,2402.582,1457.114,2710.44,1764.971,2556.511,1611.043
4,Day 4,Tray 2,2,DJI_20260622122329_0002,48,5,8,No,No,No,,,0,0,0.0,307.857,direct_cup_evidence,2766.224,1476.949,3074.081,1784.806,2920.153,1630.878
4,Day 4,Tray 2,2,DJI_20260622122329_0002,49,5,9,No,No,No,,,0,0,0.0,307.857,direct_cup_evidence,3207.002,1463.726,3514.859,1771.583,3360.931,1617.654
4,Day 4,Tray 2,2,DJI_20260622122329_0002,50,5,10,Yes,Yes,No,Day 1,1,1808,1808,1.91209,307.857,direct_cup_evidence,3597.09,1461.522,3904.948,1769.379,3751.019,1615.451
4,Day 4,Tray 2,2,DJI_20260622122329_0002,51,6,1,Yes,Yes,No,Day 4,4,89,89,0.09382,307.857,direct_cup_evidence,51.033,1772.27,358.89,2080.128,204.962,1926.199
4,Day 4,Tray 2,2,DJI_20260622122329_0002,52,6,2,Yes,Yes,No,Day 1,1,3542,3542,3.74593,307.857,direct_cup_evidence,445.529,1772.27,753.386,2080.128,599.458,1926.199
4,Day 4,Tray 2,2,DJI_20260622122329_0002,53,6,3,Yes,Yes,No,Day 1,1,4457,4457,4.6983,307.857,direct_cup_evidence,815.782,1787.697,1123.64,2095.555,969.711,1941.626
4,Day 4,Tray 2,2,DJI_20260622122329_0002,54,6,4,No,No,No,,,0,0,0.0,307.857,direct_cup_evidence,1223.502,1785.494,1531.359,2093.351,1377.431,1939.422
4,Day 4,Tray 2,2,DJI_20260622122329_0002,55,6,5,Yes,Yes,No,Day 1,1,4434,4434,4.68928,307.857,direct_cup_evidence,1609.182,1796.513,1917.04,2104.37,1763.111,1950.442
4,Day 4,Tray 2,2,DJI_20260622122329_0002,56,6,6,Yes,Yes,No,Day 1,1,2617,2617,2.75869,307.857,direct_cup_evidence,2008.086,1800.921,2315.944,2108.778,2162.015,1954.849
4,Day 4,Tray 2,2,DJI_20260622122329_0002,57,6,7,Yes,Yes,No,Day 1,1,3013,3013,3.17613,307.857,direct_cup_evidence,2406.99,1805.329,2714.848,2113.186,2560.919,1959.257
4,Day 4,Tray 2,2,DJI_20260622122329_0002,58,6,8,No,No,No,,,0,0,0.0,307.857,direct_cup_evidence,2803.69,1798.717,3111.548,2106.574,2957.619,1952.646
4,Day 4,Tray 2,2,DJI_20260622122329_0002,59,6,9,Yes,Yes,No,Day 3,3,175,175,0.18447,307.857,direct_cup_evidence,3195.982,1800.921,3503.84,2108.778,3349.911,1954.849
4,Day 4,Tray 2,2,DJI_20260622122329_0002,60,6,10,Yes,Yes,No,Day 1,1,643,575,0.68002,307.857,direct_cup_evidence,3599.294,1807.532,3907.151,2115.39,3753.223,1961.461
4,Day 4,Tray 2,2,DJI_20260622122329_0002,61,7,1,Yes,Yes,No,Day 3,3,742,483,0.78217,307.857,direct_cup_evidence,53.237,2109.465,361.094,2417.323,207.166,2263.394
4,Day 4,Tray 2,2,DJI_20260622122329_0002,62,7,2,No,No,No,,,0,0,0.0,307.857,direct_cup_evidence,434.51,2111.669,742.367,2419.526,588.438,2265.598
4,Day 4,Tray 2,2,DJI_20260622122329_0002,63,7,3,Yes,Yes,No,Day 2,2,903,478,0.95189,307.857,direct_cup_evidence,822.394,2138.116,1130.251,2445.973,976.323,2292.044
4,Day 4,Tray 2,2,DJI_20260622122329_0002,64,7,4,No,No,No,,,0,0,0.0,307.857,direct_cup_evidence,1214.686,2138.116,1522.544,2445.973,1368.615,2292.044
4,Day 4,Tray 2,2,DJI_20260622122329_0002,65,7,5,Yes,Yes,No,Day 2,2,1333,1333,1.40975,307.857,direct_cup_evidence,1609.182,2142.524,1917.04,2450.381,1763.111,2296.452
4,Day 4,Tray 2,2,DJI_20260622122329_0002,66,7,6,Yes,Yes,No,Day 1,1,2211,2211,2.3383,307.857,direct_cup_evidence,2008.086,2142.524,2315.944,2450.381,2162.015,2296.452
4,Day 4,Tray 2,2,DJI_20260622122329_0002,67,7,7,No,No,No,,,0,0,0.0,307.857,direct_cup_evidence,2406.99,2149.135,2714.848,2456.993,2560.919,2303.064
4,Day 4,Tray 2,2,DJI_20260622122329_0002,68,7,8,Yes,Yes,No,Day 1,1,2241,2241,2.36233,307.857,direct_cup_evidence,2797.079,2138.116,3104.936,2445.973,2951.007,2292.044
4,Day 4,Tray 2,2,DJI_20260622122329_0002,69,7,9,Yes,Yes,No,Day 1,1,4281,4281,4.51278,307.857,direct_cup_evidence,3198.186,2144.727,3506.044,2452.585,3352.115,2298.656
4,Day 4,Tray 2,2,DJI_20260622122329_0002,70,7,10,No,Yes,Yes,Day 1,1,0,0,0.0,307.857,direct_cup_evidence,3597.09,2142.524,3904.948,2450.381,3751.019,2296.452
4,Day 4,Tray 3,3,DJI_20260622122437_0003,1,1,1,Yes,Yes,No,Day 1,1,815,815,0.87611,304.81,direct_cup_evidence,64.066,88.364,368.876,393.174,216.471,240.769
4,Day 4,Tray 3,3,DJI_20260622122437_0003,2,1,2,Yes,Yes,No,Day 1,1,2213,2213,2.38676,304.81,direct_cup_evidence,446.204,90.573,751.014,395.383,598.609,242.978
4,Day 4,Tray 3,3,DJI_20260622122437_0003,3,1,3,No,No,No,,,0,0,0.0,304.81,direct_cup_evidence,843.804,83.946,1148.614,388.756,996.209,236.351
4,Day 4,Tray 3,3,DJI_20260622122437_0003,4,1,4,Yes,Yes,No,Day 1,1,1260,1260,1.35447,304.81,direct_cup_evidence,1234.777,81.737,1539.587,386.547,1387.182,234.142
4,Day 4,Tray 3,3,DJI_20260622122437_0003,5,1,5,Yes,Yes,No,Day 2,2,1095,1095,1.1771,304.81,direct_cup_evidence,1630.168,88.364,1934.978,393.174,1782.573,240.769
4,Day 4,Tray 3,3,DJI_20260622122437_0003,6,1,6,Yes,Yes,No,Day 1,1,2192,2192,2.35636,304.81,direct_cup_evidence,2029.977,83.946,2334.787,388.756,2182.382,236.351
4,Day 4,Tray 3,3,DJI_20260622122437_0003,7,1,7,Yes,Yes,No,Day 2,2,1343,1343,1.4437,304.81,direct_cup_evidence,2429.786,88.364,2734.596,393.174,2582.191,240.769
4,Day 4,Tray 3,3,DJI_20260622122437_0003,8,1,8,No,No,No,,,0,0,0.0,304.81,direct_cup_evidence,2825.177,83.946,3129.987,388.756,2977.582,236.351
4,Day 4,Tray 3,3,DJI_20260622122437_0003,9,1,9,Yes,Yes,No,Day 2,2,1257,1257,1.36015,304.81,direct_cup_evidence,3220.568,90.573,3525.378,395.383,3372.973,242.978
4,Day 4,Tray 3,3,DJI_20260622122437_0003,10,1,10,No,No,No,,,0,0,0.0,304.81,direct_cup_evidence,3604.915,88.364,3909.725,393.174,3757.32,240.769
4,Day 4,Tray 3,3,DJI_20260622122437_0003,11,2,1,Yes,Yes,No,Day 2,2,647,647,0.69551,304.81,direct_cup_evidence,61.857,421.906,366.667,726.716,214.262,574.311
4,Day 4,Tray 3,3,DJI_20260622122437_0003,12,2,2,Yes,Yes,No,Day 2,2,744,744,0.79979,304.81,direct_cup_evidence,441.786,415.279,746.596,720.09,594.191,567.684
4,Day 4,Tray 3,3,DJI_20260622122437_0003,13,2,3,Yes,Yes,No,Day 1,1,610,610,0.65574,304.81,direct_cup_evidence,839.386,421.906,1144.196,726.716,991.791,574.311
4,Day 4,Tray 3,3,DJI_20260622122437_0003,14,2,4,No,No,No,,,0,0,0.0,304.81,direct_cup_evidence,1236.986,424.115,1541.796,728.925,1389.391,576.52
4,Day 4,Tray 3,3,DJI_20260622122437_0003,15,2,5,Yes,Yes,No,Day 2,2,319,319,0.34292,304.81,direct_cup_evidence,1627.959,426.324,1932.77,731.134,1780.364,578.729
4,Day 4,Tray 3,3,DJI_20260622122437_0003,16,2,6,No,No,No,,,0,0,0.0,304.81,direct_cup_evidence,2029.977,426.324,2334.787,731.134,2182.382,578.729
4,Day 4,Tray 3,3,DJI_20260622122437_0003,17,2,7,No,No,No,,,0,0,0.0,304.81,direct_cup_evidence,2427.577,424.115,2732.387,728.925,2579.982,576.52
4,Day 4,Tray 3,3,DJI_20260622122437_0003,18,2,8,No,No,No,,,0,0,0.0,304.81,direct_cup_evidence,2822.968,424.115,3127.778,728.925,2975.373,576.52
4,Day 4,Tray 3,3,DJI_20260622122437_0003,19,2,9,No,No,No,,,0,0,0.0,304.81,direct_cup_evidence,3207.315,421.906,3512.125,726.716,3359.72,574.311
4,Day 4,Tray 3,3,DJI_20260622122437_0003,20,2,10,No,No,No,,,0,0,0.0,304.81,direct_cup_evidence,3602.706,421.906,3907.516,726.716,3755.111,574.311
4,Day 4,Tray 3,3,DJI_20260622122437_0003,21,3,1,Yes,Yes,No,Day 1,1,1351,1351,1.45708,304.81,direct_cup_evidence,48.604,764.284,353.414,1069.094,201.009,916.689
4,Day 4,Tray 3,3,DJI_20260622122437_0003,22,3,2,Yes,Yes,No,Day 4,4,152,152,0.1634,304.81,direct_cup_evidence,448.413,759.866,753.223,1064.676,600.818,912.271
4,Day 4,Tray 3,3,DJI_20260622122437_0003,23,3,3,No,No,No,,,0,0,0.0,304.81,direct_cup_evidence,879.146,764.284,1183.956,1069.094,1031.551,916.689
4,Day 4,Tray 3,3,DJI_20260622122437_0003,24,3,4,Yes,Yes,No,Day 1,1,2162,2162,2.32411,304.81,direct_cup_evidence,1234.777,766.493,1539.587,1071.303,1387.182,918.898
4,Day 4,Tray 3,3,DJI_20260622122437_0003,25,3,5,Yes,Yes,No,Day 1,1,1594,1594,1.71915,304.81,direct_cup_evidence,1639.004,757.657,1943.814,1062.467,1791.409,910.062
4,Day 4,Tray 3,3,DJI_20260622122437_0003,26,3,6,No,No,No,,,0,0,0.0,304.81,direct_cup_evidence,2027.768,759.866,2332.578,1064.676,2180.173,912.271
4,Day 4,Tray 3,3,DJI_20260622122437_0003,27,3,7,No,No,No,,,0,0,0.0,304.81,direct_cup_evidence,2436.413,759.866,2741.223,1064.676,2588.818,912.271
4,Day 4,Tray 3,3,DJI_20260622122437_0003,28,3,8,Yes,Yes,No,Day 1,1,1621,1621,1.74254,304.81,direct_cup_evidence,2822.968,764.284,3127.778,1069.094,2975.373,916.689
4,Day 4,Tray 3,3,DJI_20260622122437_0003,29,3,9,No,No,No,,,0,0,0.0,304.81,direct_cup_evidence,3222.777,759.866,3527.587,1064.676,3375.182,912.271
4,Day 4,Tray 3,3,DJI_20260622122437_0003,30,3,10,No,No,No,,,0,0,0.0,304.81,direct_cup_evidence,3602.706,759.866,3907.516,1064.676,3755.111,912.271
4,Day 4,Tray 3,3,DJI_20260622122437_0003,31,4,1,No,No,No,,,0,0,0.0,304.81,direct_cup_evidence,57.439,1095.617,362.25,1400.427,209.844,1248.022
4,Day 4,Tray 3,3,DJI_20260622122437_0003,32,4,2,No,No,No,,,0,0,0.0,304.81,direct_cup_evidence,446.204,1100.035,751.014,1404.845,598.609,1252.44
4,Day 4,Tray 3,3,DJI_20260622122437_0003,33,4,3,Yes,Yes,No,Day 4,4,25,25,0.02687,304.81,direct_cup_evidence,839.386,1108.87,1144.196,1413.681,991.791,1261.276
4,Day 4,Tray 3,3,DJI_20260622122437_0003,34,4,4,Yes,Yes,No,Day 2,2,1388,1388,1.49207,304.81,direct_cup_evidence,1230.359,1100.035,1535.17,1404.845,1382.764,1252.44
4,Day 4,Tray 3,3,DJI_20260622122437_0003,35,4,5,Yes,Yes,No,Day 4,4,236,236,0.2537,304.81,direct_cup_evidence,1632.377,1097.826,1937.187,1402.636,1784.782,1250.231
4,Day 4,Tray 3,3,DJI_20260622122437_0003,36,4,6,Yes,Yes,No,Day 3,3,217,217,0.23404,304.81,direct_cup_evidence,2036.604,1097.826,2341.414,1402.636,2189.009,1250.231
4,Day 4,Tray 3,3,DJI_20260622122437_0003,37,4,7,No,No,No,,,0,0,0.0,304.81,direct_cup_evidence,2429.786,1102.244,2734.596,1407.054,2582.191,1254.649
4,Day 4,Tray 3,3,DJI_20260622122437_0003,38,4,8,Yes,Yes,No,Day 2,2,981,981,1.05456,304.81,direct_cup_evidence,2827.386,1104.453,3132.196,1409.263,2979.791,1256.858
4,Day 4,Tray 3,3,DJI_20260622122437_0003,39,4,9,Yes,Yes,No,Day 3,3,442,434,0.47514,304.81,direct_cup_evidence,3222.777,1104.453,3527.587,1409.263,3375.182,1256.858
4,Day 4,Tray 3,3,DJI_20260622122437_0003,40,4,10,No,No,No,,,0,0,0.0,304.81,direct_cup_evidence,3609.333,1088.99,3914.143,1393.801,3761.738,1241.396
4,Day 4,Tray 3,3,DJI_20260622122437_0003,41,5,1,Yes,Yes,No,Day 1,1,2001,2001,2.15103,304.81,direct_cup_evidence,53.022,1435.786,357.832,1740.596,205.427,1588.191
4,Day 4,Tray 3,3,DJI_20260622122437_0003,42,5,2,Yes,Yes,No,Day 1,1,2508,2508,2.70492,304.81,direct_cup_evidence,450.622,1440.204,755.432,1745.014,603.027,1592.609
4,Day 4,Tray 3,3,DJI_20260622122437_0003,43,5,3,Yes,Yes,No,Day 1,1,1445,1445,1.55335,304.81,direct_cup_evidence,846.013,1435.786,1150.823,1740.596,998.418,1588.191
4,Day 4,Tray 3,3,DJI_20260622122437_0003,44,5,4,Yes,Yes,No,Day 1,1,2635,2635,2.84189,304.81,direct_cup_evidence,1232.568,1449.039,1537.378,1753.85,1384.973,1601.444
4,Day 4,Tray 3,3,DJI_20260622122437_0003,45,5,5,Yes,Yes,No,Day 1,1,1109,1109,1.19215,304.81,direct_cup_evidence,1590.408,1482.173,1895.218,1786.983,1742.813,1634.578
4,Day 4,Tray 3,3,DJI_20260622122437_0003,46,5,6,Yes,Yes,No,Day 3,3,343,343,0.36872,304.81,direct_cup_evidence,2027.768,1440.204,2332.578,1745.014,2180.173,1592.609
4,Day 4,Tray 3,3,DJI_20260622122437_0003,47,5,7,Yes,Yes,No,Day 1,1,2043,2043,2.19618,304.81,direct_cup_evidence,2434.204,1442.413,2739.014,1747.223,2586.609,1594.818
4,Day 4,Tray 3,3,DJI_20260622122437_0003,48,5,8,No,No,No,,,0,0,0.0,304.81,direct_cup_evidence,2827.386,1435.786,3132.196,1740.596,2979.791,1588.191
4,Day 4,Tray 3,3,DJI_20260622122437_0003,49,5,9,No,No,No,,,0,0,0.0,304.81,direct_cup_evidence,3236.03,1409.279,3540.841,1714.09,3388.436,1561.684
4,Day 4,Tray 3,3,DJI_20260622122437_0003,50,5,10,Yes,Yes,No,Day 1,1,2126,2126,2.28541,304.81,direct_cup_evidence,3613.75,1435.786,3918.561,1740.596,3766.156,1588.191
4,Day 4,Tray 3,3,DJI_20260622122437_0003,51,6,1,Yes,Yes,No,Day 1,1,1676,953,1.80759,304.81,direct_cup_evidence,53.022,1771.537,357.832,2076.347,205.427,1923.942
4,Day 4,Tray 3,3,DJI_20260622122437_0003,52,6,2,Yes,Yes,No,Day 2,2,534,534,0.57404,304.81,direct_cup_evidence,441.786,1778.164,746.596,2082.974,594.191,1930.569
4,Day 4,Tray 3,3,DJI_20260622122437_0003,53,6,3,Yes,Yes,No,Day 1,1,1104,1104,1.18678,304.81,direct_cup_evidence,839.386,1784.79,1144.196,2089.601,991.791,1937.196
4,Day 4,Tray 3,3,DJI_20260622122437_0003,54,6,4,No,No,No,,,0,0,0.0,304.81,direct_cup_evidence,1243.613,1831.177,1548.423,2135.987,1396.018,1983.582
4,Day 4,Tray 3,3,DJI_20260622122437_0003,55,6,5,Yes,Yes,No,Day 1,1,1999,1985,2.14888,304.81,direct_cup_evidence,1630.168,1780.373,1934.978,2085.183,1782.573,1932.778
4,Day 4,Tray 3,3,DJI_20260622122437_0003,56,6,6,No,No,No,,,0,0,0.0,304.81,direct_cup_evidence,2032.186,1784.79,2336.996,2089.601,2184.591,1937.196
4,Day 4,Tray 3,3,DJI_20260622122437_0003,57,6,7,Yes,Yes,No,Day 2,2,1113,1113,1.20039,304.81,direct_cup_evidence,2427.577,1778.164,2732.387,2082.974,2579.982,1930.569
4,Day 4,Tray 3,3,DJI_20260622122437_0003,58,6,8,No,No,No,,,0,0,0.0,304.81,direct_cup_evidence,2822.968,1778.164,3127.778,2082.974,2975.373,1930.569
4,Day 4,Tray 3,3,DJI_20260622122437_0003,59,6,9,Yes,Yes,No,Day 1,1,1400,794,1.50497,304.81,direct_cup_evidence,3218.359,1780.373,3523.17,2085.183,3370.764,1932.778
4,Day 4,Tray 3,3,DJI_20260622122437_0003,60,6,10,Yes,Yes,No,Day 1,1,2643,2643,2.85052,304.81,direct_cup_evidence,3649.093,1740.613,3953.903,2045.423,3801.498,1893.018
4,Day 4,Tray 3,3,DJI_20260622122437_0003,61,7,1,Yes,Yes,No,Day 1,1,3339,3339,3.58936,304.81,direct_cup_evidence,61.857,2109.497,366.667,2414.307,214.262,2261.902
4,Day 4,Tray 3,3,DJI_20260622122437_0003,62,7,2,Yes,Yes,No,Day 2,2,748,410,0.80673,304.81,direct_cup_evidence,441.786,2120.542,746.596,2425.352,594.191,2272.947
4,Day 4,Tray 3,3,DJI_20260622122437_0003,63,7,3,Yes,Yes,No,Day 3,3,285,285,0.30738,304.81,direct_cup_evidence,839.386,2120.542,1144.196,2425.352,991.791,2272.947
4,Day 4,Tray 3,3,DJI_20260622122437_0003,64,7,4,No,No,No,,,0,0,0.0,304.81,direct_cup_evidence,1236.986,2124.959,1541.796,2429.77,1389.391,2277.364
4,Day 4,Tray 3,3,DJI_20260622122437_0003,65,7,5,Yes,Yes,No,Day 1,1,2883,2883,3.09917,304.81,direct_cup_evidence,1621.333,2118.333,1926.143,2423.143,1773.738,2270.738
4,Day 4,Tray 3,3,DJI_20260622122437_0003,66,7,6,Yes,Yes,No,Day 1,1,2360,2360,2.53695,304.81,direct_cup_evidence,2032.186,2129.377,2336.996,2434.187,2184.591,2281.782
4,Day 4,Tray 3,3,DJI_20260622122437_0003,67,7,7,No,No,No,,,0,0,0.0,304.81,direct_cup_evidence,2425.368,2118.333,2730.178,2423.143,2577.773,2270.738
4,Day 4,Tray 3,3,DJI_20260622122437_0003,68,7,8,Yes,Yes,No,Day 2,2,757,511,0.81644,304.81,direct_cup_evidence,2825.177,2120.542,3129.987,2425.352,2977.582,2272.947
4,Day 4,Tray 3,3,DJI_20260622122437_0003,69,7,9,Yes,Yes,No,Day 1,1,1606,1606,1.7321,304.81,direct_cup_evidence,3231.613,2091.826,3536.423,2396.636,3384.018,2244.231
4,Day 4,Tray 3,3,DJI_20260622122437_0003,70,7,10,Yes,Yes,No,Day 2,2,611,611,0.65681,304.81,direct_cup_evidence,3604.915,2107.288,3909.725,2412.098,3757.32,2259.693
4,Day 4,Tray 4,4,DJI_20260622122526_0004,1,1,1,Yes,Yes,No,Day 1,1,1679,1679,1.79899,305.56,direct_cup_evidence,63.473,87.747,369.033,393.307,216.253,240.527
4,Day 4,Tray 4,4,DJI_20260622122526_0004,2,1,2,Yes,Yes,No,Day 4,4,289,192,0.30965,305.56,direct_cup_evidence,458.467,109.813,764.027,415.373,611.247,262.593
4,Day 4,Tray 4,4,DJI_20260622122526_0004,3,1,3,Yes,Yes,No,Day 2,2,866,866,0.92789,305.56,direct_cup_evidence,846.84,83.333,1152.4,388.893,999.62,236.113
4,Day 4,Tray 4,4,DJI_20260622122526_0004,4,1,4,No,No,No,,,0,0,0.0,305.56,direct_cup_evidence,1244.04,81.127,1549.6,386.687,1396.82,233.907
4,Day 4,Tray 4,4,DJI_20260622122526_0004,5,1,5,Yes,Yes,No,Day 4,4,206,206,0.22,305.56,direct_cup_evidence,1641.24,81.127,1946.8,386.687,1794.02,233.907
4,Day 4,Tray 4,4,DJI_20260622122526_0004,6,1,6,No,No,No,,,0,0,0.0,305.56,direct_cup_evidence,2040.647,81.127,2346.207,386.687,2193.427,233.907
4,Day 4,Tray 4,4,DJI_20260622122526_0004,7,1,7,No,No,No,,,0,0,0.0,305.56,direct_cup_evidence,2437.847,76.713,2743.407,382.273,2590.627,229.493
4,Day 4,Tray 4,4,DJI_20260622122526_0004,8,1,8,Yes,Yes,No,Day 1,1,1508,1508,1.62107,305.56,direct_cup_evidence,2830.633,78.92,3136.193,384.48,2983.413,231.7
4,Day 4,Tray 4,4,DJI_20260622122526_0004,9,1,9,No,No,No,,,0,0,0.0,305.56,direct_cup_evidence,3227.833,76.713,3533.393,382.273,3380.613,229.493
4,Day 4,Tray 4,4,DJI_20260622122526_0004,10,1,10,No,No,No,,,0,0,0.0,305.56,direct_cup_evidence,3627.24,94.367,3932.8,399.927,3780.02,247.147
4,Day 4,Tray 4,4,DJI_20260622122526_0004,11,2,1,Yes,Yes,No,Day 4,4,433,433,0.46395,305.56,direct_cup_evidence,61.267,427.573,366.827,733.133,214.047,580.353
4,Day 4,Tray 4,4,DJI_20260622122526_0004,12,2,2,Yes,Yes,No,Day 1,1,2787,2787,2.97642,305.56,direct_cup_evidence,458.467,431.987,764.027,737.547,611.247,584.767
4,Day 4,Tray 4,4,DJI_20260622122526_0004,13,2,3,Yes,Yes,No,Day 1,1,1216,1216,1.3029,305.56,direct_cup_evidence,844.633,423.16,1150.193,728.72,997.413,575.94
4,Day 4,Tray 4,4,DJI_20260622122526_0004,14,2,4,No,No,No,,,0,0,0.0,305.56,direct_cup_evidence,1244.04,425.367,1549.6,730.927,1396.82,578.147
4,Day 4,Tray 4,4,DJI_20260622122526_0004,15,2,5,No,No,No,,,0,0,0.0,305.56,direct_cup_evidence,1643.447,423.16,1949.007,728.72,1796.227,575.94
4,Day 4,Tray 4,4,DJI_20260622122526_0004,16,2,6,No,No,No,,,0,0,0.0,305.56,direct_cup_evidence,2040.647,420.953,2346.207,726.513,2193.427,573.733
4,Day 4,Tray 4,4,DJI_20260622122526_0004,17,2,7,Yes,Yes,No,Day 3,3,395,233,0.42323,305.56,direct_cup_evidence,2437.847,420.953,2743.407,726.513,2590.627,573.733
4,Day 4,Tray 4,4,DJI_20260622122526_0004,18,2,8,Yes,Yes,No,Day 4,4,41,41,0.04393,305.56,direct_cup_evidence,2830.633,425.367,3136.193,730.927,2983.413,578.147
4,Day 4,Tray 4,4,DJI_20260622122526_0004,19,2,9,Yes,Yes,No,Day 3,3,85,38,0.09078,305.56,direct_cup_evidence,3234.453,420.953,3540.013,726.513,3387.233,573.733
4,Day 4,Tray 4,4,DJI_20260622122526_0004,20,2,10,No,No,No,,,0,0,0.0,305.56,direct_cup_evidence,3622.827,414.333,3928.387,719.893,3775.607,567.113
4,Day 4,Tray 4,4,DJI_20260622122526_0004,21,3,1,Yes,Yes,No,Day 2,2,429,429,0.45966,305.56,direct_cup_evidence,56.853,765.193,362.413,1070.753,209.633,917.973
4,Day 4,Tray 4,4,DJI_20260622122526_0004,22,3,2,No,No,No,,,0,0,0.0,305.56,direct_cup_evidence,454.053,762.987,759.613,1068.547,606.833,915.767
4,Day 4,Tray 4,4,DJI_20260622122526_0004,23,3,3,No,No,No,,,0,0,0.0,305.56,direct_cup_evidence,842.427,767.4,1147.987,1072.96,995.207,920.18
4,Day 4,Tray 4,4,DJI_20260622122526_0004,24,3,4,Yes,Yes,No,Day 3,3,228,131,0.2435,305.56,direct_cup_evidence,1244.04,767.4,1549.6,1072.96,1396.82,920.18
4,Day 4,Tray 4,4,DJI_20260622122526_0004,25,3,5,No,No,No,,,0,0,0.0,305.56,direct_cup_evidence,1636.827,767.4,1942.387,1072.96,1789.607,920.18
4,Day 4,Tray 4,4,DJI_20260622122526_0004,26,3,6,No,No,No,,,0,0,0.0,305.56,direct_cup_evidence,2040.647,765.193,2346.207,1070.753,2193.427,917.973
4,Day 4,Tray 4,4,DJI_20260622122526_0004,27,3,7,Yes,Yes,No,Day 1,1,407,313,0.43466,305.56,direct_cup_evidence,2464.327,778.433,2769.887,1083.993,2617.107,931.213
4,Day 4,Tray 4,4,DJI_20260622122526_0004,28,3,8,Yes,Yes,No,Day 2,2,469,469,0.50088,305.56,direct_cup_evidence,2835.047,762.987,3140.607,1068.547,2987.827,915.767
4,Day 4,Tray 4,4,DJI_20260622122526_0004,29,3,9,Yes,Yes,No,Day 4,4,31,31,0.03322,305.56,direct_cup_evidence,3225.627,765.193,3531.187,1070.753,3378.407,917.973
4,Day 4,Tray 4,4,DJI_20260622122526_0004,30,3,10,Yes,Yes,No,Day 2,2,1031,1031,1.10468,305.56,direct_cup_evidence,3614.0,758.573,3919.56,1064.133,3766.78,911.353
4,Day 4,Tray 4,4,DJI_20260622122526_0004,31,4,1,No,No,No,,,0,0,0.0,305.56,direct_cup_evidence,61.267,1102.813,366.827,1408.373,214.047,1255.593
4,Day 4,Tray 4,4,DJI_20260622122526_0004,32,4,2,No,No,No,,,0,0,0.0,305.56,direct_cup_evidence,458.467,1102.813,764.027,1408.373,611.247,1255.593
4,Day 4,Tray 4,4,DJI_20260622122526_0004,33,4,3,Yes,Yes,No,Day 1,1,1930,1930,2.06793,305.56,direct_cup_evidence,846.84,1109.433,1152.4,1414.993,999.62,1262.213
4,Day 4,Tray 4,4,DJI_20260622122526_0004,34,4,4,Yes,Yes,No,Day 4,4,64,59,0.06857,305.56,direct_cup_evidence,1248.453,1111.64,1554.013,1417.2,1401.233,1264.42
4,Day 4,Tray 4,4,DJI_20260622122526_0004,35,4,5,No,No,No,,,0,0,0.0,305.56,direct_cup_evidence,1641.24,1109.433,1946.8,1414.993,1794.02,1262.213
4,Day 4,Tray 4,4,DJI_20260622122526_0004,36,4,6,Yes,Yes,No,Day 1,1,234,226,0.25072,305.56,direct_cup_evidence,2040.647,1107.227,2346.207,1412.787,2193.427,1260.007
4,Day 4,Tray 4,4,DJI_20260622122526_0004,37,4,7,No,No,No,,,0,0,0.0,305.56,global_lattice_fitted,2435.686,1105.444,2741.246,1411.004,2588.466,1258.224
4,Day 4,Tray 4,4,DJI_20260622122526_0004,38,4,8,Yes,Yes,No,Day 1,1,305,305,0.3268,305.56,direct_cup_evidence,2841.667,1107.227,3147.227,1412.787,2994.447,1260.007
4,Day 4,Tray 4,4,DJI_20260622122526_0004,39,4,9,Yes,Yes,No,Day 4,4,37,32,0.03951,305.56,direct_cup_evidence,3232.247,1109.433,3537.807,1414.993,3385.027,1262.213
4,Day 4,Tray 4,4,DJI_20260622122526_0004,40,4,10,No,No,No,,,0,0,0.0,305.56,direct_cup_evidence,3618.413,1100.607,3923.973,1406.167,3771.193,1253.387
4,Day 4,Tray 4,4,DJI_20260622122526_0004,41,5,1,Yes,Yes,No,Day 1,1,1752,1752,1.87721,305.56,direct_cup_evidence,63.473,1442.64,369.033,1748.2,216.253,1595.42
4,Day 4,Tray 4,4,DJI_20260622122526_0004,42,5,2,No,No,No,,,0,0,0.0,305.56,direct_cup_evidence,454.053,1438.227,759.613,1743.787,606.833,1591.007
4,Day 4,Tray 4,4,DJI_20260622122526_0004,43,5,3,Yes,Yes,No,Day 4,4,235,235,0.25179,305.56,direct_cup_evidence,849.047,1444.847,1154.607,1750.407,1001.827,1597.627
4,Day 4,Tray 4,4,DJI_20260622122526_0004,44,5,4,Yes,Yes,No,Day 2,2,1287,1287,1.37447,305.56,direct_cup_evidence,1244.04,1447.053,1549.6,1752.613,1396.82,1599.833
4,Day 4,Tray 4,4,DJI_20260622122526_0004,45,5,5,No,No,No,,,0,0,0.0,305.56,direct_cup_evidence,1650.067,1447.053,1955.627,1752.613,1802.847,1599.833
4,Day 4,Tray 4,4,DJI_20260622122526_0004,46,5,6,No,No,No,,,0,0,0.0,305.56,direct_cup_evidence,2047.267,1453.673,2352.827,1759.233,2200.047,1606.453
4,Day 4,Tray 4,4,DJI_20260622122526_0004,47,5,7,Yes,Yes,No,Day 1,1,656,656,0.70519,305.56,direct_cup_evidence,2437.847,1444.847,2743.407,1750.407,2590.627,1597.627
4,Day 4,Tray 4,4,DJI_20260622122526_0004,48,5,8,Yes,Yes,No,Day 1,1,1368,1368,1.46577,305.56,direct_cup_evidence,2784.293,1444.847,3089.853,1750.407,2937.073,1597.627
4,Day 4,Tray 4,4,DJI_20260622122526_0004,49,5,9,Yes,Yes,No,Day 2,2,1497,1497,1.60924,305.56,direct_cup_evidence,3227.833,1442.64,3533.393,1748.2,3380.613,1595.42
4,Day 4,Tray 4,4,DJI_20260622122526_0004,50,5,10,No,No,No,,,0,0,0.0,305.56,direct_cup_evidence,3618.413,1438.227,3923.973,1743.787,3771.193,1591.007
4,Day 4,Tray 4,4,DJI_20260622122526_0004,51,6,1,Yes,Yes,No,Day 1,1,758,758,0.81217,305.56,direct_cup_evidence,65.68,1782.467,371.24,2088.027,218.46,1935.247
4,Day 4,Tray 4,4,DJI_20260622122526_0004,52,6,2,No,No,No,,,0,0,0.0,305.56,direct_cup_evidence,460.673,1784.673,766.233,2090.233,613.453,1937.453
4,Day 4,Tray 4,4,DJI_20260622122526_0004,53,6,3,Yes,Yes,No,Day 1,1,1492,1492,1.59863,305.56,direct_cup_evidence,851.253,1784.673,1156.813,2090.233,1004.033,1937.453
4,Day 4,Tray 4,4,DJI_20260622122526_0004,54,6,4,Yes,Yes,No,Day 2,2,807,807,0.86467,305.56,direct_cup_evidence,1248.453,1786.88,1554.013,2092.44,1401.233,1939.66
4,Day 4,Tray 4,4,DJI_20260622122526_0004,55,6,5,Yes,Yes,No,Day 1,1,1655,1655,1.76748,305.56,direct_cup_evidence,1641.24,1789.087,1946.8,2094.647,1794.02,1941.867
4,Day 4,Tray 4,4,DJI_20260622122526_0004,56,6,6,Yes,Yes,No,Day 1,1,1317,1317,1.41112,305.56,direct_cup_evidence,2042.853,1789.087,2348.413,2094.647,2195.633,1941.867
4,Day 4,Tray 4,4,DJI_20260622122526_0004,57,6,7,No,No,No,,,0,0,0.0,305.56,direct_cup_evidence,2435.64,1778.053,2741.2,2083.613,2588.42,1930.833
4,Day 4,Tray 4,4,DJI_20260622122526_0004,58,6,8,Yes,Yes,No,Day 1,1,638,638,0.68584,305.56,direct_cup_evidence,2830.633,1775.847,3136.193,2081.407,2983.413,1928.627
4,Day 4,Tray 4,4,DJI_20260622122526_0004,59,6,9,Yes,Yes,No,Day 2,2,930,930,0.99646,305.56,direct_cup_evidence,3234.453,1797.913,3540.013,2103.473,3387.233,1950.693
4,Day 4,Tray 4,4,DJI_20260622122526_0004,60,6,10,No,No,No,,,0,0,0.0,305.56,direct_cup_evidence,3618.413,1813.36,3923.973,2118.92,3771.193,1966.14
4,Day 4,Tray 4,4,DJI_20260622122526_0004,61,7,1,Yes,Yes,No,Day 1,1,1768,1768,1.88816,305.56,direct_cup_evidence,70.093,2109.053,375.653,2414.613,222.873,2261.833
4,Day 4,Tray 4,4,DJI_20260622122526_0004,62,7,2,No,No,No,,,0,0,0.0,305.56,direct_cup_evidence,465.087,2115.673,770.647,2421.233,617.867,2268.453
4,Day 4,Tray 4,4,DJI_20260622122526_0004,63,7,3,Yes,Yes,No,Day 2,2,1055,1055,1.1341,305.56,direct_cup_evidence,855.667,2117.88,1161.227,2423.44,1008.447,2270.66
4,Day 4,Tray 4,4,DJI_20260622122526_0004,64,7,4,Yes,Yes,No,Day 2,2,954,954,1.02218,305.56,direct_cup_evidence,1248.453,2128.913,1554.013,2434.473,1401.233,2281.693
4,Day 4,Tray 4,4,DJI_20260622122526_0004,65,7,5,Yes,Yes,No,Day 1,1,623,623,0.66752,305.56,direct_cup_evidence,1641.24,2117.88,1946.8,2423.44,1794.02,2270.66
4,Day 4,Tray 4,4,DJI_20260622122526_0004,66,7,6,Yes,Yes,No,Day 2,2,654,654,0.70304,305.56,direct_cup_evidence,2040.647,2128.913,2346.207,2434.473,2193.427,2281.693
4,Day 4,Tray 4,4,DJI_20260622122526_0004,67,7,7,Yes,Yes,No,Day 2,2,962,962,1.03413,305.56,direct_cup_evidence,2435.64,2115.673,2741.2,2421.233,2588.42,2268.453
4,Day 4,Tray 4,4,DJI_20260622122526_0004,68,7,8,No,No,No,,,0,0,0.0,305.56,direct_cup_evidence,2824.013,2120.087,3129.573,2425.647,2976.793,2272.867
4,Day 4,Tray 4,4,DJI_20260622122526_0004,69,7,9,Yes,Yes,No,Day 1,1,2245,2245,2.41333,305.56,direct_cup_evidence,3216.8,2117.88,3522.36,2423.44,3369.58,2270.66
4,Day 4,Tray 4,4,DJI_20260622122526_0004,70,7,10,Yes,Yes,No,Day 1,1,1794,1794,1.92851,305.56,direct_cup_evidence,3611.793,2106.847,3917.353,2412.407,3764.573,2259.627
4,Day 4,Tray 5,5,DJI_20260622122624_0005,1,1,1,Yes,Yes,No,Day 2,2,1326,1326,1.40691,307.006,direct_cup_evidence,40.782,93.768,347.787,400.774,194.284,247.271
4,Day 4,Tray 5,5,DJI_20260622122624_0005,2,1,2,No,Yes,Yes,Day 2,2,0,0,0.0,307.006,direct_cup_evidence,420.519,100.392,727.525,407.397,574.022,253.894
4,Day 4,Tray 5,5,DJI_20260622122624_0005,3,1,3,No,No,No,,,0,0,0.0,307.006,direct_cup_evidence,817.919,89.353,1124.925,396.358,971.422,242.856
4,Day 4,Tray 5,5,DJI_20260622122624_0005,4,1,4,Yes,Yes,No,Day 4,4,1055,1055,1.11938,307.006,direct_cup_evidence,1213.112,91.56,1520.117,398.566,1366.614,245.063
4,Day 4,Tray 5,5,DJI_20260622122624_0005,5,1,5,Yes,Yes,No,Day 3,3,1798,1798,1.90771,307.006,direct_cup_evidence,1601.68,91.56,1908.686,398.566,1755.183,245.063
4,Day 4,Tray 5,5,DJI_20260622122624_0005,6,1,6,Yes,Yes,No,Day 1,1,3834,3834,4.06795,307.006,direct_cup_evidence,1996.873,87.145,2303.878,394.151,2150.376,240.648
4,Day 4,Tray 5,5,DJI_20260622122624_0005,7,1,7,Yes,Yes,No,Day 2,2,3987,3987,4.23028,307.006,direct_cup_evidence,2398.688,87.145,2705.694,394.151,2552.191,240.648
4,Day 4,Tray 5,5,DJI_20260622122624_0005,8,1,8,Yes,Yes,No,Day 1,1,3941,3941,4.18148,307.006,direct_cup_evidence,2798.296,91.56,3105.302,398.566,2951.799,245.063
4,Day 4,Tray 5,5,DJI_20260622122624_0005,9,1,9,Yes,Yes,No,Day 4,4,1665,1665,1.7666,307.006,direct_cup_evidence,3186.865,91.56,3493.871,398.566,3340.368,245.063
4,Day 4,Tray 5,5,DJI_20260622122624_0005,10,1,10,Yes,Yes,No,Day 1,1,2079,2079,2.20586,307.006,direct_cup_evidence,3593.096,89.353,3900.102,396.358,3746.599,242.856
4,Day 4,Tray 5,5,DJI_20260622122624_0005,11,2,1,Yes,Yes,No,Day 1,1,1539,1539,1.63291,307.006,direct_cup_evidence,36.366,424.935,343.372,731.941,189.869,578.438
4,Day 4,Tray 5,5,DJI_20260622122624_0005,12,2,2,Yes,Yes,No,Day 1,1,4146,4146,4.39899,307.006,direct_cup_evidence,422.727,431.558,729.733,738.564,576.23,585.061
4,Day 4,Tray 5,5,DJI_20260622122624_0005,13,2,3,Yes,Yes,No,Day 1,1,2399,2399,2.54539,307.006,direct_cup_evidence,817.919,424.935,1124.925,731.941,971.422,578.438
4,Day 4,Tray 5,5,DJI_20260622122624_0005,14,2,4,No,Yes,Yes,Day 2,2,0,0,0.0,307.006,direct_cup_evidence,1213.112,427.143,1520.117,734.148,1366.614,580.646
4,Day 4,Tray 5,5,DJI_20260622122624_0005,15,2,5,Yes,Yes,No,Day 1,1,466,466,0.49443,307.006,direct_cup_evidence,1597.265,438.182,1904.271,745.187,1750.768,591.684
4,Day 4,Tray 5,5,DJI_20260622122624_0005,16,2,6,Yes,Yes,No,Day 1,1,9469,9469,10.04679,307.006,direct_cup_evidence,1999.08,433.766,2306.086,740.772,2152.583,587.269
4,Day 4,Tray 5,5,DJI_20260622122624_0005,17,2,7,Yes,Yes,No,Day 1,1,3639,3639,3.86105,307.006,direct_cup_evidence,2400.896,435.974,2707.902,742.98,2554.399,589.477
4,Day 4,Tray 5,5,DJI_20260622122624_0005,18,2,8,Yes,Yes,No,Day 1,1,7028,7028,7.45684,307.006,direct_cup_evidence,2791.673,435.974,3098.678,742.98,2945.176,589.477
4,Day 4,Tray 5,5,DJI_20260622122624_0005,19,2,9,No,Yes,Yes,Day 1,1,0,0,0.0,307.006,direct_cup_evidence,3202.319,433.766,3509.325,740.772,3355.822,587.269
4,Day 4,Tray 5,5,DJI_20260622122624_0005,20,2,10,Yes,Yes,No,Day 1,1,1355,1355,1.43768,307.006,direct_cup_evidence,3599.719,435.974,3906.725,742.98,3753.222,589.477
4,Day 4,Tray 5,5,DJI_20260622122624_0005,21,3,1,Yes,Yes,No,Day 1,1,1090,1090,1.15651,307.006,direct_cup_evidence,34.158,764.933,341.164,1071.938,187.661,918.436
4,Day 4,Tray 5,5,DJI_20260622122624_0005,22,3,2,Yes,Yes,No,Day 1,1,3956,3956,4.19739,307.006,direct_cup_evidence,413.896,767.14,720.902,1074.146,567.399,920.643
4,Day 4,Tray 5,5,DJI_20260622122624_0005,23,3,3,Yes,Yes,No,Day 2,2,6045,6045,6.41386,307.006,direct_cup_evidence,804.673,771.556,1111.678,1078.562,958.176,925.059
4,Day 4,Tray 5,5,DJI_20260622122624_0005,24,3,4,Yes,Yes,No,Day 1,1,6164,6164,6.54012,307.006,direct_cup_evidence,1206.488,769.348,1513.494,1076.354,1359.991,922.851
4,Day 4,Tray 5,5,DJI_20260622122624_0005,25,3,5,Yes,Yes,No,Day 4,4,4510,4510,4.7852,307.006,global_lattice_fitted,1609.425,773.997,1916.431,1081.003,1762.928,927.5
4,Day 4,Tray 5,5,DJI_20260622122624_0005,26,3,6,Yes,Yes,No,Day 2,2,432,432,0.45836,307.006,direct_cup_evidence,1999.08,775.972,2306.086,1082.977,2152.583,929.474
4,Day 4,Tray 5,5,DJI_20260622122624_0005,27,3,7,Yes,Yes,No,Day 2,2,1019,1019,1.08118,307.006,direct_cup_evidence,2396.48,775.972,2703.486,1082.977,2549.983,929.474
4,Day 4,Tray 5,5,DJI_20260622122624_0005,28,3,8,Yes,Yes,No,Day 3,3,1343,1343,1.42495,307.006,direct_cup_evidence,2802.712,775.972,3109.717,1082.977,2956.214,929.474
4,Day 4,Tray 5,5,DJI_20260622122624_0005,29,3,9,Yes,Yes,No,Day 4,4,1560,1560,1.65519,307.006,direct_cup_evidence,3193.488,778.179,3500.494,1085.185,3346.991,931.682
4,Day 4,Tray 5,5,DJI_20260622122624_0005,30,3,10,Yes,Yes,No,Day 1,1,5086,5086,5.39634,307.006,direct_cup_evidence,3597.512,780.387,3904.517,1087.393,3751.014,933.89
4,Day 4,Tray 5,5,DJI_20260622122624_0005,31,4,1,Yes,Yes,No,Day 1,1,3373,3373,3.57882,307.006,direct_cup_evidence,38.574,1098.307,345.58,1405.313,192.077,1251.81
4,Day 4,Tray 5,5,DJI_20260622122624_0005,32,4,2,Yes,Yes,No,Day 4,4,3658,3658,3.88121,307.006,direct_cup_evidence,413.896,1102.723,720.902,1409.728,567.399,1256.226
4,Day 4,Tray 5,5,DJI_20260622122624_0005,33,4,3,Yes,Yes,No,Day 1,1,5343,5343,5.66903,307.006,direct_cup_evidence,804.673,1107.138,1111.678,1414.144,958.176,1260.641
4,Day 4,Tray 5,5,DJI_20260622122624_0005,34,4,4,Yes,Yes,No,Day 1,1,7099,7099,7.53218,307.006,direct_cup_evidence,1175.579,1120.385,1482.585,1427.391,1329.082,1273.888
4,Day 4,Tray 5,5,DJI_20260622122624_0005,35,4,5,Yes,Yes,No,Day 3,3,117,117,0.12414,307.006,direct_cup_evidence,1603.888,1113.762,1910.894,1420.767,1757.391,1267.264
4,Day 4,Tray 5,5,DJI_20260622122624_0005,36,4,6,Yes,Yes,No,Day 4,4,313,214,0.3321,307.006,direct_cup_evidence,2007.912,1113.762,2314.917,1420.767,2161.414,1267.264
4,Day 4,Tray 5,5,DJI_20260622122624_0005,37,4,7,Yes,Yes,No,Day 1,1,850,850,0.90187,307.006,direct_cup_evidence,2400.896,1120.385,2707.902,1427.391,2554.399,1273.888
4,Day 4,Tray 5,5,DJI_20260622122624_0005,38,4,8,Yes,Yes,No,Day 1,1,3012,3012,3.19579,307.006,direct_cup_evidence,2804.919,1120.385,3111.925,1427.391,2958.422,1273.888
4,Day 4,Tray 5,5,DJI_20260622122624_0005,39,4,9,No,Yes,Yes,Day 2,2,0,0,0.0,307.006,direct_cup_evidence,3200.112,1113.762,3507.117,1420.767,3353.614,1267.264
4,Day 4,Tray 5,5,DJI_20260622122624_0005,40,4,10,Yes,Yes,No,Day 1,1,1533,1528,1.62654,307.006,direct_cup_evidence,3604.135,1120.385,3911.141,1427.391,3757.638,1273.888
4,Day 4,Tray 5,5,DJI_20260622122624_0005,41,5,1,Yes,Yes,No,Day 1,1,3514,3514,3.72842,307.006,direct_cup_evidence,27.535,1438.305,334.541,1745.311,181.038,1591.808
4,Day 4,Tray 5,5,DJI_20260622122624_0005,42,5,2,No,Yes,Yes,Day 2,2,0,0,0.0,307.006,direct_cup_evidence,464.675,1458.175,771.681,1765.181,618.178,1611.678
4,Day 4,Tray 5,5,DJI_20260622122624_0005,43,5,3,Yes,Yes,No,Day 2,2,842,842,0.89338,307.006,direct_cup_evidence,806.88,1453.759,1113.886,1760.765,960.383,1607.262
4,Day 4,Tray 5,5,DJI_20260622122624_0005,44,5,4,Yes,Yes,No,Day 2,2,966,583,1.02494,307.006,direct_cup_evidence,1199.865,1447.136,1506.871,1754.142,1353.368,1600.639
4,Day 4,Tray 5,5,DJI_20260622122624_0005,45,5,5,Yes,Yes,No,Day 3,3,1736,1728,1.84193,307.006,direct_cup_evidence,1599.473,1458.175,1906.478,1765.181,1752.976,1611.678
4,Day 4,Tray 5,5,DJI_20260622122624_0005,46,5,6,No,Yes,Yes,Day 1,1,0,0,0.0,307.006,direct_cup_evidence,2034.405,1471.422,2341.411,1778.427,2187.908,1624.924
4,Day 4,Tray 5,5,DJI_20260622122624_0005,47,5,7,Yes,Yes,No,Day 1,1,3354,3354,3.55866,307.006,direct_cup_evidence,2398.688,1460.383,2705.694,1767.388,2552.191,1613.886
4,Day 4,Tray 5,5,DJI_20260622122624_0005,48,5,8,Yes,Yes,No,Day 1,1,2613,2613,2.77244,307.006,direct_cup_evidence,2798.296,1464.798,3105.302,1771.804,2951.799,1618.301
4,Day 4,Tray 5,5,DJI_20260622122624_0005,49,5,9,Yes,Yes,No,Day 1,1,7112,7112,7.54597,307.006,direct_cup_evidence,3200.112,1464.798,3507.117,1771.804,3353.614,1618.301
4,Day 4,Tray 5,5,DJI_20260622122624_0005,50,5,10,Yes,Yes,No,Day 2,2,2472,2472,2.62284,307.006,direct_cup_evidence,3606.343,1467.006,3913.348,1774.012,3759.846,1620.509
4,Day 4,Tray 5,5,DJI_20260622122624_0005,51,6,1,Yes,Yes,No,Day 2,2,3633,3633,3.85468,307.006,direct_cup_evidence,29.743,1765.056,336.748,2072.062,183.246,1918.559
4,Day 4,Tray 5,5,DJI_20260622122624_0005,52,6,2,Yes,Yes,No,Day 4,4,2486,2486,2.63769,307.006,direct_cup_evidence,411.688,1787.134,718.694,2094.14,565.191,1940.637
4,Day 4,Tray 5,5,DJI_20260622122624_0005,53,6,3,Yes,Yes,No,Day 1,1,4588,4588,4.86796,307.006,direct_cup_evidence,804.673,1791.549,1111.678,2098.555,958.176,1945.052
4,Day 4,Tray 5,5,DJI_20260622122624_0005,54,6,4,Yes,Yes,No,Day 1,1,2039,2039,2.16342,307.006,direct_cup_evidence,1206.488,1798.173,1513.494,2105.178,1359.991,1951.676
4,Day 4,Tray 5,5,DJI_20260622122624_0005,55,6,5,Yes,Yes,No,Day 1,1,9508,9508,10.08817,307.006,direct_cup_evidence,1599.473,1802.588,1906.478,2109.594,1752.976,1956.091
4,Day 4,Tray 5,5,DJI_20260622122624_0005,56,6,6,Yes,Yes,No,Day 2,2,2913,2913,3.09075,307.006,direct_cup_evidence,2001.288,1809.212,2308.294,2116.217,2154.791,1962.714
4,Day 4,Tray 5,5,DJI_20260622122624_0005,57,6,7,Yes,Yes,No,Day 4,4,1818,1818,1.92893,307.006,direct_cup_evidence,2396.48,1804.796,2703.486,2111.802,2549.983,1958.299
4,Day 4,Tray 5,5,DJI_20260622122624_0005,58,6,8,Yes,Yes,No,Day 1,1,2942,2942,3.12152,307.006,direct_cup_evidence,2804.919,1809.212,3111.925,2116.217,2958.422,1962.714
4,Day 4,Tray 5,5,DJI_20260622122624_0005,59,6,9,Yes,Yes,No,Day 1,1,5261,5261,5.58202,307.006,direct_cup_evidence,3204.527,1800.38,3511.533,2107.386,3358.03,1953.883
4,Day 4,Tray 5,5,DJI_20260622122624_0005,60,6,10,Yes,Yes,No,Day 2,2,3052,3052,3.23823,307.006,direct_cup_evidence,3643.875,1798.173,3950.881,2105.178,3797.378,1951.676
4,Day 4,Tray 5,5,DJI_20260622122624_0005,61,7,1,Yes,Yes,No,Day 1,1,3436,3421,3.64566,307.006,direct_cup_evidence,34.158,2102.846,341.164,2409.852,187.661,2256.349
4,Day 4,Tray 5,5,DJI_20260622122624_0005,62,7,2,No,Yes,Yes,Day 2,2,0,0,0.0,307.006,direct_cup_evidence,398.442,2094.015,705.447,2401.021,551.944,2247.518
4,Day 4,Tray 5,5,DJI_20260622122624_0005,63,7,3,Yes,Yes,No,Day 1,1,7662,7650,8.12953,307.006,direct_cup_evidence,789.218,2135.963,1096.224,2442.968,942.721,2289.466
4,Day 4,Tray 5,5,DJI_20260622122624_0005,64,7,4,Yes,Yes,No,Day 1,1,2737,2737,2.90401,307.006,direct_cup_evidence,1202.073,2140.378,1509.078,2447.384,1355.576,2293.881
4,Day 4,Tray 5,5,DJI_20260622122624_0005,65,7,5,Yes,Yes,No,Day 1,1,3256,3256,3.45468,307.006,direct_cup_evidence,1599.473,2153.625,1906.478,2460.631,1752.976,2307.128
4,Day 4,Tray 5,5,DJI_20260622122624_0005,66,7,6,No,Yes,Yes,Day 1,1,0,0,0.0,307.006,direct_cup_evidence,2001.288,2155.833,2308.294,2462.838,2154.791,2309.336
4,Day 4,Tray 5,5,DJI_20260622122624_0005,67,7,7,No,Yes,Yes,Day 3,3,0,0,0.0,307.006,direct_cup_evidence,2405.312,2160.248,2712.317,2467.254,2558.814,2313.751
4,Day 4,Tray 5,5,DJI_20260622122624_0005,68,7,8,No,No,No,,,0,0,0.0,307.006,direct_cup_evidence,2807.127,2158.04,3114.133,2465.046,2960.63,2311.543
4,Day 4,Tray 5,5,DJI_20260622122624_0005,69,7,9,Yes,Yes,No,Day 4,4,2415,2415,2.56236,307.006,direct_cup_evidence,3206.735,2155.833,3513.741,2462.838,3360.238,2309.336
4,Day 4,Tray 5,5,DJI_20260622122624_0005,70,7,10,Yes,Yes,No,Day 3,3,1129,1129,1.19789,307.006,direct_cup_evidence,3599.719,2142.586,3906.725,2449.592,3753.222,2296.089
4,Day 4,Tray 6,6,DJI_20260622122657_0006,1,1,1,Yes,Yes,No,Day 2,2,625,625,0.66748,305.349,direct_cup_evidence,52.184,118.267,357.533,423.616,204.858,270.942
4,Day 4,Tray 6,6,DJI_20260622122657_0006,2,1,2,No,No,No,,,0,0,0.0,305.349,direct_cup_evidence,439.873,116.064,745.222,421.414,592.547,268.739
4,Day 4,Tray 6,6,DJI_20260622122657_0006,3,1,3,Yes,Yes,No,Day 1,1,2430,2430,2.60366,305.349,direct_cup_evidence,842.981,109.456,1148.33,414.805,995.656,262.131
4,Day 4,Tray 6,6,DJI_20260622122657_0006,4,1,4,Yes,Yes,No,Day 2,2,930,930,0.99646,305.349,direct_cup_evidence,1230.67,109.456,1536.019,414.805,1383.344,262.131
4,Day 4,Tray 6,6,DJI_20260622122657_0006,5,1,5,Yes,Yes,No,Day 2,2,924,924,0.99004,305.349,direct_cup_evidence,1629.373,102.848,1934.722,408.197,1782.047,255.522
4,Day 4,Tray 6,6,DJI_20260622122657_0006,6,1,6,No,No,No,,,0,0,0.0,305.349,direct_cup_evidence,2021.467,107.253,2326.816,412.602,2174.142,259.928
4,Day 4,Tray 6,6,DJI_20260622122657_0006,7,1,7,Yes,Yes,No,Day 3,3,146,146,0.15643,305.349,direct_cup_evidence,2422.373,105.05,2727.722,410.4,2575.047,257.725
4,Day 4,Tray 6,6,DJI_20260622122657_0006,8,1,8,No,No,No,,,0,0,0.0,305.349,direct_cup_evidence,2816.67,107.253,3122.019,412.602,2969.344,259.928
4,Day 4,Tray 6,6,DJI_20260622122657_0006,9,1,9,No,Yes,Yes,Day 3,3,0,0,0.0,305.349,direct_cup_evidence,3215.373,105.05,3520.722,410.4,3368.047,257.725
4,Day 4,Tray 6,6,DJI_20260622122657_0006,10,1,10,No,No,No,,,0,0,0.0,305.349,direct_cup_evidence,3596.453,105.05,3901.802,410.4,3749.128,257.725
4,Day 4,Tray 6,6,DJI_20260622122657_0006,11,2,1,Yes,Yes,No,Day 1,1,956,956,1.02768,305.349,direct_cup_evidence,49.981,450.886,355.33,756.236,202.656,603.561
4,Day 4,Tray 6,6,DJI_20260622122657_0006,12,2,2,Yes,Yes,No,Day 1,1,1201,1201,1.28683,305.349,direct_cup_evidence,448.684,446.481,754.033,751.83,601.358,599.156
4,Day 4,Tray 6,6,DJI_20260622122657_0006,13,2,3,No,No,No,,,0,0,0.0,305.349,direct_cup_evidence,831.967,450.886,1137.316,756.236,984.642,603.561
4,Day 4,Tray 6,6,DJI_20260622122657_0006,14,2,4,No,No,No,,,0,0,0.0,305.349,direct_cup_evidence,1254.9,439.873,1560.25,745.222,1407.575,592.547
4,Day 4,Tray 6,6,DJI_20260622122657_0006,15,2,5,Yes,Yes,No,Day 1,1,1526,1526,1.64042,305.349,direct_cup_evidence,1624.967,448.684,1930.316,754.033,1777.642,601.358
4,Day 4,Tray 6,6,DJI_20260622122657_0006,16,2,6,Yes,Yes,No,Day 3,3,167,151,0.17952,305.349,direct_cup_evidence,2025.873,450.886,2331.222,756.236,2178.547,603.561
4,Day 4,Tray 6,6,DJI_20260622122657_0006,17,2,7,No,Yes,Yes,Day 2,2,14,14,0.01495,305.349,direct_cup_evidence,2420.17,446.481,2725.519,751.83,2572.844,599.156
4,Day 4,Tray 6,6,DJI_20260622122657_0006,18,2,8,No,No,No,,,0,0,0.0,305.349,direct_cup_evidence,2845.306,439.873,3150.655,745.222,2997.981,592.547
4,Day 4,Tray 6,6,DJI_20260622122657_0006,19,2,9,No,No,No,,,0,0,0.0,305.349,direct_cup_evidence,3215.373,426.656,3520.722,732.005,3368.047,579.331
4,Day 4,Tray 6,6,DJI_20260622122657_0006,20,2,10,Yes,Yes,No,Day 1,1,1583,1583,1.69613,305.349,direct_cup_evidence,3605.264,475.117,3910.614,780.466,3757.939,627.792
4,Day 4,Tray 6,6,DJI_20260622122657_0006,21,3,1,No,No,No,,,0,0,0.0,305.349,direct_cup_evidence,49.981,790.114,355.33,1095.464,202.656,942.789
4,Day 4,Tray 6,6,DJI_20260622122657_0006,22,3,2,No,No,No,,,0,0,0.0,305.349,direct_cup_evidence,439.873,790.114,745.222,1095.464,592.547,942.789
4,Day 4,Tray 6,6,DJI_20260622122657_0006,23,3,3,No,No,No,,,0,0,0.0,305.349,direct_cup_evidence,873.82,829.764,1179.169,1135.114,1026.494,982.439
4,Day 4,Tray 6,6,DJI_20260622122657_0006,24,3,4,Yes,Yes,No,Day 4,4,238,238,0.25585,305.349,direct_cup_evidence,1230.67,783.506,1536.019,1088.855,1383.344,936.181
4,Day 4,Tray 6,6,DJI_20260622122657_0006,25,3,5,Yes,Yes,No,Day 2,2,800,800,0.85998,305.349,direct_cup_evidence,1624.967,790.114,1930.316,1095.464,1777.642,942.789
4,Day 4,Tray 6,6,DJI_20260622122657_0006,26,3,6,Yes,Yes,No,Day 1,1,937,937,1.00396,305.349,direct_cup_evidence,2021.467,790.114,2326.816,1095.464,2174.142,942.789
4,Day 4,Tray 6,6,DJI_20260622122657_0006,27,3,7,No,No,No,,,0,0,0.0,305.349,direct_cup_evidence,2420.17,790.114,2725.519,1095.464,2572.844,942.789
4,Day 4,Tray 6,6,DJI_20260622122657_0006,28,3,8,No,No,No,,,0,0,0.0,305.349,direct_cup_evidence,2812.264,790.114,3117.614,1095.464,2964.939,942.789
4,Day 4,Tray 6,6,DJI_20260622122657_0006,29,3,9,Yes,Yes,No,Day 1,1,822,822,0.88075,305.349,direct_cup_evidence,3182.331,752.667,3487.68,1058.016,3335.006,905.342
4,Day 4,Tray 6,6,DJI_20260622122657_0006,30,3,10,Yes,Yes,No,Day 1,1,992,978,1.0629,305.349,direct_cup_evidence,3605.264,783.506,3910.614,1088.855,3757.939,936.181
4,Day 4,Tray 6,6,DJI_20260622122657_0006,31,4,1,No,No,No,,,0,0,0.0,305.349,direct_cup_evidence,47.778,1124.936,353.127,1430.286,200.453,1277.611
4,Day 4,Tray 6,6,DJI_20260622122657_0006,32,4,2,No,No,No,,,0,0,0.0,305.349,direct_cup_evidence,437.67,1124.936,743.019,1430.286,590.344,1277.611
4,Day 4,Tray 6,6,DJI_20260622122657_0006,33,4,3,Yes,Yes,No,Day 3,3,66,66,0.07095,305.349,direct_cup_evidence,831.967,1122.734,1137.316,1428.083,984.642,1275.408
4,Day 4,Tray 6,6,DJI_20260622122657_0006,34,4,4,Yes,Yes,No,Day 1,1,894,894,0.95789,305.349,direct_cup_evidence,1228.467,1131.545,1533.816,1436.894,1381.142,1284.219
4,Day 4,Tray 6,6,DJI_20260622122657_0006,35,4,5,Yes,Yes,No,Day 2,2,967,967,1.03611,305.349,direct_cup_evidence,1616.156,1131.545,1921.505,1436.894,1768.831,1284.219
4,Day 4,Tray 6,6,DJI_20260622122657_0006,36,4,6,No,No,No,,,0,0,0.0,305.349,direct_cup_evidence,2025.873,1118.328,2331.222,1423.677,2178.547,1271.003
4,Day 4,Tray 6,6,DJI_20260622122657_0006,37,4,7,Yes,Yes,No,Day 3,3,549,549,0.58824,305.349,direct_cup_evidence,2420.17,1127.139,2725.519,1432.489,2572.844,1279.814
4,Day 4,Tray 6,6,DJI_20260622122657_0006,38,4,8,No,No,No,,,0,0,0.0,305.349,direct_cup_evidence,2818.873,1127.139,3124.222,1432.489,2971.547,1279.814
4,Day 4,Tray 6,6,DJI_20260622122657_0006,39,4,9,No,No,No,,,0,0,0.0,305.349,direct_cup_evidence,3208.764,1124.936,3514.114,1430.286,3361.439,1277.611
4,Day 4,Tray 6,6,DJI_20260622122657_0006,40,4,10,Yes,Yes,No,Day 2,2,567,567,0.60752,305.349,direct_cup_evidence,3607.467,1111.72,3912.816,1417.069,3760.142,1264.394
4,Day 4,Tray 6,6,DJI_20260622122657_0006,41,5,1,Yes,Yes,No,Day 2,2,214,214,0.22929,305.349,direct_cup_evidence,47.778,1464.164,353.127,1769.514,200.453,1616.839
4,Day 4,Tray 6,6,DJI_20260622122657_0006,42,5,2,Yes,Yes,No,Day 1,1,945,945,1.01254,305.349,direct_cup_evidence,439.873,1466.367,745.222,1771.716,592.547,1619.042
4,Day 4,Tray 6,6,DJI_20260622122657_0006,43,5,3,Yes,Yes,No,Day 2,2,384,384,0.4101,305.349,direct_cup_evidence,834.17,1466.367,1139.519,1771.716,986.844,1619.042
4,Day 4,Tray 6,6,DJI_20260622122657_0006,44,5,4,Yes,Yes,No,Day 2,2,1127,1127,1.20754,305.349,direct_cup_evidence,1226.264,1468.57,1531.614,1773.919,1378.939,1621.244
4,Day 4,Tray 6,6,DJI_20260622122657_0006,45,5,5,No,No,No,,,0,0,0.0,305.349,direct_cup_evidence,1627.17,1461.961,1932.519,1767.311,1779.844,1614.636
4,Day 4,Tray 6,6,DJI_20260622122657_0006,46,5,6,No,No,No,,,0,0,0.0,305.349,direct_cup_evidence,2021.467,1470.773,2326.816,1776.122,2174.142,1623.447
4,Day 4,Tray 6,6,DJI_20260622122657_0006,47,5,7,No,No,No,,,0,0,0.0,305.349,direct_cup_evidence,2413.561,1466.367,2718.911,1771.716,2566.236,1619.042
4,Day 4,Tray 6,6,DJI_20260622122657_0006,48,5,8,Yes,Yes,No,Day 4,4,217,217,0.23327,305.349,direct_cup_evidence,2816.67,1468.57,3122.019,1773.919,2969.344,1621.244
4,Day 4,Tray 6,6,DJI_20260622122657_0006,49,5,9,No,No,No,,,0,0,0.0,305.349,direct_cup_evidence,3213.17,1464.164,3518.519,1769.514,3365.844,1616.839
4,Day 4,Tray 6,6,DJI_20260622122657_0006,50,5,10,No,No,No,,,0,0,0.0,305.349,direct_cup_evidence,3607.467,1461.961,3912.816,1767.311,3760.142,1614.636
4,Day 4,Tray 6,6,DJI_20260622122657_0006,51,6,1,No,No,No,,,0,0,0.0,305.349,direct_cup_evidence,49.981,1798.986,355.33,2104.336,202.656,1951.661
4,Day 4,Tray 6,6,DJI_20260622122657_0006,52,6,2,No,No,No,,,0,0,0.0,305.349,direct_cup_evidence,406.831,1818.811,712.18,2124.161,559.506,1971.486
4,Day 4,Tray 6,6,DJI_20260622122657_0006,53,6,3,Yes,Yes,No,Day 1,1,282,282,0.30215,305.349,direct_cup_evidence,803.331,1849.65,1108.68,2155.0,956.006,2002.325
4,Day 4,Tray 6,6,DJI_20260622122657_0006,54,6,4,No,No,No,,,0,0,0.0,305.349,direct_cup_evidence,1226.264,1814.406,1531.614,2119.755,1378.939,1967.081
4,Day 4,Tray 6,6,DJI_20260622122657_0006,55,6,5,Yes,Yes,No,Day 1,1,1225,1225,1.31255,305.349,direct_cup_evidence,1622.764,1812.203,1928.114,2117.552,1775.439,1964.878
4,Day 4,Tray 6,6,DJI_20260622122657_0006,56,6,6,Yes,Yes,No,Day 3,3,298,290,0.3193,305.349,direct_cup_evidence,2023.67,1814.406,2329.019,2119.755,2176.344,1967.081
4,Day 4,Tray 6,6,DJI_20260622122657_0006,57,6,7,No,No,No,,,0,0,0.0,305.349,direct_cup_evidence,2409.156,1805.595,2714.505,2110.944,2561.831,1958.269
4,Day 4,Tray 6,6,DJI_20260622122657_0006,58,6,8,No,No,No,,,0,0,0.0,305.349,direct_cup_evidence,2812.264,1805.595,3117.614,2110.944,2964.939,1958.269
4,Day 4,Tray 6,6,DJI_20260622122657_0006,59,6,9,No,No,No,,,0,0,0.0,305.349,direct_cup_evidence,3215.373,1759.336,3520.722,2064.686,3368.047,1912.011
4,Day 4,Tray 6,6,DJI_20260622122657_0006,60,6,10,No,No,No,,,0,0,0.0,305.349,direct_cup_evidence,3605.264,1794.581,3910.614,2099.93,3757.939,1947.256
4,Day 4,Tray 6,6,DJI_20260622122657_0006,61,7,1,No,No,No,,,0,0,0.0,305.349,direct_cup_evidence,47.778,2131.606,353.127,2436.955,200.453,2284.281
4,Day 4,Tray 6,6,DJI_20260622122657_0006,62,7,2,Yes,Yes,No,Day 1,1,1964,1964,2.09748,305.349,direct_cup_evidence,400.223,2138.214,705.572,2443.564,552.897,2290.889
4,Day 4,Tray 6,6,DJI_20260622122657_0006,63,7,3,Yes,Yes,No,Day 4,4,51,51,0.05464,305.349,direct_cup_evidence,834.17,2136.011,1139.519,2441.361,986.844,2288.686
4,Day 4,Tray 6,6,DJI_20260622122657_0006,64,7,4,No,No,No,,,0,0,0.0,305.349,direct_cup_evidence,1224.061,2138.214,1529.411,2443.564,1376.736,2290.889
4,Day 4,Tray 6,6,DJI_20260622122657_0006,65,7,5,No,No,No,,,0,0,0.0,305.349,direct_cup_evidence,1616.156,2142.62,1921.505,2447.969,1768.831,2295.294
4,Day 4,Tray 6,6,DJI_20260622122657_0006,66,7,6,Yes,Yes,No,Day 2,2,1085,614,1.15874,305.349,direct_cup_evidence,2019.264,2151.431,2324.614,2456.78,2171.939,2304.106
4,Day 4,Tray 6,6,DJI_20260622122657_0006,67,7,7,Yes,Yes,No,Day 2,2,1700,1700,1.82149,305.349,direct_cup_evidence,2413.561,2140.417,2718.911,2445.766,2566.236,2293.092
4,Day 4,Tray 6,6,DJI_20260622122657_0006,68,7,8,No,No,No,,,0,0,0.0,305.349,direct_cup_evidence,2814.467,2149.228,3119.816,2454.577,2967.142,2301.903
4,Day 4,Tray 6,6,DJI_20260622122657_0006,69,7,9,No,No,No,,,0,0,0.0,305.349,direct_cup_evidence,3186.736,2142.62,3492.086,2447.969,3339.411,2295.294
4,Day 4,Tray 6,6,DJI_20260622122657_0006,70,7,10,Yes,Yes,No,Day 3,3,497,497,0.53252,305.349,direct_cup_evidence,3603.061,2140.417,3908.411,2445.766,3755.736,2293.092
4,Day 4,Tray 7,7,DJI_20260622122752_0007,1,1,1,Yes,Yes,No,Day 2,2,1245,1245,1.34275,304.812,direct_cup_evidence,63.527,99.145,368.339,403.956,215.933,251.551
4,Day 4,Tray 7,7,DJI_20260622122752_0007,2,1,2,No,No,No,,,0,0,0.0,304.812,direct_cup_evidence,459.775,94.693,764.586,399.504,612.181,247.098
4,Day 4,Tray 7,7,DJI_20260622122752_0007,3,1,3,Yes,Yes,No,Day 1,1,1829,1829,1.96614,304.812,direct_cup_evidence,853.796,99.145,1158.608,403.956,1006.202,251.551
4,Day 4,Tray 7,7,DJI_20260622122752_0007,4,1,4,No,No,No,,,0,0,0.0,304.812,direct_cup_evidence,1258.949,94.693,1563.76,399.504,1411.354,247.098
4,Day 4,Tray 7,7,DJI_20260622122752_0007,5,1,5,No,No,No,,,0,0,0.0,304.812,direct_cup_evidence,1661.875,99.145,1966.686,403.956,1814.281,251.551
4,Day 4,Tray 7,7,DJI_20260622122752_0007,6,1,6,Yes,Yes,No,Day 2,2,1115,1115,1.20255,304.812,direct_cup_evidence,2067.027,103.597,2371.839,408.409,2219.433,256.003
4,Day 4,Tray 7,7,DJI_20260622122752_0007,7,1,7,No,No,No,,,0,0,0.0,304.812,direct_cup_evidence,2469.953,105.823,2774.765,410.635,2622.359,258.229
4,Day 4,Tray 7,7,DJI_20260622122752_0007,8,1,8,Yes,Yes,No,Day 2,2,501,501,0.53856,304.812,direct_cup_evidence,2863.975,105.823,3168.786,410.635,3016.381,258.229
4,Day 4,Tray 7,7,DJI_20260622122752_0007,9,1,9,Yes,Yes,No,Day 3,3,226,226,0.24295,304.812,direct_cup_evidence,3260.223,108.049,3565.034,412.861,3412.628,260.455
4,Day 4,Tray 7,7,DJI_20260622122752_0007,10,1,10,Yes,Yes,No,Day 2,2,814,814,0.87791,304.812,direct_cup_evidence,3649.792,112.501,3954.604,417.313,3802.198,264.907
4,Day 4,Tray 7,7,DJI_20260622122752_0007,11,2,1,No,No,No,,,0,0,0.0,304.812,direct_cup_evidence,65.753,439.74,370.565,744.551,218.159,592.146
4,Day 4,Tray 7,7,DJI_20260622122752_0007,12,2,2,No,No,No,,,0,0,0.0,304.812,direct_cup_evidence,464.227,444.192,769.039,749.004,616.633,596.598
4,Day 4,Tray 7,7,DJI_20260622122752_0007,13,2,3,Yes,Yes,No,Day 1,1,871,871,0.93631,304.812,direct_cup_evidence,860.475,453.096,1165.286,757.908,1012.881,605.502
4,Day 4,Tray 7,7,DJI_20260622122752_0007,14,2,4,Yes,Yes,No,Day 1,1,1836,1836,1.97366,304.812,direct_cup_evidence,1261.175,444.192,1565.986,749.004,1413.581,596.598
4,Day 4,Tray 7,7,DJI_20260622122752_0007,15,2,5,Yes,Yes,No,Day 3,3,589,589,0.63316,304.812,direct_cup_evidence,1666.327,444.192,1971.139,749.004,1818.733,596.598
4,Day 4,Tray 7,7,DJI_20260622122752_0007,16,2,6,Yes,Yes,No,Day 2,2,691,691,0.74281,304.812,direct_cup_evidence,2067.027,444.192,2371.839,749.004,2219.433,596.598
4,Day 4,Tray 7,7,DJI_20260622122752_0007,17,2,7,Yes,Yes,No,Day 2,2,373,373,0.40097,304.812,direct_cup_evidence,2461.049,441.966,2765.86,746.777,2613.454,594.372
4,Day 4,Tray 7,7,DJI_20260622122752_0007,18,2,8,Yes,Yes,No,Day 1,1,863,863,0.92771,304.812,direct_cup_evidence,2863.975,444.192,3168.786,749.004,3016.381,596.598
4,Day 4,Tray 7,7,DJI_20260622122752_0007,19,2,9,Yes,Yes,No,Day 4,4,187,137,0.20102,304.812,direct_cup_evidence,3251.318,453.096,3556.13,757.908,3403.724,605.502
4,Day 4,Tray 7,7,DJI_20260622122752_0007,20,2,10,No,No,No,,,0,0,0.0,304.812,direct_cup_evidence,3649.792,450.87,3954.604,755.682,3802.198,603.276
4,Day 4,Tray 7,7,DJI_20260622122752_0007,21,3,1,No,No,No,,,0,0,0.0,304.812,direct_cup_evidence,67.979,784.787,372.791,1089.599,220.385,937.193
4,Day 4,Tray 7,7,DJI_20260622122752_0007,22,3,2,Yes,Yes,No,Day 2,2,342,342,0.36885,304.812,direct_cup_evidence,468.679,780.335,773.491,1085.146,621.085,932.741
4,Day 4,Tray 7,7,DJI_20260622122752_0007,23,3,3,Yes,Yes,No,Day 2,2,203,128,0.21822,304.812,direct_cup_evidence,860.475,784.787,1165.286,1089.599,1012.881,937.193
4,Day 4,Tray 7,7,DJI_20260622122752_0007,24,3,4,No,No,No,,,0,0,0.0,304.812,direct_cup_evidence,1265.627,787.013,1570.439,1091.825,1418.033,939.419
4,Day 4,Tray 7,7,DJI_20260622122752_0007,25,3,5,Yes,Yes,No,Day 2,2,847,847,0.9135,304.812,direct_cup_evidence,1668.553,787.013,1973.365,1091.825,1820.959,939.419
4,Day 4,Tray 7,7,DJI_20260622122752_0007,26,3,6,No,No,No,,,0,0,0.0,304.812,direct_cup_evidence,2062.575,780.335,2367.386,1085.146,2214.981,932.741
4,Day 4,Tray 7,7,DJI_20260622122752_0007,27,3,7,No,No,No,,,0,0,0.0,304.812,direct_cup_evidence,2463.275,780.335,2768.086,1085.146,2615.681,932.741
4,Day 4,Tray 7,7,DJI_20260622122752_0007,28,3,8,No,No,No,,,0,0,0.0,304.812,direct_cup_evidence,2875.105,780.335,3179.917,1085.146,3027.511,932.741
4,Day 4,Tray 7,7,DJI_20260622122752_0007,29,3,9,Yes,Yes,No,Day 2,2,690,690,0.74174,304.812,direct_cup_evidence,3255.77,789.239,3560.582,1094.051,3408.176,941.645
4,Day 4,Tray 7,7,DJI_20260622122752_0007,30,3,10,Yes,Yes,No,Day 2,2,1021,1021,1.10479,304.812,direct_cup_evidence,3638.661,773.656,3943.473,1078.468,3791.067,926.062
4,Day 4,Tray 7,7,DJI_20260622122752_0007,31,4,1,No,No,No,,,0,0,0.0,304.812,direct_cup_evidence,76.884,1120.93,381.695,1425.741,229.289,1273.336
4,Day 4,Tray 7,7,DJI_20260622122752_0007,32,4,2,No,No,No,,,0,0,0.0,304.812,direct_cup_evidence,508.749,1074.181,813.561,1378.993,661.155,1226.587
4,Day 4,Tray 7,7,DJI_20260622122752_0007,33,4,3,No,No,No,,,0,0,0.0,304.812,direct_cup_evidence,873.831,1120.93,1178.643,1425.741,1026.237,1273.336
4,Day 4,Tray 7,7,DJI_20260622122752_0007,34,4,4,Yes,Yes,No,Day 1,1,1159,1159,1.25,304.812,direct_cup_evidence,1265.627,1120.93,1570.439,1425.741,1418.033,1273.336
4,Day 4,Tray 7,7,DJI_20260622122752_0007,35,4,5,Yes,Yes,No,Day 1,1,1407,1407,1.51747,304.812,direct_cup_evidence,1661.875,1127.608,1966.686,1432.42,1814.281,1280.014
4,Day 4,Tray 7,7,DJI_20260622122752_0007,36,4,6,Yes,Yes,No,Day 1,1,1689,1689,1.82161,304.812,direct_cup_evidence,2067.027,1127.608,2371.839,1432.42,2219.433,1280.014
4,Day 4,Tray 7,7,DJI_20260622122752_0007,37,4,7,No,No,No,,,0,0,0.0,304.812,direct_cup_evidence,2463.275,1125.382,2768.086,1430.194,2615.681,1277.788
4,Day 4,Tray 7,7,DJI_20260622122752_0007,38,4,8,Yes,Yes,No,Day 1,1,1051,1051,1.13352,304.812,direct_cup_evidence,2859.523,1125.382,3164.334,1430.194,3011.928,1277.788
4,Day 4,Tray 7,7,DJI_20260622122752_0007,39,4,9,No,No,No,,,0,0,0.0,304.812,direct_cup_evidence,3251.318,1114.251,3556.13,1419.063,3403.724,1266.657
4,Day 4,Tray 7,7,DJI_20260622122752_0007,40,4,10,Yes,Yes,No,Day 4,4,51,51,0.05482,304.812,direct_cup_evidence,3645.34,1125.382,3950.151,1430.194,3797.746,1277.788
4,Day 4,Tray 7,7,DJI_20260622122752_0007,41,5,1,No,No,No,,,0,0,0.0,304.812,direct_cup_evidence,76.884,1454.846,381.695,1759.658,229.289,1607.252
4,Day 4,Tray 7,7,DJI_20260622122752_0007,42,5,2,Yes,Yes,No,Day 2,2,612,612,0.66005,304.812,direct_cup_evidence,477.584,1457.073,782.395,1761.884,629.989,1609.478
4,Day 4,Tray 7,7,DJI_20260622122752_0007,43,5,3,No,No,No,,,0,0,0.0,304.812,direct_cup_evidence,871.605,1461.525,1176.417,1766.336,1024.011,1613.931
4,Day 4,Tray 7,7,DJI_20260622122752_0007,44,5,4,Yes,Yes,No,Day 1,1,1737,1737,1.87338,304.812,direct_cup_evidence,1272.305,1461.525,1577.117,1766.336,1424.711,1613.931
4,Day 4,Tray 7,7,DJI_20260622122752_0007,45,5,5,No,No,No,,,0,0,0.0,304.812,direct_cup_evidence,1666.327,1465.977,1971.139,1770.789,1818.733,1618.383
4,Day 4,Tray 7,7,DJI_20260622122752_0007,46,5,6,No,No,No,,,0,0,0.0,304.812,direct_cup_evidence,2062.575,1465.977,2367.386,1770.789,2214.981,1618.383
4,Day 4,Tray 7,7,DJI_20260622122752_0007,47,5,7,No,No,No,,,0,0,0.0,304.812,direct_cup_evidence,2454.37,1465.977,2759.182,1770.789,2606.776,1618.383
4,Day 4,Tray 7,7,DJI_20260622122752_0007,48,5,8,No,No,No,,,0,0,0.0,304.812,direct_cup_evidence,2850.618,1457.073,3155.43,1761.884,3003.024,1609.478
4,Day 4,Tray 7,7,DJI_20260622122752_0007,49,5,9,Yes,Yes,No,Day 3,3,193,129,0.20747,304.812,direct_cup_evidence,3249.092,1459.299,3553.904,1764.11,3401.498,1611.704
4,Day 4,Tray 7,7,DJI_20260622122752_0007,50,5,10,Yes,Yes,No,Day 1,1,2023,2023,2.18184,304.812,direct_cup_evidence,3638.661,1448.168,3943.473,1752.98,3791.067,1600.574
4,Day 4,Tray 7,7,DJI_20260622122752_0007,51,6,1,No,No,No,,,0,0,0.0,304.812,direct_cup_evidence,94.693,1795.441,399.504,2100.253,247.098,1947.847
4,Day 4,Tray 7,7,DJI_20260622122752_0007,52,6,2,No,No,No,,,0,0,0.0,304.812,direct_cup_evidence,473.131,1799.894,777.943,2104.705,625.537,1952.299
4,Day 4,Tray 7,7,DJI_20260622122752_0007,53,6,3,Yes,Yes,No,Day 2,2,830,830,0.89517,304.812,direct_cup_evidence,871.605,1799.894,1176.417,2104.705,1024.011,1952.299
4,Day 4,Tray 7,7,DJI_20260622122752_0007,54,6,4,Yes,Yes,No,Day 1,1,1082,1082,1.16695,304.812,direct_cup_evidence,1267.853,1835.511,1572.665,2140.323,1420.259,1987.917
4,Day 4,Tray 7,7,DJI_20260622122752_0007,55,6,5,No,No,No,,,0,0,0.0,304.812,direct_cup_evidence,1719.754,1790.989,2024.565,2095.801,1872.159,1943.395
4,Day 4,Tray 7,7,DJI_20260622122752_0007,56,6,6,Yes,Yes,No,Day 2,2,1213,1213,1.30395,304.812,direct_cup_evidence,2069.253,1802.12,2374.065,2106.931,2221.659,1954.526
4,Day 4,Tray 7,7,DJI_20260622122752_0007,57,6,7,Yes,Yes,No,Day 3,3,374,374,0.40204,304.812,direct_cup_evidence,2458.823,1802.12,2763.634,2106.931,2611.228,1954.526
4,Day 4,Tray 7,7,DJI_20260622122752_0007,58,6,8,Yes,Yes,No,Day 4,4,321,321,0.34734,304.812,direct_cup_evidence,2821.679,1806.572,3126.49,2111.384,2974.084,1958.978
4,Day 4,Tray 7,7,DJI_20260622122752_0007,59,6,9,Yes,Yes,No,Day 1,1,2219,2214,2.38538,304.812,direct_cup_evidence,3242.414,1795.441,3547.225,2100.253,3394.819,1947.847
4,Day 4,Tray 7,7,DJI_20260622122752_0007,60,6,10,No,No,No,,,5,5,0.00537,304.812,direct_cup_evidence,3683.184,1788.763,3987.995,2093.575,3835.589,1941.169
4,Day 4,Tray 7,7,DJI_20260622122752_0007,61,7,1,Yes,Yes,No,Day 2,2,1284,1284,1.38027,304.812,direct_cup_evidence,90.24,2124.906,395.052,2429.717,242.646,2277.312
4,Day 4,Tray 7,7,DJI_20260622122752_0007,62,7,2,No,No,No,,,0,0,0.0,304.812,direct_cup_evidence,455.323,2120.454,760.134,2425.265,607.728,2272.859
4,Day 4,Tray 7,7,DJI_20260622122752_0007,63,7,3,Yes,Yes,No,Day 1,1,334,334,0.35904,304.812,direct_cup_evidence,873.831,2133.81,1178.643,2438.622,1026.237,2286.216
4,Day 4,Tray 7,7,DJI_20260622122752_0007,64,7,4,No,No,No,,,0,0,0.0,304.812,direct_cup_evidence,1267.853,2140.489,1572.665,2445.3,1420.259,2292.894
4,Day 4,Tray 7,7,DJI_20260622122752_0007,65,7,5,No,No,No,,,0,0,0.0,304.812,direct_cup_evidence,1639.614,2113.775,1944.425,2418.587,1792.019,2266.181
4,Day 4,Tray 7,7,DJI_20260622122752_0007,66,7,6,Yes,Yes,No,Day 1,1,1228,1228,1.32008,304.812,direct_cup_evidence,2067.027,2133.81,2371.839,2438.622,2219.433,2286.216
4,Day 4,Tray 7,7,DJI_20260622122752_0007,67,7,7,Yes,Yes,No,Day 1,1,3139,3139,3.37436,304.812,direct_cup_evidence,2458.823,2138.263,2763.634,2443.074,2611.228,2290.668
4,Day 4,Tray 7,7,DJI_20260622122752_0007,68,7,8,No,No,No,,,0,0,0.0,304.812,direct_cup_evidence,2855.07,2129.358,3159.882,2434.17,3007.476,2281.764
4,Day 4,Tray 7,7,DJI_20260622122752_0007,69,7,9,No,No,No,,,0,0,0.0,304.812,direct_cup_evidence,3229.057,2122.68,3533.869,2427.491,3381.463,2275.086
4,Day 4,Tray 7,7,DJI_20260622122752_0007,70,7,10,No,No,No,,,0,0,0.0,304.812,direct_cup_evidence,3623.079,2116.001,3927.89,2420.813,3775.484,2268.407
4,Day 4,Tray 8,8,DJI_20260622122838_0008,1,1,1,No,Yes,Yes,Day 1,1,0,0,0.0,305.774,direct_cup_evidence,58.171,80.388,363.946,386.162,211.058,233.275
4,Day 4,Tray 8,8,DJI_20260622122838_0008,2,1,2,No,No,No,,,0,0,0.0,305.774,direct_cup_evidence,458.071,75.944,763.846,381.719,610.958,228.832
4,Day 4,Tray 8,8,DJI_20260622122838_0008,3,1,3,No,No,No,,,0,0,0.0,305.774,direct_cup_evidence,853.528,80.388,1159.302,386.162,1006.415,233.275
4,Day 4,Tray 8,8,DJI_20260622122838_0008,4,1,4,Yes,Yes,No,Day 1,1,3835,3835,4.09565,305.774,direct_cup_evidence,1240.098,80.388,1545.872,386.162,1392.985,233.275
4,Day 4,Tray 8,8,DJI_20260622122838_0008,5,1,5,Yes,Yes,No,Day 1,1,4520,4520,4.84303,305.774,direct_cup_evidence,1642.219,82.609,1947.994,388.384,1795.107,235.497
4,Day 4,Tray 8,8,DJI_20260622122838_0008,6,1,6,Yes,Yes,No,Day 1,1,1973,1973,2.1071,305.774,direct_cup_evidence,2031.011,78.166,2336.786,383.941,2183.898,231.053
4,Day 4,Tray 8,8,DJI_20260622122838_0008,7,1,7,No,No,No,,,0,0,0.0,305.774,direct_cup_evidence,2437.576,82.609,2743.351,388.384,2590.463,235.497
4,Day 4,Tray 8,8,DJI_20260622122838_0008,8,1,8,Yes,Yes,No,Day 1,1,3572,2201,3.82728,305.774,direct_cup_evidence,2828.589,80.388,3134.364,386.162,2981.477,233.275
4,Day 4,Tray 8,8,DJI_20260622122838_0008,9,1,9,Yes,Yes,No,Day 1,1,3543,3543,3.7838,305.774,direct_cup_evidence,3224.046,84.831,3529.821,390.606,3376.933,237.718
4,Day 4,Tray 8,8,DJI_20260622122838_0008,10,1,10,Yes,Yes,No,Day 1,1,5253,5253,5.62842,305.774,direct_cup_evidence,3617.281,82.609,3923.056,388.384,3770.168,235.497
4,Day 4,Tray 8,8,DJI_20260622122838_0008,11,2,1,No,Yes,Yes,Day 1,1,0,0,0.0,305.774,direct_cup_evidence,69.279,402.529,375.054,708.304,222.167,555.417
4,Day 4,Tray 8,8,DJI_20260622122838_0008,12,2,2,Yes,Yes,No,Day 1,1,2658,2658,2.8573,305.774,direct_cup_evidence,453.628,422.524,759.402,728.299,606.515,575.412
4,Day 4,Tray 8,8,DJI_20260622122838_0008,13,2,3,Yes,Yes,No,Day 1,1,3304,3304,3.54013,305.774,direct_cup_evidence,829.089,422.524,1134.864,728.299,981.977,575.412
4,Day 4,Tray 8,8,DJI_20260622122838_0008,14,2,4,Yes,Yes,No,Day 2,2,1445,1445,1.54827,305.774,direct_cup_evidence,1248.984,413.638,1554.759,719.412,1401.872,566.525
4,Day 4,Tray 8,8,DJI_20260622122838_0008,15,2,5,Yes,Yes,No,Day 1,1,4004,4004,4.29015,305.774,direct_cup_evidence,1639.998,413.638,1945.772,719.412,1792.885,566.525
4,Day 4,Tray 8,8,DJI_20260622122838_0008,16,2,6,Yes,Yes,No,Day 2,2,2497,2497,2.66671,305.774,direct_cup_evidence,2039.898,418.081,2345.672,723.856,2192.785,570.968
4,Day 4,Tray 8,8,DJI_20260622122838_0008,17,2,7,Yes,Yes,No,Day 2,2,1380,1380,1.47862,305.774,direct_cup_evidence,2437.576,418.081,2743.351,723.856,2590.463,570.968
4,Day 4,Tray 8,8,DJI_20260622122838_0008,18,2,8,Yes,Yes,No,Day 1,1,2808,2808,3.00868,305.774,direct_cup_evidence,2808.594,415.859,3114.369,721.634,2961.482,568.747
4,Day 4,Tray 8,8,DJI_20260622122838_0008,19,2,9,Yes,Yes,No,Day 1,1,3336,3336,3.57441,305.774,direct_cup_evidence,3228.489,422.524,3534.264,728.299,3381.377,575.412
4,Day 4,Tray 8,8,DJI_20260622122838_0008,20,2,10,Yes,Yes,No,Day 1,1,6751,6751,7.20983,305.774,direct_cup_evidence,3608.394,409.194,3914.169,714.969,3761.282,562.082
4,Day 4,Tray 8,8,DJI_20260622122838_0008,21,3,1,No,No,No,,,0,0,0.0,305.774,direct_cup_evidence,53.728,751.331,359.502,1057.106,206.615,904.218
4,Day 4,Tray 8,8,DJI_20260622122838_0008,22,3,2,Yes,Yes,No,Day 1,1,4159,4159,4.44167,305.774,direct_cup_evidence,449.184,755.774,754.959,1061.549,602.072,908.662
4,Day 4,Tray 8,8,DJI_20260622122838_0008,23,3,3,Yes,Yes,No,Day 2,2,1179,1179,1.25913,305.774,direct_cup_evidence,842.419,755.774,1148.194,1061.549,995.307,908.662
4,Day 4,Tray 8,8,DJI_20260622122838_0008,24,3,4,Yes,Yes,No,Day 1,1,2310,2264,2.467,305.774,direct_cup_evidence,1248.984,757.996,1554.759,1063.771,1401.872,910.883
4,Day 4,Tray 8,8,DJI_20260622122838_0008,25,3,5,Yes,Yes,No,Day 1,1,3086,1520,3.29574,305.774,direct_cup_evidence,1642.219,760.218,1947.994,1065.992,1795.107,913.105
4,Day 4,Tray 8,8,DJI_20260622122838_0008,26,3,6,Yes,Yes,No,Day 1,1,5519,5519,5.8941,305.774,direct_cup_evidence,2042.119,760.218,2347.894,1065.992,2195.007,913.105
4,Day 4,Tray 8,8,DJI_20260622122838_0008,27,3,7,No,No,No,,,0,0,0.0,305.774,direct_cup_evidence,2437.576,751.331,2743.351,1057.106,2590.463,904.218
4,Day 4,Tray 8,8,DJI_20260622122838_0008,28,3,8,Yes,Yes,No,Day 1,1,1984,1984,2.11884,305.774,direct_cup_evidence,2866.358,762.439,3172.132,1068.214,3019.245,915.327
4,Day 4,Tray 8,8,DJI_20260622122838_0008,29,3,9,Yes,Yes,No,Day 2,2,1842,981,1.97364,305.774,direct_cup_evidence,3230.711,760.218,3536.486,1065.992,3383.598,913.105
4,Day 4,Tray 8,8,DJI_20260622122838_0008,30,3,10,Yes,Yes,No,Day 1,1,2963,2963,3.16438,305.774,direct_cup_evidence,3628.389,757.996,3934.164,1063.771,3781.277,910.883
4,Day 4,Tray 8,8,DJI_20260622122838_0008,31,4,1,Yes,Yes,No,Day 1,1,3163,3163,3.38905,305.774,direct_cup_evidence,51.506,1091.246,357.281,1397.021,204.393,1244.133
4,Day 4,Tray 8,8,DJI_20260622122838_0008,32,4,2,No,No,No,,,0,0,0.0,305.774,direct_cup_evidence,444.741,1093.468,750.516,1399.242,597.628,1246.355
4,Day 4,Tray 8,8,DJI_20260622122838_0008,33,4,3,Yes,Yes,No,Day 2,2,1405,1405,1.50049,305.774,direct_cup_evidence,849.084,1089.024,1154.859,1394.799,1001.972,1241.912
4,Day 4,Tray 8,8,DJI_20260622122838_0008,34,4,4,Yes,Yes,No,Day 1,1,4780,4780,5.1384,305.774,direct_cup_evidence,1175.669,1115.684,1481.444,1421.459,1328.557,1268.572
4,Day 4,Tray 8,8,DJI_20260622122838_0008,35,4,5,Yes,Yes,No,Day 2,2,1478,1478,1.57845,305.774,direct_cup_evidence,1642.219,1097.911,1947.994,1403.686,1795.107,1250.798
4,Day 4,Tray 8,8,DJI_20260622122838_0008,36,4,6,Yes,Yes,No,Day 1,1,3941,3941,4.20885,305.774,direct_cup_evidence,2044.341,1097.911,2350.116,1403.686,2197.228,1250.798
4,Day 4,Tray 8,8,DJI_20260622122838_0008,37,4,7,Yes,Yes,No,Day 1,1,3441,3441,3.67487,305.774,direct_cup_evidence,2442.019,1093.468,2747.794,1399.242,2594.907,1246.355
4,Day 4,Tray 8,8,DJI_20260622122838_0008,38,4,8,No,No,No,,,0,0,0.0,305.774,direct_cup_evidence,2841.919,1097.911,3147.694,1403.686,2994.807,1250.798
4,Day 4,Tray 8,8,DJI_20260622122838_0008,39,4,9,Yes,Yes,No,Day 3,3,425,425,0.45389,305.774,direct_cup_evidence,3235.154,1097.911,3540.929,1403.686,3388.042,1250.798
4,Day 4,Tray 8,8,DJI_20260622122838_0008,40,4,10,Yes,Yes,No,Day 1,1,3432,3432,3.66526,305.774,direct_cup_evidence,3628.389,1097.911,3934.164,1403.686,3781.277,1250.798
4,Day 4,Tray 8,8,DJI_20260622122838_0008,41,5,1,Yes,Yes,No,Day 4,4,170,170,0.18215,305.774,direct_cup_evidence,51.506,1428.939,357.281,1734.714,204.393,1581.827
4,Day 4,Tray 8,8,DJI_20260622122838_0008,42,5,2,Yes,Yes,No,Day 1,1,3659,3659,3.90769,305.774,direct_cup_evidence,429.189,1428.939,734.964,1734.714,582.077,1581.827
4,Day 4,Tray 8,8,DJI_20260622122838_0008,43,5,3,No,No,No,,,0,0,0.0,305.774,direct_cup_evidence,849.084,1426.718,1154.859,1732.492,1001.972,1579.605
4,Day 4,Tray 8,8,DJI_20260622122838_0008,44,5,4,Yes,Yes,No,Day 1,1,4146,4146,4.42778,305.774,direct_cup_evidence,1237.876,1440.048,1543.651,1745.822,1390.763,1592.935
4,Day 4,Tray 8,8,DJI_20260622122838_0008,45,5,5,Yes,Yes,No,Day 2,2,1718,1718,1.83476,305.774,direct_cup_evidence,1639.998,1440.048,1945.772,1745.822,1792.885,1592.935
4,Day 4,Tray 8,8,DJI_20260622122838_0008,46,5,6,Yes,Yes,No,Day 1,1,5459,5459,5.83002,305.774,direct_cup_evidence,2064.336,1442.269,2370.111,1748.044,2217.223,1595.157
4,Day 4,Tray 8,8,DJI_20260622122838_0008,47,5,7,Yes,Yes,No,Day 1,1,5165,5165,5.51604,305.774,direct_cup_evidence,2464.236,1413.388,2770.011,1719.162,2617.123,1566.275
4,Day 4,Tray 8,8,DJI_20260622122838_0008,48,5,8,Yes,Yes,No,Day 1,1,3206,3206,3.43512,305.774,direct_cup_evidence,2839.698,1440.048,3145.472,1745.822,2992.585,1592.935
4,Day 4,Tray 8,8,DJI_20260622122838_0008,49,5,9,No,No,No,,,0,0,0.0,305.774,direct_cup_evidence,3226.268,1453.378,3532.042,1759.152,3379.155,1606.265
4,Day 4,Tray 8,8,DJI_20260622122838_0008,50,5,10,Yes,Yes,No,Day 1,1,3443,3418,3.677,305.774,direct_cup_evidence,3623.946,1437.826,3929.721,1743.601,3776.833,1590.713
4,Day 4,Tray 8,8,DJI_20260622122838_0008,51,6,1,Yes,Yes,No,Day 1,1,1797,1797,1.91913,305.774,direct_cup_evidence,55.949,1759.968,361.724,2065.742,208.837,1912.855
4,Day 4,Tray 8,8,DJI_20260622122838_0008,52,6,2,Yes,Yes,No,Day 1,1,3779,3779,4.03584,305.774,direct_cup_evidence,444.741,1773.298,750.516,2079.072,597.628,1926.185
4,Day 4,Tray 8,8,DJI_20260622122838_0008,53,6,3,Yes,Yes,No,Day 2,2,2204,1189,2.36151,305.774,direct_cup_evidence,849.084,1775.519,1154.859,2081.294,1001.972,1928.407
4,Day 4,Tray 8,8,DJI_20260622122838_0008,54,6,4,Yes,Yes,No,Day 2,2,393,393,0.41971,305.774,direct_cup_evidence,1240.098,1777.741,1545.872,2083.516,1392.985,1930.628
4,Day 4,Tray 8,8,DJI_20260622122838_0008,55,6,5,Yes,Yes,No,Day 3,3,674,674,0.71981,305.774,direct_cup_evidence,1637.776,1777.741,1943.551,2083.516,1790.663,1930.628
4,Day 4,Tray 8,8,DJI_20260622122838_0008,56,6,6,Yes,Yes,No,Day 1,1,3268,3268,3.49011,305.774,direct_cup_evidence,2044.341,1784.406,2350.116,2090.181,2197.228,1937.293
4,Day 4,Tray 8,8,DJI_20260622122838_0008,57,6,7,Yes,Yes,No,Day 1,1,3628,3628,3.87458,305.774,direct_cup_evidence,2439.798,1784.406,2745.572,2090.181,2592.685,1937.293
4,Day 4,Tray 8,8,DJI_20260622122838_0008,58,6,8,Yes,Yes,No,Day 1,1,2454,2454,2.62938,305.774,direct_cup_evidence,2839.698,1782.184,3145.472,2087.959,2992.585,1935.072
4,Day 4,Tray 8,8,DJI_20260622122838_0008,59,6,9,Yes,Yes,No,Day 1,1,5921,5921,6.32342,305.774,direct_cup_evidence,3237.376,1777.741,3543.151,2083.516,3390.263,1930.628
4,Day 4,Tray 8,8,DJI_20260622122838_0008,60,6,10,Yes,Yes,No,Day 1,1,1801,1801,1.92971,305.774,direct_cup_evidence,3639.498,1775.519,3945.272,2081.294,3792.385,1928.407
4,Day 4,Tray 8,8,DJI_20260622122838_0008,61,7,1,Yes,Yes,No,Day 1,1,4534,4526,4.85803,305.774,direct_cup_evidence,53.728,2106.548,359.502,2412.322,206.615,2259.435
4,Day 4,Tray 8,8,DJI_20260622122838_0008,62,7,2,Yes,Yes,No,Day 1,1,4356,4356,4.65206,305.774,direct_cup_evidence,444.741,2115.434,750.516,2421.209,597.628,2268.322
4,Day 4,Tray 8,8,DJI_20260622122838_0008,63,7,3,Yes,Yes,No,Day 1,1,6313,4562,6.74207,305.774,direct_cup_evidence,842.419,2122.099,1148.194,2427.874,995.307,2274.987
4,Day 4,Tray 8,8,DJI_20260622122838_0008,64,7,4,Yes,Yes,No,Day 1,1,2355,2355,2.51506,305.774,direct_cup_evidence,1240.098,2128.764,1545.872,2434.539,1392.985,2281.652
4,Day 4,Tray 8,8,DJI_20260622122838_0008,65,7,5,Yes,Yes,No,Day 1,1,6949,6949,7.44562,305.774,direct_cup_evidence,1642.219,2117.656,1947.994,2423.431,1795.107,2270.543
4,Day 4,Tray 8,8,DJI_20260622122838_0008,66,7,6,Yes,Yes,No,Day 1,1,3025,3025,3.2306,305.774,direct_cup_evidence,2042.119,2122.099,2347.894,2427.874,2195.007,2274.987
4,Day 4,Tray 8,8,DJI_20260622122838_0008,67,7,7,Yes,Yes,No,Day 1,1,4902,4902,5.25233,305.774,direct_cup_evidence,2448.684,2128.764,2754.459,2434.539,2601.572,2281.652
4,Day 4,Tray 8,8,DJI_20260622122838_0008,68,7,8,Yes,Yes,No,Day 2,2,1541,1541,1.64573,305.774,direct_cup_evidence,2844.141,2122.099,3149.916,2427.874,2997.028,2274.987
4,Day 4,Tray 8,8,DJI_20260622122838_0008,69,7,9,Yes,Yes,No,Day 1,1,3101,3101,3.32262,305.774,direct_cup_evidence,3239.598,2115.434,3545.372,2421.209,3392.485,2268.322
4,Day 4,Tray 8,8,DJI_20260622122838_0008,70,7,10,No,No,No,,,0,0,0.0,305.774,direct_cup_evidence,3630.611,2106.548,3936.386,2412.322,3783.498,2259.435
5,Day 5,Tray 1,1,DJI_20260623123614_0001,1,1,1,Yes,Yes,No,Day 1,1,2853,2853,4.6575,247.37,direct_cup_evidence,51.238,80.092,298.608,327.462,174.923,203.777
5,Day 5,Tray 1,1,DJI_20260623123614_0001,2,1,2,Yes,Yes,No,Day 2,2,1098,1098,1.79248,247.37,direct_cup_evidence,359.608,78.288,606.978,325.658,483.293,201.973
5,Day 5,Tray 1,1,DJI_20260623123614_0001,3,1,3,Yes,Yes,No,Day 1,1,441,441,0.71993,247.37,direct_cup_evidence,680.602,76.485,927.972,323.855,804.287,200.17
5,Day 5,Tray 1,1,DJI_20260623123614_0001,4,1,4,Yes,Yes,No,Day 2,2,1244,1244,2.03082,247.37,direct_cup_evidence,1014.218,74.682,1261.588,322.052,1137.903,198.367
5,Day 5,Tray 1,1,DJI_20260623123614_0001,5,1,5,Yes,Yes,No,Day 2,2,522,522,0.84873,247.37,direct_cup_evidence,1333.408,67.468,1580.778,314.838,1457.093,191.153
5,Day 5,Tray 1,1,DJI_20260623123614_0001,6,1,6,No,No,No,,,0,0,0.0,247.37,direct_cup_evidence,1654.402,72.878,1901.772,320.248,1778.087,196.563
5,Day 5,Tray 1,1,DJI_20260623123614_0001,7,1,7,No,No,No,,,0,0,0.0,247.37,direct_cup_evidence,1980.805,72.878,2228.175,320.248,2104.49,196.563
5,Day 5,Tray 1,1,DJI_20260623123614_0001,8,1,8,No,No,No,,,0,0,0.0,247.37,direct_cup_evidence,2303.602,72.878,2550.972,320.248,2427.287,196.563
5,Day 5,Tray 1,1,DJI_20260623123614_0001,9,1,9,Yes,Yes,No,Day 1,1,4162,4162,6.79444,247.37,direct_cup_evidence,2622.792,69.272,2870.162,316.642,2746.477,192.957
5,Day 5,Tray 1,1,DJI_20260623123614_0001,10,1,10,Yes,Yes,No,Day 4,4,548,344,0.89823,247.37,direct_cup_evidence,2952.802,72.878,3200.172,320.248,3076.487,196.563
5,Day 5,Tray 1,1,DJI_20260623123614_0001,11,2,1,Yes,Yes,No,Day 1,1,1947,1947,3.16565,247.37,direct_cup_evidence,40.418,354.198,287.788,601.568,164.103,477.883
5,Day 5,Tray 1,1,DJI_20260623123614_0001,12,2,2,Yes,Yes,No,Day 1,1,1850,1850,3.02011,247.37,direct_cup_evidence,357.805,354.198,605.175,601.568,481.49,477.883
5,Day 5,Tray 1,1,DJI_20260623123614_0001,13,2,3,Yes,Yes,No,Day 3,3,680,680,1.1101,247.37,direct_cup_evidence,684.208,348.788,931.578,596.158,807.893,472.473
5,Day 5,Tray 1,1,DJI_20260623123614_0001,14,2,4,Yes,Yes,No,Day 1,1,1098,1098,1.79973,247.37,direct_cup_evidence,1008.808,348.788,1256.178,596.158,1132.493,472.473
5,Day 5,Tray 1,1,DJI_20260623123614_0001,15,2,5,Yes,Yes,No,Day 2,2,1513,1513,2.46996,247.37,direct_cup_evidence,1335.212,348.788,1582.582,596.158,1458.897,472.473
5,Day 5,Tray 1,1,DJI_20260623123614_0001,16,2,6,Yes,Yes,No,Day 4,4,393,393,0.64417,247.37,direct_cup_evidence,1659.812,350.592,1907.182,597.962,1783.497,474.277
5,Day 5,Tray 1,1,DJI_20260623123614_0001,17,2,7,Yes,Yes,No,Day 4,4,155,155,0.25304,247.37,direct_cup_evidence,1982.608,345.182,2229.978,592.552,2106.293,468.867
5,Day 5,Tray 1,1,DJI_20260623123614_0001,18,2,8,Yes,Yes,No,Day 5,5,224,224,0.36568,247.37,direct_cup_evidence,2305.405,339.772,2552.775,587.142,2429.09,463.457
5,Day 5,Tray 1,1,DJI_20260623123614_0001,19,2,9,No,No,No,,,0,0,0.0,247.37,direct_cup_evidence,2626.398,343.378,2873.768,590.748,2750.083,467.063
5,Day 5,Tray 1,1,DJI_20260623123614_0001,20,2,10,Yes,Yes,No,Day 3,3,485,485,0.79176,247.37,direct_cup_evidence,2945.588,336.165,3192.958,583.535,3069.273,459.85
5,Day 5,Tray 1,1,DJI_20260623123614_0001,21,3,1,Yes,Yes,No,Day 1,1,2380,2380,3.90106,247.37,direct_cup_evidence,36.812,626.502,284.182,873.872,160.497,750.187
5,Day 5,Tray 1,1,DJI_20260623123614_0001,22,3,2,Yes,Yes,No,Day 5,5,48,48,0.07868,247.37,direct_cup_evidence,356.002,626.502,603.372,873.872,479.687,750.187
5,Day 5,Tray 1,1,DJI_20260623123614_0001,23,3,3,Yes,Yes,No,Day 2,2,1392,1392,2.28163,247.37,direct_cup_evidence,680.602,626.502,927.972,873.872,804.287,750.187
5,Day 5,Tray 1,1,DJI_20260623123614_0001,24,3,4,No,No,No,,,0,0,0.0,247.37,direct_cup_evidence,1010.612,642.732,1257.982,890.102,1134.297,766.417
5,Day 5,Tray 1,1,DJI_20260623123614_0001,25,3,5,No,No,No,,,0,0,0.0,247.37,direct_cup_evidence,1329.802,630.108,1577.172,877.478,1453.487,753.793
5,Day 5,Tray 1,1,DJI_20260623123614_0001,26,3,6,Yes,Yes,No,Day 1,1,2157,2157,3.52129,247.37,direct_cup_evidence,1663.418,624.698,1910.788,872.068,1787.103,748.383
5,Day 5,Tray 1,1,DJI_20260623123614_0001,27,3,7,Yes,Yes,No,Day 3,3,1070,637,1.73972,247.37,direct_cup_evidence,1984.412,617.485,2231.782,864.855,2108.097,741.17
5,Day 5,Tray 1,1,DJI_20260623123614_0001,28,3,8,Yes,Yes,No,Day 2,2,827,756,1.35554,247.37,direct_cup_evidence,2309.012,621.092,2556.382,868.462,2432.697,744.777
5,Day 5,Tray 1,1,DJI_20260623123614_0001,29,3,9,Yes,Yes,No,Day 5,5,87,79,0.1426,247.37,direct_cup_evidence,2630.005,621.092,2877.375,868.462,2753.69,744.777
5,Day 5,Tray 1,1,DJI_20260623123614_0001,30,3,10,Yes,Yes,No,Day 2,2,1690,1690,2.75891,247.37,direct_cup_evidence,2958.212,613.878,3205.582,861.248,3081.897,737.563
5,Day 5,Tray 1,1,DJI_20260623123614_0001,31,4,1,Yes,Yes,No,Day 1,1,1437,1437,2.33643,247.37,direct_cup_evidence,42.222,895.198,289.592,1142.568,165.907,1018.883
5,Day 5,Tray 1,1,DJI_20260623123614_0001,32,4,2,Yes,Yes,No,Day 5,5,72,72,0.11754,247.37,direct_cup_evidence,365.018,895.198,612.388,1142.568,488.703,1018.883
5,Day 5,Tray 1,1,DJI_20260623123614_0001,33,4,3,No,No,No,,,0,0,0.0,247.37,direct_cup_evidence,684.208,889.788,931.578,1137.158,807.893,1013.473
5,Day 5,Tray 1,1,DJI_20260623123614_0001,34,4,4,No,No,No,,,0,0,0.0,247.37,direct_cup_evidence,1007.005,906.018,1254.375,1153.388,1130.69,1029.703
5,Day 5,Tray 1,1,DJI_20260623123614_0001,35,4,5,No,No,No,,,0,0,0.0,247.37,direct_cup_evidence,1331.605,895.198,1578.975,1142.568,1455.29,1018.883
5,Day 5,Tray 1,1,DJI_20260623123614_0001,36,4,6,Yes,Yes,No,Day 2,2,624,597,1.0228,247.37,direct_cup_evidence,1659.812,891.592,1907.182,1138.962,1783.497,1015.277
5,Day 5,Tray 1,1,DJI_20260623123614_0001,37,4,7,Yes,Yes,No,Day 4,4,507,507,0.82434,247.37,direct_cup_evidence,1968.182,877.165,2215.552,1124.535,2091.867,1000.85
5,Day 5,Tray 1,1,DJI_20260623123614_0001,38,4,8,Yes,Yes,No,Day 3,3,935,935,1.53256,247.37,direct_cup_evidence,2312.618,897.002,2559.988,1144.372,2436.303,1020.687
5,Day 5,Tray 1,1,DJI_20260623123614_0001,39,4,9,Yes,Yes,No,Day 1,1,2987,2987,4.87626,247.37,direct_cup_evidence,2637.218,891.592,2884.588,1138.962,2760.903,1015.277
5,Day 5,Tray 1,1,DJI_20260623123614_0001,40,4,10,No,No,No,,,0,0,0.0,247.37,direct_cup_evidence,2965.425,889.788,3212.795,1137.158,3089.11,1013.473
5,Day 5,Tray 1,1,DJI_20260623123614_0001,41,5,1,Yes,Yes,No,Day 3,3,888,541,1.45552,247.37,direct_cup_evidence,35.008,1172.912,282.378,1420.282,158.693,1296.597
5,Day 5,Tray 1,1,DJI_20260623123614_0001,42,5,2,Yes,Yes,No,Day 2,2,1200,1200,1.96692,247.37,direct_cup_evidence,357.805,1176.518,605.175,1423.888,481.49,1300.203
5,Day 5,Tray 1,1,DJI_20260623123614_0001,43,5,3,No,No,No,,,0,0,0.0,247.37,direct_cup_evidence,682.405,1183.732,929.775,1431.102,806.09,1307.417
5,Day 5,Tray 1,1,DJI_20260623123614_0001,44,5,4,Yes,Yes,No,Day 2,2,672,672,1.09704,247.37,direct_cup_evidence,1014.218,1172.912,1261.588,1420.282,1137.903,1296.597
5,Day 5,Tray 1,1,DJI_20260623123614_0001,45,5,5,Yes,Yes,No,Day 2,2,1206,1206,1.96879,247.37,direct_cup_evidence,1324.392,1171.108,1571.762,1418.478,1448.077,1294.793
5,Day 5,Tray 1,1,DJI_20260623123614_0001,46,5,6,Yes,Yes,No,Day 1,1,2744,2744,4.47956,247.37,direct_cup_evidence,1659.812,1178.322,1907.182,1425.692,1783.497,1302.007
5,Day 5,Tray 1,1,DJI_20260623123614_0001,47,5,7,Yes,Yes,No,Day 1,1,1744,1744,2.84707,247.37,direct_cup_evidence,1991.625,1169.305,2238.995,1416.675,2115.31,1292.99
5,Day 5,Tray 1,1,DJI_20260623123614_0001,48,5,8,No,No,No,,,0,0,0.0,247.37,direct_cup_evidence,2314.422,1160.288,2561.792,1407.658,2438.107,1283.973
5,Day 5,Tray 1,1,DJI_20260623123614_0001,49,5,9,No,No,No,,,0,0,0.0,247.37,direct_cup_evidence,2639.022,1169.305,2886.392,1416.675,2762.707,1292.99
5,Day 5,Tray 1,1,DJI_20260623123614_0001,50,5,10,Yes,Yes,No,Day 2,2,601,601,0.9851,247.37,direct_cup_evidence,2963.622,1167.502,3210.992,1414.872,3087.307,1291.187
5,Day 5,Tray 1,1,DJI_20260623123614_0001,51,6,1,Yes,Yes,No,Day 2,2,1384,1384,2.26852,247.37,direct_cup_evidence,36.812,1441.608,284.182,1688.978,160.497,1565.293
5,Day 5,Tray 1,1,DJI_20260623123614_0001,52,6,2,Yes,Yes,No,Day 2,2,1171,1171,1.91165,247.37,direct_cup_evidence,357.805,1452.428,605.175,1699.798,481.49,1576.113
5,Day 5,Tray 1,1,DJI_20260623123614_0001,53,6,3,Yes,Yes,No,Day 1,1,1057,1057,1.72555,247.37,direct_cup_evidence,684.208,1448.822,931.578,1696.192,807.893,1572.507
5,Day 5,Tray 1,1,DJI_20260623123614_0001,54,6,4,Yes,Yes,No,Day 2,2,1097,1097,1.7981,247.37,direct_cup_evidence,1007.005,1457.838,1254.375,1705.208,1130.69,1581.523
5,Day 5,Tray 1,1,DJI_20260623123614_0001,55,6,5,Yes,Yes,No,Day 2,2,1717,1717,2.79169,247.37,direct_cup_evidence,1333.408,1454.232,1580.778,1701.602,1457.093,1577.917
5,Day 5,Tray 1,1,DJI_20260623123614_0001,56,6,6,Yes,Yes,No,Day 2,2,774,774,1.26867,247.37,direct_cup_evidence,1659.812,1448.822,1907.182,1696.192,1783.497,1572.507
5,Day 5,Tray 1,1,DJI_20260623123614_0001,57,6,7,Yes,Yes,No,Day 2,2,3021,3021,4.95173,247.37,direct_cup_evidence,1988.018,1447.018,2235.388,1694.388,2111.703,1570.703
5,Day 5,Tray 1,1,DJI_20260623123614_0001,58,6,8,No,No,No,,,0,0,0.0,247.37,direct_cup_evidence,2316.225,1438.002,2563.595,1685.372,2439.91,1561.687
5,Day 5,Tray 1,1,DJI_20260623123614_0001,59,6,9,No,No,No,,,0,0,0.0,247.37,direct_cup_evidence,2637.218,1430.788,2884.588,1678.158,2760.903,1554.473
5,Day 5,Tray 1,1,DJI_20260623123614_0001,60,6,10,Yes,Yes,No,Day 1,1,2578,1222,4.20857,247.37,direct_cup_evidence,2967.228,1438.002,3214.598,1685.372,3090.913,1561.687
5,Day 5,Tray 1,1,DJI_20260623123614_0001,61,7,1,Yes,Yes,No,Day 2,2,1810,1810,2.96678,247.37,direct_cup_evidence,45.828,1724.732,293.198,1972.102,169.513,1848.417
5,Day 5,Tray 1,1,DJI_20260623123614_0001,62,7,2,No,No,No,,,0,0,0.0,247.37,direct_cup_evidence,361.412,1728.338,608.782,1975.708,485.097,1852.023
5,Day 5,Tray 1,1,DJI_20260623123614_0001,63,7,3,No,No,No,,,0,0,0.0,247.37,direct_cup_evidence,686.012,1722.928,933.382,1970.298,809.697,1846.613
5,Day 5,Tray 1,1,DJI_20260623123614_0001,64,7,4,No,No,No,,,0,0,0.0,247.37,direct_cup_evidence,1008.808,1735.552,1256.178,1982.922,1132.493,1859.237
5,Day 5,Tray 1,1,DJI_20260623123614_0001,65,7,5,No,No,No,,,0,0,0.0,247.37,direct_cup_evidence,1335.212,1735.552,1582.582,1982.922,1458.897,1859.237
5,Day 5,Tray 1,1,DJI_20260623123614_0001,66,7,6,Yes,Yes,No,Day 1,1,2415,2415,3.92657,247.37,direct_cup_evidence,1663.418,1730.142,1910.788,1977.512,1787.103,1853.827
5,Day 5,Tray 1,1,DJI_20260623123614_0001,67,7,7,Yes,Yes,No,Day 1,1,3498,3488,5.73358,247.37,direct_cup_evidence,1989.822,1722.928,2237.192,1970.298,2113.507,1846.613
5,Day 5,Tray 1,1,DJI_20260623123614_0001,68,7,8,No,No,No,,,0,0,0.0,247.37,direct_cup_evidence,2318.028,1722.928,2565.398,1970.298,2441.713,1846.613
5,Day 5,Tray 1,1,DJI_20260623123614_0001,69,7,9,Yes,Yes,No,Day 1,1,2429,2429,3.98138,247.37,direct_cup_evidence,2640.825,1717.518,2888.195,1964.888,2764.51,1841.203
5,Day 5,Tray 1,1,DJI_20260623123614_0001,70,7,10,Yes,Yes,No,Day 2,2,1466,1466,2.38358,247.37,direct_cup_evidence,2958.212,1701.288,3205.582,1948.658,3081.897,1824.973
5,Day 5,Tray 2,2,DJI_20260623123731_0002,1,1,1,Yes,Yes,No,Day 1,1,1663,1663,2.70389,248.23,direct_cup_evidence,41.74,79.599,289.971,327.829,165.856,203.714
5,Day 5,Tray 2,2,DJI_20260623123731_0002,2,1,2,Yes,Yes,No,Day 1,1,1228,1228,1.99662,248.23,direct_cup_evidence,353.621,83.204,601.851,331.435,477.736,207.319
5,Day 5,Tray 2,2,DJI_20260623123731_0002,3,1,3,Yes,Yes,No,Day 1,1,3665,3665,5.95896,248.23,direct_cup_evidence,674.515,79.599,922.746,327.829,798.631,203.714
5,Day 5,Tray 2,2,DJI_20260623123731_0002,4,1,4,No,No,No,,,0,0,0.0,248.23,direct_cup_evidence,991.804,74.19,1240.035,322.421,1115.919,198.306
5,Day 5,Tray 2,2,DJI_20260623123731_0002,5,1,5,Yes,Yes,No,Day 2,2,851,452,1.38365,248.23,direct_cup_evidence,1318.107,77.796,1566.337,326.026,1442.222,201.911
5,Day 5,Tray 2,2,DJI_20260623123731_0002,6,1,6,Yes,Yes,No,Day 1,1,1627,1627,2.64536,248.23,direct_cup_evidence,1640.804,77.796,1889.035,326.026,1764.919,201.911
5,Day 5,Tray 2,2,DJI_20260623123731_0002,7,1,7,Yes,Yes,No,Day 1,1,2139,2139,3.47782,248.23,direct_cup_evidence,1967.107,74.19,2215.337,322.421,2091.222,198.306
5,Day 5,Tray 2,2,DJI_20260623123731_0002,8,1,8,Yes,Yes,No,Day 3,3,535,535,0.86637,248.23,direct_cup_evidence,2284.396,68.782,2532.626,317.012,2408.511,192.897
5,Day 5,Tray 2,2,DJI_20260623123731_0002,9,1,9,No,No,No,,,0,0,0.0,248.23,direct_cup_evidence,2614.304,68.782,2862.535,317.012,2738.419,192.897
5,Day 5,Tray 2,2,DJI_20260623123731_0002,10,1,10,No,No,No,,,0,0,0.0,248.23,direct_cup_evidence,2933.396,66.979,3181.626,315.21,3057.511,191.094
5,Day 5,Tray 2,2,DJI_20260623123731_0002,11,2,1,Yes,Yes,No,Day 1,1,1128,1128,1.83403,248.23,direct_cup_evidence,39.938,359.029,288.168,607.26,164.053,483.144
5,Day 5,Tray 2,2,DJI_20260623123731_0002,12,2,2,No,Yes,Yes,Day 1,1,0,0,0.0,248.23,direct_cup_evidence,346.41,350.015,594.64,598.246,470.525,474.131
5,Day 5,Tray 2,2,DJI_20260623123731_0002,13,2,3,Yes,Yes,No,Day 4,4,356,198,0.57882,248.23,direct_cup_evidence,670.91,350.015,919.14,598.246,795.025,474.131
5,Day 5,Tray 2,2,DJI_20260623123731_0002,14,2,4,No,No,No,,,0,0,0.0,248.23,direct_cup_evidence,995.41,353.621,1243.64,601.851,1119.525,477.736
5,Day 5,Tray 2,2,DJI_20260623123731_0002,15,2,5,No,No,No,,,0,0,0.0,248.23,direct_cup_evidence,1319.91,357.227,1568.14,605.457,1444.025,481.342
5,Day 5,Tray 2,2,DJI_20260623123731_0002,16,2,6,Yes,Yes,No,Day 1,1,2046,2046,3.29995,248.23,direct_cup_evidence,1662.438,337.396,1910.668,585.626,1786.553,461.511
5,Day 5,Tray 2,2,DJI_20260623123731_0002,17,2,7,Yes,Yes,No,Day 1,1,2350,2350,3.82089,248.23,direct_cup_evidence,1967.107,353.621,2215.337,601.851,2091.222,477.736
5,Day 5,Tray 2,2,DJI_20260623123731_0002,18,2,8,Yes,Yes,No,Day 2,2,2246,2246,3.6518,248.23,direct_cup_evidence,2295.213,344.607,2543.443,592.837,2419.328,468.722
5,Day 5,Tray 2,2,DJI_20260623123731_0002,19,2,9,No,No,No,,,0,0,0.0,248.23,direct_cup_evidence,2616.107,346.41,2864.337,594.64,2740.222,470.525
5,Day 5,Tray 2,2,DJI_20260623123731_0002,20,2,10,Yes,Yes,No,Day 1,1,3991,3991,6.48901,248.23,direct_cup_evidence,2940.607,344.607,3188.837,592.837,3064.722,468.722
5,Day 5,Tray 2,2,DJI_20260623123731_0002,21,3,1,No,No,No,,,0,0,0.0,248.23,direct_cup_evidence,39.938,627.643,288.168,875.873,164.053,751.758
5,Day 5,Tray 2,2,DJI_20260623123731_0002,22,3,2,No,No,No,,,0,0,0.0,248.23,direct_cup_evidence,326.579,606.01,574.81,854.24,450.694,730.125
5,Day 5,Tray 2,2,DJI_20260623123731_0002,23,3,3,No,No,No,,,0,0,0.0,248.23,direct_cup_evidence,674.515,627.643,922.746,875.873,798.631,751.758
5,Day 5,Tray 2,2,DJI_20260623123731_0002,24,3,4,Yes,Yes,No,Day 1,1,4391,4391,7.13937,248.23,direct_cup_evidence,993.607,627.643,1241.837,875.873,1117.722,751.758
5,Day 5,Tray 2,2,DJI_20260623123731_0002,25,3,5,Yes,Yes,No,Day 1,1,3224,3224,5.22088,248.23,direct_cup_evidence,1298.277,613.221,1546.507,861.451,1422.392,737.336
5,Day 5,Tray 2,2,DJI_20260623123731_0002,26,3,6,Yes,Yes,No,Day 2,2,892,892,1.44449,248.23,direct_cup_evidence,1637.199,629.446,1885.429,877.676,1761.314,753.561
5,Day 5,Tray 2,2,DJI_20260623123731_0002,27,3,7,Yes,Yes,No,Day 1,1,2982,2982,4.82899,248.23,direct_cup_evidence,1968.91,629.446,2217.14,877.676,2093.025,753.561
5,Day 5,Tray 2,2,DJI_20260623123731_0002,28,3,8,Yes,Yes,No,Day 1,1,2613,2613,4.2485,248.23,direct_cup_evidence,2295.213,627.643,2543.443,875.873,2419.328,751.758
5,Day 5,Tray 2,2,DJI_20260623123731_0002,29,3,9,Yes,Yes,No,Day 1,1,2689,2689,4.37207,248.23,direct_cup_evidence,2617.91,625.84,2866.14,874.071,2742.025,749.956
5,Day 5,Tray 2,2,DJI_20260623123731_0002,30,3,10,Yes,Yes,No,Day 1,1,3686,3686,5.94507,248.23,direct_cup_evidence,2951.424,620.432,3199.654,868.662,3075.539,744.547
5,Day 5,Tray 2,2,DJI_20260623123731_0002,31,4,1,No,Yes,Yes,Day 1,1,0,0,0.0,248.23,direct_cup_evidence,45.346,898.06,293.576,1146.29,169.461,1022.175
5,Day 5,Tray 2,2,DJI_20260623123731_0002,32,4,2,Yes,Yes,No,Day 1,1,3640,3640,5.89455,248.23,direct_cup_evidence,353.621,905.271,601.851,1153.501,477.736,1029.386
5,Day 5,Tray 2,2,DJI_20260623123731_0002,33,4,3,Yes,Yes,No,Day 2,2,1501,1501,2.44049,248.23,direct_cup_evidence,670.91,907.074,919.14,1155.304,795.025,1031.189
5,Day 5,Tray 2,2,DJI_20260623123731_0002,34,4,4,No,Yes,Yes,Day 1,1,0,0,0.0,248.23,direct_cup_evidence,1031.465,917.89,1279.696,1166.121,1155.581,1042.006
5,Day 5,Tray 2,2,DJI_20260623123731_0002,35,4,5,Yes,Yes,No,Day 1,1,3580,3580,5.82076,248.23,direct_cup_evidence,1321.713,899.863,1569.943,1148.093,1445.828,1023.978
5,Day 5,Tray 2,2,DJI_20260623123731_0002,36,4,6,Yes,Yes,No,Day 4,4,356,224,0.57882,248.23,direct_cup_evidence,1646.213,899.863,1894.443,1148.093,1770.328,1023.978
5,Day 5,Tray 2,2,DJI_20260623123731_0002,37,4,7,Yes,Yes,No,Day 4,4,183,178,0.29635,248.23,direct_cup_evidence,1970.713,905.271,2218.943,1153.501,2094.828,1029.386
5,Day 5,Tray 2,2,DJI_20260623123731_0002,38,4,8,No,No,No,,,0,0,0.0,248.23,direct_cup_evidence,2293.41,899.863,2541.64,1148.093,2417.525,1023.978
5,Day 5,Tray 2,2,DJI_20260623123731_0002,39,4,9,No,No,No,,,0,0,0.0,248.23,direct_cup_evidence,2616.107,926.904,2864.337,1175.135,2740.222,1051.019
5,Day 5,Tray 2,2,DJI_20260623123731_0002,40,4,10,Yes,Yes,No,Day 1,1,3613,3613,5.87441,248.23,direct_cup_evidence,2946.015,898.06,3194.246,1146.29,3070.131,1022.175
5,Day 5,Tray 2,2,DJI_20260623123731_0002,41,5,1,Yes,Yes,No,Day 2,2,1605,1605,2.60959,248.23,direct_cup_evidence,41.74,1172.082,289.971,1420.312,165.856,1296.197
5,Day 5,Tray 2,2,DJI_20260623123731_0002,42,5,2,Yes,Yes,No,Day 3,3,638,638,1.03316,248.23,direct_cup_evidence,360.832,1170.279,609.062,1418.51,484.947,1294.394
5,Day 5,Tray 2,2,DJI_20260623123731_0002,43,5,3,Yes,Yes,No,Day 1,1,3961,3961,6.44023,248.23,direct_cup_evidence,672.713,1181.096,920.943,1429.326,796.828,1305.211
5,Day 5,Tray 2,2,DJI_20260623123731_0002,44,5,4,No,No,No,,,0,0,0.0,248.23,direct_cup_evidence,995.41,1181.096,1243.64,1429.326,1119.525,1305.211
5,Day 5,Tray 2,2,DJI_20260623123731_0002,45,5,5,Yes,Yes,No,Day 1,1,2231,2231,3.59833,248.23,direct_cup_evidence,1278.446,1170.279,1526.676,1418.51,1402.561,1294.394
5,Day 5,Tray 2,2,DJI_20260623123731_0002,46,5,6,No,No,No,,,0,0,0.0,248.23,direct_cup_evidence,1646.213,1182.899,1894.443,1431.129,1770.328,1307.014
5,Day 5,Tray 2,2,DJI_20260623123731_0002,47,5,7,Yes,Yes,No,Day 4,4,349,349,0.56744,248.23,direct_cup_evidence,1976.121,1181.096,2224.351,1429.326,2100.236,1305.211
5,Day 5,Tray 2,2,DJI_20260623123731_0002,48,5,8,No,No,No,,,0,0,0.0,248.23,direct_cup_evidence,2300.621,1177.49,2548.851,1425.721,2424.736,1301.606
5,Day 5,Tray 2,2,DJI_20260623123731_0002,49,5,9,Yes,Yes,No,Day 5,5,184,152,0.29797,248.23,direct_cup_evidence,2621.515,1179.293,2869.746,1427.523,2745.631,1303.408
5,Day 5,Tray 2,2,DJI_20260623123731_0002,50,5,10,Yes,Yes,No,Day 1,1,1777,1777,2.88924,248.23,direct_cup_evidence,2946.015,1172.082,3194.246,1420.312,3070.131,1296.197
5,Day 5,Tray 2,2,DJI_20260623123731_0002,51,6,1,Yes,Yes,No,Day 4,4,231,231,0.37257,248.23,direct_cup_evidence,45.346,1442.499,293.576,1690.729,169.461,1566.614
5,Day 5,Tray 2,2,DJI_20260623123731_0002,52,6,2,Yes,Yes,No,Day 1,1,3097,3097,5.03544,248.23,direct_cup_evidence,357.227,1451.513,605.457,1699.743,481.342,1575.628
5,Day 5,Tray 2,2,DJI_20260623123731_0002,53,6,3,Yes,Yes,No,Day 1,1,4051,4051,6.58656,248.23,direct_cup_evidence,674.515,1458.724,922.746,1706.954,798.631,1582.839
5,Day 5,Tray 2,2,DJI_20260623123731_0002,54,6,4,No,No,No,,,0,0,0.0,248.23,direct_cup_evidence,999.015,1451.513,1247.246,1699.743,1123.131,1575.628
5,Day 5,Tray 2,2,DJI_20260623123731_0002,55,6,5,Yes,Yes,No,Day 1,1,4114,4109,6.689,248.23,direct_cup_evidence,1328.924,1460.527,1577.154,1708.757,1453.039,1584.642
5,Day 5,Tray 2,2,DJI_20260623123731_0002,56,6,6,Yes,Yes,No,Day 1,1,2471,2471,4.01762,248.23,direct_cup_evidence,1646.213,1456.921,1894.443,1705.151,1770.328,1581.036
5,Day 5,Tray 2,2,DJI_20260623123731_0002,57,6,7,Yes,Yes,No,Day 1,1,3180,3180,5.1704,248.23,direct_cup_evidence,1970.713,1456.921,2218.943,1705.151,2094.828,1581.036
5,Day 5,Tray 2,2,DJI_20260623123731_0002,58,6,8,No,No,No,,,0,0,0.0,248.23,direct_cup_evidence,2304.227,1442.499,2552.457,1690.729,2428.342,1566.614
5,Day 5,Tray 2,2,DJI_20260623123731_0002,59,6,9,Yes,Yes,No,Day 3,3,313,313,0.50687,248.23,direct_cup_evidence,2632.332,1456.921,2880.562,1705.151,2756.447,1581.036
5,Day 5,Tray 2,2,DJI_20260623123731_0002,60,6,10,Yes,Yes,No,Day 1,1,809,798,1.31536,248.23,direct_cup_evidence,2955.029,1446.104,3203.26,1694.335,3079.144,1570.219
5,Day 5,Tray 2,2,DJI_20260623123731_0002,61,7,1,Yes,Yes,No,Day 3,3,550,550,0.89425,248.23,direct_cup_evidence,56.163,1712.915,304.393,1961.146,180.278,1837.031
5,Day 5,Tray 2,2,DJI_20260623123731_0002,62,7,2,No,No,No,,,0,0,0.0,248.23,direct_cup_evidence,360.832,1705.704,609.062,1953.935,484.947,1829.819
5,Day 5,Tray 2,2,DJI_20260623123731_0002,63,7,3,Yes,Yes,No,Day 2,2,994,994,1.60966,248.23,direct_cup_evidence,685.332,1734.549,933.562,1982.779,809.447,1858.664
5,Day 5,Tray 2,2,DJI_20260623123731_0002,64,7,4,No,No,No,,,0,0,0.0,248.23,direct_cup_evidence,1004.424,1730.943,1252.654,1979.173,1128.539,1855.058
5,Day 5,Tray 2,2,DJI_20260623123731_0002,65,7,5,Yes,Yes,No,Day 2,2,1143,1143,1.85842,248.23,direct_cup_evidence,1321.713,1739.957,1569.943,1988.187,1445.828,1864.072
5,Day 5,Tray 2,2,DJI_20260623123731_0002,66,7,6,Yes,Yes,No,Day 1,1,2296,2296,3.7181,248.23,direct_cup_evidence,1637.199,1754.379,1885.429,2002.61,1761.314,1878.494
5,Day 5,Tray 2,2,DJI_20260623123731_0002,67,7,7,No,No,No,,,0,0,0.0,248.23,direct_cup_evidence,1977.924,1739.957,2226.154,1988.187,2102.039,1864.072
5,Day 5,Tray 2,2,DJI_20260623123731_0002,68,7,8,Yes,Yes,No,Day 1,1,2329,2329,3.77154,248.23,direct_cup_evidence,2302.424,1723.732,2550.654,1971.962,2426.539,1847.847
5,Day 5,Tray 2,2,DJI_20260623123731_0002,69,7,9,Yes,Yes,No,Day 1,1,4201,4201,6.80302,248.23,direct_cup_evidence,2632.332,1732.746,2880.562,1980.976,2756.447,1856.861
5,Day 5,Tray 2,2,DJI_20260623123731_0002,70,7,10,No,Yes,Yes,Day 1,1,0,0,0.0,248.23,direct_cup_evidence,2953.227,1721.929,3201.457,1970.16,3077.342,1846.044
5,Day 5,Tray 3,3,DJI_20260623123926_0003,1,1,1,Yes,Yes,No,Day 1,1,454,454,0.7352,248.253,direct_cup_evidence,45.073,88.273,293.327,336.527,169.2,212.4
5,Day 5,Tray 3,3,DJI_20260623123926_0003,2,1,2,Yes,Yes,No,Day 1,1,1925,1925,3.11731,248.253,direct_cup_evidence,369.073,86.473,617.327,334.727,493.2,210.6
5,Day 5,Tray 3,3,DJI_20260623123926_0003,3,1,3,Yes,Yes,No,Day 5,5,265,265,0.42741,248.253,direct_cup_evidence,691.273,88.273,939.527,336.527,815.4,212.4
5,Day 5,Tray 3,3,DJI_20260623123926_0003,4,1,4,Yes,Yes,No,Day 1,1,1321,1321,2.14783,248.253,direct_cup_evidence,1011.673,93.673,1259.927,341.927,1135.8,217.8
5,Day 5,Tray 3,3,DJI_20260623123926_0003,5,1,5,Yes,Yes,No,Day 2,2,992,992,1.59997,248.253,direct_cup_evidence,1330.273,88.273,1578.527,336.527,1454.4,212.4
5,Day 5,Tray 3,3,DJI_20260623123926_0003,6,1,6,Yes,Yes,No,Day 1,1,2014,2014,3.24833,248.253,direct_cup_evidence,1652.473,86.473,1900.727,334.727,1776.6,210.6
5,Day 5,Tray 3,3,DJI_20260623123926_0003,7,1,7,Yes,Yes,No,Day 2,2,976,603,1.58052,248.253,direct_cup_evidence,1978.273,90.073,2226.527,338.327,2102.4,214.2
5,Day 5,Tray 3,3,DJI_20260623123926_0003,8,1,8,No,No,No,,,0,0,0.0,248.253,direct_cup_evidence,2302.273,90.073,2550.527,338.327,2426.4,214.2
5,Day 5,Tray 3,3,DJI_20260623123926_0003,9,1,9,Yes,Yes,No,Day 2,2,1079,1079,1.74029,248.253,direct_cup_evidence,2617.273,95.473,2865.527,343.727,2741.4,219.6
5,Day 5,Tray 3,3,DJI_20260623123926_0003,10,1,10,No,No,No,,,0,0,0.0,248.253,direct_cup_evidence,2948.473,95.473,3196.727,343.727,3072.6,219.6
5,Day 5,Tray 3,3,DJI_20260623123926_0003,11,2,1,Yes,Yes,No,Day 2,2,491,491,0.79832,248.253,direct_cup_evidence,46.873,360.073,295.127,608.327,171.0,484.2
5,Day 5,Tray 3,3,DJI_20260623123926_0003,12,2,2,Yes,Yes,No,Day 2,2,961,961,1.5625,248.253,direct_cup_evidence,363.673,363.673,611.927,611.927,487.8,487.8
5,Day 5,Tray 3,3,DJI_20260623123926_0003,13,2,3,Yes,Yes,No,Day 1,1,896,588,1.45097,248.253,direct_cup_evidence,684.073,365.473,932.327,613.727,808.2,489.6
5,Day 5,Tray 3,3,DJI_20260623123926_0003,14,2,4,No,No,No,,,0,0,0.0,248.253,direct_cup_evidence,1006.273,367.273,1254.527,615.527,1130.4,491.4
5,Day 5,Tray 3,3,DJI_20260623123926_0003,15,2,5,No,Yes,Yes,Day 2,2,0,0,0.0,248.253,direct_cup_evidence,1332.073,369.073,1580.327,617.327,1456.2,493.2
5,Day 5,Tray 3,3,DJI_20260623123926_0003,16,2,6,No,No,No,,,0,0,0.0,248.253,direct_cup_evidence,1656.073,369.073,1904.327,617.327,1780.2,493.2
5,Day 5,Tray 3,3,DJI_20260623123926_0003,17,2,7,No,No,No,,,0,0,0.0,248.253,direct_cup_evidence,1962.073,343.873,2210.327,592.127,2086.2,468.0
5,Day 5,Tray 3,3,DJI_20260623123926_0003,18,2,8,Yes,Yes,No,Day 5,5,144,144,0.23319,248.253,direct_cup_evidence,2302.273,369.073,2550.527,617.327,2426.4,493.2
5,Day 5,Tray 3,3,DJI_20260623123926_0003,19,2,9,No,No,No,,,0,0,0.0,248.253,direct_cup_evidence,2620.873,369.073,2869.127,617.327,2745.0,493.2
5,Day 5,Tray 3,3,DJI_20260623123926_0003,20,2,10,No,No,No,,,0,0,0.0,248.253,direct_cup_evidence,2944.873,370.873,3193.127,619.127,3069.0,495.0
5,Day 5,Tray 3,3,DJI_20260623123926_0003,21,3,1,Yes,Yes,No,Day 1,1,1061,678,1.71126,248.253,direct_cup_evidence,41.473,637.273,289.727,885.527,165.6,761.4
5,Day 5,Tray 3,3,DJI_20260623123926_0003,22,3,2,Yes,Yes,No,Day 4,4,374,374,0.60565,248.253,direct_cup_evidence,365.473,640.873,613.727,889.127,489.6,765.0
5,Day 5,Tray 3,3,DJI_20260623123926_0003,23,3,3,No,No,No,,,0,0,0.0,248.253,direct_cup_evidence,691.273,640.873,939.527,889.127,815.4,765.0
5,Day 5,Tray 3,3,DJI_20260623123926_0003,24,3,4,Yes,Yes,No,Day 1,1,1900,1900,3.06447,248.253,direct_cup_evidence,1006.273,644.473,1254.527,892.727,1130.4,768.6
5,Day 5,Tray 3,3,DJI_20260623123926_0003,25,3,5,Yes,Yes,No,Day 1,1,1392,1392,2.24513,248.253,direct_cup_evidence,1330.273,646.273,1578.527,894.527,1454.4,770.4
5,Day 5,Tray 3,3,DJI_20260623123926_0003,26,3,6,No,No,No,,,0,0,0.0,248.253,direct_cup_evidence,1656.073,648.073,1904.327,896.327,1780.2,772.2
5,Day 5,Tray 3,3,DJI_20260623123926_0003,27,3,7,No,No,No,,,0,0,0.0,248.253,direct_cup_evidence,1980.073,637.273,2228.327,885.527,2104.2,761.4
5,Day 5,Tray 3,3,DJI_20260623123926_0003,28,3,8,Yes,Yes,No,Day 1,1,1439,1439,2.33969,248.253,direct_cup_evidence,2298.673,648.073,2546.927,896.327,2422.8,772.2
5,Day 5,Tray 3,3,DJI_20260623123926_0003,29,3,9,No,No,No,,,0,0,0.0,248.253,direct_cup_evidence,2628.073,648.073,2876.327,896.327,2752.2,772.2
5,Day 5,Tray 3,3,DJI_20260623123926_0003,30,3,10,No,No,No,,,0,0,0.0,248.253,direct_cup_evidence,2946.673,646.273,3194.927,894.527,3070.8,770.4
5,Day 5,Tray 3,3,DJI_20260623123926_0003,31,4,1,No,No,No,,,0,0,0.0,248.253,direct_cup_evidence,50.473,910.873,298.727,1159.127,174.6,1035.0
5,Day 5,Tray 3,3,DJI_20260623123926_0003,32,4,2,No,No,No,,,0,0,0.0,248.253,direct_cup_evidence,333.073,894.673,581.327,1142.927,457.2,1018.8
5,Day 5,Tray 3,3,DJI_20260623123926_0003,33,4,3,Yes,Yes,No,Day 4,4,38,30,0.06154,248.253,direct_cup_evidence,693.073,887.473,941.327,1135.727,817.2,1011.6
5,Day 5,Tray 3,3,DJI_20260623123926_0003,34,4,4,Yes,Yes,No,Day 2,2,1174,1174,1.90115,248.253,direct_cup_evidence,1006.273,921.673,1254.527,1169.927,1130.4,1045.8
5,Day 5,Tray 3,3,DJI_20260623123926_0003,35,4,5,Yes,Yes,No,Day 4,4,280,280,0.45525,248.253,direct_cup_evidence,1332.073,921.673,1580.327,1169.927,1456.2,1045.8
5,Day 5,Tray 3,3,DJI_20260623123926_0003,36,4,6,Yes,Yes,No,Day 3,3,35,35,0.05691,248.253,direct_cup_evidence,1650.673,919.873,1898.927,1168.127,1774.8,1044.0
5,Day 5,Tray 3,3,DJI_20260623123926_0003,37,4,7,No,No,No,,,0,0,0.0,248.253,direct_cup_evidence,1976.473,925.273,2224.727,1173.527,2100.6,1049.4
5,Day 5,Tray 3,3,DJI_20260623123926_0003,38,4,8,Yes,Yes,No,Day 2,2,808,808,1.3032,248.253,direct_cup_evidence,2302.273,925.273,2550.527,1173.527,2426.4,1049.4
5,Day 5,Tray 3,3,DJI_20260623123926_0003,39,4,9,Yes,Yes,No,Day 3,3,400,221,0.64515,248.253,direct_cup_evidence,2626.273,925.273,2874.527,1173.527,2750.4,1049.4
5,Day 5,Tray 3,3,DJI_20260623123926_0003,40,4,10,No,No,No,,,0,0,0.0,248.253,direct_cup_evidence,2944.873,919.873,3193.127,1168.127,3069.0,1044.0
5,Day 5,Tray 3,3,DJI_20260623123926_0003,41,5,1,Yes,Yes,No,Day 1,1,1614,1614,2.61368,248.253,direct_cup_evidence,45.073,1177.273,293.327,1425.527,169.2,1301.4
5,Day 5,Tray 3,3,DJI_20260623123926_0003,42,5,2,Yes,Yes,No,Day 1,1,1909,1909,3.07898,248.253,direct_cup_evidence,365.473,1195.273,613.727,1443.527,489.6,1319.4
5,Day 5,Tray 3,3,DJI_20260623123926_0003,43,5,3,Yes,Yes,No,Day 1,1,1179,1179,1.91695,248.253,direct_cup_evidence,684.073,1198.873,932.327,1447.127,808.2,1323.0
5,Day 5,Tray 3,3,DJI_20260623123926_0003,44,5,4,Yes,Yes,No,Day 1,1,2106,2106,3.42417,248.253,direct_cup_evidence,1008.073,1198.873,1256.327,1447.127,1132.2,1323.0
5,Day 5,Tray 3,3,DJI_20260623123926_0003,45,5,5,Yes,Yes,No,Day 1,1,1322,1322,2.14082,248.253,direct_cup_evidence,1306.873,1168.273,1555.127,1416.527,1431.0,1292.4
5,Day 5,Tray 3,3,DJI_20260623123926_0003,46,5,6,Yes,Yes,No,Day 3,3,321,321,0.52192,248.253,direct_cup_evidence,1656.073,1206.073,1904.327,1454.327,1780.2,1330.2
5,Day 5,Tray 3,3,DJI_20260623123926_0003,47,5,7,Yes,Yes,No,Day 1,1,1373,1373,2.22341,248.253,direct_cup_evidence,1978.273,1191.673,2226.527,1439.927,2102.4,1315.8
5,Day 5,Tray 3,3,DJI_20260623123926_0003,48,5,8,No,No,No,,,0,0,0.0,248.253,direct_cup_evidence,2302.273,1198.873,2550.527,1447.127,2426.4,1323.0
5,Day 5,Tray 3,3,DJI_20260623123926_0003,49,5,9,No,No,No,,,0,0,0.0,248.253,direct_cup_evidence,2624.473,1198.873,2872.727,1447.127,2748.6,1323.0
5,Day 5,Tray 3,3,DJI_20260623123926_0003,50,5,10,Yes,Yes,No,Day 1,1,1506,842,2.42899,248.253,direct_cup_evidence,2941.273,1195.273,3189.527,1443.527,3065.4,1319.4
5,Day 5,Tray 3,3,DJI_20260623123926_0003,51,6,1,Yes,Yes,No,Day 1,1,993,515,1.60805,248.253,direct_cup_evidence,46.873,1454.473,295.127,1702.727,171.0,1578.6
5,Day 5,Tray 3,3,DJI_20260623123926_0003,52,6,2,Yes,Yes,No,Day 2,2,631,623,1.02595,248.253,direct_cup_evidence,387.073,1459.873,635.327,1708.127,511.2,1584.0
5,Day 5,Tray 3,3,DJI_20260623123926_0003,53,6,3,Yes,Yes,No,Day 1,1,913,913,1.47256,248.253,direct_cup_evidence,691.273,1465.273,939.527,1713.527,815.4,1589.4
5,Day 5,Tray 3,3,DJI_20260623123926_0003,54,6,4,No,No,No,,,0,0,0.0,248.253,direct_cup_evidence,1006.273,1477.873,1254.527,1726.127,1130.4,1602.0
5,Day 5,Tray 3,3,DJI_20260623123926_0003,55,6,5,Yes,Yes,No,Day 1,1,1338,1338,2.17547,248.253,direct_cup_evidence,1335.673,1479.673,1583.927,1727.927,1459.8,1603.8
5,Day 5,Tray 3,3,DJI_20260623123926_0003,56,6,6,No,No,No,,,0,0,0.0,248.253,direct_cup_evidence,1656.073,1477.873,1904.327,1726.127,1780.2,1602.0
5,Day 5,Tray 3,3,DJI_20260623123926_0003,57,6,7,Yes,Yes,No,Day 2,2,720,720,1.16595,248.253,direct_cup_evidence,1976.473,1470.673,2224.727,1718.927,2100.6,1594.8
5,Day 5,Tray 3,3,DJI_20260623123926_0003,58,6,8,No,No,No,,,0,0,0.0,248.253,direct_cup_evidence,2277.073,1486.873,2525.327,1735.127,2401.2,1611.0
5,Day 5,Tray 3,3,DJI_20260623123926_0003,59,6,9,Yes,Yes,No,Day 1,1,1201,1116,1.94488,248.253,direct_cup_evidence,2617.273,1467.073,2865.527,1715.327,2741.4,1591.2
5,Day 5,Tray 3,3,DJI_20260623123926_0003,60,6,10,Yes,Yes,No,Day 1,1,2247,2247,3.63875,248.253,direct_cup_evidence,2939.473,1468.873,3187.727,1717.127,3063.6,1593.0
5,Day 5,Tray 3,3,DJI_20260623123926_0003,61,7,1,Yes,Yes,No,Day 1,1,3015,3015,4.90212,248.253,direct_cup_evidence,55.873,1729.873,304.127,1978.127,180.0,1854.0
5,Day 5,Tray 3,3,DJI_20260623123926_0003,62,7,2,Yes,Yes,No,Day 2,2,873,873,1.41372,248.253,direct_cup_evidence,369.073,1742.473,617.327,1990.727,493.2,1866.6
5,Day 5,Tray 3,3,DJI_20260623123926_0003,63,7,3,Yes,Yes,No,Day 3,3,344,344,0.55931,248.253,direct_cup_evidence,694.873,1738.873,943.127,1987.127,819.0,1863.0
5,Day 5,Tray 3,3,DJI_20260623123926_0003,64,7,4,No,No,No,,,0,0,0.0,248.253,direct_cup_evidence,1011.673,1749.673,1259.927,1997.927,1135.8,1873.8
5,Day 5,Tray 3,3,DJI_20260623123926_0003,65,7,5,Yes,Yes,No,Day 1,1,2454,2454,3.97396,248.253,direct_cup_evidence,1332.073,1751.473,1580.327,1999.727,1456.2,1875.6
5,Day 5,Tray 3,3,DJI_20260623123926_0003,66,7,6,Yes,Yes,No,Day 1,1,1886,1886,3.05415,248.253,direct_cup_evidence,1659.673,1753.273,1907.927,2001.527,1783.8,1877.4
5,Day 5,Tray 3,3,DJI_20260623123926_0003,67,7,7,No,No,No,,,0,0,0.0,248.253,direct_cup_evidence,1978.273,1746.073,2226.527,1994.327,2102.4,1870.2
5,Day 5,Tray 3,3,DJI_20260623123926_0003,68,7,8,Yes,Yes,No,Day 2,2,593,593,0.96029,248.253,direct_cup_evidence,2300.473,1747.873,2548.727,1996.127,2424.6,1872.0
5,Day 5,Tray 3,3,DJI_20260623123926_0003,69,7,9,Yes,Yes,No,Day 1,1,425,335,0.68824,248.253,direct_cup_evidence,2617.273,1746.073,2865.527,1994.327,2741.4,1870.2
5,Day 5,Tray 3,3,DJI_20260623123926_0003,70,7,10,Yes,Yes,No,Day 2,2,449,449,0.7271,248.253,direct_cup_evidence,2930.473,1737.073,3178.727,1985.327,3054.6,1861.2
5,Day 5,Tray 4,4,DJI_20260623123956_0004,1,1,1,Yes,Yes,No,Day 1,1,1346,1346,2.20623,247.763,direct_cup_evidence,57.563,86.594,305.326,334.357,181.444,210.476
5,Day 5,Tray 4,4,DJI_20260623123956_0004,2,1,2,Yes,Yes,No,Day 4,4,163,103,0.2661,247.763,direct_cup_evidence,373.276,86.594,621.039,334.357,497.158,210.476
5,Day 5,Tray 4,4,DJI_20260623123956_0004,3,1,3,Yes,Yes,No,Day 2,2,920,920,1.50189,247.763,direct_cup_evidence,694.433,86.594,942.196,334.357,818.314,210.476
5,Day 5,Tray 4,4,DJI_20260623123956_0004,4,1,4,No,No,No,,,0,0,0.0,247.763,direct_cup_evidence,1024.662,79.336,1272.425,327.099,1148.543,203.218
5,Day 5,Tray 4,4,DJI_20260623123956_0004,5,1,5,Yes,Yes,No,Day 4,4,252,214,0.40973,247.763,direct_cup_evidence,1351.262,81.151,1599.025,328.914,1475.143,205.032
5,Day 5,Tray 4,4,DJI_20260623123956_0004,6,1,6,No,No,No,,,0,0,0.0,247.763,direct_cup_evidence,1674.233,79.336,1921.996,327.099,1798.114,203.218
5,Day 5,Tray 4,4,DJI_20260623123956_0004,7,1,7,No,No,No,,,0,0,0.0,247.763,direct_cup_evidence,2000.833,81.151,2248.596,328.914,2124.714,205.032
5,Day 5,Tray 4,4,DJI_20260623123956_0004,8,1,8,Yes,Yes,No,Day 1,1,1375,1375,2.24468,247.763,direct_cup_evidence,2321.989,75.707,2569.753,323.471,2445.871,199.589
5,Day 5,Tray 4,4,DJI_20260623123956_0004,9,1,9,No,No,No,,,5,5,0.00813,247.763,direct_cup_evidence,2643.146,79.336,2890.909,327.099,2767.028,203.218
5,Day 5,Tray 4,4,DJI_20260623123956_0004,10,1,10,No,No,No,,,0,0,0.0,247.763,direct_cup_evidence,2962.488,79.336,3210.252,327.099,3086.37,203.218
5,Day 5,Tray 4,4,DJI_20260623123956_0004,11,2,1,Yes,Yes,No,Day 4,4,256,256,0.41792,247.763,direct_cup_evidence,66.635,356.946,314.398,604.709,190.517,480.828
5,Day 5,Tray 4,4,DJI_20260623123956_0004,12,2,2,Yes,Yes,No,Day 1,1,2740,2740,4.45499,247.763,direct_cup_evidence,382.348,353.317,630.112,601.081,506.23,477.199
5,Day 5,Tray 4,4,DJI_20260623123956_0004,13,2,3,Yes,Yes,No,Day 1,1,701,701,1.14438,247.763,direct_cup_evidence,701.691,358.761,949.454,606.524,825.572,482.642
5,Day 5,Tray 4,4,DJI_20260623123956_0004,14,2,4,No,No,No,,,0,0,0.0,247.763,direct_cup_evidence,1026.476,358.761,1274.239,606.524,1150.358,482.642
5,Day 5,Tray 4,4,DJI_20260623123956_0004,15,2,5,No,No,No,,,0,0,0.0,247.763,direct_cup_evidence,1351.262,353.317,1599.025,601.081,1475.143,477.199
5,Day 5,Tray 4,4,DJI_20260623123956_0004,16,2,6,No,No,No,,,0,0,0.0,247.763,direct_cup_evidence,1674.233,356.946,1921.996,604.709,1798.114,480.828
5,Day 5,Tray 4,4,DJI_20260623123956_0004,17,2,7,Yes,Yes,No,Day 3,3,347,347,0.56648,247.763,direct_cup_evidence,2002.647,356.946,2250.411,604.709,2126.529,480.828
5,Day 5,Tray 4,4,DJI_20260623123956_0004,18,2,8,Yes,Yes,No,Day 4,4,151,151,0.24651,247.763,direct_cup_evidence,2323.804,351.503,2571.567,599.266,2447.686,475.384
5,Day 5,Tray 4,4,DJI_20260623123956_0004,19,2,9,Yes,Yes,No,Day 3,3,351,227,0.57301,247.763,direct_cup_evidence,2643.146,351.503,2890.909,599.266,2767.028,475.384
5,Day 5,Tray 4,4,DJI_20260623123956_0004,20,2,10,No,No,No,,,0,0,0.0,247.763,direct_cup_evidence,2980.633,362.389,3228.396,610.153,3104.514,486.271
5,Day 5,Tray 4,4,DJI_20260623123956_0004,21,3,1,Yes,Yes,No,Day 2,2,473,473,0.77217,247.763,direct_cup_evidence,48.491,634.556,296.254,882.319,172.372,758.438
5,Day 5,Tray 4,4,DJI_20260623123956_0004,22,3,2,No,No,No,,,0,0,0.0,247.763,direct_cup_evidence,375.091,634.556,622.854,882.319,498.972,758.438
5,Day 5,Tray 4,4,DJI_20260623123956_0004,23,3,3,No,No,No,,,0,0,0.0,247.763,direct_cup_evidence,696.247,632.742,944.011,880.505,820.129,756.623
5,Day 5,Tray 4,4,DJI_20260623123956_0004,24,3,4,Yes,Yes,No,Day 3,3,59,38,0.09632,247.763,direct_cup_evidence,1028.291,634.556,1276.054,882.319,1152.172,758.438
5,Day 5,Tray 4,4,DJI_20260623123956_0004,25,3,5,No,No,No,,,0,0,0.0,247.763,direct_cup_evidence,1353.076,632.742,1600.839,880.505,1476.958,756.623
5,Day 5,Tray 4,4,DJI_20260623123956_0004,26,3,6,No,No,No,,,0,0,0.0,247.763,direct_cup_evidence,1679.676,632.742,1927.439,880.505,1803.558,756.623
5,Day 5,Tray 4,4,DJI_20260623123956_0004,27,3,7,Yes,Yes,No,Day 1,1,208,180,0.33819,247.763,direct_cup_evidence,2006.276,630.927,2254.039,878.691,2130.158,754.809
5,Day 5,Tray 4,4,DJI_20260623123956_0004,28,3,8,Yes,Yes,No,Day 2,2,398,398,0.64711,247.763,direct_cup_evidence,2331.062,629.113,2578.825,876.876,2454.943,752.994
5,Day 5,Tray 4,4,DJI_20260623123956_0004,29,3,9,Yes,Yes,No,Day 4,4,247,247,0.40323,247.763,direct_cup_evidence,2657.662,625.484,2905.425,873.247,2781.543,749.366
5,Day 5,Tray 4,4,DJI_20260623123956_0004,30,3,10,Yes,Yes,No,Day 2,2,882,882,1.43986,247.763,direct_cup_evidence,2971.561,629.113,3219.324,876.876,3095.442,752.994
5,Day 5,Tray 4,4,DJI_20260623123956_0004,31,4,1,No,No,No,,,0,0,0.0,247.763,direct_cup_evidence,75.707,923.053,323.471,1170.816,199.589,1046.934
5,Day 5,Tray 4,4,DJI_20260623123956_0004,32,4,2,No,No,No,,,0,0,0.0,247.763,direct_cup_evidence,380.534,912.166,628.297,1159.929,504.416,1036.048
5,Day 5,Tray 4,4,DJI_20260623123956_0004,33,4,3,Yes,Yes,No,Day 1,1,1528,1528,2.49445,247.763,direct_cup_evidence,699.876,908.537,947.639,1156.301,823.758,1032.419
5,Day 5,Tray 4,4,DJI_20260623123956_0004,34,4,4,Yes,Yes,No,Day 4,4,66,66,0.10774,247.763,direct_cup_evidence,1031.919,908.537,1279.683,1156.301,1155.801,1032.419
5,Day 5,Tray 4,4,DJI_20260623123956_0004,35,4,5,No,No,No,,,0,0,0.0,247.763,direct_cup_evidence,1349.447,913.981,1597.211,1161.744,1473.329,1037.862
5,Day 5,Tray 4,4,DJI_20260623123956_0004,36,4,6,Yes,Yes,No,Day 1,1,315,265,0.51632,247.763,direct_cup_evidence,1679.676,908.537,1927.439,1156.301,1803.558,1032.419
5,Day 5,Tray 4,4,DJI_20260623123956_0004,37,4,7,No,No,No,,,0,0,0.0,247.763,direct_cup_evidence,2004.462,906.723,2252.225,1154.486,2128.343,1030.604
5,Day 5,Tray 4,4,DJI_20260623123956_0004,38,4,8,Yes,Yes,No,Day 1,1,531,516,0.86336,247.763,direct_cup_evidence,2332.876,903.094,2580.639,1150.857,2456.758,1026.976
5,Day 5,Tray 4,4,DJI_20260623123956_0004,39,4,9,Yes,Yes,No,Day 4,4,209,136,0.33982,247.763,direct_cup_evidence,2635.888,930.311,2883.652,1178.074,2759.77,1054.192
5,Day 5,Tray 4,4,DJI_20260623123956_0004,40,4,10,No,No,No,,,0,0,0.0,247.763,direct_cup_evidence,2958.859,872.248,3206.623,1120.012,3082.741,996.13
5,Day 5,Tray 4,4,DJI_20260623123956_0004,41,5,1,Yes,Yes,No,Day 1,1,1331,1331,2.16409,247.763,direct_cup_evidence,48.491,1184.333,296.254,1432.096,172.372,1308.214
5,Day 5,Tray 4,4,DJI_20260623123956_0004,42,5,2,No,No,No,,,0,0,0.0,247.763,direct_cup_evidence,375.091,1186.147,622.854,1433.911,498.972,1310.029
5,Day 5,Tray 4,4,DJI_20260623123956_0004,43,5,3,Yes,Yes,No,Day 4,4,119,119,0.19427,247.763,direct_cup_evidence,683.546,1166.188,931.309,1413.952,807.428,1290.07
5,Day 5,Tray 4,4,DJI_20260623123956_0004,44,5,4,Yes,Yes,No,Day 2,2,968,968,1.57388,247.763,direct_cup_evidence,1026.476,1189.776,1274.239,1437.539,1150.358,1313.658
5,Day 5,Tray 4,4,DJI_20260623123956_0004,45,5,5,No,No,No,,,0,0,0.0,247.763,direct_cup_evidence,1354.891,1187.962,1602.654,1435.725,1478.772,1311.843
5,Day 5,Tray 4,4,DJI_20260623123956_0004,46,5,6,Yes,Yes,No,Day 5,5,369,369,0.59996,247.763,direct_cup_evidence,1686.934,1189.776,1934.697,1437.539,1810.816,1313.658
5,Day 5,Tray 4,4,DJI_20260623123956_0004,47,5,7,Yes,Yes,No,Day 1,1,643,643,1.04969,247.763,direct_cup_evidence,2011.719,1184.333,2259.483,1432.096,2135.601,1308.214
5,Day 5,Tray 4,4,DJI_20260623123956_0004,48,5,8,Yes,Yes,No,Day 1,1,659,343,1.07148,247.763,direct_cup_evidence,2352.835,1198.848,2600.598,1446.612,2476.717,1322.73
5,Day 5,Tray 4,4,DJI_20260623123956_0004,49,5,9,Yes,Yes,No,Day 2,2,1183,1183,1.92345,247.763,direct_cup_evidence,2632.259,1173.446,2880.023,1421.209,2756.141,1297.328
5,Day 5,Tray 4,4,DJI_20260623123956_0004,50,5,10,No,No,No,,,0,0,0.0,247.763,direct_cup_evidence,2971.561,1168.003,3219.324,1415.766,3095.442,1291.884
5,Day 5,Tray 4,4,DJI_20260623123956_0004,51,6,1,Yes,Yes,No,Day 1,1,613,311,0.99668,247.763,direct_cup_evidence,53.934,1456.499,301.697,1704.263,177.816,1580.381
5,Day 5,Tray 4,4,DJI_20260623123956_0004,52,6,2,No,No,No,,,0,0,0.0,247.763,direct_cup_evidence,375.091,1461.943,622.854,1709.706,498.972,1585.824
5,Day 5,Tray 4,4,DJI_20260623123956_0004,53,6,3,Yes,Yes,No,Day 1,1,1158,1158,1.8828,247.763,direct_cup_evidence,707.134,1460.128,954.897,1707.892,831.016,1584.01
5,Day 5,Tray 4,4,DJI_20260623123956_0004,54,6,4,Yes,Yes,No,Day 2,2,671,671,1.09099,247.763,direct_cup_evidence,1028.291,1472.829,1276.054,1720.593,1152.172,1596.711
5,Day 5,Tray 4,4,DJI_20260623123956_0004,55,6,5,Yes,Yes,No,Day 1,1,1575,1575,2.56081,247.763,direct_cup_evidence,1354.891,1463.757,1602.654,1711.521,1478.772,1587.639
5,Day 5,Tray 4,4,DJI_20260623123956_0004,56,6,6,Yes,Yes,No,Day 1,1,1330,1325,2.16246,247.763,direct_cup_evidence,1686.934,1458.314,1934.697,1706.077,1810.816,1582.196
5,Day 5,Tray 4,4,DJI_20260623123956_0004,57,6,7,No,No,No,,,0,0,0.0,247.763,direct_cup_evidence,2013.534,1458.314,2261.297,1706.077,2137.416,1582.196
5,Day 5,Tray 4,4,DJI_20260623123956_0004,58,6,8,Yes,Yes,No,Day 1,1,702,493,1.14139,247.763,direct_cup_evidence,2343.763,1456.499,2591.526,1704.263,2467.644,1580.381
5,Day 5,Tray 4,4,DJI_20260623123956_0004,59,6,9,Yes,Yes,No,Day 2,2,485,403,0.78857,247.763,direct_cup_evidence,2635.888,1463.757,2883.652,1711.521,2759.77,1587.639
5,Day 5,Tray 4,4,DJI_20260623123956_0004,60,6,10,No,No,No,,,0,0,0.0,247.763,direct_cup_evidence,2977.004,1436.541,3224.767,1684.304,3100.886,1560.422
5,Day 5,Tray 4,4,DJI_20260623123956_0004,61,7,1,Yes,Yes,No,Day 1,1,1353,692,2.21771,247.763,direct_cup_evidence,57.563,1728.666,305.326,1976.429,181.444,1852.548
5,Day 5,Tray 4,4,DJI_20260623123956_0004,62,7,2,No,No,No,,,0,0,0.0,247.763,direct_cup_evidence,378.719,1735.924,626.483,1983.687,502.601,1859.806
5,Day 5,Tray 4,4,DJI_20260623123956_0004,63,7,3,Yes,Yes,No,Day 2,2,1232,1232,2.01123,247.763,direct_cup_evidence,701.691,1741.367,949.454,1989.131,825.572,1865.249
5,Day 5,Tray 4,4,DJI_20260623123956_0004,64,7,4,Yes,Yes,No,Day 2,2,912,912,1.48283,247.763,direct_cup_evidence,1031.919,1735.924,1279.683,1983.687,1155.801,1859.806
5,Day 5,Tray 4,4,DJI_20260623123956_0004,65,7,5,Yes,Yes,No,Day 1,1,876,876,1.4243,247.763,direct_cup_evidence,1360.334,1741.367,1608.097,1989.131,1484.216,1865.249
5,Day 5,Tray 4,4,DJI_20260623123956_0004,66,7,6,Yes,Yes,No,Day 2,2,748,748,1.2211,247.763,direct_cup_evidence,1670.604,1743.182,1918.367,1990.945,1794.486,1867.063
5,Day 5,Tray 4,4,DJI_20260623123956_0004,67,7,7,Yes,Yes,No,Day 2,2,1083,1083,1.76086,247.763,direct_cup_evidence,2015.348,1734.109,2263.112,1981.873,2139.23,1857.991
5,Day 5,Tray 4,4,DJI_20260623123956_0004,68,7,8,No,No,No,,,0,0,0.0,247.763,direct_cup_evidence,2338.319,1721.408,2586.083,1969.172,2462.201,1845.29
5,Day 5,Tray 4,4,DJI_20260623123956_0004,69,7,9,Yes,Yes,No,Day 1,1,2107,2107,3.42579,247.763,direct_cup_evidence,2664.919,1723.223,2912.683,1970.986,2788.801,1847.104
5,Day 5,Tray 4,4,DJI_20260623123956_0004,70,7,10,Yes,Yes,No,Day 1,1,1554,1554,2.53689,247.763,direct_cup_evidence,2980.633,1714.151,3228.396,1961.914,3104.514,1838.032
5,Day 5,Tray 5,5,DJI_20260623124057_0005,1,1,1,Yes,Yes,No,Day 2,2,919,919,1.45871,250.784,direct_cup_evidence,41.876,81.024,292.66,331.807,167.268,206.416
5,Day 5,Tray 5,5,DJI_20260623124057_0005,2,1,2,Yes,Yes,No,Day 2,2,1816,1816,2.88249,250.784,direct_cup_evidence,356.838,81.024,607.621,331.807,482.229,206.416
5,Day 5,Tray 5,5,DJI_20260623124057_0005,3,1,3,No,No,No,,,0,0,0.0,250.784,direct_cup_evidence,677.138,79.244,927.921,330.028,802.529,204.636
5,Day 5,Tray 5,5,DJI_20260623124057_0005,4,1,4,No,Yes,Yes,Day 4,4,0,0,0.0,250.784,direct_cup_evidence,999.217,72.126,1250.001,322.91,1124.609,197.518
5,Day 5,Tray 5,5,DJI_20260623124057_0005,5,1,5,No,Yes,Yes,Day 3,3,0,0,0.0,250.784,direct_cup_evidence,1317.738,70.347,1568.521,321.131,1443.129,195.739
5,Day 5,Tray 5,5,DJI_20260623124057_0005,6,1,6,Yes,Yes,No,Day 1,1,2794,2794,4.4704,250.784,direct_cup_evidence,1641.596,75.685,1892.38,326.469,1766.988,201.077
5,Day 5,Tray 5,5,DJI_20260623124057_0005,7,1,7,Yes,Yes,No,Day 2,2,2694,2694,4.27612,250.784,direct_cup_evidence,1969.014,73.906,2219.798,324.69,2094.406,199.298
5,Day 5,Tray 5,5,DJI_20260623124057_0005,8,1,8,Yes,Yes,No,Day 1,1,4830,4830,7.66654,250.784,direct_cup_evidence,2291.094,79.244,2541.877,330.028,2416.486,204.636
5,Day 5,Tray 5,5,DJI_20260623124057_0005,9,1,9,No,Yes,Yes,Day 4,4,0,0,0.0,250.784,direct_cup_evidence,2623.85,73.906,2874.634,324.69,2749.242,199.298
5,Day 5,Tray 5,5,DJI_20260623124057_0005,10,1,10,Yes,Yes,No,Day 1,1,3186,3186,5.0976,250.784,direct_cup_evidence,2931.694,75.685,3182.477,326.469,3057.086,201.077
5,Day 5,Tray 5,5,DJI_20260623124057_0005,11,2,1,Yes,Yes,No,Day 1,1,2254,2254,3.57772,250.784,direct_cup_evidence,38.317,360.396,289.101,611.18,163.709,485.788
5,Day 5,Tray 5,5,DJI_20260623124057_0005,12,2,2,Yes,Yes,No,Day 1,1,4598,4598,7.3568,250.784,direct_cup_evidence,367.514,358.617,618.298,609.401,492.906,484.009
5,Day 5,Tray 5,5,DJI_20260623124057_0005,13,2,3,Yes,Yes,No,Day 1,1,2818,2818,4.47294,250.784,direct_cup_evidence,670.02,360.396,920.804,611.18,795.412,485.788
5,Day 5,Tray 5,5,DJI_20260623124057_0005,14,2,4,Yes,Yes,No,Day 2,2,1871,1871,2.9936,250.784,direct_cup_evidence,1020.57,367.514,1271.354,618.298,1145.962,492.906
5,Day 5,Tray 5,5,DJI_20260623124057_0005,15,2,5,Yes,Yes,No,Day 1,1,2922,2922,4.65657,250.784,direct_cup_evidence,1314.179,358.617,1564.962,609.401,1439.571,484.009
5,Day 5,Tray 5,5,DJI_20260623124057_0005,16,2,6,Yes,Yes,No,Day 1,1,10096,10060,16.02514,250.784,direct_cup_evidence,1639.817,362.176,1890.601,612.96,1765.209,487.568
5,Day 5,Tray 5,5,DJI_20260623124057_0005,17,2,7,Yes,Yes,No,Day 1,1,2142,2142,3.39995,250.784,direct_cup_evidence,1970.794,360.396,2221.577,611.18,2096.186,485.788
5,Day 5,Tray 5,5,DJI_20260623124057_0005,18,2,8,Yes,Yes,No,Day 1,1,4299,4299,6.851,250.784,direct_cup_evidence,2292.873,358.617,2543.657,609.401,2418.265,484.009
5,Day 5,Tray 5,5,DJI_20260623124057_0005,19,2,9,Yes,Yes,No,Day 1,1,2540,2540,4.03168,250.784,direct_cup_evidence,2613.173,362.176,2863.957,612.96,2738.565,487.568
5,Day 5,Tray 5,5,DJI_20260623124057_0005,20,2,10,Yes,Yes,No,Day 1,1,3603,3603,5.71896,250.784,direct_cup_evidence,2935.253,362.176,3186.036,612.96,3060.644,487.568
5,Day 5,Tray 5,5,DJI_20260623124057_0005,21,3,1,Yes,Yes,No,Day 1,1,1760,1760,2.79361,250.784,direct_cup_evidence,40.096,636.21,290.88,886.994,165.488,761.602
5,Day 5,Tray 5,5,DJI_20260623124057_0005,22,3,2,Yes,Yes,No,Day 1,1,6254,6254,9.92683,250.784,direct_cup_evidence,349.72,639.769,600.504,890.553,475.112,765.161
5,Day 5,Tray 5,5,DJI_20260623124057_0005,23,3,3,Yes,Yes,No,Day 2,2,2106,2106,3.3428,250.784,direct_cup_evidence,671.799,636.21,922.583,886.994,797.191,761.602
5,Day 5,Tray 5,5,DJI_20260623124057_0005,24,3,4,Yes,Yes,No,Day 1,1,2980,2980,4.749,250.784,direct_cup_evidence,990.32,641.549,1241.104,892.332,1115.712,766.941
5,Day 5,Tray 5,5,DJI_20260623124057_0005,25,3,5,No,Yes,Yes,Day 4,4,0,0,0.0,250.784,direct_cup_evidence,1312.399,637.99,1563.183,888.774,1437.791,763.382
5,Day 5,Tray 5,5,DJI_20260623124057_0005,26,3,6,Yes,Yes,No,Day 2,2,1717,1709,2.72535,250.784,direct_cup_evidence,1630.92,639.769,1881.704,890.553,1756.312,765.161
5,Day 5,Tray 5,5,DJI_20260623124057_0005,27,3,7,Yes,Yes,No,Day 2,2,916,916,1.45395,250.784,direct_cup_evidence,1936.984,629.093,2187.768,879.876,2062.376,754.484
5,Day 5,Tray 5,5,DJI_20260623124057_0005,28,3,8,Yes,Yes,No,Day 3,3,1033,535,1.63966,250.784,direct_cup_evidence,2292.873,639.769,2543.657,890.553,2418.265,765.161
5,Day 5,Tray 5,5,DJI_20260623124057_0005,29,3,9,No,Yes,Yes,Day 4,4,0,0,0.0,250.784,direct_cup_evidence,2614.953,639.769,2865.736,890.553,2740.344,765.161
5,Day 5,Tray 5,5,DJI_20260623124057_0005,30,3,10,Yes,Yes,No,Day 1,1,3579,3579,5.70359,250.784,direct_cup_evidence,2933.473,641.549,3184.257,892.332,3058.865,766.941
5,Day 5,Tray 5,5,DJI_20260623124057_0005,31,4,1,Yes,Yes,No,Day 1,1,1198,1198,1.90916,250.784,direct_cup_evidence,36.538,912.024,287.321,1162.808,161.929,1037.416
5,Day 5,Tray 5,5,DJI_20260623124057_0005,32,4,2,No,Yes,Yes,Day 4,4,0,0,0.0,250.784,direct_cup_evidence,347.94,913.804,598.724,1164.587,473.332,1039.196
5,Day 5,Tray 5,5,DJI_20260623124057_0005,33,4,3,Yes,Yes,No,Day 1,1,2506,2506,3.97771,250.784,direct_cup_evidence,671.799,912.024,922.583,1162.808,797.191,1037.416
5,Day 5,Tray 5,5,DJI_20260623124057_0005,34,4,4,Yes,Yes,No,Day 1,1,654,654,1.04223,250.784,direct_cup_evidence,988.54,919.142,1239.324,1169.926,1113.932,1044.534
5,Day 5,Tray 5,5,DJI_20260623124057_0005,35,4,5,Yes,Yes,No,Day 3,3,537,537,0.8592,250.784,direct_cup_evidence,1310.62,922.701,1561.404,1173.485,1436.012,1048.093
5,Day 5,Tray 5,5,DJI_20260623124057_0005,36,4,6,Yes,Yes,No,Day 4,4,286,286,0.45578,250.784,direct_cup_evidence,1630.92,972.525,1881.704,1223.309,1756.312,1097.917
5,Day 5,Tray 5,5,DJI_20260623124057_0005,37,4,7,Yes,Yes,No,Day 1,1,206,206,0.32829,250.784,direct_cup_evidence,1961.896,922.701,2212.68,1173.485,2087.288,1048.093
5,Day 5,Tray 5,5,DJI_20260623124057_0005,38,4,8,Yes,Yes,No,Day 1,1,730,730,1.15871,250.784,direct_cup_evidence,2259.064,958.29,2509.847,1209.074,2384.456,1083.682
5,Day 5,Tray 5,5,DJI_20260623124057_0005,39,4,9,Yes,Yes,No,Day 2,2,3368,3368,5.34595,250.784,direct_cup_evidence,2611.394,919.142,2862.177,1169.926,2736.786,1044.534
5,Day 5,Tray 5,5,DJI_20260623124057_0005,40,4,10,Yes,Yes,No,Day 1,1,3709,3709,5.88721,250.784,direct_cup_evidence,2929.914,917.363,3180.698,1168.146,3055.306,1042.754
5,Day 5,Tray 5,5,DJI_20260623124057_0005,41,5,1,Yes,Yes,No,Day 1,1,3977,3977,6.3126,250.784,direct_cup_evidence,40.096,1182.5,290.88,1433.284,165.488,1307.892
5,Day 5,Tray 5,5,DJI_20260623124057_0005,42,5,2,Yes,Yes,No,Day 2,2,1334,986,2.11743,250.784,direct_cup_evidence,349.72,1191.397,600.504,1442.181,475.112,1316.789
5,Day 5,Tray 5,5,DJI_20260623124057_0005,43,5,3,Yes,Yes,No,Day 2,2,855,855,1.35712,250.784,direct_cup_evidence,666.461,1193.176,917.245,1443.96,791.853,1318.568
5,Day 5,Tray 5,5,DJI_20260623124057_0005,44,5,4,Yes,Yes,No,Day 2,2,546,546,0.87012,250.784,direct_cup_evidence,988.54,1196.735,1239.324,1447.519,1113.932,1322.127
5,Day 5,Tray 5,5,DJI_20260623124057_0005,45,5,5,Yes,Yes,No,Day 3,3,484,484,0.76824,250.784,direct_cup_evidence,1298.164,1182.5,1548.947,1433.284,1423.556,1307.892
5,Day 5,Tray 5,5,DJI_20260623124057_0005,46,5,6,Yes,Yes,No,Day 1,1,3668,3668,5.82213,250.784,direct_cup_evidence,1634.479,1202.074,1885.262,1452.857,1759.871,1327.466
5,Day 5,Tray 5,5,DJI_20260623124057_0005,47,5,7,Yes,Yes,No,Day 1,1,4765,4765,7.56337,250.784,direct_cup_evidence,1961.896,1203.853,2212.68,1454.637,2087.288,1329.245
5,Day 5,Tray 5,5,DJI_20260623124057_0005,48,5,8,Yes,Yes,No,Day 1,1,2658,1667,4.21898,250.784,direct_cup_evidence,2275.079,1196.735,2525.862,1447.519,2400.471,1322.127
5,Day 5,Tray 5,5,DJI_20260623124057_0005,49,5,9,Yes,Yes,No,Day 1,1,1716,1716,2.72377,250.784,direct_cup_evidence,2606.055,1202.074,2856.839,1452.857,2731.447,1327.466
5,Day 5,Tray 5,5,DJI_20260623124057_0005,50,5,10,Yes,Yes,No,Day 2,2,1093,1093,1.73489,250.784,direct_cup_evidence,2922.796,1200.294,3173.58,1451.078,3048.188,1325.686
5,Day 5,Tray 5,5,DJI_20260623124057_0005,51,6,1,Yes,Yes,No,Day 2,2,1490,1490,2.3745,250.784,direct_cup_evidence,38.317,1463.652,289.101,1714.436,163.709,1589.044
5,Day 5,Tray 5,5,DJI_20260623124057_0005,52,6,2,No,Yes,Yes,Day 4,4,0,0,0.0,250.784,direct_cup_evidence,349.72,1468.99,600.504,1719.774,475.112,1594.382
5,Day 5,Tray 5,5,DJI_20260623124057_0005,53,6,3,Yes,Yes,No,Day 1,1,6597,6597,10.51315,250.784,direct_cup_evidence,670.02,1472.549,920.804,1723.333,795.412,1597.941
5,Day 5,Tray 5,5,DJI_20260623124057_0005,54,6,4,Yes,Yes,No,Day 1,1,3567,3567,5.66181,250.784,direct_cup_evidence,990.32,1470.77,1241.104,1721.554,1115.712,1596.162
5,Day 5,Tray 5,5,DJI_20260623124057_0005,55,6,5,Yes,Yes,No,Day 1,1,8004,7996,12.70456,250.784,direct_cup_evidence,1307.061,1481.446,1557.845,1732.23,1432.453,1606.838
5,Day 5,Tray 5,5,DJI_20260623124057_0005,56,6,6,Yes,Yes,No,Day 2,2,671,663,1.06932,250.784,direct_cup_evidence,1632.699,1481.446,1883.483,1732.23,1758.091,1606.838
5,Day 5,Tray 5,5,DJI_20260623124057_0005,57,6,7,No,Yes,Yes,Day 4,4,16,16,0.0254,250.784,direct_cup_evidence,1958.338,1485.005,2209.121,1735.789,2083.729,1610.397
5,Day 5,Tray 5,5,DJI_20260623124057_0005,58,6,8,Yes,Yes,No,Day 1,1,2407,2407,3.83586,250.784,direct_cup_evidence,2271.52,1470.77,2522.304,1721.554,2396.912,1596.162
5,Day 5,Tray 5,5,DJI_20260623124057_0005,59,6,9,Yes,Yes,No,Day 1,1,1007,1007,1.59839,250.784,direct_cup_evidence,2604.276,1477.888,2855.06,1728.671,2729.668,1603.279
5,Day 5,Tray 5,5,DJI_20260623124057_0005,60,6,10,Yes,Yes,No,Day 2,2,1895,1895,3.00789,250.784,direct_cup_evidence,2929.914,1477.888,3180.698,1728.671,3055.306,1603.279
5,Day 5,Tray 5,5,DJI_20260623124057_0005,61,7,1,Yes,Yes,No,Day 1,1,1839,1839,2.93068,250.784,direct_cup_evidence,36.538,1727.01,287.321,1977.794,161.929,1852.402
5,Day 5,Tray 5,5,DJI_20260623124057_0005,62,7,2,Yes,Yes,No,Day 2,2,1001,1001,1.58886,250.784,direct_cup_evidence,346.161,1741.245,596.945,1992.029,471.553,1866.637
5,Day 5,Tray 5,5,DJI_20260623124057_0005,63,7,3,Yes,Yes,No,Day 1,1,3503,3503,5.56023,250.784,direct_cup_evidence,662.902,1750.143,913.686,2000.926,788.294,1875.534
5,Day 5,Tray 5,5,DJI_20260623124057_0005,64,7,4,Yes,Yes,No,Day 1,1,3931,3931,6.26454,250.784,direct_cup_evidence,981.423,1737.686,1232.206,1988.47,1106.814,1863.078
5,Day 5,Tray 5,5,DJI_20260623124057_0005,65,7,5,Yes,Yes,No,Day 1,1,3730,3730,5.94422,250.784,direct_cup_evidence,1303.502,1757.26,1554.286,2008.044,1428.894,1882.652
5,Day 5,Tray 5,5,DJI_20260623124057_0005,66,7,6,Yes,Yes,No,Day 1,1,2190,2180,3.47614,250.784,direct_cup_evidence,1623.802,1751.922,1874.586,2002.706,1749.194,1877.314
5,Day 5,Tray 5,5,DJI_20260623124057_0005,67,7,7,Yes,Yes,No,Day 3,3,1148,1148,1.82219,250.784,direct_cup_evidence,1949.44,1751.922,2200.224,2002.706,2074.832,1877.314
5,Day 5,Tray 5,5,DJI_20260623124057_0005,68,7,8,No,No,No,,,0,0,0.0,250.784,direct_cup_evidence,2275.079,1751.922,2525.862,2002.706,2400.471,1877.314
5,Day 5,Tray 5,5,DJI_20260623124057_0005,69,7,9,No,Yes,Yes,Day 4,4,0,0,0.0,250.784,direct_cup_evidence,2593.599,1757.26,2844.383,2008.044,2718.991,1882.652
5,Day 5,Tray 5,5,DJI_20260623124057_0005,70,7,10,Yes,Yes,No,Day 3,3,1500,1500,2.38091,250.784,direct_cup_evidence,2910.34,1759.04,3161.124,2009.824,3035.732,1884.432
5,Day 5,Tray 6,6,DJI_20260623124159_0006,1,1,1,Yes,Yes,No,Day 2,2,677,677,1.07888,250.829,direct_cup_evidence,44.255,78.55,295.085,329.38,169.67,203.965
5,Day 5,Tray 6,6,DJI_20260623124159_0006,2,1,2,No,No,No,,,0,0,0.0,250.829,direct_cup_evidence,358.325,74.94,609.155,325.77,483.74,200.355
5,Day 5,Tray 6,6,DJI_20260623124159_0006,3,1,3,Yes,Yes,No,Day 1,1,2043,2043,3.24281,250.829,direct_cup_evidence,681.42,73.135,932.25,323.965,806.835,198.55
5,Day 5,Tray 6,6,DJI_20260623124159_0006,4,1,4,Yes,Yes,No,Day 2,2,938,938,1.49482,250.829,direct_cup_evidence,1004.515,73.135,1255.345,323.965,1129.93,198.55
5,Day 5,Tray 6,6,DJI_20260623124159_0006,5,1,5,Yes,Yes,No,Day 2,2,768,768,1.21903,250.829,direct_cup_evidence,1329.415,71.33,1580.245,322.16,1454.83,196.745
5,Day 5,Tray 6,6,DJI_20260623124159_0006,6,1,6,No,No,No,,,0,0,0.0,250.829,direct_cup_evidence,1645.29,65.915,1896.12,316.745,1770.705,191.33
5,Day 5,Tray 6,6,DJI_20260623124159_0006,7,1,7,Yes,Yes,No,Day 3,3,115,115,0.18254,250.829,direct_cup_evidence,1973.8,64.11,2224.63,314.94,2099.215,189.525
5,Day 5,Tray 6,6,DJI_20260623124159_0006,8,1,8,No,No,No,,,0,0,0.0,250.829,direct_cup_evidence,2302.31,62.305,2553.14,313.135,2427.725,187.72
5,Day 5,Tray 6,6,DJI_20260623124159_0006,9,1,9,No,Yes,Yes,Day 3,3,0,0,0.0,250.829,direct_cup_evidence,2619.99,65.915,2870.82,316.745,2745.405,191.33
5,Day 5,Tray 6,6,DJI_20260623124159_0006,10,1,10,No,No,No,,,0,0,0.0,250.829,direct_cup_evidence,2948.5,60.5,3199.33,311.33,3073.915,185.915
5,Day 5,Tray 6,6,DJI_20260623124159_0006,11,2,1,Yes,Yes,No,Day 1,1,691,691,1.1012,250.829,direct_cup_evidence,49.67,354.715,300.5,605.545,175.085,480.13
5,Day 5,Tray 6,6,DJI_20260623124159_0006,12,2,2,Yes,Yes,No,Day 1,1,1011,1011,1.60474,250.829,direct_cup_evidence,363.74,352.91,614.57,603.74,489.155,478.325
5,Day 5,Tray 6,6,DJI_20260623124159_0006,13,2,3,No,No,No,,,0,0,0.0,250.829,direct_cup_evidence,683.225,358.325,934.055,609.155,808.64,483.74
5,Day 5,Tray 6,6,DJI_20260623124159_0006,14,2,4,No,No,No,,,0,0,0.0,250.829,direct_cup_evidence,997.295,352.91,1248.125,603.74,1122.71,478.325
5,Day 5,Tray 6,6,DJI_20260623124159_0006,15,2,5,Yes,Yes,No,Day 1,1,1317,1317,2.09044,250.829,direct_cup_evidence,1331.22,347.495,1582.05,598.325,1456.635,472.91
5,Day 5,Tray 6,6,DJI_20260623124159_0006,16,2,6,Yes,Yes,No,Day 3,3,35,26,0.05555,250.829,direct_cup_evidence,1647.095,349.3,1897.925,600.13,1772.51,474.715
5,Day 5,Tray 6,6,DJI_20260623124159_0006,17,2,7,Yes,Yes,No,Day 2,2,242,242,0.38412,250.829,direct_cup_evidence,1973.8,347.495,2224.63,598.325,2099.215,472.91
5,Day 5,Tray 6,6,DJI_20260623124159_0006,18,2,8,No,No,No,,,0,0,0.0,250.829,direct_cup_evidence,2302.31,343.885,2553.14,594.715,2427.725,469.3
5,Day 5,Tray 6,6,DJI_20260623124159_0006,19,2,9,No,No,No,,,0,0,0.0,250.829,direct_cup_evidence,2627.21,345.69,2878.04,596.52,2752.625,471.105
5,Day 5,Tray 6,6,DJI_20260623124159_0006,20,2,10,Yes,Yes,No,Day 1,1,1299,1299,2.06187,250.829,direct_cup_evidence,2948.5,343.885,3199.33,594.715,3073.915,469.3
5,Day 5,Tray 6,6,DJI_20260623124159_0006,21,3,1,No,No,No,,,0,0,0.0,250.829,direct_cup_evidence,46.06,629.075,296.89,879.905,171.475,754.49
5,Day 5,Tray 6,6,DJI_20260623124159_0006,22,3,2,No,No,No,,,0,0,0.0,250.829,direct_cup_evidence,360.13,630.88,610.96,881.71,485.545,756.295
5,Day 5,Tray 6,6,DJI_20260623124159_0006,23,3,3,No,No,No,,,0,0,0.0,250.829,direct_cup_evidence,679.615,630.88,930.445,881.71,805.03,756.295
5,Day 5,Tray 6,6,DJI_20260623124159_0006,24,3,4,Yes,Yes,No,Day 4,4,142,142,0.22539,250.829,direct_cup_evidence,1002.71,629.075,1253.54,879.905,1128.125,754.49
5,Day 5,Tray 6,6,DJI_20260623124159_0006,25,3,5,Yes,Yes,No,Day 2,2,932,932,1.47934,250.829,direct_cup_evidence,1324.0,630.88,1574.83,881.71,1449.415,756.295
5,Day 5,Tray 6,6,DJI_20260623124159_0006,26,3,6,Yes,Yes,No,Day 1,1,755,755,1.19839,250.829,direct_cup_evidence,1647.095,629.075,1897.925,879.905,1772.51,754.49
5,Day 5,Tray 6,6,DJI_20260623124159_0006,27,3,7,No,No,No,,,0,0,0.0,250.829,direct_cup_evidence,1973.8,620.05,2224.63,870.88,2099.215,745.465
5,Day 5,Tray 6,6,DJI_20260623124159_0006,28,3,8,No,No,No,,,0,0,0.0,250.829,direct_cup_evidence,2298.7,627.27,2549.53,878.1,2424.115,752.685
5,Day 5,Tray 6,6,DJI_20260623124159_0006,29,3,9,Yes,Yes,No,Day 1,1,671,671,1.06932,250.829,direct_cup_evidence,2623.6,625.465,2874.43,876.295,2749.015,750.88
5,Day 5,Tray 6,6,DJI_20260623124159_0006,30,3,10,Yes,Yes,No,Day 1,1,677,422,1.07888,250.829,direct_cup_evidence,2946.695,623.66,3197.525,874.49,3072.11,749.075
5,Day 5,Tray 6,6,DJI_20260623124159_0006,31,4,1,No,No,No,,,5,5,0.00797,250.829,direct_cup_evidence,51.475,901.63,302.305,1152.46,176.89,1027.045
5,Day 5,Tray 6,6,DJI_20260623124159_0006,32,4,2,No,No,No,,,0,0,0.0,250.829,direct_cup_evidence,360.13,908.85,610.96,1159.68,485.545,1034.265
5,Day 5,Tray 6,6,DJI_20260623124159_0006,33,4,3,Yes,Yes,No,Day 3,3,308,308,0.49084,250.829,direct_cup_evidence,679.615,907.045,930.445,1157.875,805.03,1032.46
5,Day 5,Tray 6,6,DJI_20260623124159_0006,34,4,4,Yes,Yes,No,Day 1,1,519,519,0.8238,250.829,direct_cup_evidence,1002.71,908.85,1253.54,1159.68,1128.125,1034.265
5,Day 5,Tray 6,6,DJI_20260623124159_0006,35,4,5,Yes,Yes,No,Day 2,2,638,638,1.01268,250.829,direct_cup_evidence,1324.0,912.46,1574.83,1163.29,1449.415,1037.875
5,Day 5,Tray 6,6,DJI_20260623124159_0006,36,4,6,No,No,No,,,0,0,0.0,250.829,direct_cup_evidence,1648.9,910.655,1899.73,1161.485,1774.315,1036.07
5,Day 5,Tray 6,6,DJI_20260623124159_0006,37,4,7,No,Yes,Yes,Day 3,3,0,0,0.0,250.829,direct_cup_evidence,1917.845,890.8,2168.675,1141.63,2043.26,1016.215
5,Day 5,Tray 6,6,DJI_20260623124159_0006,38,4,8,No,No,No,,,0,0,0.0,250.829,direct_cup_evidence,2296.895,908.85,2547.725,1159.68,2422.31,1034.265
5,Day 5,Tray 6,6,DJI_20260623124159_0006,39,4,9,No,No,No,,,0,0,0.0,250.829,direct_cup_evidence,2623.6,901.63,2874.43,1152.46,2749.015,1027.045
5,Day 5,Tray 6,6,DJI_20260623124159_0006,40,4,10,Yes,Yes,No,Day 2,2,578,578,0.91745,250.829,direct_cup_evidence,2946.695,905.24,3197.525,1156.07,3072.11,1030.655
5,Day 5,Tray 6,6,DJI_20260623124159_0006,41,5,1,No,Yes,Yes,Day 2,2,0,0,0.0,250.829,direct_cup_evidence,44.255,1179.6,295.085,1430.43,169.67,1305.015
5,Day 5,Tray 6,6,DJI_20260623124159_0006,42,5,2,Yes,Yes,No,Day 1,1,941,941,1.4996,250.829,direct_cup_evidence,360.13,1179.6,610.96,1430.43,485.545,1305.015
5,Day 5,Tray 6,6,DJI_20260623124159_0006,43,5,3,Yes,Yes,No,Day 2,2,349,349,0.55396,250.829,direct_cup_evidence,681.42,1186.82,932.25,1437.65,806.835,1312.235
5,Day 5,Tray 6,6,DJI_20260623124159_0006,44,5,4,Yes,Yes,No,Day 2,2,1166,1166,1.85817,250.829,direct_cup_evidence,1029.785,1188.625,1280.615,1439.455,1155.2,1314.04
5,Day 5,Tray 6,6,DJI_20260623124159_0006,45,5,5,No,No,No,,,0,0,0.0,250.829,direct_cup_evidence,1322.195,1190.43,1573.025,1441.26,1447.61,1315.845
5,Day 5,Tray 6,6,DJI_20260623124159_0006,46,5,6,No,No,No,,,0,0,0.0,250.829,direct_cup_evidence,1645.29,1190.43,1896.12,1441.26,1770.705,1315.845
5,Day 5,Tray 6,6,DJI_20260623124159_0006,47,5,7,No,No,No,,,0,0,0.0,250.829,direct_cup_evidence,1928.675,1188.625,2179.505,1439.455,2054.09,1314.04
5,Day 5,Tray 6,6,DJI_20260623124159_0006,48,5,8,Yes,Yes,No,Day 4,4,341,341,0.54343,250.829,direct_cup_evidence,2284.26,1188.625,2535.09,1439.455,2409.675,1314.04
5,Day 5,Tray 6,6,DJI_20260623124159_0006,49,5,9,No,No,No,,,0,0,0.0,250.829,direct_cup_evidence,2619.99,1188.625,2870.82,1439.455,2745.405,1314.04
5,Day 5,Tray 6,6,DJI_20260623124159_0006,50,5,10,No,No,No,,,0,0,0.0,250.829,direct_cup_evidence,2941.28,1183.21,3192.11,1434.04,3066.695,1308.625
5,Day 5,Tray 6,6,DJI_20260623124159_0006,51,6,1,No,No,No,,,0,0,0.0,250.829,direct_cup_evidence,55.085,1443.13,305.915,1693.96,180.5,1568.545
5,Day 5,Tray 6,6,DJI_20260623124159_0006,52,6,2,No,No,No,,,0,0,0.0,250.829,direct_cup_evidence,379.985,1508.11,630.815,1758.94,505.4,1633.525
5,Day 5,Tray 6,6,DJI_20260623124159_0006,53,6,3,Yes,Yes,No,Day 1,1,478,303,0.75872,250.829,direct_cup_evidence,683.225,1508.11,934.055,1758.94,808.64,1633.525
5,Day 5,Tray 6,6,DJI_20260623124159_0006,54,6,4,No,No,No,,,0,0,0.0,250.829,direct_cup_evidence,1018.955,1508.11,1269.785,1758.94,1144.37,1633.525
5,Day 5,Tray 6,6,DJI_20260623124159_0006,55,6,5,Yes,Yes,No,Day 1,1,876,876,1.39045,250.829,direct_cup_evidence,1324.0,1468.4,1574.83,1719.23,1449.415,1593.815
5,Day 5,Tray 6,6,DJI_20260623124159_0006,56,6,6,Yes,Yes,No,Day 3,3,486,486,0.77142,250.829,direct_cup_evidence,1645.29,1464.79,1896.12,1715.62,1770.705,1590.205
5,Day 5,Tray 6,6,DJI_20260623124159_0006,57,6,7,No,No,No,,,0,0,0.0,250.829,direct_cup_evidence,1961.165,1462.985,2211.995,1713.815,2086.58,1588.4
5,Day 5,Tray 6,6,DJI_20260623124159_0006,58,6,8,No,No,No,,,0,0,0.0,250.829,direct_cup_evidence,2293.285,1462.985,2544.115,1713.815,2418.7,1588.4
5,Day 5,Tray 6,6,DJI_20260623124159_0006,59,6,9,No,No,No,,,0,0,0.0,250.829,direct_cup_evidence,2618.185,1462.985,2869.015,1713.815,2743.6,1588.4
5,Day 5,Tray 6,6,DJI_20260623124159_0006,60,6,10,No,No,No,,,0,0,0.0,250.829,direct_cup_evidence,2935.865,1453.96,3186.695,1704.79,3061.28,1579.375
5,Day 5,Tray 6,6,DJI_20260623124159_0006,61,7,1,No,No,No,,,0,0,0.0,250.829,direct_cup_evidence,55.085,1719.295,305.915,1970.125,180.5,1844.71
5,Day 5,Tray 6,6,DJI_20260623124159_0006,62,7,2,Yes,Yes,No,Day 1,1,1636,1636,2.59678,250.829,direct_cup_evidence,363.74,1724.71,614.57,1975.54,489.155,1850.125
5,Day 5,Tray 6,6,DJI_20260623124159_0006,63,7,3,Yes,Yes,No,Day 4,4,171,171,0.27142,250.829,direct_cup_evidence,685.03,1733.735,935.86,1984.565,810.445,1859.15
5,Day 5,Tray 6,6,DJI_20260623124159_0006,64,7,4,No,No,No,,,0,0,0.0,250.829,direct_cup_evidence,1004.515,1735.54,1255.345,1986.37,1129.93,1860.955
5,Day 5,Tray 6,6,DJI_20260623124159_0006,65,7,5,No,No,No,,,0,0,0.0,250.829,direct_cup_evidence,1324.0,1739.15,1574.83,1989.98,1449.415,1864.565
5,Day 5,Tray 6,6,DJI_20260623124159_0006,66,7,6,Yes,Yes,No,Day 2,2,964,656,1.53013,250.829,direct_cup_evidence,1645.29,1742.76,1896.12,1993.59,1770.705,1868.175
5,Day 5,Tray 6,6,DJI_20260623124159_0006,67,7,7,Yes,Yes,No,Day 2,2,1346,1346,2.13647,250.829,direct_cup_evidence,1968.385,1746.37,2219.215,1997.2,2093.8,1871.785
5,Day 5,Tray 6,6,DJI_20260623124159_0006,68,7,8,No,No,No,,,0,0,0.0,250.829,direct_cup_evidence,2282.455,1731.93,2533.285,1982.76,2407.87,1857.345
5,Day 5,Tray 6,6,DJI_20260623124159_0006,69,7,9,No,No,No,,,0,0,0.0,250.829,direct_cup_evidence,2610.965,1733.735,2861.795,1984.565,2736.38,1859.15
5,Day 5,Tray 6,6,DJI_20260623124159_0006,70,7,10,Yes,Yes,No,Day 3,3,474,412,0.75237,250.829,direct_cup_evidence,2934.06,1733.735,3184.89,1984.565,3059.475,1859.15
5,Day 5,Tray 7,7,DJI_20260623124307_0007,1,1,1,Yes,Yes,No,Day 2,2,1171,1171,1.91939,246.774,direct_cup_evidence,36.269,99.055,283.043,345.829,159.656,222.442
5,Day 5,Tray 7,7,DJI_20260623124307_0007,2,1,2,No,No,No,,,0,0,0.0,246.774,direct_cup_evidence,357.375,104.437,604.149,351.211,480.762,227.824
5,Day 5,Tray 7,7,DJI_20260623124307_0007,3,1,3,Yes,Yes,No,Day 1,1,1785,1785,2.93769,246.774,direct_cup_evidence,680.275,93.674,927.049,340.447,803.662,217.061
5,Day 5,Tray 7,7,DJI_20260623124307_0007,4,1,4,No,No,No,,,0,0,0.0,246.774,direct_cup_evidence,997.794,90.086,1244.567,336.86,1121.181,213.473
5,Day 5,Tray 7,7,DJI_20260623124307_0007,5,1,5,No,No,No,,,0,0,0.0,246.774,direct_cup_evidence,1324.281,82.91,1571.055,329.684,1447.668,206.297
5,Day 5,Tray 7,7,DJI_20260623124307_0007,6,1,6,Yes,Yes,No,Day 2,2,1049,1049,1.71942,246.774,direct_cup_evidence,1647.181,79.323,1893.955,326.096,1770.568,202.709
5,Day 5,Tray 7,7,DJI_20260623124307_0007,7,1,7,No,No,No,,,0,0,0.0,246.774,direct_cup_evidence,1977.257,82.91,2224.031,329.684,2100.644,206.297
5,Day 5,Tray 7,7,DJI_20260623124307_0007,8,1,8,Yes,Yes,No,Day 2,2,392,204,0.64514,246.774,direct_cup_evidence,2296.569,82.91,2543.343,329.684,2419.956,206.297
5,Day 5,Tray 7,7,DJI_20260623124307_0007,9,1,9,Yes,Yes,No,Day 3,3,145,116,0.23767,246.774,direct_cup_evidence,2633.82,90.086,2880.594,336.86,2757.207,213.473
5,Day 5,Tray 7,7,DJI_20260623124307_0007,10,1,10,Yes,Yes,No,Day 2,2,843,843,1.38176,246.774,direct_cup_evidence,2936.988,79.323,3183.761,326.096,3060.374,202.709
5,Day 5,Tray 7,7,DJI_20260623124307_0007,11,2,1,No,No,No,,,0,0,0.0,246.774,direct_cup_evidence,39.857,375.314,286.631,622.088,163.244,498.701
5,Day 5,Tray 7,7,DJI_20260623124307_0007,12,2,2,No,No,No,,,0,0,0.0,246.774,direct_cup_evidence,373.52,353.788,620.294,600.561,496.907,477.174
5,Day 5,Tray 7,7,DJI_20260623124307_0007,13,2,3,Yes,Yes,No,Day 1,1,847,847,1.39396,246.774,direct_cup_evidence,678.481,373.52,925.255,620.294,801.868,496.907
5,Day 5,Tray 7,7,DJI_20260623124307_0007,14,2,4,Yes,Yes,No,Day 1,1,1484,1484,2.43243,246.774,direct_cup_evidence,1001.381,368.139,1248.155,614.912,1124.768,491.526
5,Day 5,Tray 7,7,DJI_20260623124307_0007,15,2,5,Yes,Yes,No,Day 3,3,547,372,0.89659,246.774,direct_cup_evidence,1327.869,368.139,1574.643,614.912,1451.256,491.526
5,Day 5,Tray 7,7,DJI_20260623124307_0007,16,2,6,Yes,Yes,No,Day 2,2,566,566,0.92773,246.774,direct_cup_evidence,1654.357,366.345,1901.131,613.119,1777.744,489.732
5,Day 5,Tray 7,7,DJI_20260623124307_0007,17,2,7,Yes,Yes,No,Day 2,2,614,614,1.00641,246.774,direct_cup_evidence,1979.051,366.345,2225.825,613.119,2102.438,489.732
5,Day 5,Tray 7,7,DJI_20260623124307_0007,18,2,8,Yes,Yes,No,Day 1,1,990,990,1.62271,246.774,direct_cup_evidence,2300.157,362.757,2546.931,609.531,2423.544,486.144
5,Day 5,Tray 7,7,DJI_20260623124307_0007,19,2,9,Yes,Yes,No,Day 4,4,443,443,0.72612,246.774,direct_cup_evidence,2619.469,359.169,2866.243,605.943,2742.856,482.556
5,Day 5,Tray 7,7,DJI_20260623124307_0007,20,2,10,No,No,No,,,0,0,0.0,246.774,direct_cup_evidence,2938.781,357.375,3185.555,604.149,3062.168,480.762
5,Day 5,Tray 7,7,DJI_20260623124307_0007,21,3,1,No,No,No,,,0,0,0.0,246.774,direct_cup_evidence,41.651,653.367,288.425,900.141,165.038,776.754
5,Day 5,Tray 7,7,DJI_20260623124307_0007,22,3,2,Yes,Yes,No,Day 2,2,289,289,0.4737,246.774,direct_cup_evidence,357.375,647.985,604.149,894.759,480.762,771.372
5,Day 5,Tray 7,7,DJI_20260623124307_0007,23,3,3,Yes,Yes,No,Day 2,2,463,463,0.7589,246.774,direct_cup_evidence,682.069,644.398,928.843,891.171,805.456,767.784
5,Day 5,Tray 7,7,DJI_20260623124307_0007,24,3,4,No,No,No,,,0,0,0.0,246.774,direct_cup_evidence,1004.969,647.985,1251.743,894.759,1128.356,771.372
5,Day 5,Tray 7,7,DJI_20260623124307_0007,25,3,5,Yes,Yes,No,Day 2,2,1011,1011,1.65713,246.774,direct_cup_evidence,1333.251,646.191,1580.025,892.965,1456.638,769.578
5,Day 5,Tray 7,7,DJI_20260623124307_0007,26,3,6,No,No,No,,,0,0,0.0,246.774,direct_cup_evidence,1650.769,647.985,1897.543,894.759,1774.156,771.372
5,Day 5,Tray 7,7,DJI_20260623124307_0007,27,3,7,No,No,No,,,0,0,0.0,246.774,direct_cup_evidence,1979.051,642.604,2225.825,889.377,2102.438,765.991
5,Day 5,Tray 7,7,DJI_20260623124307_0007,28,3,8,No,No,No,,,0,0,0.0,246.774,direct_cup_evidence,2296.569,633.634,2543.343,880.408,2419.956,757.021
5,Day 5,Tray 7,7,DJI_20260623124307_0007,29,3,9,Yes,Yes,No,Day 2,2,588,588,0.97164,246.774,direct_cup_evidence,2608.706,685.657,2855.48,932.431,2732.093,809.044
5,Day 5,Tray 7,7,DJI_20260623124307_0007,30,3,10,Yes,Yes,No,Day 2,2,895,895,1.47296,246.774,direct_cup_evidence,2942.369,633.634,3189.143,880.408,3065.756,757.021
5,Day 5,Tray 7,7,DJI_20260623124307_0007,31,4,1,No,No,No,,,0,0,0.0,246.774,direct_cup_evidence,43.445,926.038,290.219,1172.812,166.832,1049.425
5,Day 5,Tray 7,7,DJI_20260623124307_0007,32,4,2,No,No,No,,,0,0,0.0,246.774,direct_cup_evidence,369.933,926.038,616.706,1172.812,493.319,1049.425
5,Day 5,Tray 7,7,DJI_20260623124307_0007,33,4,3,No,No,No,,,0,0,0.0,246.774,direct_cup_evidence,692.833,924.244,939.606,1171.018,816.219,1047.631
5,Day 5,Tray 7,7,DJI_20260623124307_0007,34,4,4,Yes,Yes,No,Day 1,1,1178,1178,1.93871,246.774,direct_cup_evidence,1008.557,926.038,1255.331,1172.812,1131.944,1049.425
5,Day 5,Tray 7,7,DJI_20260623124307_0007,35,4,5,Yes,Yes,No,Day 1,1,1053,1053,1.72597,246.774,direct_cup_evidence,1333.251,926.038,1580.025,1172.812,1456.638,1049.425
5,Day 5,Tray 7,7,DJI_20260623124307_0007,36,4,6,Yes,Yes,No,Day 1,1,1401,1401,2.29638,246.774,direct_cup_evidence,1659.739,924.244,1906.512,1171.018,1783.126,1047.631
5,Day 5,Tray 7,7,DJI_20260623124307_0007,37,4,7,No,No,No,,,0,0,0.0,246.774,direct_cup_evidence,1977.257,929.626,2224.031,1176.4,2100.644,1053.013
5,Day 5,Tray 7,7,DJI_20260623124307_0007,38,4,8,Yes,Yes,No,Day 1,1,1166,1166,1.91119,246.774,direct_cup_evidence,2300.157,915.275,2546.931,1162.049,2423.544,1038.662
5,Day 5,Tray 7,7,DJI_20260623124307_0007,39,4,9,No,No,No,,,0,0,0.0,246.774,direct_cup_evidence,2617.675,911.687,2864.449,1158.461,2741.062,1035.074
5,Day 5,Tray 7,7,DJI_20260623124307_0007,40,4,10,Yes,Yes,No,Day 4,4,59,32,0.0971,246.774,direct_cup_evidence,2938.781,904.511,3185.555,1151.285,3062.168,1027.898
5,Day 5,Tray 7,7,DJI_20260623124307_0007,41,5,1,No,No,No,,,0,0,0.0,246.774,direct_cup_evidence,54.208,1195.121,300.982,1441.895,177.595,1318.508
5,Day 5,Tray 7,7,DJI_20260623124307_0007,42,5,2,Yes,Yes,No,Day 2,2,637,359,1.04835,246.774,direct_cup_evidence,373.52,1196.915,620.294,1443.689,496.907,1320.302
5,Day 5,Tray 7,7,DJI_20260623124307_0007,43,5,3,No,No,No,,,0,0,0.0,246.774,direct_cup_evidence,691.039,1198.709,937.812,1445.483,814.426,1322.096
5,Day 5,Tray 7,7,DJI_20260623124307_0007,44,5,4,Yes,Yes,No,Day 1,1,1628,1628,2.66846,246.774,direct_cup_evidence,1010.351,1202.297,1257.125,1449.071,1133.738,1325.684
5,Day 5,Tray 7,7,DJI_20260623124307_0007,45,5,5,Yes,Yes,No,Day 5,5,286,286,0.47069,246.774,direct_cup_evidence,1335.045,1198.709,1581.819,1445.483,1458.432,1322.096
5,Day 5,Tray 7,7,DJI_20260623124307_0007,46,5,6,Yes,Yes,No,Day 5,5,55,55,0.09052,246.774,direct_cup_evidence,1661.533,1202.297,1908.306,1449.071,1784.919,1325.684
5,Day 5,Tray 7,7,DJI_20260623124307_0007,47,5,7,No,No,No,,,0,0,0.0,246.774,direct_cup_evidence,1979.051,1191.534,2225.825,1438.307,2102.438,1314.921
5,Day 5,Tray 7,7,DJI_20260623124307_0007,48,5,8,No,No,No,,,0,0,0.0,246.774,direct_cup_evidence,2300.157,1186.152,2546.931,1432.926,2423.544,1309.539
5,Day 5,Tray 7,7,DJI_20260623124307_0007,49,5,9,Yes,Yes,No,Day 3,3,302,302,0.49702,246.774,direct_cup_evidence,2626.645,1186.152,2873.419,1432.926,2750.032,1309.539
5,Day 5,Tray 7,7,DJI_20260623124307_0007,50,5,10,Yes,Yes,No,Day 1,1,1967,1967,3.23722,246.774,direct_cup_evidence,2942.369,1182.564,3189.143,1429.338,3065.756,1305.951
5,Day 5,Tray 7,7,DJI_20260623124307_0007,51,6,1,No,No,No,,,0,0,0.0,246.774,direct_cup_evidence,54.208,1471.38,300.982,1718.154,177.595,1594.767
5,Day 5,Tray 7,7,DJI_20260623124307_0007,52,6,2,No,No,No,,,0,0,0.0,246.774,direct_cup_evidence,373.52,1474.968,620.294,1721.742,496.907,1598.355
5,Day 5,Tray 7,7,DJI_20260623124307_0007,53,6,3,Yes,Yes,No,Day 2,2,849,849,1.3916,246.774,direct_cup_evidence,692.833,1474.968,939.606,1721.742,816.219,1598.355
5,Day 5,Tray 7,7,DJI_20260623124307_0007,54,6,4,Yes,Yes,No,Day 1,1,1111,1111,1.82104,246.774,direct_cup_evidence,1012.145,1474.968,1258.919,1721.742,1135.532,1598.355
5,Day 5,Tray 7,7,DJI_20260623124307_0007,55,6,5,No,No,No,,,0,0,0.0,246.774,direct_cup_evidence,1336.839,1476.762,1583.612,1723.536,1460.226,1600.149
5,Day 5,Tray 7,7,DJI_20260623124307_0007,56,6,6,Yes,Yes,No,Day 2,2,1202,1202,1.9702,246.774,direct_cup_evidence,1659.739,1476.762,1906.512,1723.536,1783.126,1600.149
5,Day 5,Tray 7,7,DJI_20260623124307_0007,57,6,7,Yes,Yes,No,Day 3,3,424,424,0.69498,246.774,direct_cup_evidence,1977.257,1471.38,2224.031,1718.154,2100.644,1594.767
5,Day 5,Tray 7,7,DJI_20260623124307_0007,58,6,8,Yes,Yes,No,Day 4,4,240,189,0.39338,246.774,direct_cup_evidence,2316.302,1476.762,2563.076,1723.536,2439.689,1600.149
5,Day 5,Tray 7,7,DJI_20260623124307_0007,59,6,9,Yes,Yes,No,Day 1,1,1816,1816,2.97661,246.774,direct_cup_evidence,2624.851,1462.411,2871.625,1709.185,2748.238,1585.798
5,Day 5,Tray 7,7,DJI_20260623124307_0007,60,6,10,No,No,No,,,0,0,0.0,246.774,direct_cup_evidence,2936.988,1451.648,3183.761,1698.421,3060.374,1575.034
5,Day 5,Tray 7,7,DJI_20260623124307_0007,61,7,1,Yes,Yes,No,Day 2,2,1097,593,1.7981,246.774,direct_cup_evidence,88.292,1763.784,335.066,2010.558,211.679,1887.171
5,Day 5,Tray 7,7,DJI_20260623124307_0007,62,7,2,No,No,No,,,0,0,0.0,246.774,direct_cup_evidence,373.52,1745.845,620.294,1992.619,496.907,1869.232
5,Day 5,Tray 7,7,DJI_20260623124307_0007,63,7,3,Yes,Yes,No,Day 1,1,175,175,0.28684,246.774,direct_cup_evidence,700.008,1745.845,946.782,1992.619,823.395,1869.232
5,Day 5,Tray 7,7,DJI_20260623124307_0007,64,7,4,No,No,No,,,0,0,0.0,246.774,direct_cup_evidence,1015.733,1747.639,1262.506,1994.413,1139.119,1871.026
5,Day 5,Tray 7,7,DJI_20260623124307_0007,65,7,5,No,No,No,,,0,0,0.0,246.774,direct_cup_evidence,1335.045,1747.639,1581.819,1994.413,1458.432,1871.026
5,Day 5,Tray 7,7,DJI_20260623124307_0007,66,7,6,Yes,Yes,No,Day 1,1,918,913,1.51081,246.774,direct_cup_evidence,1661.533,1751.227,1908.306,1998.001,1784.919,1874.614
5,Day 5,Tray 7,7,DJI_20260623124307_0007,67,7,7,Yes,Yes,No,Day 1,1,2973,2973,4.91275,246.774,direct_cup_evidence,1982.639,1747.639,2229.412,1994.413,2106.026,1871.026
5,Day 5,Tray 7,7,DJI_20260623124307_0007,68,7,8,Yes,Yes,No,Day 5,5,113,70,0.18597,246.774,direct_cup_evidence,2305.539,1735.082,2552.312,1981.856,2428.926,1858.469
5,Day 5,Tray 7,7,DJI_20260623124307_0007,69,7,9,No,No,No,,,0,0,0.0,246.774,direct_cup_evidence,2624.851,1733.288,2871.625,1980.062,2748.238,1856.675
5,Day 5,Tray 7,7,DJI_20260623124307_0007,70,7,10,No,No,No,,,5,5,0.0082,246.774,direct_cup_evidence,2936.988,1731.494,3183.761,1978.268,3060.374,1854.881
5,Day 5,Tray 8,8,DJI_20260623124403_0008,1,1,1,No,Yes,Yes,Day 1,1,0,0,0.0,248.445,direct_cup_evidence,62.437,95.057,310.881,343.501,186.659,219.279
5,Day 5,Tray 8,8,DJI_20260623124403_0008,2,1,2,No,No,No,,,0,0,0.0,248.445,direct_cup_evidence,381.388,91.432,629.832,339.877,505.61,215.654
5,Day 5,Tray 8,8,DJI_20260623124403_0008,3,1,3,No,No,No,,,0,0,0.0,248.445,direct_cup_evidence,705.776,87.808,954.22,336.252,829.998,212.03
5,Day 5,Tray 8,8,DJI_20260623124403_0008,4,1,4,Yes,Yes,No,Day 1,1,3077,3077,5.00293,248.445,direct_cup_evidence,1024.727,89.62,1273.171,338.064,1148.949,213.842
5,Day 5,Tray 8,8,DJI_20260623124403_0008,5,1,5,Yes,Yes,No,Day 1,1,32,32,0.05161,248.445,direct_cup_evidence,1347.302,95.057,1595.747,343.501,1471.524,219.279
5,Day 5,Tray 8,8,DJI_20260623124403_0008,6,1,6,Yes,Yes,No,Day 1,1,1202,1202,1.9465,248.445,direct_cup_evidence,1671.69,95.057,1920.134,343.501,1795.912,219.279
5,Day 5,Tray 8,8,DJI_20260623124403_0008,7,1,7,Yes,Yes,No,Day 5,5,167,167,0.27044,248.445,direct_cup_evidence,1990.641,95.057,2239.086,343.501,2114.863,219.279
5,Day 5,Tray 8,8,DJI_20260623124403_0008,8,1,8,No,Yes,Yes,Day 1,1,0,0,0.0,248.445,direct_cup_evidence,2318.653,154.86,2567.098,403.304,2442.876,279.082
5,Day 5,Tray 8,8,DJI_20260623124403_0008,9,1,9,Yes,Yes,No,Day 1,1,97,97,0.15708,248.445,direct_cup_evidence,2643.041,95.057,2891.486,343.501,2767.263,219.279
5,Day 5,Tray 8,8,DJI_20260623124403_0008,10,1,10,No,Yes,Yes,Day 1,1,0,0,0.0,248.445,direct_cup_evidence,2960.18,113.179,3208.624,361.623,3084.402,237.401
5,Day 5,Tray 8,8,DJI_20260623124403_0008,11,2,1,No,Yes,Yes,Day 1,1,0,0,0.0,248.445,direct_cup_evidence,53.376,339.707,301.82,588.151,177.598,463.929
5,Day 5,Tray 8,8,DJI_20260623124403_0008,12,2,2,Yes,Yes,No,Day 1,1,2435,2435,3.95909,248.445,direct_cup_evidence,377.763,368.702,626.208,617.147,501.986,492.924
5,Day 5,Tray 8,8,DJI_20260623124403_0008,13,2,3,Yes,Yes,No,Day 1,1,2813,2813,4.57369,248.445,direct_cup_evidence,696.714,370.514,945.159,618.959,820.937,494.737
5,Day 5,Tray 8,8,DJI_20260623124403_0008,14,2,4,Yes,Yes,No,Day 2,2,1087,1087,1.7532,248.445,direct_cup_evidence,1030.163,372.327,1278.608,620.771,1154.386,496.549
5,Day 5,Tray 8,8,DJI_20260623124403_0008,15,2,5,Yes,Yes,No,Day 1,1,3341,3341,5.43217,248.445,direct_cup_evidence,1341.866,366.89,1590.31,615.334,1466.088,491.112
5,Day 5,Tray 8,8,DJI_20260623124403_0008,16,2,6,Yes,Yes,No,Day 2,2,2304,2304,3.71607,248.445,direct_cup_evidence,1668.066,372.327,1916.51,620.771,1792.288,496.549
5,Day 5,Tray 8,8,DJI_20260623124403_0008,17,2,7,Yes,Yes,No,Day 2,2,1266,1266,2.05014,248.445,direct_cup_evidence,1992.453,370.514,2240.898,618.959,2116.676,494.737
5,Day 5,Tray 8,8,DJI_20260623124403_0008,18,2,8,Yes,Yes,No,Day 1,1,2620,2620,4.22574,248.445,direct_cup_evidence,2313.217,372.327,2561.661,620.771,2437.439,496.549
5,Day 5,Tray 8,8,DJI_20260623124403_0008,19,2,9,Yes,Yes,No,Day 1,1,1940,1940,3.1416,248.445,direct_cup_evidence,2639.417,370.514,2887.861,618.959,2763.639,494.737
5,Day 5,Tray 8,8,DJI_20260623124403_0008,20,2,10,No,Yes,Yes,Day 1,1,0,0,0.0,248.445,direct_cup_evidence,2976.49,325.209,3224.934,573.653,3100.712,449.431
5,Day 5,Tray 8,8,DJI_20260623124403_0008,21,3,1,No,No,No,,,0,0,0.0,248.445,direct_cup_evidence,51.563,642.348,300.008,890.792,175.786,766.57
5,Day 5,Tray 8,8,DJI_20260623124403_0008,22,3,2,Yes,Yes,No,Day 1,1,681,654,1.09837,248.445,direct_cup_evidence,412.196,633.287,660.64,881.731,536.418,757.509
5,Day 5,Tray 8,8,DJI_20260623124403_0008,23,3,3,Yes,Yes,No,Day 2,2,1065,1065,1.73159,248.445,direct_cup_evidence,698.527,645.972,946.971,894.417,822.749,770.194
5,Day 5,Tray 8,8,DJI_20260623124403_0008,24,3,4,Yes,Yes,No,Day 1,1,2082,2082,3.37155,248.445,direct_cup_evidence,992.107,649.597,1240.551,898.041,1116.329,773.819
5,Day 5,Tray 8,8,DJI_20260623124403_0008,25,3,5,Yes,Yes,No,Day 1,1,3051,3051,4.94073,248.445,direct_cup_evidence,1341.866,651.409,1590.31,899.853,1466.088,775.631
5,Day 5,Tray 8,8,DJI_20260623124403_0008,26,3,6,Yes,Yes,No,Day 1,1,5194,5194,8.37728,248.445,direct_cup_evidence,1668.066,651.409,1916.51,899.853,1792.288,775.631
5,Day 5,Tray 8,8,DJI_20260623124403_0008,27,3,7,No,No,No,,,8,8,0.01301,248.445,direct_cup_evidence,2001.514,638.723,2249.959,887.168,2125.737,762.946
5,Day 5,Tray 8,8,DJI_20260623124403_0008,28,3,8,Yes,Yes,No,Day 1,1,1478,1478,2.39344,248.445,direct_cup_evidence,2313.217,655.033,2561.661,903.478,2437.439,779.256
5,Day 5,Tray 8,8,DJI_20260623124403_0008,29,3,9,Yes,Yes,No,Day 2,2,1819,893,2.93382,248.445,direct_cup_evidence,2639.417,642.348,2887.861,890.792,2763.639,766.57
5,Day 5,Tray 8,8,DJI_20260623124403_0008,30,3,10,No,Yes,Yes,Day 1,1,0,0,0.0,248.445,direct_cup_evidence,2907.626,671.343,3156.07,919.788,3031.848,795.566
5,Day 5,Tray 8,8,DJI_20260623124403_0008,31,4,1,Yes,Yes,No,Day 1,1,1895,1879,3.0564,248.445,direct_cup_evidence,55.188,914.181,303.632,1162.626,179.41,1038.403
5,Day 5,Tray 8,8,DJI_20260623124403_0008,32,4,2,No,No,No,,,0,0,0.0,248.445,direct_cup_evidence,385.012,896.059,633.457,1144.503,509.234,1020.281
5,Day 5,Tray 8,8,DJI_20260623124403_0008,33,4,3,Yes,Yes,No,Day 2,2,1240,1240,2.01613,248.445,direct_cup_evidence,696.714,917.806,945.159,1166.25,820.937,1042.028
5,Day 5,Tray 8,8,DJI_20260623124403_0008,34,4,4,Yes,Yes,No,Day 1,1,4058,4058,6.59794,248.445,direct_cup_evidence,1015.666,925.054,1264.11,1173.499,1139.888,1049.277
5,Day 5,Tray 8,8,DJI_20260623124403_0008,35,4,5,Yes,Yes,No,Day 2,2,1425,1425,2.31692,248.445,direct_cup_evidence,1341.866,926.867,1590.31,1175.311,1466.088,1051.089
5,Day 5,Tray 8,8,DJI_20260623124403_0008,36,4,6,Yes,Yes,No,Day 1,1,3476,3465,5.62897,248.445,direct_cup_evidence,1657.192,928.679,1905.637,1177.123,1781.414,1052.901
5,Day 5,Tray 8,8,DJI_20260623124403_0008,37,4,7,Yes,Yes,No,Day 1,1,2541,2541,4.13144,248.445,direct_cup_evidence,1999.702,917.806,2248.147,1166.25,2123.924,1042.028
5,Day 5,Tray 8,8,DJI_20260623124403_0008,38,4,8,No,No,No,,,0,0,0.0,248.445,global_lattice_fitted,2311.199,929.711,2559.643,1178.156,2435.421,1053.934
5,Day 5,Tray 8,8,DJI_20260623124403_0008,39,4,9,Yes,Yes,No,Day 3,3,506,506,0.82271,248.445,global_lattice_fitted,2633.701,931.675,2882.145,1180.119,2757.923,1055.897
5,Day 5,Tray 8,8,DJI_20260623124403_0008,40,4,10,Yes,Yes,No,Day 1,1,670,670,1.08936,248.445,direct_cup_evidence,2961.992,925.054,3210.437,1173.499,3086.214,1049.277
5,Day 5,Tray 8,8,DJI_20260623124403_0008,41,5,1,Yes,Yes,No,Day 4,4,210,120,0.3387,248.445,direct_cup_evidence,53.376,1195.076,301.82,1443.52,177.598,1319.298
5,Day 5,Tray 8,8,DJI_20260623124403_0008,42,5,2,Yes,Yes,No,Day 1,1,3117,3117,5.04761,248.445,direct_cup_evidence,368.702,1195.076,617.147,1443.52,492.924,1319.298
5,Day 5,Tray 8,8,DJI_20260623124403_0008,43,5,3,No,No,No,,,0,0,0.0,248.445,direct_cup_evidence,693.09,1205.949,941.534,1454.393,817.312,1330.171
5,Day 5,Tray 8,8,DJI_20260623124403_0008,44,5,4,Yes,Yes,No,Day 1,1,3353,3353,5.45168,248.445,direct_cup_evidence,1013.853,1205.949,1262.298,1454.393,1138.076,1330.171
5,Day 5,Tray 8,8,DJI_20260623124403_0008,45,5,5,Yes,Yes,No,Day 2,2,1469,1469,2.37887,248.445,direct_cup_evidence,1338.241,1205.949,1586.686,1454.393,1462.463,1330.171
5,Day 5,Tray 8,8,DJI_20260623124403_0008,46,5,6,Yes,Yes,No,Day 1,1,4908,4908,7.97997,248.445,direct_cup_evidence,1662.629,1209.573,1911.073,1458.018,1786.851,1333.796
5,Day 5,Tray 8,8,DJI_20260623124403_0008,47,5,7,Yes,Yes,No,Day 1,1,4084,4084,6.58699,248.445,direct_cup_evidence,2043.196,1193.263,2291.64,1441.708,2167.418,1317.486
5,Day 5,Tray 8,8,DJI_20260623124403_0008,48,5,8,Yes,Yes,No,Day 1,1,2357,2357,3.81688,248.445,direct_cup_evidence,2313.217,1205.949,2561.661,1454.393,2437.439,1330.171
5,Day 5,Tray 8,8,DJI_20260623124403_0008,49,5,9,No,No,No,,,0,0,0.0,248.445,direct_cup_evidence,2635.792,1207.761,2884.237,1456.206,2760.014,1331.983
5,Day 5,Tray 8,8,DJI_20260623124403_0008,50,5,10,Yes,Yes,No,Day 1,1,3446,3404,5.58039,248.445,direct_cup_evidence,2956.556,1204.137,3205.0,1452.581,3080.778,1328.359
5,Day 5,Tray 8,8,DJI_20260623124403_0008,51,6,1,Yes,Yes,No,Day 1,1,1401,1401,2.26875,248.445,direct_cup_evidence,55.188,1459.66,303.632,1708.104,179.41,1583.882
5,Day 5,Tray 8,8,DJI_20260623124403_0008,52,6,2,Yes,Yes,No,Day 1,1,3202,3202,5.20617,248.445,direct_cup_evidence,368.702,1475.97,617.147,1724.414,492.924,1600.192
5,Day 5,Tray 8,8,DJI_20260623124403_0008,53,6,3,Yes,Yes,No,Day 2,2,1942,1942,3.14484,248.445,direct_cup_evidence,689.466,1477.782,937.91,1726.227,813.688,1602.004
5,Day 5,Tray 8,8,DJI_20260623124403_0008,54,6,4,Yes,Yes,No,Day 2,2,496,496,0.79999,248.445,direct_cup_evidence,1010.229,1483.219,1258.673,1731.663,1134.451,1607.441
5,Day 5,Tray 8,8,DJI_20260623124403_0008,55,6,5,Yes,Yes,No,Day 3,3,369,369,0.59515,248.445,direct_cup_evidence,1336.429,1483.219,1584.873,1731.663,1460.651,1607.441
5,Day 5,Tray 8,8,DJI_20260623124403_0008,56,6,6,Yes,Yes,No,Day 1,1,3062,3062,4.97854,248.445,direct_cup_evidence,1671.69,1488.656,1920.134,1737.1,1795.912,1612.878
5,Day 5,Tray 8,8,DJI_20260623124403_0008,57,6,7,Yes,Yes,No,Day 1,1,3303,3303,5.37038,248.445,direct_cup_evidence,1987.017,1479.594,2235.461,1728.039,2111.239,1603.817
5,Day 5,Tray 8,8,DJI_20260623124403_0008,58,6,8,Yes,Yes,No,Day 1,1,2421,2421,3.92052,248.445,direct_cup_evidence,2309.592,1483.219,2558.037,1731.663,2433.814,1607.441
5,Day 5,Tray 8,8,DJI_20260623124403_0008,59,6,9,Yes,Yes,No,Day 1,1,1784,1784,2.87737,248.445,direct_cup_evidence,2632.168,1483.219,2880.612,1731.663,2756.39,1607.441
5,Day 5,Tray 8,8,DJI_20260623124403_0008,60,6,10,Yes,Yes,No,Day 1,1,1654,1654,2.68926,248.445,direct_cup_evidence,2954.743,1479.594,3203.188,1728.039,3078.966,1603.817
5,Day 5,Tray 8,8,DJI_20260623124403_0008,61,7,1,Yes,Yes,No,Day 1,1,3937,3937,6.40121,248.445,direct_cup_evidence,47.939,1727.869,296.383,1976.313,172.161,1852.091
5,Day 5,Tray 8,8,DJI_20260623124403_0008,62,7,2,Yes,Yes,No,Day 1,1,3967,3967,6.44999,248.445,direct_cup_evidence,368.702,1749.616,617.147,1998.06,492.924,1873.838
5,Day 5,Tray 8,8,DJI_20260623124403_0008,63,7,3,Yes,Yes,No,Day 1,1,5310,3289,8.63358,248.445,direct_cup_evidence,687.653,1758.677,936.098,2007.121,811.876,1882.899
5,Day 5,Tray 8,8,DJI_20260623124403_0008,64,7,4,Yes,Yes,No,Day 1,1,1796,1778,2.92014,248.445,direct_cup_evidence,1012.041,1758.677,1260.486,2007.121,1136.263,1882.899
5,Day 5,Tray 8,8,DJI_20260623124403_0008,65,7,5,Yes,Yes,No,Day 1,1,6056,6056,9.80697,248.445,direct_cup_evidence,1350.927,1753.24,1599.371,2001.684,1475.149,1877.462
5,Day 5,Tray 8,8,DJI_20260623124403_0008,66,7,6,Yes,Yes,No,Day 1,1,2873,2873,4.65248,248.445,direct_cup_evidence,1657.192,1758.677,1905.637,2007.121,1781.414,1882.899
5,Day 5,Tray 8,8,DJI_20260623124403_0008,67,7,7,Yes,Yes,No,Day 1,1,4446,4446,7.2288,248.445,direct_cup_evidence,1981.58,1755.052,2230.024,2003.497,2105.802,1879.274
5,Day 5,Tray 8,8,DJI_20260623124403_0008,68,7,8,Yes,Yes,No,Day 2,2,1242,933,2.01127,248.445,direct_cup_evidence,2305.968,1753.24,2554.412,2001.684,2430.19,1877.462
5,Day 5,Tray 8,8,DJI_20260623124403_0008,69,7,9,Yes,Yes,No,Day 1,1,2961,2961,4.79499,248.445,direct_cup_evidence,2632.168,1755.052,2880.612,2003.497,2756.39,1879.274
5,Day 5,Tray 8,8,DJI_20260623124403_0008,70,7,10,No,No,No,,,0,0,0.0,248.445,direct_cup_evidence,2945.682,1751.428,3194.127,1999.872,3069.904,1875.65
9,Day 9,Tray 1,1,DJI_20260627101229_0001,1,1,1,Yes,Yes,No,Day 1,1,18078,18078,18.57125,311.844,direct_cup_evidence,58.303,103.403,370.147,415.247,214.225,259.325
9,Day 9,Tray 1,1,DJI_20260627101229_0001,2,1,2,Yes,Yes,No,Day 2,2,5821,5821,5.97982,311.844,direct_cup_evidence,446.163,103.403,758.007,415.247,602.085,259.325
9,Day 9,Tray 1,1,DJI_20260627101229_0001,3,1,3,Yes,Yes,No,Day 1,1,2587,2587,2.65759,311.844,direct_cup_evidence,849.808,98.893,1161.652,410.737,1005.73,254.815
9,Day 9,Tray 1,1,DJI_20260627101229_0001,4,1,4,Yes,Yes,No,Day 2,2,6946,6946,7.13552,311.844,direct_cup_evidence,1260.218,89.873,1572.062,401.717,1416.14,245.795
9,Day 9,Tray 1,1,DJI_20260627101229_0001,5,1,5,Yes,Yes,No,Day 2,2,3664,2785,3.76397,311.844,direct_cup_evidence,1659.353,89.873,1971.197,401.717,1815.275,245.795
9,Day 9,Tray 1,1,DJI_20260627101229_0001,6,1,6,Yes,Yes,No,Day 9,9,778,778,0.79923,311.844,direct_cup_evidence,2065.253,85.363,2377.097,397.207,2221.175,241.285
9,Day 9,Tray 1,1,DJI_20260627101229_0001,7,1,7,No,No,No,,,0,0,0.0,311.844,direct_cup_evidence,2475.663,89.873,2787.507,401.717,2631.585,245.795
9,Day 9,Tray 1,1,DJI_20260627101229_0001,8,1,8,No,No,No,,,0,0,0.0,311.844,direct_cup_evidence,2895.093,80.853,3206.937,392.697,3051.015,236.775
9,Day 9,Tray 1,1,DJI_20260627101229_0001,9,1,9,No,Yes,Yes,Day 1,1,0,0,0.0,311.844,direct_cup_evidence,3291.973,83.108,3603.817,394.952,3447.895,239.03
9,Day 9,Tray 1,1,DJI_20260627101229_0001,10,1,10,Yes,Yes,No,Day 4,4,3319,3319,3.40956,311.844,direct_cup_evidence,3688.853,83.108,4000.697,394.952,3844.775,239.03
9,Day 9,Tray 1,1,DJI_20260627101229_0001,11,2,1,Yes,Yes,No,Day 1,1,9092,9082,9.34007,311.844,direct_cup_evidence,49.283,448.418,361.127,760.262,205.205,604.34
9,Day 9,Tray 1,1,DJI_20260627101229_0001,12,2,2,Yes,Yes,No,Day 1,1,9112,9112,9.36062,311.844,direct_cup_evidence,498.028,443.908,809.872,755.752,653.95,599.83
9,Day 9,Tray 1,1,DJI_20260627101229_0001,13,2,3,Yes,Yes,No,Day 3,3,2992,1497,3.07364,311.844,direct_cup_evidence,852.063,434.888,1163.907,746.732,1007.985,590.81
9,Day 9,Tray 1,1,DJI_20260627101229_0001,14,2,4,Yes,Yes,No,Day 1,1,5193,5193,5.35184,311.844,direct_cup_evidence,1255.708,441.653,1567.552,753.497,1411.63,597.575
9,Day 9,Tray 1,1,DJI_20260627101229_0001,15,2,5,Yes,Yes,No,Day 2,2,7076,7076,7.29244,311.844,direct_cup_evidence,1661.608,437.143,1973.452,748.987,1817.53,593.065
9,Day 9,Tray 1,1,DJI_20260627101229_0001,16,2,6,Yes,Yes,No,Day 4,4,1567,1567,1.61493,311.844,direct_cup_evidence,2067.508,443.908,2379.352,755.752,2223.43,599.83
9,Day 9,Tray 1,1,DJI_20260627101229_0001,17,2,7,Yes,Yes,No,Day 4,4,959,959,0.98833,311.844,direct_cup_evidence,2471.153,441.653,2782.997,753.497,2627.075,597.575
9,Day 9,Tray 1,1,DJI_20260627101229_0001,18,2,8,Yes,Yes,No,Day 5,5,1136,1136,1.167,311.844,direct_cup_evidence,2883.818,434.888,3195.662,746.732,3039.74,590.81
9,Day 9,Tray 1,1,DJI_20260627101229_0001,19,2,9,No,No,No,,,0,0,0.0,311.844,direct_cup_evidence,3287.463,430.378,3599.307,742.222,3443.385,586.3
9,Day 9,Tray 1,1,DJI_20260627101229_0001,20,2,10,Yes,Yes,No,Day 3,3,1735,1735,1.79382,311.844,direct_cup_evidence,3695.618,432.633,4007.462,744.477,3851.54,588.555
9,Day 9,Tray 1,1,DJI_20260627101229_0001,21,3,1,Yes,Yes,No,Day 1,1,9723,9723,10.02041,311.844,direct_cup_evidence,51.538,795.688,363.382,1107.532,207.46,951.61
9,Day 9,Tray 1,1,DJI_20260627101229_0001,22,3,2,Yes,Yes,No,Day 5,5,1461,748,1.50086,311.844,direct_cup_evidence,470.968,820.493,782.812,1132.337,626.89,976.415
9,Day 9,Tray 1,1,DJI_20260627101229_0001,23,3,3,Yes,Yes,No,Day 2,2,7960,7960,8.17719,311.844,direct_cup_evidence,867.848,825.003,1179.692,1136.847,1023.77,980.925
9,Day 9,Tray 1,1,DJI_20260627101229_0001,24,3,4,No,No,No,,,0,0,0.0,311.844,direct_cup_evidence,1257.963,784.413,1569.807,1096.257,1413.885,940.335
9,Day 9,Tray 1,1,DJI_20260627101229_0001,25,3,5,No,No,No,,,0,0,0.0,311.844,direct_cup_evidence,1663.863,786.668,1975.707,1098.512,1819.785,942.59
9,Day 9,Tray 1,1,DJI_20260627101229_0001,26,3,6,Yes,Yes,No,Day 1,1,12169,12047,12.50103,311.844,direct_cup_evidence,2069.763,786.668,2381.607,1098.512,2225.685,942.59
9,Day 9,Tray 1,1,DJI_20260627101229_0001,27,3,7,Yes,Yes,No,Day 3,3,5421,5421,5.56891,311.844,direct_cup_evidence,2475.663,784.413,2787.507,1096.257,2631.585,940.335
9,Day 9,Tray 1,1,DJI_20260627101229_0001,28,3,8,Yes,Yes,No,Day 2,2,3314,3314,3.41537,311.844,direct_cup_evidence,2890.583,779.903,3202.427,1091.747,3046.505,935.825
9,Day 9,Tray 1,1,DJI_20260627101229_0001,29,3,9,Yes,Yes,No,Day 5,5,807,462,0.83168,311.844,direct_cup_evidence,3298.738,768.628,3610.582,1080.472,3454.66,924.55
9,Day 9,Tray 1,1,DJI_20260627101229_0001,30,3,10,Yes,Yes,No,Day 2,2,6315,6315,6.4873,311.844,direct_cup_evidence,3693.363,793.433,4005.207,1105.277,3849.285,949.355
9,Day 9,Tray 1,1,DJI_20260627101229_0001,31,4,1,Yes,Yes,No,Day 1,1,7043,7043,7.25843,311.844,direct_cup_evidence,51.538,1138.448,363.382,1450.292,207.46,1294.37
9,Day 9,Tray 1,1,DJI_20260627101229_0001,32,4,2,Yes,Yes,No,Day 5,5,1543,1543,1.5851,311.844,direct_cup_evidence,455.183,1138.448,767.027,1450.292,611.105,1294.37
9,Day 9,Tray 1,1,DJI_20260627101229_0001,33,4,3,Yes,Yes,No,Day 9,9,1013,1013,1.04064,311.844,direct_cup_evidence,854.318,1136.193,1166.162,1448.037,1010.24,1292.115
9,Day 9,Tray 1,1,DJI_20260627101229_0001,34,4,4,No,No,No,,,0,0,0.0,311.844,direct_cup_evidence,1262.473,1131.683,1574.317,1443.527,1418.395,1287.605
9,Day 9,Tray 1,1,DJI_20260627101229_0001,35,4,5,No,No,No,,,0,0,0.0,311.844,direct_cup_evidence,1663.863,1133.938,1975.707,1445.782,1819.785,1289.86
9,Day 9,Tray 1,1,DJI_20260627101229_0001,36,4,6,Yes,Yes,No,Day 2,2,4599,3648,4.72448,311.844,direct_cup_evidence,2069.763,1136.193,2381.607,1448.037,2225.685,1292.115
9,Day 9,Tray 1,1,DJI_20260627101229_0001,37,4,7,Yes,Yes,No,Day 4,4,2568,1314,2.63807,311.844,direct_cup_evidence,2475.663,1133.938,2787.507,1445.782,2631.585,1289.86
9,Day 9,Tray 1,1,DJI_20260627101229_0001,38,4,8,Yes,Yes,No,Day 3,3,2852,2852,2.92982,311.844,direct_cup_evidence,2892.838,1124.918,3204.682,1436.762,3048.76,1280.84
9,Day 9,Tray 1,1,DJI_20260627101229_0001,39,4,9,Yes,Yes,No,Day 1,1,9787,9787,10.05404,311.844,direct_cup_evidence,3287.463,1122.663,3599.307,1434.507,3443.385,1278.585
9,Day 9,Tray 1,1,DJI_20260627101229_0001,40,4,10,No,No,No,,,0,0,0.0,311.844,direct_cup_evidence,3691.108,1133.938,4002.952,1445.782,3847.03,1289.86
9,Day 9,Tray 1,1,DJI_20260627101229_0001,41,5,1,Yes,Yes,No,Day 3,3,3758,3758,3.86054,311.844,direct_cup_evidence,62.813,1483.463,374.657,1795.307,218.735,1639.385
9,Day 9,Tray 1,1,DJI_20260627101229_0001,42,5,2,Yes,Yes,No,Day 2,2,5721,5721,5.8771,311.844,direct_cup_evidence,457.438,1483.463,769.282,1795.307,613.36,1639.385
9,Day 9,Tray 1,1,DJI_20260627101229_0001,43,5,3,No,No,No,,,0,0,0.0,311.844,direct_cup_evidence,865.593,1485.718,1177.437,1797.562,1021.515,1641.64
9,Day 9,Tray 1,1,DJI_20260627101229_0001,44,5,4,Yes,Yes,No,Day 2,2,1959,1022,2.01245,311.844,direct_cup_evidence,1266.983,1478.953,1578.827,1790.797,1422.905,1634.875
9,Day 9,Tray 1,1,DJI_20260627101229_0001,45,5,5,Yes,Yes,No,Day 2,2,7466,7466,7.66971,311.844,direct_cup_evidence,1663.863,1483.463,1975.707,1795.307,1819.785,1639.385
9,Day 9,Tray 1,1,DJI_20260627101229_0001,46,5,6,Yes,Yes,No,Day 1,1,11889,11889,12.21339,311.844,direct_cup_evidence,2074.273,1474.443,2386.117,1786.287,2230.195,1630.365
9,Day 9,Tray 1,1,DJI_20260627101229_0001,47,5,7,Yes,Yes,No,Day 1,1,2926,2926,3.00583,311.844,direct_cup_evidence,2475.663,1478.953,2787.507,1790.797,2631.585,1634.875
9,Day 9,Tray 1,1,DJI_20260627101229_0001,48,5,8,No,No,No,,,0,0,0.0,311.844,direct_cup_evidence,2881.563,1472.188,3193.407,1784.032,3037.485,1628.11
9,Day 9,Tray 1,1,DJI_20260627101229_0001,49,5,9,No,No,No,,,0,0,0.0,311.844,direct_cup_evidence,3285.208,1469.933,3597.052,1781.777,3441.13,1625.855
9,Day 9,Tray 1,1,DJI_20260627101229_0001,50,5,10,Yes,Yes,No,Day 2,2,826,826,0.84854,311.844,direct_cup_evidence,3691.108,1474.443,4002.952,1786.287,3847.03,1630.365
9,Day 9,Tray 1,1,DJI_20260627101229_0001,51,6,1,Yes,Yes,No,Day 2,2,6203,6203,6.39274,311.844,direct_cup_evidence,69.578,1817.203,381.422,2129.047,225.5,1973.125
9,Day 9,Tray 1,1,DJI_20260627101229_0001,52,6,2,Yes,Yes,No,Day 2,2,4636,4636,4.76249,311.844,direct_cup_evidence,461.948,1826.223,773.792,2138.067,617.87,1982.145
9,Day 9,Tray 1,1,DJI_20260627101229_0001,53,6,3,Yes,Yes,No,Day 1,1,4557,4557,4.68134,311.844,direct_cup_evidence,861.083,1826.223,1172.927,2138.067,1017.005,1982.145
9,Day 9,Tray 1,1,DJI_20260627101229_0001,54,6,4,Yes,Yes,No,Day 2,2,5404,5399,5.5693,311.844,direct_cup_evidence,1228.648,1823.968,1540.492,2135.812,1384.57,1979.89
9,Day 9,Tray 1,1,DJI_20260627101229_0001,55,6,5,Yes,Yes,No,Day 2,2,9161,9161,9.41095,311.844,direct_cup_evidence,1666.118,1828.478,1977.962,2140.322,1822.04,1984.4
9,Day 9,Tray 1,1,DJI_20260627101229_0001,56,6,6,Yes,Yes,No,Day 2,2,3980,3980,4.08859,311.844,direct_cup_evidence,2072.018,1826.223,2383.862,2138.067,2227.94,1982.145
9,Day 9,Tray 1,1,DJI_20260627101229_0001,57,6,7,Yes,Yes,No,Day 2,2,14357,14357,14.74873,311.844,direct_cup_evidence,2484.683,1823.968,2796.527,2135.812,2640.605,1979.89
9,Day 9,Tray 1,1,DJI_20260627101229_0001,58,6,8,No,No,No,,,0,0,0.0,311.844,direct_cup_evidence,2883.818,1817.203,3195.662,2129.047,3039.74,1973.125
9,Day 9,Tray 1,1,DJI_20260627101229_0001,59,6,9,No,No,No,,,0,0,0.0,311.844,direct_cup_evidence,3285.208,1823.968,3597.052,2135.812,3441.13,1979.89
9,Day 9,Tray 1,1,DJI_20260627101229_0001,60,6,10,Yes,Yes,No,Day 1,1,10027,9943,10.30058,311.844,direct_cup_evidence,3693.363,1821.713,4005.207,2133.557,3849.285,1977.635
9,Day 9,Tray 1,1,DJI_20260627101229_0001,61,7,1,Yes,Yes,No,Day 2,2,7586,7586,7.79298,311.844,direct_cup_evidence,92.128,2153.198,403.972,2465.042,248.05,2309.12
9,Day 9,Tray 1,1,DJI_20260627101229_0001,62,7,2,No,No,No,,,0,0,0.0,311.844,direct_cup_evidence,470.968,2164.473,782.812,2476.317,626.89,2320.395
9,Day 9,Tray 1,1,DJI_20260627101229_0001,63,7,3,No,No,No,,,0,0,0.0,311.844,direct_cup_evidence,874.613,2164.473,1186.457,2476.317,1030.535,2320.395
9,Day 9,Tray 1,1,DJI_20260627101229_0001,64,7,4,No,No,No,,,0,0,0.0,311.844,direct_cup_evidence,1266.983,2175.748,1578.827,2487.592,1422.905,2331.67
9,Day 9,Tray 1,1,DJI_20260627101229_0001,65,7,5,No,No,No,,,0,0,0.0,311.844,direct_cup_evidence,1668.373,2187.023,1980.217,2498.867,1824.295,2342.945
9,Day 9,Tray 1,1,DJI_20260627101229_0001,66,7,6,Yes,Yes,No,Day 1,1,13367,13362,13.73171,311.844,direct_cup_evidence,2072.018,2173.493,2383.862,2485.337,2227.94,2329.415
9,Day 9,Tray 1,1,DJI_20260627101229_0001,67,7,7,Yes,Yes,No,Day 1,1,13514,13514,13.88273,311.844,direct_cup_evidence,2477.918,2173.493,2789.762,2485.337,2633.84,2329.415
9,Day 9,Tray 1,1,DJI_20260627101229_0001,68,7,8,No,No,No,,,0,0,0.0,311.844,direct_cup_evidence,2881.563,2173.493,3193.407,2485.337,3037.485,2329.415
9,Day 9,Tray 1,1,DJI_20260627101229_0001,69,7,9,Yes,Yes,No,Day 1,1,14998,14980,15.40722,311.844,direct_cup_evidence,3282.953,2155.453,3594.797,2467.297,3438.875,2311.375
9,Day 9,Tray 1,1,DJI_20260627101229_0001,70,7,10,Yes,Yes,No,Day 2,2,5082,5082,5.22066,311.844,direct_cup_evidence,3682.088,2150.943,3993.932,2462.787,3838.01,2306.865
9,Day 9,Tray 2,2,DJI_20260627101425_0002,1,1,1,Yes,Yes,No,Day 1,1,6520,6520,6.7846,309.416,direct_cup_evidence,80.101,82.359,389.517,391.775,234.809,237.067
9,Day 9,Tray 2,2,DJI_20260627101425_0002,2,1,2,No,Yes,Yes,Day 1,1,0,0,0.0,309.416,direct_cup_evidence,448.119,73.328,757.535,382.744,602.827,228.036
9,Day 9,Tray 2,2,DJI_20260627101425_0002,3,1,3,Yes,Yes,No,Day 1,1,93,93,0.0974,309.416,direct_cup_evidence,883.87,77.843,1193.286,387.259,1038.578,232.551
9,Day 9,Tray 2,2,DJI_20260627101425_0002,4,1,4,No,No,No,,,0,0,0.0,309.416,direct_cup_evidence,1290.27,86.874,1599.686,396.29,1444.978,241.582
9,Day 9,Tray 2,2,DJI_20260627101425_0002,5,1,5,Yes,Yes,No,Day 2,2,2790,1736,2.91262,309.416,direct_cup_evidence,1694.412,86.874,2003.828,396.29,1849.12,241.582
9,Day 9,Tray 2,2,DJI_20260627101425_0002,6,1,6,No,Yes,Yes,Day 1,1,0,0,0.0,309.416,direct_cup_evidence,2098.554,84.616,2407.97,394.032,2253.262,239.324
9,Day 9,Tray 2,2,DJI_20260627101425_0002,7,1,7,Yes,Yes,No,Day 1,1,2084,2084,2.18263,309.416,direct_cup_evidence,2493.665,86.874,2803.081,396.29,2648.373,241.582
9,Day 9,Tray 2,2,DJI_20260627101425_0002,8,1,8,Yes,Yes,No,Day 3,3,1756,1019,1.83911,309.416,direct_cup_evidence,2904.581,86.874,3213.997,396.29,3059.289,241.582
9,Day 9,Tray 2,2,DJI_20260627101425_0002,9,1,9,No,No,No,,,0,0,0.0,309.416,direct_cup_evidence,3301.95,100.421,3611.366,409.837,3456.658,255.129
9,Day 9,Tray 2,2,DJI_20260627101425_0002,10,1,10,No,No,No,,,0,0,0.0,309.416,direct_cup_evidence,3697.061,93.648,4006.477,403.064,3851.769,248.356
9,Day 9,Tray 2,2,DJI_20260627101425_0002,11,2,1,Yes,Yes,No,Day 1,1,4859,4859,5.07255,309.416,direct_cup_evidence,73.328,425.541,382.744,734.957,228.036,580.249
9,Day 9,Tray 2,2,DJI_20260627101425_0002,12,2,2,No,Yes,Yes,Day 1,1,0,0,0.0,309.416,direct_cup_evidence,475.212,423.283,784.628,732.699,629.92,577.991
9,Day 9,Tray 2,2,DJI_20260627101425_0002,13,2,3,Yes,Yes,No,Day 4,4,2849,2849,2.98384,309.416,direct_cup_evidence,881.612,425.541,1191.028,734.957,1036.32,580.249
9,Day 9,Tray 2,2,DJI_20260627101425_0002,14,2,4,Yes,Yes,No,Day 9,9,134,115,0.14034,309.416,direct_cup_evidence,1288.012,418.768,1597.428,728.184,1442.72,573.476
9,Day 9,Tray 2,2,DJI_20260627101425_0002,15,2,5,No,No,No,,,0,0,0.0,309.416,direct_cup_evidence,1710.216,421.025,2019.632,730.441,1864.924,575.733
9,Day 9,Tray 2,2,DJI_20260627101425_0002,16,2,6,Yes,Yes,No,Day 1,1,2209,2209,2.31355,309.416,direct_cup_evidence,2091.781,430.056,2401.197,739.472,2246.489,584.764
9,Day 9,Tray 2,2,DJI_20260627101425_0002,17,2,7,No,Yes,Yes,Day 1,1,0,0,0.0,309.416,direct_cup_evidence,2536.563,439.088,2845.979,748.504,2691.271,593.796
9,Day 9,Tray 2,2,DJI_20260627101425_0002,18,2,8,Yes,Yes,No,Day 2,2,409,409,0.42836,309.416,direct_cup_evidence,2904.581,436.83,3213.997,746.246,3059.289,591.538
9,Day 9,Tray 2,2,DJI_20260627101425_0002,19,2,9,No,No,No,,,0,0,0.0,309.416,direct_cup_evidence,3301.95,436.83,3611.366,746.246,3456.658,591.538
9,Day 9,Tray 2,2,DJI_20260627101425_0002,20,2,10,Yes,Yes,No,Day 1,1,17727,17698,18.566,309.416,direct_cup_evidence,3701.576,430.056,4010.992,739.472,3856.284,584.764
9,Day 9,Tray 2,2,DJI_20260627101425_0002,21,3,1,No,No,No,,,0,0,0.0,309.416,direct_cup_evidence,68.812,761.95,378.228,1071.366,223.52,916.658
9,Day 9,Tray 2,2,DJI_20260627101425_0002,22,3,2,No,No,No,,,0,0,0.0,309.416,direct_cup_evidence,477.47,768.723,786.886,1078.139,632.178,923.431
9,Day 9,Tray 2,2,DJI_20260627101425_0002,23,3,3,No,No,No,,,0,0,0.0,309.416,direct_cup_evidence,872.581,813.879,1181.997,1123.295,1027.289,968.587
9,Day 9,Tray 2,2,DJI_20260627101425_0002,24,3,4,Yes,Yes,No,Day 1,1,3353,3353,3.50037,309.416,direct_cup_evidence,1292.528,773.239,1601.944,1082.655,1447.236,927.947
9,Day 9,Tray 2,2,DJI_20260627101425_0002,25,3,5,No,Yes,Yes,Day 1,1,0,0,0.0,309.416,direct_cup_evidence,1689.896,773.239,1999.312,1082.655,1844.604,927.947
9,Day 9,Tray 2,2,DJI_20260627101425_0002,26,3,6,No,Yes,Yes,Day 2,2,0,0,0.0,309.416,direct_cup_evidence,2098.554,773.239,2407.97,1082.655,2253.262,927.947
9,Day 9,Tray 2,2,DJI_20260627101425_0002,27,3,7,Yes,Yes,No,Day 1,1,8948,8948,9.34127,309.416,direct_cup_evidence,2516.243,743.888,2825.659,1053.304,2670.951,898.596
9,Day 9,Tray 2,2,DJI_20260627101425_0002,28,3,8,Yes,Yes,No,Day 1,1,8641,8641,9.02077,309.416,direct_cup_evidence,2904.581,775.496,3213.997,1084.912,3059.289,930.204
9,Day 9,Tray 2,2,DJI_20260627101425_0002,29,3,9,Yes,Yes,No,Day 1,1,8094,8094,8.42248,309.416,direct_cup_evidence,3315.496,775.496,3624.912,1084.912,3470.204,930.204
9,Day 9,Tray 2,2,DJI_20260627101425_0002,30,3,10,Yes,Yes,No,Day 1,1,13623,13623,14.22174,309.416,direct_cup_evidence,3710.608,775.496,4020.024,1084.912,3865.316,930.204
9,Day 9,Tray 2,2,DJI_20260627101425_0002,31,4,1,No,Yes,Yes,Day 1,1,0,0,0.0,309.416,direct_cup_evidence,80.101,1109.648,389.517,1419.064,234.809,1264.356
9,Day 9,Tray 2,2,DJI_20260627101425_0002,32,4,2,No,Yes,Yes,Day 1,1,0,0,0.0,309.416,direct_cup_evidence,470.696,1116.421,780.112,1425.837,625.404,1271.129
9,Day 9,Tray 2,2,DJI_20260627101425_0002,33,4,3,Yes,Yes,No,Day 2,2,7048,7048,7.33403,309.416,direct_cup_evidence,877.096,1114.163,1186.512,1423.579,1031.804,1268.871
9,Day 9,Tray 2,2,DJI_20260627101425_0002,34,4,4,No,Yes,Yes,Day 1,1,17,17,0.01775,309.416,direct_cup_evidence,1288.012,1114.163,1597.428,1423.579,1442.72,1268.871
9,Day 9,Tray 2,2,DJI_20260627101425_0002,35,4,5,Yes,Yes,No,Day 1,1,13579,13579,14.22168,309.416,direct_cup_evidence,1689.896,1111.905,1999.312,1421.321,1844.604,1266.613
9,Day 9,Tray 2,2,DJI_20260627101425_0002,36,4,6,Yes,Yes,No,Day 4,4,1904,1904,1.98768,309.416,direct_cup_evidence,2069.203,1109.648,2378.619,1419.064,2223.911,1264.356
9,Day 9,Tray 2,2,DJI_20260627101425_0002,37,4,7,Yes,Yes,No,Day 4,4,883,706,0.92479,309.416,direct_cup_evidence,2502.696,1111.905,2812.112,1421.321,2657.404,1266.613
9,Day 9,Tray 2,2,DJI_20260627101425_0002,38,4,8,No,No,No,,,0,0,0.0,309.416,direct_cup_evidence,2902.323,1120.936,3211.739,1430.352,3057.031,1275.644
9,Day 9,Tray 2,2,DJI_20260627101425_0002,39,4,9,No,No,No,,,0,0,0.0,309.416,direct_cup_evidence,3304.208,1123.194,3613.624,1432.61,3458.916,1277.902
9,Day 9,Tray 2,2,DJI_20260627101425_0002,40,4,10,Yes,Yes,No,Day 1,1,14129,14129,14.74997,309.416,direct_cup_evidence,3703.834,1123.194,4013.25,1432.61,3858.542,1277.902
9,Day 9,Tray 2,2,DJI_20260627101425_0002,41,5,1,Yes,Yes,No,Day 2,2,8030,8030,8.41005,309.416,direct_cup_evidence,84.616,1450.572,394.032,1759.988,239.324,1605.28
9,Day 9,Tray 2,2,DJI_20260627101425_0002,42,5,2,No,Yes,Yes,Day 3,3,0,0,0.0,309.416,direct_cup_evidence,450.376,1482.181,759.792,1791.597,605.084,1636.889
9,Day 9,Tray 2,2,DJI_20260627101425_0002,43,5,3,No,Yes,Yes,Day 1,1,0,0,0.0,309.416,direct_cup_evidence,872.581,1461.861,1181.997,1771.277,1027.289,1616.569
9,Day 9,Tray 2,2,DJI_20260627101425_0002,44,5,4,No,No,No,,,0,0,0.0,309.416,direct_cup_evidence,1283.496,1459.603,1592.912,1769.019,1438.204,1614.311
9,Day 9,Tray 2,2,DJI_20260627101425_0002,45,5,5,Yes,Yes,No,Day 1,1,2058,2026,2.14152,309.416,direct_cup_evidence,1685.381,1464.119,1994.797,1773.535,1840.089,1618.827
9,Day 9,Tray 2,2,DJI_20260627101425_0002,46,5,6,No,No,No,,,0,0,0.0,309.416,direct_cup_evidence,2100.812,1464.119,2410.228,1773.535,2255.52,1618.827
9,Day 9,Tray 2,2,DJI_20260627101425_0002,47,5,7,Yes,Yes,No,Day 4,4,1309,691,1.36653,309.416,direct_cup_evidence,2495.923,1464.119,2805.339,1773.535,2650.631,1618.827
9,Day 9,Tray 2,2,DJI_20260627101425_0002,48,5,8,No,No,No,,,0,0,0.0,309.416,direct_cup_evidence,2902.323,1461.861,3211.739,1771.277,3057.031,1616.569
9,Day 9,Tray 2,2,DJI_20260627101425_0002,49,5,9,Yes,Yes,No,Day 5,5,633,583,0.65869,309.416,direct_cup_evidence,3304.208,1466.376,3613.624,1775.792,3458.916,1621.084
9,Day 9,Tray 2,2,DJI_20260627101425_0002,50,5,10,Yes,Yes,No,Day 1,1,6305,6305,6.60341,309.416,direct_cup_evidence,3697.061,1459.603,4006.477,1769.019,3851.769,1614.311
9,Day 9,Tray 2,2,DJI_20260627101425_0002,51,6,1,Yes,Yes,No,Day 4,4,1984,1613,2.0779,309.416,direct_cup_evidence,71.07,1793.754,380.486,2103.17,225.778,1948.462
9,Day 9,Tray 2,2,DJI_20260627101425_0002,52,6,2,Yes,Yes,No,Day 1,1,1312,1312,1.3741,309.416,direct_cup_evidence,472.954,1800.528,782.37,2109.944,627.662,1955.236
9,Day 9,Tray 2,2,DJI_20260627101425_0002,53,6,3,Yes,Yes,No,Day 1,1,3791,2426,3.94485,309.416,direct_cup_evidence,870.323,1807.301,1179.739,2116.717,1025.031,1962.009
9,Day 9,Tray 2,2,DJI_20260627101425_0002,54,6,4,No,No,No,,,0,0,0.0,309.416,direct_cup_evidence,1276.723,1811.816,1586.139,2121.232,1431.431,1966.524
9,Day 9,Tray 2,2,DJI_20260627101425_0002,55,6,5,Yes,Yes,No,Day 1,1,6099,6099,6.36705,309.416,direct_cup_evidence,1685.381,1811.816,1994.797,2121.232,1840.089,1966.524
9,Day 9,Tray 2,2,DJI_20260627101425_0002,56,6,6,Yes,Yes,No,Day 1,1,2093,1982,2.18499,309.416,direct_cup_evidence,2096.296,1818.59,2405.712,2128.006,2251.004,1973.298
9,Day 9,Tray 2,2,DJI_20260627101425_0002,57,6,7,Yes,Yes,No,Day 1,1,5139,4018,5.34755,309.416,direct_cup_evidence,2498.181,1807.301,2807.597,2116.717,2652.889,1962.009
9,Day 9,Tray 2,2,DJI_20260627101425_0002,58,6,8,Yes,Yes,No,Day 9,9,287,287,0.29961,309.416,direct_cup_evidence,2913.612,1807.301,3223.028,2116.717,3068.32,1962.009
9,Day 9,Tray 2,2,DJI_20260627101425_0002,59,6,9,Yes,Yes,No,Day 3,3,2094,2094,2.18603,309.416,direct_cup_evidence,3308.723,1791.496,3618.139,2100.912,3463.431,1946.204
9,Day 9,Tray 2,2,DJI_20260627101425_0002,60,6,10,Yes,Yes,No,Day 1,1,4540,4540,4.75487,309.416,direct_cup_evidence,3685.772,1777.95,3995.188,2087.366,3840.48,1932.658
9,Day 9,Tray 2,2,DJI_20260627101425_0002,61,7,1,Yes,Yes,No,Day 3,3,1698,1698,1.77263,309.416,direct_cup_evidence,71.07,2139.194,380.486,2448.61,225.778,2293.902
9,Day 9,Tray 2,2,DJI_20260627101425_0002,62,7,2,No,No,No,,,0,0,0.0,309.416,direct_cup_evidence,470.696,2150.483,780.112,2459.899,625.404,2305.191
9,Day 9,Tray 2,2,DJI_20260627101425_0002,63,7,3,Yes,Yes,No,Day 2,2,1431,1431,1.48907,309.416,direct_cup_evidence,877.096,2150.483,1186.512,2459.899,1031.804,2305.191
9,Day 9,Tray 2,2,DJI_20260627101425_0002,64,7,4,No,No,No,,,0,0,0.0,309.416,direct_cup_evidence,1278.981,2157.256,1588.397,2466.672,1433.689,2311.964
9,Day 9,Tray 2,2,DJI_20260627101425_0002,65,7,5,Yes,Yes,No,Day 2,2,6409,6409,6.66909,309.416,direct_cup_evidence,1683.123,2157.256,1992.539,2466.672,1837.831,2311.964
9,Day 9,Tray 2,2,DJI_20260627101425_0002,66,7,6,Yes,Yes,No,Day 1,1,5071,5056,5.29387,309.416,direct_cup_evidence,2087.265,2159.514,2396.681,2468.93,2241.973,2314.222
9,Day 9,Tray 2,2,DJI_20260627101425_0002,67,7,7,No,No,No,,,0,0,0.0,309.416,direct_cup_evidence,2502.696,2152.741,2812.112,2462.157,2657.404,2307.449
9,Day 9,Tray 2,2,DJI_20260627101425_0002,68,7,8,Yes,Yes,No,Day 1,1,8892,8892,9.25286,309.416,direct_cup_evidence,2909.096,2157.256,3218.512,2466.672,3063.804,2311.964
9,Day 9,Tray 2,2,DJI_20260627101425_0002,69,7,9,Yes,Yes,No,Day 1,1,11901,11896,12.42405,309.416,direct_cup_evidence,3297.434,2143.71,3606.85,2453.126,3452.142,2298.418
9,Day 9,Tray 2,2,DJI_20260627101425_0002,70,7,10,No,Yes,Yes,Day 1,1,0,0,0.0,309.416,direct_cup_evidence,3737.701,2118.874,4047.117,2428.29,3892.409,2273.582
9,Day 9,Tray 3,3,DJI_20260627101610_0003,1,1,1,Yes,Yes,No,Day 1,1,1953,1953,2.01274,311.449,direct_cup_evidence,58.975,122.255,370.425,433.705,214.7,277.98
9,Day 9,Tray 3,3,DJI_20260627101610_0003,2,1,2,Yes,Yes,No,Day 1,1,6677,6677,6.90336,311.449,direct_cup_evidence,458.995,119.995,770.445,431.445,614.72,275.72
9,Day 9,Tray 3,3,DJI_20260627101610_0003,3,1,3,Yes,Yes,No,Day 5,5,926,821,0.95432,311.449,direct_cup_evidence,868.055,117.735,1179.505,429.185,1023.78,273.46
9,Day 9,Tray 3,3,DJI_20260627101610_0003,4,1,4,Yes,Yes,No,Day 1,1,3731,3731,3.85749,311.449,direct_cup_evidence,1263.555,108.695,1575.005,420.145,1419.28,264.42
9,Day 9,Tray 3,3,DJI_20260627101610_0003,5,1,5,Yes,Yes,No,Day 2,2,3516,3516,3.61193,311.449,direct_cup_evidence,1668.095,113.215,1979.545,424.665,1823.82,268.94
9,Day 9,Tray 3,3,DJI_20260627101610_0003,6,1,6,Yes,Yes,No,Day 1,1,8295,8295,8.54873,311.449,direct_cup_evidence,2074.895,113.215,2386.345,424.665,2230.62,268.94
9,Day 9,Tray 3,3,DJI_20260627101610_0003,7,1,7,Yes,Yes,No,Day 2,2,2278,2278,2.35523,311.449,direct_cup_evidence,2483.955,110.955,2795.405,422.405,2639.68,266.68
9,Day 9,Tray 3,3,DJI_20260627101610_0003,8,1,8,No,No,No,,,0,0,0.0,311.449,direct_cup_evidence,2890.755,108.695,3202.205,420.145,3046.48,264.42
9,Day 9,Tray 3,3,DJI_20260627101610_0003,9,1,9,Yes,Yes,No,Day 2,2,2982,2982,3.08309,311.449,direct_cup_evidence,3297.555,110.955,3609.005,422.405,3453.28,266.68
9,Day 9,Tray 3,3,DJI_20260627101610_0003,10,1,10,No,No,No,,,0,0,0.0,311.449,direct_cup_evidence,3704.355,113.215,4015.805,424.665,3860.08,268.94
9,Day 9,Tray 3,3,DJI_20260627101610_0003,11,2,1,Yes,Yes,No,Day 2,2,2184,2184,2.25804,311.449,direct_cup_evidence,58.975,463.515,370.425,774.965,214.7,619.24
9,Day 9,Tray 3,3,DJI_20260627101610_0003,12,2,2,Yes,Yes,No,Day 2,2,3287,3287,3.38754,311.449,direct_cup_evidence,449.955,461.255,761.405,772.705,605.68,616.98
9,Day 9,Tray 3,3,DJI_20260627101610_0003,13,2,3,Yes,Yes,No,Day 1,1,3099,3099,3.19379,311.449,direct_cup_evidence,859.015,461.255,1170.465,772.705,1014.74,616.98
9,Day 9,Tray 3,3,DJI_20260627101610_0003,14,2,4,No,No,No,,,0,0,0.0,311.449,direct_cup_evidence,1263.555,458.995,1575.005,770.445,1419.28,614.72
9,Day 9,Tray 3,3,DJI_20260627101610_0003,15,2,5,No,Yes,Yes,Day 2,2,0,0,0.0,311.449,direct_cup_evidence,1665.835,461.255,1977.285,772.705,1821.56,616.98
9,Day 9,Tray 3,3,DJI_20260627101610_0003,16,2,6,No,No,No,,,0,0,0.0,311.449,direct_cup_evidence,2077.155,456.735,2388.605,768.185,2232.88,612.46
9,Day 9,Tray 3,3,DJI_20260627101610_0003,17,2,7,No,No,No,,,0,0,0.0,311.449,direct_cup_evidence,2483.955,463.515,2795.405,774.965,2639.68,619.24
9,Day 9,Tray 3,3,DJI_20260627101610_0003,18,2,8,Yes,Yes,No,Day 5,5,723,723,0.74512,311.449,direct_cup_evidence,2888.495,463.515,3199.945,774.965,3044.22,619.24
9,Day 9,Tray 3,3,DJI_20260627101610_0003,19,2,9,No,No,No,,,0,0,0.0,311.449,direct_cup_evidence,3297.555,452.215,3609.005,763.665,3453.28,607.94
9,Day 9,Tray 3,3,DJI_20260627101610_0003,20,2,10,No,No,No,,,0,0,0.0,311.449,direct_cup_evidence,3702.095,452.215,4013.545,763.665,3857.82,607.94
9,Day 9,Tray 3,3,DJI_20260627101610_0003,21,3,1,Yes,Yes,No,Day 1,1,3378,3378,3.47017,311.449,direct_cup_evidence,52.195,809.295,363.645,1120.745,207.92,965.02
9,Day 9,Tray 3,3,DJI_20260627101610_0003,22,3,2,Yes,Yes,No,Day 4,4,1362,1362,1.40817,311.449,direct_cup_evidence,456.735,811.555,768.185,1123.005,612.46,967.28
9,Day 9,Tray 3,3,DJI_20260627101610_0003,23,3,3,No,No,No,,,0,0,0.0,311.449,direct_cup_evidence,854.495,809.295,1165.945,1120.745,1010.22,965.02
9,Day 9,Tray 3,3,DJI_20260627101610_0003,24,3,4,Yes,Yes,No,Day 1,1,6765,6765,6.99434,311.449,direct_cup_evidence,1265.815,813.815,1577.265,1125.265,1421.54,969.54
9,Day 9,Tray 3,3,DJI_20260627101610_0003,25,3,5,Yes,Yes,No,Day 1,1,5196,5196,5.35493,311.449,direct_cup_evidence,1668.095,811.555,1979.545,1123.005,1823.82,967.28
9,Day 9,Tray 3,3,DJI_20260627101610_0003,26,3,6,No,No,No,,,0,0,0.0,311.449,direct_cup_evidence,2070.375,809.295,2381.825,1120.745,2226.1,965.02
9,Day 9,Tray 3,3,DJI_20260627101610_0003,27,3,7,No,No,No,,,0,0,0.0,311.449,direct_cup_evidence,2481.695,804.775,2793.145,1116.225,2637.42,960.5
9,Day 9,Tray 3,3,DJI_20260627101610_0003,28,3,8,Yes,Yes,No,Day 1,1,4875,4875,5.02412,311.449,direct_cup_evidence,2886.235,811.555,3197.685,1123.005,3041.96,967.28
9,Day 9,Tray 3,3,DJI_20260627101610_0003,29,3,9,No,No,No,,,0,0,0.0,311.449,direct_cup_evidence,3295.295,804.775,3606.745,1116.225,3451.02,960.5
9,Day 9,Tray 3,3,DJI_20260627101610_0003,30,3,10,No,No,No,,,0,0,0.0,311.449,direct_cup_evidence,3690.795,804.775,4002.245,1116.225,3846.52,960.5
9,Day 9,Tray 3,3,DJI_20260627101610_0003,31,4,1,Yes,Yes,No,Day 9,9,240,240,0.24734,311.449,direct_cup_evidence,65.755,1155.075,377.205,1466.525,221.48,1310.8
9,Day 9,Tray 3,3,DJI_20260627101610_0003,32,4,2,No,No,No,,,0,0,0.0,311.449,direct_cup_evidence,425.095,1127.955,736.545,1439.405,580.82,1283.68
9,Day 9,Tray 3,3,DJI_20260627101610_0003,33,4,3,Yes,Yes,No,Day 4,4,771,771,0.79458,311.449,direct_cup_evidence,856.755,1157.335,1168.205,1468.785,1012.48,1313.06
9,Day 9,Tray 3,3,DJI_20260627101610_0003,34,4,4,Yes,Yes,No,Day 2,2,4145,4145,4.27179,311.449,direct_cup_evidence,1261.295,1161.855,1572.745,1473.305,1417.02,1317.58
9,Day 9,Tray 3,3,DJI_20260627101610_0003,35,4,5,Yes,Yes,No,Day 4,4,1462,1462,1.50672,311.449,direct_cup_evidence,1665.835,1155.075,1977.285,1466.525,1821.56,1310.8
9,Day 9,Tray 3,3,DJI_20260627101610_0003,36,4,6,Yes,Yes,No,Day 3,3,809,809,0.83375,311.449,direct_cup_evidence,2072.635,1155.075,2384.085,1466.525,2228.36,1310.8
9,Day 9,Tray 3,3,DJI_20260627101610_0003,37,4,7,No,No,No,,,0,0,0.0,311.449,direct_cup_evidence,2479.435,1155.075,2790.885,1466.525,2635.16,1310.8
9,Day 9,Tray 3,3,DJI_20260627101610_0003,38,4,8,Yes,Yes,No,Day 2,2,1930,1930,1.98903,311.449,direct_cup_evidence,2879.455,1152.815,3190.905,1464.265,3035.18,1308.54
9,Day 9,Tray 3,3,DJI_20260627101610_0003,39,4,9,Yes,Yes,No,Day 3,3,1125,698,1.15941,311.449,direct_cup_evidence,3290.775,1155.075,3602.225,1466.525,3446.5,1310.8
9,Day 9,Tray 3,3,DJI_20260627101610_0003,40,4,10,No,No,No,,,0,0,0.0,311.449,direct_cup_evidence,3690.795,1150.555,4002.245,1462.005,3846.52,1306.28
9,Day 9,Tray 3,3,DJI_20260627101610_0003,41,5,1,Yes,Yes,No,Day 1,1,4673,4673,4.83142,311.449,direct_cup_evidence,56.715,1489.555,368.165,1801.005,212.44,1645.28
9,Day 9,Tray 3,3,DJI_20260627101610_0003,42,5,2,Yes,Yes,No,Day 1,1,6415,6415,6.61122,311.449,direct_cup_evidence,452.215,1500.855,763.665,1812.305,607.94,1656.58
9,Day 9,Tray 3,3,DJI_20260627101610_0003,43,5,3,Yes,Yes,No,Day 1,1,3655,3655,3.7668,311.449,direct_cup_evidence,856.755,1503.115,1168.205,1814.565,1012.48,1658.84
9,Day 9,Tray 3,3,DJI_20260627101610_0003,44,5,4,Yes,Yes,No,Day 1,1,6545,6545,6.7452,311.449,direct_cup_evidence,1261.295,1500.855,1572.745,1812.305,1417.02,1656.58
9,Day 9,Tray 3,3,DJI_20260627101610_0003,45,5,5,Yes,Yes,No,Day 1,1,5567,5567,5.73728,311.449,direct_cup_evidence,1663.575,1505.375,1975.025,1816.825,1819.3,1661.1
9,Day 9,Tray 3,3,DJI_20260627101610_0003,46,5,6,Yes,Yes,No,Day 3,3,1775,1775,1.82343,311.449,direct_cup_evidence,2070.375,1505.375,2381.825,1816.825,2226.1,1661.1
9,Day 9,Tray 3,3,DJI_20260627101610_0003,47,5,7,Yes,Yes,No,Day 1,1,5892,5819,6.07222,311.449,direct_cup_evidence,2472.655,1503.115,2784.105,1814.565,2628.38,1658.84
9,Day 9,Tray 3,3,DJI_20260627101610_0003,48,5,8,No,No,No,,,0,0,0.0,311.449,direct_cup_evidence,2879.455,1503.115,3190.905,1814.565,3035.18,1658.84
9,Day 9,Tray 3,3,DJI_20260627101610_0003,49,5,9,No,No,No,,,0,0,0.0,311.449,direct_cup_evidence,3286.255,1500.855,3597.705,1812.305,3441.98,1656.58
9,Day 9,Tray 3,3,DJI_20260627101610_0003,50,5,10,Yes,Yes,No,Day 1,1,5565,5565,5.71684,311.449,direct_cup_evidence,3686.275,1503.115,3997.725,1814.565,3842.0,1658.84
9,Day 9,Tray 3,3,DJI_20260627101610_0003,51,6,1,Yes,Yes,No,Day 1,1,3878,3878,3.99662,311.449,direct_cup_evidence,54.455,1839.855,365.905,2151.305,210.18,1995.58
9,Day 9,Tray 3,3,DJI_20260627101610_0003,52,6,2,Yes,Yes,No,Day 2,2,1402,1067,1.44025,311.449,direct_cup_evidence,452.215,1844.375,763.665,2155.825,607.94,2000.1
9,Day 9,Tray 3,3,DJI_20260627101610_0003,53,6,3,Yes,Yes,No,Day 1,1,3417,3417,3.52152,311.449,direct_cup_evidence,863.535,1844.375,1174.985,2155.825,1019.26,2000.1
9,Day 9,Tray 3,3,DJI_20260627101610_0003,54,6,4,No,No,No,,,0,0,0.0,311.449,direct_cup_evidence,1261.295,1855.675,1572.745,2167.125,1417.02,2011.4
9,Day 9,Tray 3,3,DJI_20260627101610_0003,55,6,5,Yes,Yes,No,Day 1,1,3426,3426,3.53079,311.449,direct_cup_evidence,1663.575,1844.375,1975.025,2155.825,1819.3,2000.1
9,Day 9,Tray 3,3,DJI_20260627101610_0003,56,6,6,No,No,No,,,0,0,0.0,311.449,direct_cup_evidence,2072.635,1844.375,2384.085,2155.825,2228.36,2000.1
9,Day 9,Tray 3,3,DJI_20260627101610_0003,57,6,7,Yes,Yes,No,Day 2,2,3802,3802,3.91829,311.449,direct_cup_evidence,2470.395,1848.895,2781.845,2160.345,2626.12,2004.62
9,Day 9,Tray 3,3,DJI_20260627101610_0003,58,6,8,No,No,No,,,0,0,0.0,311.449,direct_cup_evidence,2822.955,1817.255,3134.405,2128.705,2978.68,1972.98
9,Day 9,Tray 3,3,DJI_20260627101610_0003,59,6,9,Yes,Yes,No,Day 1,1,5709,5709,5.86477,311.449,direct_cup_evidence,3295.295,1844.375,3606.745,2155.825,3451.02,2000.1
9,Day 9,Tray 3,3,DJI_20260627101610_0003,60,6,10,Yes,Yes,No,Day 1,1,9879,9879,10.14855,311.449,direct_cup_evidence,3686.275,1835.335,3997.725,2146.785,3842.0,1991.06
9,Day 9,Tray 3,3,DJI_20260627101610_0003,61,7,1,Yes,Yes,No,Day 1,1,8638,8638,8.87369,311.449,direct_cup_evidence,70.275,2174.335,381.725,2485.785,226.0,2330.06
9,Day 9,Tray 3,3,DJI_20260627101610_0003,62,7,2,Yes,Yes,No,Day 2,2,3360,3273,3.46278,311.449,direct_cup_evidence,463.515,2181.115,774.965,2492.565,619.24,2336.84
9,Day 9,Tray 3,3,DJI_20260627101610_0003,63,7,3,Yes,Yes,No,Day 3,3,742,742,0.76225,311.449,direct_cup_evidence,854.495,2183.375,1165.945,2494.825,1010.22,2339.1
9,Day 9,Tray 3,3,DJI_20260627101610_0003,64,7,4,No,No,No,,,0,0,0.0,311.449,direct_cup_evidence,1261.295,2192.415,1572.745,2503.865,1417.02,2348.14
9,Day 9,Tray 3,3,DJI_20260627101610_0003,65,7,5,Yes,Yes,No,Day 1,1,12507,12459,12.93101,311.449,direct_cup_evidence,1663.575,2194.675,1975.025,2506.125,1819.3,2350.4
9,Day 9,Tray 3,3,DJI_20260627101610_0003,66,7,6,Yes,Yes,No,Day 1,1,8214,8214,8.46525,311.449,direct_cup_evidence,2061.335,2187.895,2372.785,2499.345,2217.06,2343.62
9,Day 9,Tray 3,3,DJI_20260627101610_0003,67,7,7,No,No,No,,,0,0,0.0,311.449,direct_cup_evidence,2477.175,2192.415,2788.625,2503.865,2632.9,2348.14
9,Day 9,Tray 3,3,DJI_20260627101610_0003,68,7,8,Yes,Yes,No,Day 2,2,2904,2904,3.00245,311.449,direct_cup_evidence,2874.935,2194.675,3186.385,2506.125,3030.66,2350.4
9,Day 9,Tray 3,3,DJI_20260627101610_0003,69,7,9,Yes,Yes,No,Day 1,1,3962,3962,4.09632,311.449,direct_cup_evidence,3281.735,2196.935,3593.185,2508.385,3437.46,2352.66
9,Day 9,Tray 3,3,DJI_20260627101610_0003,70,7,10,Yes,Yes,No,Day 2,2,2977,2977,3.07793,311.449,direct_cup_evidence,3674.975,2178.855,3986.425,2490.305,3830.7,2334.58
9,Day 9,Tray 4,4,DJI_20260627101707_0004,1,1,1,Yes,Yes,No,Day 1,1,6275,6275,6.40509,313.062,direct_cup_evidence,58.169,105.629,371.231,418.691,214.7,262.16
9,Day 9,Tray 4,4,DJI_20260627101707_0004,2,1,2,Yes,Yes,No,Day 4,4,1343,855,1.37084,313.062,direct_cup_evidence,462.709,98.849,775.771,411.911,619.24,255.38
9,Day 9,Tray 4,4,DJI_20260627101707_0004,3,1,3,Yes,Yes,No,Day 2,2,4518,4518,4.61166,313.062,direct_cup_evidence,855.949,94.329,1169.011,407.391,1012.48,250.86
9,Day 9,Tray 4,4,DJI_20260627101707_0004,4,1,4,No,No,No,,,0,0,0.0,313.062,direct_cup_evidence,1262.749,92.069,1575.811,405.131,1419.28,248.6
9,Day 9,Tray 4,4,DJI_20260627101707_0004,5,1,5,Yes,Yes,No,Day 4,4,1456,1456,1.48618,313.062,direct_cup_evidence,1665.029,92.069,1978.091,405.131,1821.56,248.6
9,Day 9,Tray 4,4,DJI_20260627101707_0004,6,1,6,No,No,No,,,0,0,0.0,313.062,direct_cup_evidence,2071.829,94.329,2384.891,407.391,2228.36,250.86
9,Day 9,Tray 4,4,DJI_20260627101707_0004,7,1,7,No,No,No,,,0,0,0.0,313.062,direct_cup_evidence,2478.629,92.069,2791.691,405.131,2635.16,248.6
9,Day 9,Tray 4,4,DJI_20260627101707_0004,8,1,8,Yes,Yes,No,Day 1,1,5400,5400,5.51195,313.062,direct_cup_evidence,2887.689,98.849,3200.751,411.911,3044.22,255.38
9,Day 9,Tray 4,4,DJI_20260627101707_0004,9,1,9,Yes,Yes,No,Day 9,9,1068,1068,1.09014,313.062,direct_cup_evidence,3289.969,94.329,3603.031,407.391,3446.5,250.86
9,Day 9,Tray 4,4,DJI_20260627101707_0004,10,1,10,No,No,No,,,0,0,0.0,313.062,direct_cup_evidence,3687.729,98.849,4000.791,411.911,3844.26,255.38
9,Day 9,Tray 4,4,DJI_20260627101707_0004,11,2,1,Yes,Yes,No,Day 4,4,1599,1599,1.63215,313.062,direct_cup_evidence,62.689,437.849,375.751,750.911,219.22,594.38
9,Day 9,Tray 4,4,DJI_20260627101707_0004,12,2,2,Yes,Yes,No,Day 1,1,13390,13326,13.66759,313.062,direct_cup_evidence,455.929,442.369,768.991,755.431,612.46,598.9
9,Day 9,Tray 4,4,DJI_20260627101707_0004,13,2,3,Yes,Yes,No,Day 1,1,2235,2235,2.28133,313.062,direct_cup_evidence,858.209,437.849,1171.271,750.911,1014.74,594.38
9,Day 9,Tray 4,4,DJI_20260627101707_0004,14,2,4,Yes,Yes,No,Day 9,9,687,365,0.70124,313.062,direct_cup_evidence,1258.229,437.849,1571.291,750.911,1414.76,594.38
9,Day 9,Tray 4,4,DJI_20260627101707_0004,15,2,5,No,No,No,,,0,0,0.0,313.062,direct_cup_evidence,1667.289,437.849,1980.351,750.911,1823.82,594.38
9,Day 9,Tray 4,4,DJI_20260627101707_0004,16,2,6,No,No,No,,,0,0,0.0,313.062,direct_cup_evidence,2083.129,446.889,2396.191,759.951,2239.66,603.42
9,Day 9,Tray 4,4,DJI_20260627101707_0004,17,2,7,Yes,Yes,No,Day 3,3,1850,1042,1.88835,313.062,direct_cup_evidence,2483.149,437.849,2796.211,750.911,2639.68,594.38
9,Day 9,Tray 4,4,DJI_20260627101707_0004,18,2,8,Yes,Yes,No,Day 4,4,877,877,0.89518,313.062,direct_cup_evidence,2885.429,437.849,3198.491,750.911,3041.96,594.38
9,Day 9,Tray 4,4,DJI_20260627101707_0004,19,2,9,Yes,Yes,No,Day 3,3,1898,1898,1.93118,313.062,direct_cup_evidence,3294.489,446.889,3607.551,759.951,3451.02,603.42
9,Day 9,Tray 4,4,DJI_20260627101707_0004,20,2,10,No,No,No,,,0,0,0.0,313.062,direct_cup_evidence,3692.249,435.589,4005.311,748.651,3848.78,592.12
9,Day 9,Tray 4,4,DJI_20260627101707_0004,21,3,1,Yes,Yes,No,Day 2,2,2540,2540,2.59266,313.062,direct_cup_evidence,49.129,785.889,362.191,1098.951,205.66,942.42
9,Day 9,Tray 4,4,DJI_20260627101707_0004,22,3,2,No,No,No,,,0,0,0.0,313.062,direct_cup_evidence,451.409,790.409,764.471,1103.471,607.94,946.94
9,Day 9,Tray 4,4,DJI_20260627101707_0004,23,3,3,No,No,No,,,0,0,0.0,313.062,direct_cup_evidence,903.409,810.749,1216.471,1123.811,1059.94,967.28
9,Day 9,Tray 4,4,DJI_20260627101707_0004,24,3,4,Yes,Yes,No,Day 3,3,796,562,0.8125,313.062,direct_cup_evidence,1258.229,785.889,1571.291,1098.951,1414.76,942.42
9,Day 9,Tray 4,4,DJI_20260627101707_0004,25,3,5,No,No,No,,,0,0,0.0,313.062,direct_cup_evidence,1665.029,785.889,1978.091,1098.951,1821.56,942.42
9,Day 9,Tray 4,4,DJI_20260627101707_0004,26,3,6,No,No,No,,,0,0,0.0,313.062,direct_cup_evidence,2074.089,785.889,2387.151,1098.951,2230.62,942.42
9,Day 9,Tray 4,4,DJI_20260627101707_0004,27,3,7,Yes,Yes,No,Day 1,1,1675,1212,1.70972,313.062,direct_cup_evidence,2476.369,781.369,2789.431,1094.431,2632.9,937.9
9,Day 9,Tray 4,4,DJI_20260627101707_0004,28,3,8,Yes,Yes,No,Day 2,2,2050,2050,2.0925,313.062,direct_cup_evidence,2889.949,785.889,3203.011,1098.951,3046.48,942.42
9,Day 9,Tray 4,4,DJI_20260627101707_0004,29,3,9,Yes,Yes,No,Day 4,4,770,770,0.78346,313.062,direct_cup_evidence,3294.489,785.889,3607.551,1098.951,3451.02,942.42
9,Day 9,Tray 4,4,DJI_20260627101707_0004,30,3,10,Yes,Yes,No,Day 2,2,3537,3537,3.61033,313.062,direct_cup_evidence,3714.849,790.409,4027.911,1103.471,3871.38,946.94
9,Day 9,Tray 4,4,DJI_20260627101707_0004,31,4,1,No,No,No,,,0,0,0.0,313.062,direct_cup_evidence,49.129,1136.189,362.191,1449.251,205.66,1292.72
9,Day 9,Tray 4,4,DJI_20260627101707_0004,32,4,2,No,No,No,,,0,0,0.0,313.062,direct_cup_evidence,449.149,1133.929,762.211,1446.991,605.68,1290.46
9,Day 9,Tray 4,4,DJI_20260627101707_0004,33,4,3,Yes,Yes,No,Day 1,1,4917,4917,5.01893,313.062,direct_cup_evidence,849.169,1133.929,1162.231,1446.991,1005.7,1290.46
9,Day 9,Tray 4,4,DJI_20260627101707_0004,34,4,4,Yes,Yes,No,Day 4,4,597,365,0.60938,313.062,direct_cup_evidence,1258.229,1136.189,1571.291,1449.251,1414.76,1292.72
9,Day 9,Tray 4,4,DJI_20260627101707_0004,35,4,5,No,No,No,,,0,0,0.0,313.062,direct_cup_evidence,1667.289,1179.129,1980.351,1492.191,1823.82,1335.66
9,Day 9,Tray 4,4,DJI_20260627101707_0004,36,4,6,Yes,Yes,No,Day 1,1,2361,2361,2.40995,313.062,direct_cup_evidence,2074.089,1136.189,2387.151,1449.251,2230.62,1292.72
9,Day 9,Tray 4,4,DJI_20260627101707_0004,37,4,7,No,No,No,,,0,0,0.0,313.062,direct_cup_evidence,2483.149,1127.149,2796.211,1440.211,2639.68,1283.68
9,Day 9,Tray 4,4,DJI_20260627101707_0004,38,4,8,Yes,Yes,No,Day 1,1,2482,2482,2.53345,313.062,direct_cup_evidence,2885.429,1129.409,3198.491,1442.471,3041.96,1285.94
9,Day 9,Tray 4,4,DJI_20260627101707_0004,39,4,9,Yes,Yes,No,Day 4,4,1343,1343,1.37084,313.062,direct_cup_evidence,3299.009,1133.929,3612.071,1446.991,3455.54,1290.46
9,Day 9,Tray 4,4,DJI_20260627101707_0004,40,4,10,No,No,No,,,0,0,0.0,313.062,direct_cup_evidence,3699.029,1140.709,4012.091,1453.771,3855.56,1297.24
9,Day 9,Tray 4,4,DJI_20260627101707_0004,41,5,1,Yes,Yes,No,Day 1,1,6416,6416,6.54901,313.062,direct_cup_evidence,55.909,1468.409,368.971,1781.471,212.44,1624.94
9,Day 9,Tray 4,4,DJI_20260627101707_0004,42,5,2,Yes,Yes,No,Day 9,9,387,319,0.39502,313.062,direct_cup_evidence,455.929,1479.709,768.991,1792.771,612.46,1636.24
9,Day 9,Tray 4,4,DJI_20260627101707_0004,43,5,3,Yes,Yes,No,Day 4,4,1283,1283,1.3096,313.062,direct_cup_evidence,853.689,1479.709,1166.751,1792.771,1010.22,1636.24
9,Day 9,Tray 4,4,DJI_20260627101707_0004,44,5,4,Yes,Yes,No,Day 2,2,2643,2643,2.69779,313.062,direct_cup_evidence,1255.969,1481.969,1569.031,1795.031,1412.5,1638.5
9,Day 9,Tray 4,4,DJI_20260627101707_0004,45,5,5,No,No,No,,,0,0,0.0,313.062,direct_cup_evidence,1665.029,1481.969,1978.091,1795.031,1821.56,1638.5
9,Day 9,Tray 4,4,DJI_20260627101707_0004,46,5,6,Yes,Yes,No,Day 5,5,1411,1411,1.43566,313.062,direct_cup_evidence,2071.829,1486.489,2384.891,1799.551,2228.36,1643.02
9,Day 9,Tray 4,4,DJI_20260627101707_0004,47,5,7,Yes,Yes,No,Day 1,1,2400,2400,2.44195,313.062,direct_cup_evidence,2483.149,1486.489,2796.211,1799.551,2639.68,1643.02
9,Day 9,Tray 4,4,DJI_20260627101707_0004,48,5,8,Yes,Yes,No,Day 1,1,4571,4571,4.6509,313.062,direct_cup_evidence,2889.949,1477.449,3203.011,1790.511,3046.48,1633.98
9,Day 9,Tray 4,4,DJI_20260627101707_0004,49,5,9,Yes,Yes,No,Day 2,2,4233,4233,4.30699,313.062,direct_cup_evidence,3299.009,1486.489,3612.071,1799.551,3455.54,1643.02
9,Day 9,Tray 4,4,DJI_20260627101707_0004,50,5,10,No,No,No,,,0,0,0.0,313.062,direct_cup_evidence,3714.849,1436.769,4027.911,1749.831,3871.38,1593.3
9,Day 9,Tray 4,4,DJI_20260627101707_0004,51,6,1,Yes,Yes,No,Day 1,1,4238,4238,4.31208,313.062,direct_cup_evidence,44.609,1825.489,357.671,2138.551,201.14,1982.02
9,Day 9,Tray 4,4,DJI_20260627101707_0004,52,6,2,No,No,No,,,0,0,0.0,313.062,direct_cup_evidence,455.929,1827.749,768.991,2140.811,612.46,1984.28
9,Day 9,Tray 4,4,DJI_20260627101707_0004,53,6,3,Yes,Yes,No,Day 1,1,4131,4131,4.21664,313.062,direct_cup_evidence,851.429,1827.749,1164.491,2140.811,1007.96,1984.28
9,Day 9,Tray 4,4,DJI_20260627101707_0004,54,6,4,Yes,Yes,No,Day 2,2,2462,2462,2.51304,313.062,direct_cup_evidence,1255.969,1832.269,1569.031,2145.331,1412.5,1988.8
9,Day 9,Tray 4,4,DJI_20260627101707_0004,55,6,5,Yes,Yes,No,Day 1,1,4374,4374,4.46468,313.062,direct_cup_evidence,1665.029,1834.529,1978.091,2147.591,1821.56,1991.06
9,Day 9,Tray 4,4,DJI_20260627101707_0004,56,6,6,Yes,Yes,No,Day 1,1,5110,5110,5.21594,313.062,direct_cup_evidence,2071.829,1841.309,2384.891,2154.371,2228.36,1997.84
9,Day 9,Tray 4,4,DJI_20260627101707_0004,57,6,7,No,No,No,,,0,0,0.0,313.062,direct_cup_evidence,2476.369,1845.829,2789.431,2158.891,2632.9,2002.36
9,Day 9,Tray 4,4,DJI_20260627101707_0004,58,6,8,Yes,Yes,No,Day 1,1,3074,3074,3.13773,313.062,direct_cup_evidence,2892.209,1832.269,3205.271,2145.331,3048.74,1988.8
9,Day 9,Tray 4,4,DJI_20260627101707_0004,59,6,9,Yes,Yes,No,Day 2,2,3007,3007,3.06934,313.062,direct_cup_evidence,3299.009,1841.309,3612.071,2154.371,3455.54,1997.84
9,Day 9,Tray 4,4,DJI_20260627101707_0004,60,6,10,No,No,No,,,0,0,0.0,313.062,direct_cup_evidence,3710.329,1827.749,4023.391,2140.811,3866.86,1984.28
9,Day 9,Tray 4,4,DJI_20260627101707_0004,61,7,1,Yes,Yes,No,Day 1,1,5405,5405,5.51705,313.062,direct_cup_evidence,53.649,2159.969,366.711,2473.031,210.18,2316.5
9,Day 9,Tray 4,4,DJI_20260627101707_0004,62,7,2,No,No,No,,,0,0,0.0,313.062,direct_cup_evidence,451.409,2171.269,764.471,2484.331,607.94,2327.8
9,Day 9,Tray 4,4,DJI_20260627101707_0004,63,7,3,Yes,Yes,No,Day 2,2,3576,3576,3.65013,313.062,direct_cup_evidence,849.169,2178.049,1162.231,2491.111,1005.7,2334.58
9,Day 9,Tray 4,4,DJI_20260627101707_0004,64,7,4,Yes,Yes,No,Day 2,2,2580,2580,2.63349,313.062,direct_cup_evidence,1255.969,2184.829,1569.031,2497.891,1412.5,2341.36
9,Day 9,Tray 4,4,DJI_20260627101707_0004,65,7,5,Yes,Yes,No,Day 1,1,3202,3202,3.26838,313.062,direct_cup_evidence,1667.289,2184.829,1980.351,2497.891,1823.82,2341.36
9,Day 9,Tray 4,4,DJI_20260627101707_0004,66,7,6,Yes,Yes,No,Day 2,2,2799,2799,2.85703,313.062,direct_cup_evidence,2074.089,2184.829,2387.151,2497.891,2230.62,2341.36
9,Day 9,Tray 4,4,DJI_20260627101707_0004,67,7,7,Yes,Yes,No,Day 2,2,4286,4286,4.37485,313.062,direct_cup_evidence,2485.409,2182.569,2798.471,2495.631,2641.94,2339.1
9,Day 9,Tray 4,4,DJI_20260627101707_0004,68,7,8,No,No,No,,,0,0,0.0,313.062,direct_cup_evidence,2889.949,2182.569,3203.011,2495.631,3046.48,2339.1
9,Day 9,Tray 4,4,DJI_20260627101707_0004,69,7,9,Yes,Yes,No,Day 1,1,8623,8623,8.80176,313.062,direct_cup_evidence,3299.009,2182.569,3612.071,2495.631,3455.54,2339.1
9,Day 9,Tray 4,4,DJI_20260627101707_0004,70,7,10,Yes,Yes,No,Day 1,1,6204,6195,6.33262,313.062,direct_cup_evidence,3703.549,2178.049,4016.611,2491.111,3860.08,2334.58
9,Day 9,Tray 5,5,DJI_20260627101808_0005,1,1,1,Yes,Yes,No,Day 2,2,4070,4070,4.20798,311.474,direct_cup_evidence,38.805,87.999,350.278,399.473,194.542,243.736
9,Day 9,Tray 5,5,DJI_20260627101808_0005,2,1,2,Yes,Yes,No,Day 2,2,4887,4887,5.03648,311.474,direct_cup_evidence,456.958,90.235,768.431,401.709,612.694,245.972
9,Day 9,Tray 5,5,DJI_20260627101808_0005,3,1,3,No,No,No,,,0,0,0.0,311.474,direct_cup_evidence,846.041,81.291,1157.515,392.765,1001.778,237.028
9,Day 9,Tray 5,5,DJI_20260627101808_0005,4,1,4,No,Yes,Yes,Day 4,4,0,0,0.0,311.474,direct_cup_evidence,1255.249,83.527,1566.723,395.001,1410.986,239.264
9,Day 9,Tray 5,5,DJI_20260627101808_0005,5,1,5,No,Yes,Yes,Day 3,3,0,0,0.0,311.474,direct_cup_evidence,1657.749,81.291,1969.223,392.765,1813.486,237.028
9,Day 9,Tray 5,5,DJI_20260627101808_0005,6,1,6,Yes,Yes,No,Day 1,1,14051,14051,14.43438,311.474,direct_cup_evidence,2062.485,79.055,2373.959,390.528,2218.222,234.792
9,Day 9,Tray 5,5,DJI_20260627101808_0005,7,1,7,Yes,Yes,No,Day 2,2,15001,15001,15.45985,311.474,direct_cup_evidence,2467.222,83.527,2778.695,395.001,2622.958,239.264
9,Day 9,Tray 5,5,DJI_20260627101808_0005,8,1,8,Yes,Yes,No,Day 1,1,14500,14465,14.89563,311.474,direct_cup_evidence,2874.194,90.235,3185.667,401.709,3029.931,245.972
9,Day 9,Tray 5,5,DJI_20260627101808_0005,9,1,9,No,Yes,Yes,Day 4,4,0,0,0.0,311.474,direct_cup_evidence,3276.694,94.708,3588.167,406.181,3432.431,250.444
9,Day 9,Tray 5,5,DJI_20260627101808_0005,10,1,10,Yes,Yes,No,Day 1,1,7029,7029,7.22078,311.474,direct_cup_evidence,3679.194,101.416,3990.667,412.89,3834.931,257.153
9,Day 9,Tray 5,5,DJI_20260627101808_0005,11,2,1,Yes,Yes,No,Day 1,1,7994,7994,8.23852,311.474,direct_cup_evidence,47.749,439.069,359.223,750.542,203.486,594.806
9,Day 9,Tray 5,5,DJI_20260627101808_0005,12,2,2,Yes,Yes,No,Day 1,1,19439,19439,20.0336,311.474,direct_cup_evidence,454.722,439.069,766.195,750.542,610.458,594.806
9,Day 9,Tray 5,5,DJI_20260627101808_0005,13,2,3,Yes,Yes,No,Day 1,1,14039,14039,14.46842,311.474,direct_cup_evidence,846.041,436.833,1157.515,748.306,1001.778,592.569
9,Day 9,Tray 5,5,DJI_20260627101808_0005,14,2,4,Yes,Yes,No,Day 2,2,8198,8198,8.47593,311.474,direct_cup_evidence,1250.777,436.833,1562.251,748.306,1406.514,592.569
9,Day 9,Tray 5,5,DJI_20260627101808_0005,15,2,5,Yes,Yes,No,Day 1,1,9260,9260,9.51266,311.474,direct_cup_evidence,1651.041,432.36,1962.515,743.834,1806.778,588.097
9,Day 9,Tray 5,5,DJI_20260627101808_0005,16,2,6,Yes,Yes,No,Day 1,1,29226,29099,30.02342,311.474,direct_cup_evidence,2062.485,441.305,2373.959,752.778,2218.222,597.042
9,Day 9,Tray 5,5,DJI_20260627101808_0005,17,2,7,Yes,Yes,No,Day 1,1,10572,10567,10.89537,311.474,direct_cup_evidence,2464.985,441.305,2776.459,752.778,2620.722,597.042
9,Day 9,Tray 5,5,DJI_20260627101808_0005,18,2,8,Yes,Yes,No,Day 1,1,16360,16360,16.80638,311.474,direct_cup_evidence,2867.485,439.069,3178.959,750.542,3023.222,594.806
9,Day 9,Tray 5,5,DJI_20260627101808_0005,19,2,9,Yes,Yes,No,Day 1,1,10533,10533,10.85518,311.474,direct_cup_evidence,3267.749,441.305,3579.223,752.778,3423.486,597.042
9,Day 9,Tray 5,5,DJI_20260627101808_0005,20,2,10,Yes,Yes,No,Day 1,1,14119,14114,14.59766,311.474,direct_cup_evidence,3674.722,445.777,3986.195,757.251,3830.458,601.514
9,Day 9,Tray 5,5,DJI_20260627101808_0005,21,3,1,Yes,Yes,No,Day 1,1,8551,8551,8.81256,311.474,direct_cup_evidence,49.985,781.194,361.459,1092.667,205.722,936.931
9,Day 9,Tray 5,5,DJI_20260627101808_0005,22,3,2,Yes,Yes,No,Day 1,1,17606,17601,18.20287,311.474,direct_cup_evidence,445.777,785.666,757.251,1097.14,601.514,941.403
9,Day 9,Tray 5,5,DJI_20260627101808_0005,23,3,3,Yes,Yes,No,Day 2,2,9390,9372,9.70834,311.474,direct_cup_evidence,841.569,778.958,1153.042,1090.431,997.306,934.694
9,Day 9,Tray 5,5,DJI_20260627101808_0005,24,3,4,Yes,Yes,No,Day 1,1,16260,16255,16.75736,311.474,direct_cup_evidence,1221.708,763.305,1533.181,1074.778,1377.444,919.042
9,Day 9,Tray 5,5,DJI_20260627101808_0005,25,3,5,No,Yes,Yes,Day 4,4,0,0,0.0,311.474,direct_cup_evidence,1653.277,785.666,1964.751,1097.14,1809.014,941.403
9,Day 9,Tray 5,5,DJI_20260627101808_0005,26,3,6,Yes,Yes,No,Day 2,2,8448,8431,8.7344,311.474,direct_cup_evidence,2055.777,787.902,2367.251,1099.376,2211.514,943.639
9,Day 9,Tray 5,5,DJI_20260627101808_0005,27,3,7,Yes,Yes,No,Day 2,2,5016,5011,5.18605,311.474,direct_cup_evidence,2464.985,785.666,2776.459,1097.14,2620.722,941.403
9,Day 9,Tray 5,5,DJI_20260627101808_0005,28,3,8,Yes,Yes,No,Day 3,3,5006,5006,5.17571,311.474,direct_cup_evidence,2860.777,785.666,3172.251,1097.14,3016.514,941.403
9,Day 9,Tray 5,5,DJI_20260627101808_0005,29,3,9,No,Yes,Yes,Day 4,4,0,0,0.0,311.474,direct_cup_evidence,3269.985,790.138,3581.459,1101.612,3425.722,945.875
9,Day 9,Tray 5,5,DJI_20260627101808_0005,30,3,10,Yes,Yes,No,Day 1,1,15344,15344,15.76266,311.474,direct_cup_evidence,3670.249,792.374,3981.723,1103.848,3825.986,948.111
9,Day 9,Tray 5,5,DJI_20260627101808_0005,31,4,1,Yes,Yes,No,Day 1,1,7304,7304,7.55162,311.474,direct_cup_evidence,38.805,1125.555,350.278,1437.028,194.542,1281.292
9,Day 9,Tray 5,5,DJI_20260627101808_0005,32,4,2,No,Yes,Yes,Day 4,4,0,0,0.0,311.474,direct_cup_evidence,436.833,1127.791,748.306,1439.265,592.569,1283.528
9,Day 9,Tray 5,5,DJI_20260627101808_0005,33,4,3,Yes,Yes,No,Day 1,1,13160,13144,13.56254,311.474,direct_cup_evidence,846.041,1127.791,1157.515,1439.265,1001.778,1283.528
9,Day 9,Tray 5,5,DJI_20260627101808_0005,34,4,4,Yes,Yes,No,Day 1,1,1771,1745,1.82517,311.474,direct_cup_evidence,1241.833,1130.027,1553.306,1441.501,1397.569,1285.764
9,Day 9,Tray 5,5,DJI_20260627101808_0005,35,4,5,Yes,Yes,No,Day 3,3,3278,3278,3.38913,311.474,direct_cup_evidence,1648.805,1136.735,1960.278,1448.209,1804.542,1292.472
9,Day 9,Tray 5,5,DJI_20260627101808_0005,36,4,6,Yes,Yes,No,Day 4,4,1646,1646,1.69635,311.474,direct_cup_evidence,2053.541,1134.499,2365.015,1445.973,2209.278,1290.236
9,Day 9,Tray 5,5,DJI_20260627101808_0005,37,4,7,Yes,Yes,No,Day 1,1,1930,1930,1.98903,311.474,direct_cup_evidence,2462.749,1134.499,2774.223,1445.973,2618.486,1290.236
9,Day 9,Tray 5,5,DJI_20260627101808_0005,38,4,8,Yes,Yes,No,Day 1,1,382,377,0.39368,311.474,direct_cup_evidence,2860.777,1134.499,3172.251,1445.973,3016.514,1290.236
9,Day 9,Tray 5,5,DJI_20260627101808_0005,39,4,9,Yes,Yes,No,Day 2,2,14111,14111,14.54263,311.474,direct_cup_evidence,3261.041,1127.791,3572.515,1439.265,3416.778,1283.528
9,Day 9,Tray 5,5,DJI_20260627101808_0005,40,4,10,Yes,Yes,No,Day 1,1,17797,17797,18.34137,311.474,direct_cup_evidence,3659.069,1136.735,3970.542,1448.209,3814.806,1292.472
9,Day 9,Tray 5,5,DJI_20260627101808_0005,41,5,1,Yes,Yes,No,Day 1,1,16852,16844,17.36747,311.474,direct_cup_evidence,47.749,1465.444,359.223,1776.917,203.486,1621.181
9,Day 9,Tray 5,5,DJI_20260627101808_0005,42,5,2,Yes,Yes,No,Day 2,2,8667,8645,8.9321,311.474,direct_cup_evidence,499.444,1458.735,810.917,1770.209,655.181,1614.472
9,Day 9,Tray 5,5,DJI_20260627101808_0005,43,5,3,Yes,Yes,No,Day 2,2,5838,5838,5.99729,311.474,direct_cup_evidence,839.333,1474.388,1150.806,1785.862,995.069,1630.125
9,Day 9,Tray 5,5,DJI_20260627101808_0005,44,5,4,Yes,Yes,No,Day 2,2,2864,1454,2.9516,311.474,direct_cup_evidence,1248.541,1474.388,1560.015,1785.862,1404.278,1630.125
9,Day 9,Tray 5,5,DJI_20260627101808_0005,45,5,5,Yes,Yes,No,Day 3,3,3256,3256,3.34484,311.474,direct_cup_evidence,1644.333,1483.333,1955.806,1794.806,1800.069,1639.069
9,Day 9,Tray 5,5,DJI_20260627101808_0005,46,5,6,Yes,Yes,No,Day 1,1,13485,13485,13.89748,311.474,direct_cup_evidence,2051.305,1485.569,2362.778,1797.042,2207.042,1641.306
9,Day 9,Tray 5,5,DJI_20260627101808_0005,47,5,7,Yes,Yes,No,Day 1,1,18351,18351,18.91232,311.474,direct_cup_evidence,2453.805,1483.333,2765.278,1794.806,2609.542,1639.069
9,Day 9,Tray 5,5,DJI_20260627101808_0005,48,5,8,Yes,Yes,No,Day 1,1,5717,4346,5.87299,311.474,direct_cup_evidence,2847.36,1483.333,3158.834,1794.806,3003.097,1639.069
9,Day 9,Tray 5,5,DJI_20260627101808_0005,49,5,9,Yes,Yes,No,Day 1,1,7966,7966,8.23606,311.474,direct_cup_evidence,3249.86,1476.624,3561.334,1788.098,3405.597,1632.361
9,Day 9,Tray 5,5,DJI_20260627101808_0005,50,5,10,Yes,Yes,No,Day 2,2,4528,4528,4.6665,311.474,direct_cup_evidence,3652.36,1476.624,3963.834,1788.098,3808.097,1632.361
9,Day 9,Tray 5,5,DJI_20260627101808_0005,51,6,1,Yes,Yes,No,Day 2,2,8491,8491,8.75072,311.474,direct_cup_evidence,41.041,1818.749,352.515,2130.223,196.778,1974.486
9,Day 9,Tray 5,5,DJI_20260627101808_0005,52,6,2,No,Yes,Yes,Day 4,4,0,0,0.0,311.474,direct_cup_evidence,436.833,1818.749,748.306,2130.223,592.569,1974.486
9,Day 9,Tray 5,5,DJI_20260627101808_0005,53,6,3,Yes,Yes,No,Day 1,1,31619,30274,32.69094,311.474,direct_cup_evidence,832.624,1820.985,1144.098,2132.459,988.361,1976.722
9,Day 9,Tray 5,5,DJI_20260627101808_0005,54,6,4,Yes,Yes,No,Day 1,1,17782,17782,18.32591,311.474,direct_cup_evidence,1232.888,1823.222,1544.362,2134.695,1388.625,1978.958
9,Day 9,Tray 5,5,DJI_20260627101808_0005,55,6,5,Yes,Yes,No,Day 1,1,29775,29629,30.5874,311.474,direct_cup_evidence,1635.388,1832.166,1946.862,2143.64,1791.125,1987.903
9,Day 9,Tray 5,5,DJI_20260627101808_0005,56,6,6,Yes,Yes,No,Day 2,2,3353,3048,3.45556,311.474,direct_cup_evidence,2042.36,1820.985,2353.834,2132.459,2198.097,1976.722
9,Day 9,Tray 5,5,DJI_20260627101808_0005,57,6,7,No,Yes,Yes,Day 4,4,0,0,0.0,311.474,direct_cup_evidence,2444.86,1827.694,2756.334,2139.167,2600.597,1983.431
9,Day 9,Tray 5,5,DJI_20260627101808_0005,58,6,8,Yes,Yes,No,Day 1,1,11583,11568,11.97568,311.474,direct_cup_evidence,2842.888,1818.749,3154.362,2130.223,2998.625,1974.486
9,Day 9,Tray 5,5,DJI_20260627101808_0005,59,6,9,Yes,Yes,No,Day 1,1,3794,3794,3.92262,311.474,direct_cup_evidence,3256.569,1827.694,3568.042,2139.167,3412.306,1983.431
9,Day 9,Tray 5,5,DJI_20260627101808_0005,60,6,10,Yes,Yes,No,Day 2,2,6830,6830,7.03891,311.474,direct_cup_evidence,3652.36,1809.805,3963.834,2121.278,3808.097,1965.542
9,Day 9,Tray 5,5,DJI_20260627101808_0005,61,7,1,Yes,Yes,No,Day 1,1,11090,11077,11.42922,311.474,direct_cup_evidence,38.805,2154.166,350.278,2465.64,194.542,2309.903
9,Day 9,Tray 5,5,DJI_20260627101808_0005,62,7,2,Yes,Yes,No,Day 2,2,6206,6206,6.37533,311.474,direct_cup_evidence,430.124,2156.402,741.598,2467.876,585.861,2312.139
9,Day 9,Tray 5,5,DJI_20260627101808_0005,63,7,3,Yes,Yes,No,Day 1,1,15218,15218,15.73392,311.474,direct_cup_evidence,834.86,2160.874,1146.334,2472.348,990.597,2316.611
9,Day 9,Tray 5,5,DJI_20260627101808_0005,64,7,4,Yes,Yes,No,Day 1,1,15247,15230,15.7639,311.474,direct_cup_evidence,1232.888,2160.874,1544.362,2472.348,1388.625,2316.611
9,Day 9,Tray 5,5,DJI_20260627101808_0005,65,7,5,Yes,Yes,No,Day 1,1,13207,13207,13.56735,311.474,direct_cup_evidence,1635.388,2174.291,1946.862,2485.765,1791.125,2330.028
9,Day 9,Tray 5,5,DJI_20260627101808_0005,66,7,6,Yes,Yes,No,Day 1,1,9429,9353,9.71741,311.474,direct_cup_evidence,2049.069,2167.583,2360.542,2479.056,2204.806,2323.319
9,Day 9,Tray 5,5,DJI_20260627101808_0005,67,7,7,Yes,Yes,No,Day 3,3,6126,6104,6.29315,311.474,direct_cup_evidence,2438.152,2172.055,2749.626,2483.528,2593.889,2327.792
9,Day 9,Tray 5,5,DJI_20260627101808_0005,68,7,8,No,No,No,,,0,0,0.0,311.474,direct_cup_evidence,2851.833,2174.291,3163.306,2485.765,3007.569,2330.028
9,Day 9,Tray 5,5,DJI_20260627101808_0005,69,7,9,No,Yes,Yes,Day 4,4,0,0,0.0,311.474,direct_cup_evidence,3240.916,2163.11,3552.39,2474.584,3396.653,2318.847
9,Day 9,Tray 5,5,DJI_20260627101808_0005,70,7,10,Yes,Yes,No,Day 3,3,10237,10232,10.51631,311.474,direct_cup_evidence,3632.235,2163.11,3943.709,2474.584,3787.972,2318.847
9,Day 9,Tray 6,6,DJI_20260627101858_0006,1,1,1,Yes,Yes,No,Day 2,2,2727,2727,2.92189,305.606,direct_cup_evidence,53.124,124.75,358.73,430.356,205.927,277.553
9,Day 9,Tray 6,6,DJI_20260627101858_0006,2,1,2,No,No,No,,,0,0,0.0,305.606,direct_cup_evidence,453.785,126.989,759.391,432.595,606.588,279.792
9,Day 9,Tray 6,6,DJI_20260627101858_0006,3,1,3,Yes,Yes,No,Day 1,1,8108,8100,8.68745,305.606,direct_cup_evidence,847.732,120.274,1153.338,425.88,1000.535,273.077
9,Day 9,Tray 6,6,DJI_20260627101858_0006,4,1,4,Yes,Yes,No,Day 2,2,4259,4102,4.57834,305.606,direct_cup_evidence,1252.87,122.512,1558.476,428.118,1405.673,275.315
9,Day 9,Tray 6,6,DJI_20260627101858_0006,5,1,5,Yes,Yes,No,Day 2,2,3672,3672,3.92157,305.606,direct_cup_evidence,1640.102,111.32,1945.708,416.926,1792.905,264.123
9,Day 9,Tray 6,6,DJI_20260627101858_0006,6,1,6,No,No,No,,,0,0,0.0,305.606,direct_cup_evidence,2058.67,118.035,2364.276,423.641,2211.473,270.838
9,Day 9,Tray 6,6,DJI_20260627101858_0006,7,1,7,Yes,Yes,No,Day 3,3,1544,1544,1.65977,305.606,direct_cup_evidence,2463.809,113.559,2769.415,419.165,2616.612,266.362
9,Day 9,Tray 6,6,DJI_20260627101858_0006,8,1,8,No,No,No,,,0,0,0.0,305.606,direct_cup_evidence,2864.47,109.082,3170.076,414.688,3017.273,261.885
9,Day 9,Tray 6,6,DJI_20260627101858_0006,9,1,9,No,Yes,Yes,Day 3,3,0,0,0.0,305.606,direct_cup_evidence,3267.37,113.559,3572.976,419.165,3420.173,266.362
9,Day 9,Tray 6,6,DJI_20260627101858_0006,10,1,10,No,No,No,,,0,0,0.0,305.606,direct_cup_evidence,3665.794,111.32,3971.4,416.926,3818.597,264.123
9,Day 9,Tray 6,6,DJI_20260627101858_0006,11,2,1,Yes,Yes,No,Day 1,1,2881,2881,3.0869,305.606,direct_cup_evidence,50.885,469.454,356.491,775.06,203.688,622.257
9,Day 9,Tray 6,6,DJI_20260627101858_0006,12,2,2,Yes,Yes,No,Day 1,1,3890,3890,4.16801,305.606,direct_cup_evidence,442.594,467.215,748.2,772.821,595.397,620.018
9,Day 9,Tray 6,6,DJI_20260627101858_0006,13,2,3,No,No,No,,,0,0,0.0,305.606,direct_cup_evidence,847.732,473.93,1153.338,779.536,1000.535,626.733
9,Day 9,Tray 6,6,DJI_20260627101858_0006,14,2,4,No,No,No,,,0,0,0.0,305.606,direct_cup_evidence,1252.87,462.739,1558.476,768.345,1405.673,615.542
9,Day 9,Tray 6,6,DJI_20260627101858_0006,15,2,5,Yes,Yes,No,Day 1,1,7127,7127,7.63634,305.606,direct_cup_evidence,1655.77,467.215,1961.376,772.821,1808.573,620.018
9,Day 9,Tray 6,6,DJI_20260627101858_0006,16,2,6,Yes,Yes,No,Day 3,3,1963,1302,2.10329,305.606,direct_cup_evidence,2058.67,467.215,2364.276,772.821,2211.473,620.018
9,Day 9,Tray 6,6,DJI_20260627101858_0006,17,2,7,Yes,Yes,No,Day 2,2,1845,1845,1.98334,305.606,direct_cup_evidence,2461.57,462.739,2767.176,768.345,2614.373,615.542
9,Day 9,Tray 6,6,DJI_20260627101858_0006,18,2,8,No,No,No,,,0,0,0.0,305.606,direct_cup_evidence,2866.709,462.739,3172.315,768.345,3019.512,615.542
9,Day 9,Tray 6,6,DJI_20260627101858_0006,19,2,9,Yes,Yes,No,Day 9,9,523,324,0.55855,305.606,direct_cup_evidence,3267.37,469.454,3572.976,775.06,3420.173,622.257
9,Day 9,Tray 6,6,DJI_20260627101858_0006,20,2,10,Yes,Yes,No,Day 1,1,4809,4804,5.13585,305.606,direct_cup_evidence,3670.27,467.215,3975.876,772.821,3823.073,620.018
9,Day 9,Tray 6,6,DJI_20260627101858_0006,21,3,1,No,No,No,,,0,0,0.0,305.606,direct_cup_evidence,44.17,816.395,349.776,1122.001,196.973,969.198
9,Day 9,Tray 6,6,DJI_20260627101858_0006,22,3,2,Yes,Yes,No,Day 9,9,808,808,0.86575,305.606,direct_cup_evidence,453.785,807.442,759.391,1113.048,606.588,960.245
9,Day 9,Tray 6,6,DJI_20260627101858_0006,23,3,3,No,No,No,,,0,0,0.0,305.606,direct_cup_evidence,849.97,816.395,1155.576,1122.001,1002.773,969.198
9,Day 9,Tray 6,6,DJI_20260627101858_0006,24,3,4,Yes,Yes,No,Day 4,4,1348,1348,1.44434,305.606,direct_cup_evidence,1252.87,811.919,1558.476,1117.525,1405.673,964.722
9,Day 9,Tray 6,6,DJI_20260627101858_0006,25,3,5,Yes,Yes,No,Day 2,2,3726,3726,3.99229,305.606,direct_cup_evidence,1651.294,809.68,1956.9,1115.286,1804.097,962.483
9,Day 9,Tray 6,6,DJI_20260627101858_0006,26,3,6,Yes,Yes,No,Day 1,1,3198,3198,3.42655,305.606,direct_cup_evidence,2058.67,807.442,2364.276,1113.048,2211.473,960.245
9,Day 9,Tray 6,6,DJI_20260627101858_0006,27,3,7,No,No,No,,,0,0,0.0,305.606,direct_cup_evidence,2472.762,807.442,2778.368,1113.048,2625.565,960.245
9,Day 9,Tray 6,6,DJI_20260627101858_0006,28,3,8,No,No,No,,,0,0,0.0,305.606,direct_cup_evidence,2859.994,816.395,3165.6,1122.001,3012.797,969.198
9,Day 9,Tray 6,6,DJI_20260627101858_0006,29,3,9,Yes,Yes,No,Day 1,1,2727,2727,2.91234,305.606,direct_cup_evidence,3274.085,807.442,3579.691,1113.048,3426.888,960.245
9,Day 9,Tray 6,6,DJI_20260627101858_0006,30,3,10,Yes,Yes,No,Day 1,1,2017,1099,2.16115,305.606,direct_cup_evidence,3672.509,802.965,3978.115,1108.571,3825.312,955.768
9,Day 9,Tray 6,6,DJI_20260627101858_0006,31,4,1,Yes,Yes,No,Day 9,9,629,343,0.67395,305.606,direct_cup_evidence,50.885,1154.384,356.491,1459.99,203.688,1307.187
9,Day 9,Tray 6,6,DJI_20260627101858_0006,32,4,2,No,No,No,,,0,0,0.0,305.606,direct_cup_evidence,449.309,1161.099,754.915,1466.705,602.112,1313.902
9,Day 9,Tray 6,6,DJI_20260627101858_0006,33,4,3,Yes,Yes,No,Day 3,3,1707,1707,1.82899,305.606,direct_cup_evidence,856.685,1161.099,1162.291,1466.705,1009.488,1313.902
9,Day 9,Tray 6,6,DJI_20260627101858_0006,34,4,4,Yes,Yes,No,Day 1,1,2057,2057,2.20401,305.606,direct_cup_evidence,1250.632,1154.384,1556.238,1459.99,1403.435,1307.187
9,Day 9,Tray 6,6,DJI_20260627101858_0006,35,4,5,Yes,Yes,No,Day 2,2,2126,2126,2.27794,305.606,direct_cup_evidence,1655.77,1154.384,1961.376,1459.99,1808.573,1307.187
9,Day 9,Tray 6,6,DJI_20260627101858_0006,36,4,6,No,No,No,,,0,0,0.0,305.606,direct_cup_evidence,2096.722,1140.954,2402.328,1446.56,2249.525,1293.757
9,Day 9,Tray 6,6,DJI_20260627101858_0006,37,4,7,Yes,Yes,No,Day 3,3,2600,2600,2.79495,305.606,direct_cup_evidence,2463.809,1147.669,2769.415,1453.275,2616.612,1300.472
9,Day 9,Tray 6,6,DJI_20260627101858_0006,38,4,8,No,No,No,,,0,0,0.0,305.606,direct_cup_evidence,2871.185,1152.145,3176.791,1457.751,3023.988,1304.948
9,Day 9,Tray 6,6,DJI_20260627101858_0006,39,4,9,No,No,No,,,0,0,0.0,305.606,direct_cup_evidence,3267.37,1152.145,3572.976,1457.751,3420.173,1304.948
9,Day 9,Tray 6,6,DJI_20260627101858_0006,40,4,10,Yes,Yes,No,Day 2,2,1627,1627,1.74328,305.606,direct_cup_evidence,3676.985,1147.669,3982.591,1453.275,3829.788,1300.472
9,Day 9,Tray 6,6,DJI_20260627101858_0006,41,5,1,No,Yes,Yes,Day 2,2,0,0,0.0,305.606,direct_cup_evidence,50.885,1503.564,356.491,1809.17,203.688,1656.367
9,Day 9,Tray 6,6,DJI_20260627101858_0006,42,5,2,Yes,Yes,No,Day 1,1,5118,5118,5.48377,305.606,direct_cup_evidence,458.262,1496.849,763.868,1802.455,611.065,1649.652
9,Day 9,Tray 6,6,DJI_20260627101858_0006,43,5,3,Yes,Yes,No,Day 2,2,1921,1921,2.05156,305.606,direct_cup_evidence,852.209,1501.325,1157.815,1806.931,1005.012,1654.128
9,Day 9,Tray 6,6,DJI_20260627101858_0006,44,5,4,Yes,Yes,No,Day 2,2,5354,5354,5.75544,305.606,direct_cup_evidence,1252.87,1503.564,1558.476,1809.17,1405.673,1656.367
9,Day 9,Tray 6,6,DJI_20260627101858_0006,45,5,5,No,No,No,,,0,0,0.0,305.606,direct_cup_evidence,1691.584,1494.61,1997.19,1800.216,1844.387,1647.413
9,Day 9,Tray 6,6,DJI_20260627101858_0006,46,5,6,No,No,No,,,0,0,0.0,305.606,direct_cup_evidence,2060.909,1501.325,2366.515,1806.931,2213.712,1654.128
9,Day 9,Tray 6,6,DJI_20260627101858_0006,47,5,7,Yes,Yes,No,Day 9,9,944,542,1.01146,305.606,direct_cup_evidence,2461.57,1492.372,2767.176,1797.978,2614.373,1645.175
9,Day 9,Tray 6,6,DJI_20260627101858_0006,48,5,8,Yes,Yes,No,Day 4,4,1497,1497,1.59874,305.606,direct_cup_evidence,2871.185,1490.134,3176.791,1795.74,3023.988,1642.937
9,Day 9,Tray 6,6,DJI_20260627101858_0006,49,5,9,No,No,No,,,0,0,0.0,305.606,direct_cup_evidence,3276.324,1490.134,3581.93,1795.74,3429.127,1642.937
9,Day 9,Tray 6,6,DJI_20260627101858_0006,50,5,10,No,No,No,,,0,0,0.0,305.606,direct_cup_evidence,3676.985,1490.134,3982.591,1795.74,3829.788,1642.937
9,Day 9,Tray 6,6,DJI_20260627101858_0006,51,6,1,No,No,No,,,0,0,0.0,305.606,direct_cup_evidence,53.124,1841.552,358.73,2147.158,205.927,1994.355
9,Day 9,Tray 6,6,DJI_20260627101858_0006,52,6,2,No,No,No,,,0,0,0.0,305.606,direct_cup_evidence,449.309,1843.79,754.915,2149.396,602.112,1996.593
9,Day 9,Tray 6,6,DJI_20260627101858_0006,53,6,3,Yes,Yes,No,Day 1,1,2592,2592,2.78635,305.606,direct_cup_evidence,856.685,1841.552,1162.291,2147.158,1009.488,1994.355
9,Day 9,Tray 6,6,DJI_20260627101858_0006,54,6,4,No,No,No,,,0,0,0.0,305.606,direct_cup_evidence,1259.585,1843.79,1565.191,2149.396,1412.388,1996.593
9,Day 9,Tray 6,6,DJI_20260627101858_0006,55,6,5,Yes,Yes,No,Day 1,1,3867,3867,4.14336,305.606,direct_cup_evidence,1658.009,1843.79,1963.615,2149.396,1810.812,1996.593
9,Day 9,Tray 6,6,DJI_20260627101858_0006,56,6,6,Yes,Yes,No,Day 3,3,1398,742,1.49791,305.606,direct_cup_evidence,2065.385,1841.552,2370.991,2147.158,2218.188,1994.355
9,Day 9,Tray 6,6,DJI_20260627101858_0006,57,6,7,No,No,No,,,0,0,0.0,305.606,direct_cup_evidence,2486.192,1850.505,2791.798,2156.111,2638.995,2003.308
9,Day 9,Tray 6,6,DJI_20260627101858_0006,58,6,8,No,No,No,,,0,0,0.0,305.606,direct_cup_evidence,2893.569,1832.599,3199.175,2138.205,3046.372,1985.402
9,Day 9,Tray 6,6,DJI_20260627101858_0006,59,6,9,No,No,No,,,0,0,0.0,305.606,direct_cup_evidence,3276.324,1825.884,3581.93,2131.49,3429.127,1978.687
9,Day 9,Tray 6,6,DJI_20260627101858_0006,60,6,10,No,No,No,,,0,0,0.0,305.606,direct_cup_evidence,3672.509,1825.884,3978.115,2131.49,3825.312,1978.687
9,Day 9,Tray 6,6,DJI_20260627101858_0006,61,7,1,No,No,No,,,0,0,0.0,305.606,direct_cup_evidence,57.6,2181.779,363.206,2487.385,210.403,2334.582
9,Day 9,Tray 6,6,DJI_20260627101858_0006,62,7,2,Yes,Yes,No,Day 1,1,6795,6795,7.28062,305.606,direct_cup_evidence,460.5,2181.779,766.106,2487.385,613.303,2334.582
9,Day 9,Tray 6,6,DJI_20260627101858_0006,63,7,3,Yes,Yes,No,Day 4,4,1204,1204,1.29428,305.606,direct_cup_evidence,883.545,2199.685,1189.151,2505.291,1036.348,2352.488
9,Day 9,Tray 6,6,DJI_20260627101858_0006,64,7,4,No,No,No,,,0,0,0.0,305.606,direct_cup_evidence,1255.109,2186.255,1560.715,2491.861,1407.912,2339.058
9,Day 9,Tray 6,6,DJI_20260627101858_0006,65,7,5,No,No,No,,,0,0,0.0,305.606,direct_cup_evidence,1664.724,2186.255,1970.33,2491.861,1817.527,2339.058
9,Day 9,Tray 6,6,DJI_20260627101858_0006,66,7,6,Yes,Yes,No,Day 2,2,3937,2394,4.20458,305.606,direct_cup_evidence,2065.385,2188.494,2370.991,2494.1,2218.188,2341.297
9,Day 9,Tray 6,6,DJI_20260627101858_0006,67,7,7,Yes,Yes,No,Day 2,2,4279,4279,4.56982,305.606,direct_cup_evidence,2477.239,2177.302,2782.845,2482.908,2630.042,2330.105
9,Day 9,Tray 6,6,DJI_20260627101858_0006,68,7,8,No,No,No,,,0,0,0.0,305.606,direct_cup_evidence,2866.709,2222.069,3172.315,2527.675,3019.512,2374.872
9,Day 9,Tray 6,6,DJI_20260627101858_0006,69,7,9,No,No,No,,,0,0,0.0,305.606,direct_cup_evidence,3251.702,2188.494,3557.308,2494.1,3404.505,2341.297
9,Day 9,Tray 6,6,DJI_20260627101858_0006,70,7,10,Yes,Yes,No,Day 3,3,2467,2467,2.64331,305.606,direct_cup_evidence,3656.84,2195.209,3962.446,2500.815,3809.643,2348.012
9,Day 9,Tray 7,7,DJI_20260627101933_0007,1,1,1,Yes,Yes,No,Day 2,2,4664,4664,4.93253,307.559,direct_cup_evidence,59.337,110.934,366.896,418.493,213.117,264.713
9,Day 9,Tray 7,7,DJI_20260627101933_0007,2,1,2,No,No,No,,,0,0,0.0,307.559,direct_cup_evidence,460.894,106.447,768.453,414.006,614.673,260.227
9,Day 9,Tray 7,7,DJI_20260627101933_0007,3,1,3,Yes,Yes,No,Day 1,1,7507,7507,7.91343,307.559,direct_cup_evidence,860.207,97.474,1167.766,405.033,1013.987,251.253
9,Day 9,Tray 7,7,DJI_20260627101933_0007,4,1,4,No,No,No,,,0,0,0.0,307.559,direct_cup_evidence,1270.737,97.474,1578.296,405.033,1424.517,251.253
9,Day 9,Tray 7,7,DJI_20260627101933_0007,5,1,5,Yes,Yes,No,Day 9,9,30,30,0.03173,307.559,direct_cup_evidence,1674.537,95.231,1982.096,402.789,1828.317,249.01
9,Day 9,Tray 7,7,DJI_20260627101933_0007,6,1,6,Yes,Yes,No,Day 2,2,4042,4042,4.27472,307.559,direct_cup_evidence,2085.067,99.717,2392.626,407.276,2238.847,253.497
9,Day 9,Tray 7,7,DJI_20260627101933_0007,7,1,7,No,No,No,,,0,0,0.0,307.559,direct_cup_evidence,2488.867,95.231,2796.426,402.789,2642.647,249.01
9,Day 9,Tray 7,7,DJI_20260627101933_0007,8,1,8,Yes,Yes,No,Day 2,2,1607,910,1.69952,307.559,direct_cup_evidence,2892.667,106.447,3200.226,414.006,3046.447,260.227
9,Day 9,Tray 7,7,DJI_20260627101933_0007,9,1,9,Yes,Yes,No,Day 3,3,1051,1051,1.11151,307.559,direct_cup_evidence,3289.737,97.474,3597.296,405.033,3443.517,251.253
9,Day 9,Tray 7,7,DJI_20260627101933_0007,10,1,10,Yes,Yes,No,Day 2,2,3459,3459,3.67007,307.559,direct_cup_evidence,3686.807,99.717,3994.366,407.276,3840.587,253.497
9,Day 9,Tray 7,7,DJI_20260627101933_0007,11,2,1,No,No,No,,,0,0,0.0,307.559,direct_cup_evidence,54.851,454.164,362.409,761.723,208.63,607.943
9,Day 9,Tray 7,7,DJI_20260627101933_0007,12,2,2,No,No,No,,,0,0,0.0,307.559,direct_cup_evidence,463.137,447.434,770.696,754.993,616.917,601.213
9,Day 9,Tray 7,7,DJI_20260627101933_0007,13,2,3,Yes,Yes,No,Day 1,1,3791,3791,4.00926,307.559,direct_cup_evidence,866.937,456.407,1174.496,763.966,1020.717,610.187
9,Day 9,Tray 7,7,DJI_20260627101933_0007,14,2,4,Yes,Yes,No,Day 1,1,4266,4266,4.51161,307.559,direct_cup_evidence,1268.494,449.677,1576.053,757.236,1422.273,603.457
9,Day 9,Tray 7,7,DJI_20260627101933_0007,15,2,5,Yes,Yes,No,Day 3,3,2242,2242,2.37108,307.559,direct_cup_evidence,1674.537,447.434,1982.096,754.993,1828.317,601.213
9,Day 9,Tray 7,7,DJI_20260627101933_0007,16,2,6,Yes,Yes,No,Day 2,2,2067,2067,2.18601,307.559,direct_cup_evidence,2082.824,445.191,2390.383,752.749,2236.603,598.97
9,Day 9,Tray 7,7,DJI_20260627101933_0007,17,2,7,Yes,Yes,No,Day 2,2,2424,2424,2.56356,307.559,direct_cup_evidence,2488.867,445.191,2796.426,752.749,2642.647,598.97
9,Day 9,Tray 7,7,DJI_20260627101933_0007,18,2,8,Yes,Yes,No,Day 1,1,3989,3989,4.21866,307.559,direct_cup_evidence,2881.451,458.651,3189.009,766.209,3035.23,612.43
9,Day 9,Tray 7,7,DJI_20260627101933_0007,19,2,9,Yes,Yes,No,Day 4,4,1999,1999,2.10723,307.559,direct_cup_evidence,3294.224,447.434,3601.783,754.993,3448.003,601.213
9,Day 9,Tray 7,7,DJI_20260627101933_0007,20,2,10,No,No,No,,,0,0,0.0,307.559,direct_cup_evidence,3686.807,445.191,3994.366,752.749,3840.587,598.97
9,Day 9,Tray 7,7,DJI_20260627101933_0007,21,3,1,No,No,No,,,0,0,0.0,307.559,direct_cup_evidence,57.094,799.637,364.653,1107.196,210.873,953.417
9,Day 9,Tray 7,7,DJI_20260627101933_0007,22,3,2,Yes,Yes,No,Day 2,2,1798,1798,1.90771,307.559,direct_cup_evidence,467.624,799.637,775.183,1107.196,621.403,953.417
9,Day 9,Tray 7,7,DJI_20260627101933_0007,23,3,3,Yes,Yes,No,Day 2,2,1599,1103,1.68557,307.559,direct_cup_evidence,860.207,795.151,1167.766,1102.709,1013.987,948.93
9,Day 9,Tray 7,7,DJI_20260627101933_0007,24,3,4,No,No,No,,,0,0,0.0,307.559,direct_cup_evidence,1268.494,797.394,1576.053,1104.953,1422.273,951.173
9,Day 9,Tray 7,7,DJI_20260627101933_0007,25,3,5,Yes,Yes,No,Day 2,2,4899,4899,5.19793,307.559,direct_cup_evidence,1685.754,792.907,1993.313,1100.466,1839.533,946.687
9,Day 9,Tray 7,7,DJI_20260627101933_0007,26,3,6,No,No,No,,,0,0,0.0,307.559,direct_cup_evidence,2082.824,795.151,2390.383,1102.709,2236.603,948.93
9,Day 9,Tray 7,7,DJI_20260627101933_0007,27,3,7,Yes,Yes,No,Day 9,9,39,31,0.04138,307.559,direct_cup_evidence,2488.867,792.907,2796.426,1100.466,2642.647,946.687
9,Day 9,Tray 7,7,DJI_20260627101933_0007,28,3,8,No,No,No,,,0,0,0.0,307.559,direct_cup_evidence,2890.424,790.664,3197.983,1098.223,3044.203,944.443
9,Day 9,Tray 7,7,DJI_20260627101933_0007,29,3,9,Yes,Yes,No,Day 2,2,2549,2549,2.687,307.559,direct_cup_evidence,3285.251,786.177,3592.809,1093.736,3439.03,939.957
9,Day 9,Tray 7,7,DJI_20260627101933_0007,30,3,10,Yes,Yes,No,Day 2,2,2937,2937,3.11621,307.559,direct_cup_evidence,3686.807,790.664,3994.366,1098.223,3840.587,944.443
9,Day 9,Tray 7,7,DJI_20260627101933_0007,31,4,1,No,No,No,,,0,0,0.0,307.559,direct_cup_evidence,70.554,1145.111,378.113,1452.669,224.333,1298.89
9,Day 9,Tray 7,7,DJI_20260627101933_0007,32,4,2,Yes,Yes,No,Day 9,9,95,95,0.10047,307.559,direct_cup_evidence,442.947,1158.571,750.506,1466.129,596.727,1312.35
9,Day 9,Tray 7,7,DJI_20260627101933_0007,33,4,3,No,No,No,,,0,0,0.0,307.559,direct_cup_evidence,871.424,1145.111,1178.983,1452.669,1025.203,1298.89
9,Day 9,Tray 7,7,DJI_20260627101933_0007,34,4,4,Yes,Yes,No,Day 1,1,4689,4689,4.95897,307.559,direct_cup_evidence,1270.737,1145.111,1578.296,1452.669,1424.517,1298.89
9,Day 9,Tray 7,7,DJI_20260627101933_0007,35,4,5,Yes,Yes,No,Day 1,1,5218,5218,5.51842,307.559,direct_cup_evidence,1679.024,1140.624,1986.583,1448.183,1832.803,1294.403
9,Day 9,Tray 7,7,DJI_20260627101933_0007,36,4,6,Yes,Yes,No,Day 1,1,3935,3935,4.16156,307.559,direct_cup_evidence,2076.094,1140.624,2383.653,1448.183,2229.873,1294.403
9,Day 9,Tray 7,7,DJI_20260627101933_0007,37,4,7,No,No,No,,,0,0,0.0,307.559,direct_cup_evidence,2488.867,1133.894,2796.426,1441.453,2642.647,1287.673
9,Day 9,Tray 7,7,DJI_20260627101933_0007,38,4,8,Yes,Yes,No,Day 1,1,6579,6579,6.98045,307.559,direct_cup_evidence,2885.937,1131.651,3193.496,1439.209,3039.717,1285.43
9,Day 9,Tray 7,7,DJI_20260627101933_0007,39,4,9,No,No,No,,,0,0,0.0,307.559,direct_cup_evidence,3283.007,1131.651,3590.566,1439.209,3436.787,1285.43
9,Day 9,Tray 7,7,DJI_20260627101933_0007,40,4,10,Yes,Yes,No,Day 4,4,1085,996,1.14747,307.559,direct_cup_evidence,3684.564,1136.137,3992.123,1443.696,3838.343,1289.917
9,Day 9,Tray 7,7,DJI_20260627101933_0007,41,5,1,No,No,No,,,0,0,0.0,307.559,direct_cup_evidence,63.824,1486.097,371.383,1793.656,217.603,1639.877
9,Day 9,Tray 7,7,DJI_20260627101933_0007,42,5,2,Yes,Yes,No,Day 2,2,3393,3393,3.60004,307.559,direct_cup_evidence,460.894,1492.827,768.453,1800.386,614.673,1646.607
9,Day 9,Tray 7,7,DJI_20260627101933_0007,43,5,3,Yes,Yes,No,Day 9,9,158,158,0.1671,307.559,direct_cup_evidence,840.017,1463.664,1147.576,1771.223,993.797,1617.443
9,Day 9,Tray 7,7,DJI_20260627101933_0007,44,5,4,Yes,Yes,No,Day 1,1,5224,5224,5.50683,307.559,direct_cup_evidence,1275.224,1486.097,1582.783,1793.656,1429.003,1639.877
9,Day 9,Tray 7,7,DJI_20260627101933_0007,45,5,5,Yes,Yes,No,Day 5,5,1247,1247,1.31451,307.559,direct_cup_evidence,1679.024,1486.097,1986.583,1793.656,1832.803,1639.877
9,Day 9,Tray 7,7,DJI_20260627101933_0007,46,5,6,Yes,Yes,No,Day 5,5,772,595,0.8138,307.559,direct_cup_evidence,2076.094,1486.097,2383.653,1793.656,2229.873,1639.877
9,Day 9,Tray 7,7,DJI_20260627101933_0007,47,5,7,No,No,No,,,0,0,0.0,307.559,direct_cup_evidence,2482.137,1477.124,2789.696,1784.683,2635.917,1630.903
9,Day 9,Tray 7,7,DJI_20260627101933_0007,48,5,8,No,No,No,,,0,0,0.0,307.559,direct_cup_evidence,2883.694,1481.611,3191.253,1789.169,3037.473,1635.39
9,Day 9,Tray 7,7,DJI_20260627101933_0007,49,5,9,Yes,Yes,No,Day 3,3,1242,1242,1.31351,307.559,direct_cup_evidence,3285.251,1481.611,3592.809,1789.169,3439.03,1635.39
9,Day 9,Tray 7,7,DJI_20260627101933_0007,50,5,10,Yes,Yes,No,Day 1,1,6960,6897,7.33682,307.559,direct_cup_evidence,3689.051,1477.124,3996.609,1784.683,3842.83,1630.903
9,Day 9,Tray 7,7,DJI_20260627101933_0007,51,6,1,Yes,Yes,No,Day 9,9,45,45,0.04744,307.559,direct_cup_evidence,66.067,1829.327,373.626,2136.886,219.847,1983.107
9,Day 9,Tray 7,7,DJI_20260627101933_0007,52,6,2,No,No,No,,,0,0,0.0,307.559,direct_cup_evidence,476.597,1809.137,784.156,2116.696,630.377,1962.917
9,Day 9,Tray 7,7,DJI_20260627101933_0007,53,6,3,Yes,Yes,No,Day 2,2,2384,2384,2.52126,307.559,direct_cup_evidence,871.424,1831.571,1178.983,2139.129,1025.203,1985.35
9,Day 9,Tray 7,7,DJI_20260627101933_0007,54,6,4,Yes,Yes,No,Day 1,1,4381,4381,4.63323,307.559,direct_cup_evidence,1270.737,1836.057,1578.296,2143.616,1424.517,1989.837
9,Day 9,Tray 7,7,DJI_20260627101933_0007,55,6,5,No,No,No,,,0,0,0.0,307.559,direct_cup_evidence,1679.024,1831.571,1986.583,2139.129,1832.803,1985.35
9,Day 9,Tray 7,7,DJI_20260627101933_0007,56,6,6,Yes,Yes,No,Day 2,2,4175,4150,4.42976,307.559,direct_cup_evidence,2082.824,1831.571,2390.383,2139.129,2236.603,1985.35
9,Day 9,Tray 7,7,DJI_20260627101933_0007,57,6,7,Yes,Yes,No,Day 3,3,1630,1630,1.71825,307.559,direct_cup_evidence,2482.137,1829.327,2789.696,2136.886,2635.917,1983.107
9,Day 9,Tray 7,7,DJI_20260627101933_0007,58,6,8,Yes,Yes,No,Day 4,4,950,780,1.0047,307.559,direct_cup_evidence,2879.207,1822.597,3186.766,2130.156,3032.987,1976.377
9,Day 9,Tray 7,7,DJI_20260627101933_0007,59,6,9,Yes,Yes,No,Day 1,1,5346,5335,5.63544,307.559,direct_cup_evidence,3276.277,1827.084,3583.836,2134.643,3430.057,1980.863
9,Day 9,Tray 7,7,DJI_20260627101933_0007,60,6,10,No,No,No,,,0,0,0.0,307.559,direct_cup_evidence,3673.347,1809.137,3980.906,2116.696,3827.127,1962.917
9,Day 9,Tray 7,7,DJI_20260627101933_0007,61,7,1,Yes,Yes,No,Day 2,2,4764,3282,5.02193,307.559,direct_cup_evidence,66.067,2179.287,373.626,2486.846,219.847,2333.067
9,Day 9,Tray 7,7,DJI_20260627101933_0007,62,7,2,No,No,No,,,0,0,0.0,307.559,direct_cup_evidence,474.354,2177.044,781.913,2484.603,628.133,2330.823
9,Day 9,Tray 7,7,DJI_20260627101933_0007,63,7,3,Yes,Yes,No,Day 1,1,1622,1622,1.70982,307.559,direct_cup_evidence,860.207,2206.207,1167.766,2513.766,1013.987,2359.987
9,Day 9,Tray 7,7,DJI_20260627101933_0007,64,7,4,No,No,No,,,0,0,0.0,307.559,direct_cup_evidence,1275.224,2177.044,1582.783,2484.603,1429.003,2330.823
9,Day 9,Tray 7,7,DJI_20260627101933_0007,65,7,5,No,No,No,,,4,4,0.00423,307.559,direct_cup_evidence,1674.537,2177.044,1982.096,2484.603,1828.317,2330.823
9,Day 9,Tray 7,7,DJI_20260627101933_0007,66,7,6,Yes,Yes,No,Day 1,1,3786,3786,4.00398,307.559,direct_cup_evidence,2082.824,2179.287,2390.383,2486.846,2236.603,2333.067
9,Day 9,Tray 7,7,DJI_20260627101933_0007,67,7,7,Yes,Yes,No,Day 1,1,14094,14065,14.90545,307.559,direct_cup_evidence,2479.894,2170.314,2787.453,2477.873,2633.673,2324.093
9,Day 9,Tray 7,7,DJI_20260627101933_0007,68,7,8,Yes,Yes,No,Day 5,5,822,520,0.86933,307.559,direct_cup_evidence,2883.694,2159.097,3191.253,2466.656,3037.473,2312.877
9,Day 9,Tray 7,7,DJI_20260627101933_0007,69,7,9,No,No,No,,,0,0,0.0,307.559,direct_cup_evidence,3274.034,2163.584,3581.593,2471.143,3427.813,2317.363
9,Day 9,Tray 7,7,DJI_20260627101933_0007,70,7,10,Yes,Yes,No,Day 9,9,194,165,0.20584,307.559,direct_cup_evidence,3666.617,2154.611,3974.176,2462.169,3820.397,2308.39
9,Day 9,Tray 8,8,DJI_20260627102037_0008,1,1,1,No,Yes,Yes,Day 1,1,0,0,0.0,311.998,direct_cup_evidence,57.962,103.006,369.96,415.005,213.961,259.006
9,Day 9,Tray 8,8,DJI_20260627102037_0008,2,1,2,No,No,No,,,0,0,0.0,311.998,direct_cup_evidence,454.353,105.259,766.351,417.257,610.352,261.258
9,Day 9,Tray 8,8,DJI_20260627102037_0008,3,1,3,No,No,No,,,0,0,0.0,311.998,direct_cup_evidence,913.806,39.944,1225.805,351.943,1069.806,195.943
9,Day 9,Tray 8,8,DJI_20260627102037_0008,4,1,4,Yes,Yes,No,Day 1,1,10986,10981,11.32204,311.998,direct_cup_evidence,1256.144,98.502,1568.143,410.5,1412.143,254.501
9,Day 9,Tray 8,8,DJI_20260627102037_0008,5,1,5,Yes,Yes,No,Day 1,1,21,21,0.02164,311.998,direct_cup_evidence,1666.049,98.502,1978.047,410.5,1822.048,254.501
9,Day 9,Tray 8,8,DJI_20260627102037_0008,6,1,6,Yes,Yes,No,Day 1,1,5296,5296,5.45799,311.998,direct_cup_evidence,2071.449,98.502,2383.447,410.5,2227.448,254.501
9,Day 9,Tray 8,8,DJI_20260627102037_0008,7,1,7,Yes,Yes,No,Day 5,5,50,50,0.05136,311.998,direct_cup_evidence,2474.596,107.511,2786.595,419.509,2630.596,263.51
9,Day 9,Tray 8,8,DJI_20260627102037_0008,8,1,8,Yes,Yes,No,Day 1,1,3397,3397,3.48969,311.998,direct_cup_evidence,2875.492,105.259,3187.49,417.257,3031.491,261.258
9,Day 9,Tray 8,8,DJI_20260627102037_0008,9,1,9,Yes,Yes,No,Day 1,1,331,331,0.34112,311.998,direct_cup_evidence,3280.892,98.502,3592.89,410.5,3436.891,254.501
9,Day 9,Tray 8,8,DJI_20260627102037_0008,10,1,10,No,Yes,Yes,Day 1,1,0,0,0.0,311.998,direct_cup_evidence,3688.544,105.259,4000.543,417.257,3844.543,261.258
9,Day 9,Tray 8,8,DJI_20260627102037_0008,11,2,1,No,Yes,Yes,Day 1,1,0,0,0.0,311.998,direct_cup_evidence,103.006,510.659,415.005,822.657,259.006,666.658
9,Day 9,Tray 8,8,DJI_20260627102037_0008,12,2,2,Yes,Yes,No,Day 1,1,10535,10535,10.82244,311.998,direct_cup_evidence,445.344,447.596,757.343,759.595,601.343,603.596
9,Day 9,Tray 8,8,DJI_20260627102037_0008,13,2,3,Yes,Yes,No,Day 1,1,12748,12748,13.09583,311.998,direct_cup_evidence,859.753,456.605,1171.751,768.604,1015.752,612.604
9,Day 9,Tray 8,8,DJI_20260627102037_0008,14,2,4,Yes,Yes,No,Day 2,2,5048,5048,5.18573,311.998,direct_cup_evidence,1258.396,447.596,1570.395,759.595,1414.396,603.596
9,Day 9,Tray 8,8,DJI_20260627102037_0008,15,2,5,Yes,Yes,No,Day 1,1,13630,13611,14.00189,311.998,direct_cup_evidence,1666.049,447.596,1978.047,759.595,1822.048,603.596
9,Day 9,Tray 8,8,DJI_20260627102037_0008,16,2,6,Yes,Yes,No,Day 2,2,11035,11004,11.33609,311.998,direct_cup_evidence,2069.196,449.849,2381.195,761.847,2225.196,605.848
9,Day 9,Tray 8,8,DJI_20260627102037_0008,17,2,7,Yes,Yes,No,Day 2,2,5189,5189,5.33058,311.998,direct_cup_evidence,2476.849,449.849,2788.847,761.847,2632.848,605.848
9,Day 9,Tray 8,8,DJI_20260627102037_0008,18,2,8,Yes,Yes,No,Day 1,1,11083,11083,11.3854,311.998,direct_cup_evidence,2839.456,443.092,3151.455,755.09,2995.456,599.091
9,Day 9,Tray 8,8,DJI_20260627102037_0008,19,2,9,Yes,Yes,No,Day 1,1,8945,8930,9.18906,311.998,direct_cup_evidence,3285.396,456.605,3597.395,768.604,3441.396,612.604
9,Day 9,Tray 8,8,DJI_20260627102037_0008,20,2,10,No,Yes,Yes,Day 1,1,0,0,0.0,311.998,direct_cup_evidence,3684.04,447.596,3996.038,759.595,3840.039,603.596
9,Day 9,Tray 8,8,DJI_20260627102037_0008,21,3,1,No,No,No,,,0,0,0.0,311.998,direct_cup_evidence,48.953,794.439,360.951,1106.437,204.952,950.438
9,Day 9,Tray 8,8,DJI_20260627102037_0008,22,3,2,Yes,Yes,No,Day 1,1,11835,11835,12.15791,311.998,direct_cup_evidence,456.605,796.691,768.604,1108.689,612.604,952.69
9,Day 9,Tray 8,8,DJI_20260627102037_0008,23,3,3,Yes,Yes,No,Day 2,2,5214,5204,5.35626,311.998,direct_cup_evidence,864.257,794.439,1176.256,1106.437,1020.257,950.438
9,Day 9,Tray 8,8,DJI_20260627102037_0008,24,3,4,Yes,Yes,No,Day 1,1,11216,11216,11.52202,311.998,direct_cup_evidence,1229.117,785.43,1541.116,1097.428,1385.117,941.429
9,Day 9,Tray 8,8,DJI_20260627102037_0008,25,3,5,Yes,Yes,No,Day 1,1,13896,13896,14.27515,311.998,direct_cup_evidence,1666.049,796.691,1978.047,1108.689,1822.048,952.69
9,Day 9,Tray 8,8,DJI_20260627102037_0008,26,3,6,Yes,Yes,No,Day 1,1,12332,12327,12.66847,311.998,direct_cup_evidence,2078.205,798.943,2390.204,1110.941,2234.204,954.942
9,Day 9,Tray 8,8,DJI_20260627102037_0008,27,3,7,No,No,No,,,0,0,0.0,311.998,direct_cup_evidence,2476.849,796.691,2788.847,1108.689,2632.848,952.69
9,Day 9,Tray 8,8,DJI_20260627102037_0008,28,3,8,Yes,Yes,No,Day 1,1,5765,5765,5.9223,311.998,direct_cup_evidence,2907.023,774.169,3219.021,1086.167,3063.022,930.168
9,Day 9,Tray 8,8,DJI_20260627102037_0008,29,3,9,Yes,Yes,No,Day 2,2,6003,6003,6.16679,311.998,direct_cup_evidence,3287.649,798.943,3599.647,1110.941,3443.648,954.942
9,Day 9,Tray 8,8,DJI_20260627102037_0008,30,3,10,Yes,Yes,No,Day 1,1,177,169,0.18183,311.998,direct_cup_evidence,3690.796,798.943,4002.795,1110.941,3846.796,954.942
9,Day 9,Tray 8,8,DJI_20260627102037_0008,31,4,1,Yes,Yes,No,Day 1,1,11772,11772,12.0932,311.998,direct_cup_evidence,55.71,1139.029,367.708,1451.027,211.709,1295.028
9,Day 9,Tray 8,8,DJI_20260627102037_0008,32,4,2,No,No,No,,,0,0,0.0,311.998,direct_cup_evidence,454.353,1139.029,766.351,1451.027,610.352,1295.028
9,Day 9,Tray 8,8,DJI_20260627102037_0008,33,4,3,Yes,Yes,No,Day 2,2,6523,6523,6.70098,311.998,direct_cup_evidence,859.753,1145.785,1171.751,1457.784,1015.752,1301.784
9,Day 9,Tray 8,8,DJI_20260627102037_0008,34,4,4,Yes,Yes,No,Day 1,1,271,271,0.27839,311.998,direct_cup_evidence,1258.396,1143.533,1570.395,1455.531,1414.396,1299.532
9,Day 9,Tray 8,8,DJI_20260627102037_0008,35,4,5,Yes,Yes,No,Day 2,2,5947,5942,6.10926,311.998,direct_cup_evidence,1666.049,1148.037,1978.047,1460.036,1822.048,1304.037
9,Day 9,Tray 8,8,DJI_20260627102037_0008,36,4,6,Yes,Yes,No,Day 1,1,11011,11011,11.31143,311.998,direct_cup_evidence,2069.196,1145.785,2381.195,1457.784,2225.196,1301.784
9,Day 9,Tray 8,8,DJI_20260627102037_0008,37,4,7,Yes,Yes,No,Day 1,1,9237,9237,9.48903,311.998,direct_cup_evidence,2474.596,1145.785,2786.595,1457.784,2630.596,1301.784
9,Day 9,Tray 8,8,DJI_20260627102037_0008,38,4,8,No,No,No,,,0,0,0.0,311.998,direct_cup_evidence,2886.753,1145.785,3198.751,1457.784,3042.752,1301.784
9,Day 9,Tray 8,8,DJI_20260627102037_0008,39,4,9,Yes,Yes,No,Day 3,3,1454,1225,1.49367,311.998,direct_cup_evidence,3292.153,1143.533,3604.151,1455.531,3448.152,1299.532
9,Day 9,Tray 8,8,DJI_20260627102037_0008,40,4,10,Yes,Yes,No,Day 1,1,4389,4389,4.50875,311.998,direct_cup_evidence,3688.544,1145.785,4000.543,1457.784,3844.543,1301.784
9,Day 9,Tray 8,8,DJI_20260627102037_0008,41,5,1,Yes,Yes,No,Day 4,4,1638,1638,1.68269,311.998,direct_cup_evidence,53.457,1485.871,365.456,1797.869,209.457,1641.87
9,Day 9,Tray 8,8,DJI_20260627102037_0008,42,5,2,No,Yes,Yes,Day 1,1,0,0,0.0,311.998,direct_cup_evidence,467.866,1483.619,779.865,1795.617,623.866,1639.618
9,Day 9,Tray 8,8,DJI_20260627102037_0008,43,5,3,Yes,Yes,No,Day 9,9,606,606,0.62253,311.998,direct_cup_evidence,864.257,1488.123,1176.256,1800.121,1020.257,1644.122
9,Day 9,Tray 8,8,DJI_20260627102037_0008,44,5,4,Yes,Yes,No,Day 1,1,303,303,0.31127,311.998,direct_cup_evidence,1258.396,1494.88,1570.395,1806.878,1414.396,1650.879
9,Day 9,Tray 8,8,DJI_20260627102037_0008,45,5,5,Yes,Yes,No,Day 2,2,7101,7101,7.29475,311.998,direct_cup_evidence,1711.093,1501.636,2023.091,1813.635,1867.092,1657.636
9,Day 9,Tray 8,8,DJI_20260627102037_0008,46,5,6,Yes,Yes,No,Day 1,1,17003,17003,17.46692,311.998,direct_cup_evidence,2078.205,1497.132,2390.204,1809.13,2234.204,1653.131
9,Day 9,Tray 8,8,DJI_20260627102037_0008,47,5,7,Yes,Yes,No,Day 1,1,19334,19334,19.86152,311.998,direct_cup_evidence,2481.353,1494.88,2793.351,1806.878,2637.352,1650.879
9,Day 9,Tray 8,8,DJI_20260627102037_0008,48,5,8,Yes,Yes,No,Day 1,1,12546,12546,12.88831,311.998,direct_cup_evidence,2886.753,1494.88,3198.751,1806.878,3042.752,1650.879
9,Day 9,Tray 8,8,DJI_20260627102037_0008,49,5,9,Yes,Yes,No,Day 9,9,733,733,0.753,311.998,direct_cup_evidence,3285.396,1488.123,3597.395,1800.121,3441.396,1644.122
9,Day 9,Tray 8,8,DJI_20260627102037_0008,50,5,10,Yes,Yes,No,Day 1,1,14798,14790,15.20176,311.998,direct_cup_evidence,3684.04,1485.871,3996.038,1797.869,3840.039,1641.87
9,Day 9,Tray 8,8,DJI_20260627102037_0008,51,6,1,No,Yes,Yes,Day 1,1,0,0,0.0,311.998,direct_cup_evidence,57.962,1821.452,369.96,2133.45,213.961,1977.451
9,Day 9,Tray 8,8,DJI_20260627102037_0008,52,6,2,Yes,Yes,No,Day 1,1,14775,14600,15.17813,311.998,direct_cup_evidence,461.11,1834.965,773.108,2146.964,617.109,1990.964
9,Day 9,Tray 8,8,DJI_20260627102037_0008,53,6,3,Yes,Yes,No,Day 2,2,3182,3182,3.26882,311.998,direct_cup_evidence,866.51,1834.965,1178.508,2146.964,1022.509,1990.964
9,Day 9,Tray 8,8,DJI_20260627102037_0008,54,6,4,Yes,Yes,No,Day 2,2,1476,867,1.51627,311.998,direct_cup_evidence,1247.135,1837.217,1559.134,2149.216,1403.134,1993.217
9,Day 9,Tray 8,8,DJI_20260627102037_0008,55,6,5,Yes,Yes,No,Day 3,3,1929,1264,1.98163,311.998,direct_cup_evidence,1666.049,1839.47,1978.047,2151.468,1822.048,1995.469
9,Day 9,Tray 8,8,DJI_20260627102037_0008,56,6,6,Yes,Yes,No,Day 1,1,9527,9527,9.78694,311.998,direct_cup_evidence,2071.449,1846.226,2383.447,2158.225,2227.448,2002.226
9,Day 9,Tray 8,8,DJI_20260627102037_0008,57,6,7,Yes,Yes,No,Day 1,1,16164,16032,16.60503,311.998,direct_cup_evidence,2483.605,1837.217,2795.604,2149.216,2639.604,1993.217
9,Day 9,Tray 8,8,DJI_20260627102037_0008,58,6,8,Yes,Yes,No,Day 1,1,9113,9113,9.36165,311.998,direct_cup_evidence,2882.249,1839.47,3194.247,2151.468,3038.248,1995.469
9,Day 9,Tray 8,8,DJI_20260627102037_0008,59,6,9,Yes,Yes,No,Day 1,1,4811,4811,4.94227,311.998,direct_cup_evidence,3280.892,1846.226,3592.89,2158.225,3436.891,2002.226
9,Day 9,Tray 8,8,DJI_20260627102037_0008,60,6,10,Yes,Yes,No,Day 1,1,8123,8007,8.34463,311.998,direct_cup_evidence,3688.544,1834.965,4000.543,2146.964,3844.543,1990.964
9,Day 9,Tray 8,8,DJI_20260627102037_0008,61,7,1,Yes,Yes,No,Day 1,1,12811,12811,13.16054,311.998,direct_cup_evidence,69.223,2172.799,381.221,2484.797,225.222,2328.798
9,Day 9,Tray 8,8,DJI_20260627102037_0008,62,7,2,Yes,Yes,No,Day 1,1,6687,6687,6.86945,311.998,direct_cup_evidence,458.857,2177.303,770.856,2489.301,614.857,2333.302
9,Day 9,Tray 8,8,DJI_20260627102037_0008,63,7,3,Yes,Yes,No,Day 1,1,10711,10711,11.00325,311.998,direct_cup_evidence,859.753,2186.312,1171.751,2498.31,1015.752,2342.311
9,Day 9,Tray 8,8,DJI_20260627102037_0008,64,7,4,Yes,Yes,No,Day 1,1,9884,9873,10.15368,311.998,direct_cup_evidence,1265.153,2188.564,1577.151,2500.563,1421.152,2344.563
9,Day 9,Tray 8,8,DJI_20260627102037_0008,65,7,5,Yes,Yes,No,Day 1,1,28576,28327,29.35569,311.998,direct_cup_evidence,1630.013,2125.502,1942.011,2437.5,1786.012,2281.501
9,Day 9,Tray 8,8,DJI_20260627102037_0008,66,7,6,Yes,Yes,No,Day 1,1,16013,16008,16.44991,311.998,direct_cup_evidence,2064.692,2159.285,2376.69,2471.284,2220.691,2315.284
9,Day 9,Tray 8,8,DJI_20260627102037_0008,67,7,7,Yes,Yes,No,Day 1,1,17219,17219,17.68881,311.998,direct_cup_evidence,2481.353,2184.06,2793.351,2496.058,2637.352,2340.059
9,Day 9,Tray 8,8,DJI_20260627102037_0008,68,7,8,Yes,Yes,No,Day 2,2,6211,6211,6.38047,311.998,direct_cup_evidence,2882.249,2179.555,3194.247,2491.554,3038.248,2335.554
9,Day 9,Tray 8,8,DJI_20260627102037_0008,69,7,9,Yes,Yes,No,Day 1,1,14380,14380,14.77235,311.998,direct_cup_evidence,3278.64,2190.816,3590.638,2502.815,3434.639,2346.816
9,Day 9,Tray 8,8,DJI_20260627102037_0008,70,7,10,No,No,No,,,0,0,0.0,311.998,direct_cup_evidence,3679.535,2170.546,3991.534,2482.545,3835.534,2326.546
