day_order,day,tray,tray_no,capture_id,cell_id,row,column,x,y,square_x0,square_y0,square_x1,square_y1,square_side,grid_error,coordinate_source,needs_review
1,Day 1,Tray 1,1,DJI_20260618124632_0008,1,1,1,73.837,92.034,20.753,38.95,126.922,145.119,106.169,0.0261,ms_nir_circle_supported_lattice,No
1,Day 1,Tray 1,1,DJI_20260618124632_0008,2,1,2,210.985,91.619,157.901,38.534,264.07,144.703,106.169,0.0263,ms_nir_circle_supported_lattice,No
1,Day 1,Tray 1,1,DJI_20260618124632_0008,3,1,3,348.133,91.203,295.049,38.119,401.218,144.288,106.169,0.0306,ms_nir_circle_supported_lattice,No
1,Day 1,Tray 1,1,DJI_20260618124632_0008,4,1,4,485.281,90.788,432.197,37.703,538.366,143.872,106.169,0.0335,ms_nir_circle_supported_lattice,No
1,Day 1,Tray 1,1,DJI_20260618124632_0008,5,1,5,622.43,90.372,569.345,37.288,675.514,143.457,106.169,0.0237,ms_nir_circle_supported_lattice,No
1,Day 1,Tray 1,1,DJI_20260618124632_0008,6,1,6,759.578,89.956,706.493,36.872,812.662,143.041,106.169,0.0332,ms_nir_circle_supported_lattice,No
1,Day 1,Tray 1,1,DJI_20260618124632_0008,7,1,7,896.726,89.541,843.641,36.456,949.81,142.625,106.169,0.04,ms_nir_circle_supported_lattice,No
1,Day 1,Tray 1,1,DJI_20260618124632_0008,8,1,8,1033.874,89.125,980.789,36.041,1086.958,142.21,106.169,0.0175,ms_nir_circle_supported_lattice,No
1,Day 1,Tray 1,1,DJI_20260618124632_0008,9,1,9,1171.022,88.71,1117.937,35.625,1224.106,141.794,106.169,0.0403,ms_nir_circle_supported_lattice,No
1,Day 1,Tray 1,1,DJI_20260618124632_0008,10,1,10,1308.17,88.294,1255.085,35.21,1361.254,141.379,106.169,0.072,ms_nir_circle_supported_lattice,No
1,Day 1,Tray 1,1,DJI_20260618124632_0008,11,2,1,74.369,209.999,21.285,156.914,127.454,263.083,106.169,0.0173,ms_nir_circle_supported_lattice,No
1,Day 1,Tray 1,1,DJI_20260618124632_0008,12,2,2,211.518,209.583,158.433,156.499,264.602,262.668,106.169,0.0245,ms_nir_circle_supported_lattice,No
1,Day 1,Tray 1,1,DJI_20260618124632_0008,13,2,3,348.666,209.168,295.581,156.083,401.75,262.252,106.169,0.0198,ms_nir_circle_supported_lattice,No
1,Day 1,Tray 1,1,DJI_20260618124632_0008,14,2,4,485.814,208.752,432.729,155.667,538.898,261.836,106.169,0.0281,ms_nir_circle_supported_lattice,No
1,Day 1,Tray 1,1,DJI_20260618124632_0008,15,2,5,622.962,208.336,569.877,155.252,676.046,261.421,106.169,0.0593,ms_nir_circle_supported_lattice,No
1,Day 1,Tray 1,1,DJI_20260618124632_0008,16,2,6,760.11,207.921,707.025,154.836,813.194,261.005,106.169,0.0179,ms_nir_circle_supported_lattice,No
1,Day 1,Tray 1,1,DJI_20260618124632_0008,17,2,7,897.258,207.505,844.173,154.421,950.342,260.59,106.169,0.0196,ms_nir_circle_supported_lattice,No
1,Day 1,Tray 1,1,DJI_20260618124632_0008,18,2,8,1034.406,207.09,981.321,154.005,1087.49,260.174,106.169,0.018,ms_nir_circle_supported_lattice,No
1,Day 1,Tray 1,1,DJI_20260618124632_0008,19,2,9,1171.554,206.674,1118.469,153.59,1224.638,259.758,106.169,0.0462,ms_nir_circle_supported_lattice,No
1,Day 1,Tray 1,1,DJI_20260618124632_0008,20,2,10,1308.702,206.258,1255.617,153.174,1361.786,259.343,106.169,0.0678,ms_nir_circle_supported_lattice,No
1,Day 1,Tray 1,1,DJI_20260618124632_0008,21,3,1,74.902,327.963,21.817,274.879,127.986,381.047,106.169,0.0274,ms_nir_circle_supported_lattice,No
1,Day 1,Tray 1,1,DJI_20260618124632_0008,22,3,2,212.05,327.547,158.965,274.463,265.134,380.632,106.169,0.0097,ms_nir_circle_supported_lattice,No
1,Day 1,Tray 1,1,DJI_20260618124632_0008,23,3,3,349.198,327.132,296.113,274.047,402.282,380.216,106.169,0.0181,ms_nir_circle_supported_lattice,No
1,Day 1,Tray 1,1,DJI_20260618124632_0008,24,3,4,486.346,326.716,433.261,273.632,539.43,379.801,106.169,0.0227,ms_nir_circle_supported_lattice,No
1,Day 1,Tray 1,1,DJI_20260618124632_0008,25,3,5,623.494,326.301,570.409,273.216,676.578,379.385,106.169,0.022,ms_nir_circle_supported_lattice,No
1,Day 1,Tray 1,1,DJI_20260618124632_0008,26,3,6,760.642,325.885,707.557,272.801,813.726,378.97,106.169,0.0158,ms_nir_circle_supported_lattice,No
1,Day 1,Tray 1,1,DJI_20260618124632_0008,27,3,7,897.79,325.469,844.705,272.385,950.874,378.554,106.169,0.0146,ms_nir_circle_supported_lattice,No
1,Day 1,Tray 1,1,DJI_20260618124632_0008,28,3,8,1034.938,325.054,981.854,271.969,1088.022,378.138,106.169,0.0007,ms_nir_circle_supported_lattice,No
1,Day 1,Tray 1,1,DJI_20260618124632_0008,29,3,9,1172.086,324.638,1119.002,271.554,1225.171,377.723,106.169,0.0165,ms_nir_circle_supported_lattice,No
1,Day 1,Tray 1,1,DJI_20260618124632_0008,30,3,10,1309.234,324.223,1256.15,271.138,1362.319,377.307,106.169,0.0152,ms_nir_circle_supported_lattice,No
1,Day 1,Tray 1,1,DJI_20260618124632_0008,31,4,1,75.434,445.927,22.349,392.843,128.518,499.012,106.169,0.0316,ms_nir_circle_supported_lattice,No
1,Day 1,Tray 1,1,DJI_20260618124632_0008,32,4,2,212.582,445.512,159.497,392.427,265.666,498.596,106.169,0.0064,ms_nir_circle_supported_lattice,No
1,Day 1,Tray 1,1,DJI_20260618124632_0008,33,4,3,349.73,445.096,296.645,392.012,402.814,498.181,106.169,0.0098,ms_nir_circle_supported_lattice,No
1,Day 1,Tray 1,1,DJI_20260618124632_0008,34,4,4,486.878,444.681,433.793,391.596,539.962,497.765,106.169,0.1028,ms_nir_circle_supported_lattice,No
1,Day 1,Tray 1,1,DJI_20260618124632_0008,35,4,5,624.026,444.265,570.942,391.18,677.11,497.349,106.169,0.0264,ms_nir_circle_supported_lattice,No
1,Day 1,Tray 1,1,DJI_20260618124632_0008,36,4,6,761.174,443.849,708.09,390.765,814.258,496.934,106.169,0.0242,ms_nir_circle_supported_lattice,No
1,Day 1,Tray 1,1,DJI_20260618124632_0008,37,4,7,898.322,443.434,845.238,390.349,951.407,496.518,106.169,0.0165,ms_nir_circle_supported_lattice,No
1,Day 1,Tray 1,1,DJI_20260618124632_0008,38,4,8,1035.47,443.018,982.386,389.934,1088.555,496.103,106.169,0.0212,ms_nir_circle_supported_lattice,No
1,Day 1,Tray 1,1,DJI_20260618124632_0008,39,4,9,1172.618,442.603,1119.534,389.518,1225.703,495.687,106.169,0.0461,ms_nir_circle_supported_lattice,No
1,Day 1,Tray 1,1,DJI_20260618124632_0008,40,4,10,1309.766,442.187,1256.682,389.103,1362.851,495.271,106.169,0.0533,ms_nir_circle_supported_lattice,No
1,Day 1,Tray 1,1,DJI_20260618124632_0008,41,5,1,75.966,563.892,22.881,510.807,129.05,616.976,106.169,0.035,ms_nir_circle_supported_lattice,No
1,Day 1,Tray 1,1,DJI_20260618124632_0008,42,5,2,213.114,563.476,160.029,510.392,266.198,616.56,106.169,0.0085,ms_nir_circle_supported_lattice,No
1,Day 1,Tray 1,1,DJI_20260618124632_0008,43,5,3,350.262,563.06,297.178,509.976,403.346,616.145,106.169,0.0232,ms_nir_circle_supported_lattice,No
1,Day 1,Tray 1,1,DJI_20260618124632_0008,44,5,4,487.41,562.645,434.326,509.56,540.495,615.729,106.169,0.0065,ms_nir_circle_supported_lattice,No
1,Day 1,Tray 1,1,DJI_20260618124632_0008,45,5,5,624.558,562.229,571.474,509.145,677.643,615.314,106.169,0.1213,ms_nir_circle_supported_lattice,No
1,Day 1,Tray 1,1,DJI_20260618124632_0008,46,5,6,761.706,561.814,708.622,508.729,814.791,614.898,106.169,0.023,ms_nir_circle_supported_lattice,No
1,Day 1,Tray 1,1,DJI_20260618124632_0008,47,5,7,898.854,561.398,845.77,508.314,951.939,614.483,106.169,0.0316,ms_nir_circle_supported_lattice,No
1,Day 1,Tray 1,1,DJI_20260618124632_0008,48,5,8,1036.002,560.982,982.918,507.898,1089.087,614.067,106.169,0.0121,ms_nir_circle_supported_lattice,No
1,Day 1,Tray 1,1,DJI_20260618124632_0008,49,5,9,1173.15,560.567,1120.066,507.482,1226.235,613.651,106.169,0.0141,ms_nir_circle_supported_lattice,No
1,Day 1,Tray 1,1,DJI_20260618124632_0008,50,5,10,1310.298,560.151,1257.214,507.067,1363.383,613.236,106.169,0.024,ms_nir_circle_supported_lattice,No
1,Day 1,Tray 1,1,DJI_20260618124632_0008,51,6,1,76.498,681.856,23.414,628.771,129.583,734.94,106.169,0.0905,ms_nir_circle_supported_lattice,No
1,Day 1,Tray 1,1,DJI_20260618124632_0008,52,6,2,213.646,681.44,160.562,628.356,266.731,734.525,106.169,0.0209,ms_nir_circle_supported_lattice,No
1,Day 1,Tray 1,1,DJI_20260618124632_0008,53,6,3,350.794,681.025,297.71,627.94,403.879,734.109,106.169,0.0089,ms_nir_circle_supported_lattice,No
1,Day 1,Tray 1,1,DJI_20260618124632_0008,54,6,4,487.942,680.609,434.858,627.525,541.027,733.694,106.169,0.0464,ms_nir_circle_supported_lattice,No
1,Day 1,Tray 1,1,DJI_20260618124632_0008,55,6,5,625.09,680.194,572.006,627.109,678.175,733.278,106.169,0.0234,ms_nir_circle_supported_lattice,No
1,Day 1,Tray 1,1,DJI_20260618124632_0008,56,6,6,762.238,679.778,709.154,626.693,815.323,732.862,106.169,0.0191,ms_nir_circle_supported_lattice,No
1,Day 1,Tray 1,1,DJI_20260618124632_0008,57,6,7,899.386,679.362,846.302,626.278,952.471,732.447,106.169,0.0129,ms_nir_circle_supported_lattice,No
1,Day 1,Tray 1,1,DJI_20260618124632_0008,58,6,8,1036.534,678.947,983.45,625.862,1089.619,732.031,106.169,0.0217,ms_nir_circle_supported_lattice,No
1,Day 1,Tray 1,1,DJI_20260618124632_0008,59,6,9,1173.682,678.531,1120.598,625.447,1226.767,731.616,106.169,0.0672,ms_nir_circle_supported_lattice,No
1,Day 1,Tray 1,1,DJI_20260618124632_0008,60,6,10,1310.831,678.116,1257.746,625.031,1363.915,731.2,106.169,0.0282,ms_nir_circle_supported_lattice,No
1,Day 1,Tray 1,1,DJI_20260618124632_0008,61,7,1,77.03,799.82,23.946,746.736,130.115,852.905,106.169,0.0587,ms_nir_circle_supported_lattice,No
1,Day 1,Tray 1,1,DJI_20260618124632_0008,62,7,2,214.178,799.405,161.094,746.32,267.263,852.489,106.169,0.038,ms_nir_circle_supported_lattice,No
1,Day 1,Tray 1,1,DJI_20260618124632_0008,63,7,3,351.326,798.989,298.242,745.904,404.411,852.073,106.169,0.0178,ms_nir_circle_supported_lattice,No
1,Day 1,Tray 1,1,DJI_20260618124632_0008,64,7,4,488.474,798.573,435.39,745.489,541.559,851.658,106.169,0.0139,ms_nir_circle_supported_lattice,No
1,Day 1,Tray 1,1,DJI_20260618124632_0008,65,7,5,625.622,798.158,572.538,745.073,678.707,851.242,106.169,0.0747,ms_nir_circle_supported_lattice,No
1,Day 1,Tray 1,1,DJI_20260618124632_0008,66,7,6,762.77,797.742,709.686,744.658,815.855,850.827,106.169,0.0352,ms_nir_circle_supported_lattice,No
1,Day 1,Tray 1,1,DJI_20260618124632_0008,67,7,7,899.919,797.327,846.834,744.242,953.003,850.411,106.169,0.1184,ms_nir_circle_supported_lattice,No
1,Day 1,Tray 1,1,DJI_20260618124632_0008,68,7,8,1037.067,796.911,983.982,743.827,1090.151,849.996,106.169,0.0791,ms_nir_circle_supported_lattice,No
1,Day 1,Tray 1,1,DJI_20260618124632_0008,69,7,9,1174.215,796.495,1121.13,743.411,1227.299,849.58,106.169,0.0236,ms_nir_circle_supported_lattice,No
1,Day 1,Tray 1,1,DJI_20260618124632_0008,70,7,10,1311.363,796.08,1258.278,742.995,1364.447,849.164,106.169,0.0329,ms_nir_circle_supported_lattice,No
1,Day 1,Tray 2,2,DJI_20260618124541_0007,1,1,1,65.405,84.142,12.451,31.187,118.36,137.096,105.909,0.0501,ms_nir_circle_supported_lattice,No
1,Day 1,Tray 2,2,DJI_20260618124541_0007,2,1,2,201.382,83.535,148.427,30.581,254.336,136.49,105.909,0.0185,ms_nir_circle_supported_lattice,No
1,Day 1,Tray 2,2,DJI_20260618124541_0007,3,1,3,337.358,82.929,284.404,29.975,390.313,135.884,105.909,0.0085,ms_nir_circle_supported_lattice,No
1,Day 1,Tray 2,2,DJI_20260618124541_0007,4,1,4,473.335,82.323,420.381,29.369,526.289,135.278,105.909,0.0422,ms_nir_circle_supported_lattice,No
1,Day 1,Tray 2,2,DJI_20260618124541_0007,5,1,5,609.312,81.717,556.357,28.763,662.266,134.672,105.909,0.0114,ms_nir_circle_supported_lattice,No
1,Day 1,Tray 2,2,DJI_20260618124541_0007,6,1,6,745.288,81.111,692.334,28.157,798.243,134.066,105.909,0.0026,ms_nir_circle_supported_lattice,No
1,Day 1,Tray 2,2,DJI_20260618124541_0007,7,1,7,881.265,80.505,828.311,27.551,934.219,133.46,105.909,0.0355,ms_nir_circle_supported_lattice,No
1,Day 1,Tray 2,2,DJI_20260618124541_0007,8,1,8,1017.242,79.899,964.287,26.945,1070.196,132.854,105.909,0.0205,ms_nir_circle_supported_lattice,No
1,Day 1,Tray 2,2,DJI_20260618124541_0007,9,1,9,1153.218,79.293,1100.264,26.339,1206.173,132.247,105.909,0.0391,ms_nir_circle_supported_lattice,No
1,Day 1,Tray 2,2,DJI_20260618124541_0007,10,1,10,1289.195,78.687,1236.24,25.733,1342.149,131.641,105.909,0.0324,ms_nir_circle_supported_lattice,No
1,Day 1,Tray 2,2,DJI_20260618124541_0007,11,2,1,66.491,201.813,13.537,148.859,119.445,254.767,105.909,0.0403,ms_nir_circle_supported_lattice,No
1,Day 1,Tray 2,2,DJI_20260618124541_0007,12,2,2,202.468,201.207,149.513,148.253,255.422,254.161,105.909,0.0078,ms_nir_circle_supported_lattice,No
1,Day 1,Tray 2,2,DJI_20260618124541_0007,13,2,3,338.444,200.601,285.49,147.646,391.399,253.555,105.909,0.0894,ms_nir_circle_supported_lattice,No
1,Day 1,Tray 2,2,DJI_20260618124541_0007,14,2,4,474.421,199.995,421.466,147.04,527.375,252.949,105.909,0.0148,ms_nir_circle_supported_lattice,No
1,Day 1,Tray 2,2,DJI_20260618124541_0007,15,2,5,610.397,199.389,557.443,146.434,663.352,252.343,105.909,0.0123,ms_nir_circle_supported_lattice,No
1,Day 1,Tray 2,2,DJI_20260618124541_0007,16,2,6,746.374,198.783,693.42,145.828,799.328,251.737,105.909,0.0191,ms_nir_circle_supported_lattice,No
1,Day 1,Tray 2,2,DJI_20260618124541_0007,17,2,7,882.351,198.177,829.396,145.222,935.305,251.131,105.909,0.0272,ms_nir_circle_supported_lattice,No
1,Day 1,Tray 2,2,DJI_20260618124541_0007,18,2,8,1018.327,197.571,965.373,144.616,1071.282,250.525,105.909,0.0056,ms_nir_circle_supported_lattice,No
1,Day 1,Tray 2,2,DJI_20260618124541_0007,19,2,9,1154.304,196.965,1101.349,144.01,1207.258,249.919,105.909,0.0341,ms_nir_circle_supported_lattice,No
1,Day 1,Tray 2,2,DJI_20260618124541_0007,20,2,10,1290.281,196.358,1237.326,143.404,1343.235,249.313,105.909,0.0417,ms_nir_circle_supported_lattice,No
1,Day 1,Tray 2,2,DJI_20260618124541_0007,21,3,1,67.577,319.484,14.622,266.53,120.531,372.439,105.909,0.0294,ms_nir_circle_supported_lattice,No
1,Day 1,Tray 2,2,DJI_20260618124541_0007,22,3,2,203.553,318.878,150.599,265.924,256.508,371.833,105.909,0.0882,ms_nir_circle_supported_lattice,No
1,Day 1,Tray 2,2,DJI_20260618124541_0007,23,3,3,339.53,318.272,286.575,265.318,392.484,371.227,105.909,0.0076,ms_nir_circle_supported_lattice,No
1,Day 1,Tray 2,2,DJI_20260618124541_0007,24,3,4,475.506,317.666,422.552,264.712,528.461,370.621,105.909,0.0148,ms_nir_circle_supported_lattice,No
1,Day 1,Tray 2,2,DJI_20260618124541_0007,25,3,5,611.483,317.06,558.529,264.106,664.438,370.015,105.909,0.0613,ms_nir_circle_supported_lattice,No
1,Day 1,Tray 2,2,DJI_20260618124541_0007,26,3,6,747.46,316.454,694.505,263.5,800.414,369.409,105.909,0.0243,ms_nir_circle_supported_lattice,No
1,Day 1,Tray 2,2,DJI_20260618124541_0007,27,3,7,883.436,315.848,830.482,262.894,936.391,368.802,105.909,0.0161,ms_nir_circle_supported_lattice,No
1,Day 1,Tray 2,2,DJI_20260618124541_0007,28,3,8,1019.413,315.242,966.459,262.288,1072.367,368.196,105.909,0.0122,ms_nir_circle_supported_lattice,No
1,Day 1,Tray 2,2,DJI_20260618124541_0007,29,3,9,1155.39,314.636,1102.435,261.682,1208.344,367.59,105.909,0.0063,ms_nir_circle_supported_lattice,No
1,Day 1,Tray 2,2,DJI_20260618124541_0007,30,3,10,1291.366,314.03,1238.412,261.075,1344.321,366.984,105.909,0.0139,ms_nir_circle_supported_lattice,No
1,Day 1,Tray 2,2,DJI_20260618124541_0007,31,4,1,68.662,437.156,15.708,384.201,121.617,490.11,105.909,0.0381,ms_nir_circle_supported_lattice,No
1,Day 1,Tray 2,2,DJI_20260618124541_0007,32,4,2,204.639,436.55,151.685,383.595,257.593,489.504,105.909,0.0125,ms_nir_circle_supported_lattice,No
1,Day 1,Tray 2,2,DJI_20260618124541_0007,33,4,3,340.616,435.944,287.661,382.989,393.57,488.898,105.909,0.0096,ms_nir_circle_supported_lattice,No
1,Day 1,Tray 2,2,DJI_20260618124541_0007,34,4,4,476.592,435.338,423.638,382.383,529.547,488.292,105.909,0.0177,ms_nir_circle_supported_lattice,No
1,Day 1,Tray 2,2,DJI_20260618124541_0007,35,4,5,612.569,434.732,559.614,381.777,665.523,487.686,105.909,0.0227,ms_nir_circle_supported_lattice,No
1,Day 1,Tray 2,2,DJI_20260618124541_0007,36,4,6,748.545,434.126,695.591,381.171,801.5,487.08,105.909,0.0132,ms_nir_circle_supported_lattice,No
1,Day 1,Tray 2,2,DJI_20260618124541_0007,37,4,7,884.522,433.519,831.568,380.565,937.476,486.474,105.909,0.0063,ms_nir_circle_supported_lattice,No
1,Day 1,Tray 2,2,DJI_20260618124541_0007,38,4,8,1020.499,432.913,967.544,379.959,1073.453,485.868,105.909,0.0801,ms_nir_circle_supported_lattice,No
1,Day 1,Tray 2,2,DJI_20260618124541_0007,39,4,9,1156.475,432.307,1103.521,379.353,1209.43,485.262,105.909,0.012,ms_nir_circle_supported_lattice,No
1,Day 1,Tray 2,2,DJI_20260618124541_0007,40,4,10,1292.452,431.701,1239.498,378.747,1345.406,484.656,105.909,0.0452,ms_nir_circle_supported_lattice,No
1,Day 1,Tray 2,2,DJI_20260618124541_0007,41,5,1,69.748,554.827,16.794,501.873,122.702,607.782,105.909,0.0536,ms_nir_circle_supported_lattice,No
1,Day 1,Tray 2,2,DJI_20260618124541_0007,42,5,2,205.725,554.221,152.77,501.267,258.679,607.176,105.909,0.0254,ms_nir_circle_supported_lattice,No
1,Day 1,Tray 2,2,DJI_20260618124541_0007,43,5,3,341.701,553.615,288.747,500.661,394.656,606.57,105.909,0.0364,ms_nir_circle_supported_lattice,No
1,Day 1,Tray 2,2,DJI_20260618124541_0007,44,5,4,477.678,553.009,424.724,500.055,530.632,605.963,105.909,0.0701,ms_nir_circle_supported_lattice,No
1,Day 1,Tray 2,2,DJI_20260618124541_0007,45,5,5,613.655,552.403,560.7,499.449,666.609,605.357,105.909,0.062,ms_nir_circle_supported_lattice,No
1,Day 1,Tray 2,2,DJI_20260618124541_0007,46,5,6,749.631,551.797,696.677,498.843,802.586,604.751,105.909,0.0172,ms_nir_circle_supported_lattice,No
1,Day 1,Tray 2,2,DJI_20260618124541_0007,47,5,7,885.608,551.191,832.653,498.237,938.562,604.145,105.909,0.0392,ms_nir_circle_supported_lattice,No
1,Day 1,Tray 2,2,DJI_20260618124541_0007,48,5,8,1021.584,550.585,968.63,497.63,1074.539,603.539,105.909,0.0061,ms_nir_circle_supported_lattice,No
1,Day 1,Tray 2,2,DJI_20260618124541_0007,49,5,9,1157.561,549.979,1104.607,497.024,1210.515,602.933,105.909,0.0207,ms_nir_circle_supported_lattice,No
1,Day 1,Tray 2,2,DJI_20260618124541_0007,50,5,10,1293.538,549.373,1240.583,496.418,1346.492,602.327,105.909,0.0357,ms_nir_circle_supported_lattice,No
1,Day 1,Tray 2,2,DJI_20260618124541_0007,51,6,1,70.834,672.499,17.879,619.544,123.788,725.453,105.909,0.0376,ms_nir_circle_supported_lattice,No
1,Day 1,Tray 2,2,DJI_20260618124541_0007,52,6,2,206.81,671.893,153.856,618.938,259.765,724.847,105.909,0.0102,ms_nir_circle_supported_lattice,No
1,Day 1,Tray 2,2,DJI_20260618124541_0007,53,6,3,342.787,671.287,289.833,618.332,395.741,724.241,105.909,0.0218,ms_nir_circle_supported_lattice,No
1,Day 1,Tray 2,2,DJI_20260618124541_0007,54,6,4,478.764,670.681,425.809,617.726,531.718,723.635,105.909,0.0161,ms_nir_circle_supported_lattice,No
1,Day 1,Tray 2,2,DJI_20260618124541_0007,55,6,5,614.74,670.074,561.786,617.12,667.695,723.029,105.909,0.0213,ms_nir_circle_supported_lattice,No
1,Day 1,Tray 2,2,DJI_20260618124541_0007,56,6,6,750.717,669.468,697.762,616.514,803.671,722.423,105.909,0.0487,ms_nir_circle_supported_lattice,No
1,Day 1,Tray 2,2,DJI_20260618124541_0007,57,6,7,886.694,668.862,833.739,615.908,939.648,721.817,105.909,0.006,ms_nir_circle_supported_lattice,No
1,Day 1,Tray 2,2,DJI_20260618124541_0007,58,6,8,1022.67,668.256,969.716,615.302,1075.625,721.211,105.909,0.0186,ms_nir_circle_supported_lattice,No
1,Day 1,Tray 2,2,DJI_20260618124541_0007,59,6,9,1158.647,667.65,1105.692,614.696,1211.601,720.605,105.909,0.0307,ms_nir_circle_supported_lattice,No
1,Day 1,Tray 2,2,DJI_20260618124541_0007,60,6,10,1294.623,667.044,1241.669,614.09,1347.578,719.999,105.909,0.0548,ms_nir_circle_supported_lattice,No
1,Day 1,Tray 2,2,DJI_20260618124541_0007,61,7,1,71.919,790.17,18.965,737.216,124.874,843.125,105.909,0.0376,ms_nir_circle_supported_lattice,No
1,Day 1,Tray 2,2,DJI_20260618124541_0007,62,7,2,207.896,789.564,154.942,736.61,260.851,842.518,105.909,0.0268,ms_nir_circle_supported_lattice,No
1,Day 1,Tray 2,2,DJI_20260618124541_0007,63,7,3,343.873,788.958,290.918,736.004,396.827,841.912,105.909,0.0422,ms_nir_circle_supported_lattice,No
1,Day 1,Tray 2,2,DJI_20260618124541_0007,64,7,4,479.849,788.352,426.895,735.398,532.804,841.306,105.909,0.016,ms_nir_circle_supported_lattice,No
1,Day 1,Tray 2,2,DJI_20260618124541_0007,65,7,5,615.826,787.746,562.872,734.791,668.78,840.7,105.909,0.1115,ms_nir_circle_supported_lattice,No
1,Day 1,Tray 2,2,DJI_20260618124541_0007,66,7,6,751.803,787.14,698.848,734.185,804.757,840.094,105.909,0.0286,ms_nir_circle_supported_lattice,No
1,Day 1,Tray 2,2,DJI_20260618124541_0007,67,7,7,887.779,786.534,834.825,733.579,940.734,839.488,105.909,0.0345,ms_nir_circle_supported_lattice,No
1,Day 1,Tray 2,2,DJI_20260618124541_0007,68,7,8,1023.756,785.928,970.801,732.973,1076.71,838.882,105.909,0.0282,ms_nir_circle_supported_lattice,No
1,Day 1,Tray 2,2,DJI_20260618124541_0007,69,7,9,1159.732,785.322,1106.778,732.367,1212.687,838.276,105.909,0.0367,ms_nir_circle_supported_lattice,No
1,Day 1,Tray 2,2,DJI_20260618124541_0007,70,7,10,1295.709,784.716,1242.755,731.761,1348.663,837.67,105.909,0.0413,ms_nir_circle_supported_lattice,No
1,Day 1,Tray 3,3,DJI_20260618124235_0004,1,1,1,73.041,80.798,20.614,28.371,125.468,133.226,104.854,0.0175,ms_nir_circle_supported_lattice,No
1,Day 1,Tray 3,3,DJI_20260618124235_0004,2,1,2,209.312,81.203,156.885,28.775,261.739,133.63,104.854,0.0231,ms_nir_circle_supported_lattice,No
1,Day 1,Tray 3,3,DJI_20260618124235_0004,3,1,3,345.583,81.607,293.156,29.18,398.01,134.034,104.854,0.0293,ms_nir_circle_supported_lattice,No
1,Day 1,Tray 3,3,DJI_20260618124235_0004,4,1,4,481.854,82.011,429.427,29.584,534.281,134.439,104.854,0.0114,ms_nir_circle_supported_lattice,No
1,Day 1,Tray 3,3,DJI_20260618124235_0004,5,1,5,618.125,82.416,565.698,29.988,670.552,134.843,104.854,0.0271,ms_nir_circle_supported_lattice,No
1,Day 1,Tray 3,3,DJI_20260618124235_0004,6,1,6,754.396,82.82,701.969,30.393,806.823,135.247,104.854,0.0244,ms_nir_circle_supported_lattice,No
1,Day 1,Tray 3,3,DJI_20260618124235_0004,7,1,7,890.667,83.224,838.24,30.797,943.094,135.652,104.854,0.012,ms_nir_circle_supported_lattice,No
1,Day 1,Tray 3,3,DJI_20260618124235_0004,8,1,8,1026.938,83.629,974.511,31.201,1079.365,136.056,104.854,0.0175,ms_nir_circle_supported_lattice,No
1,Day 1,Tray 3,3,DJI_20260618124235_0004,9,1,9,1163.209,84.033,1110.782,31.606,1215.636,136.46,104.854,0.0254,ms_nir_circle_supported_lattice,No
1,Day 1,Tray 3,3,DJI_20260618124235_0004,10,1,10,1299.48,84.437,1247.053,32.01,1351.907,136.865,104.854,0.0185,ms_nir_circle_supported_lattice,No
1,Day 1,Tray 3,3,DJI_20260618124235_0004,11,2,1,72.473,197.302,20.046,144.875,124.901,249.729,104.854,0.0196,ms_nir_circle_supported_lattice,No
1,Day 1,Tray 3,3,DJI_20260618124235_0004,12,2,2,208.744,197.706,156.317,145.279,261.172,250.134,104.854,0.0148,ms_nir_circle_supported_lattice,No
1,Day 1,Tray 3,3,DJI_20260618124235_0004,13,2,3,345.015,198.111,292.588,145.683,397.443,250.538,104.854,0.0095,ms_nir_circle_supported_lattice,No
1,Day 1,Tray 3,3,DJI_20260618124235_0004,14,2,4,481.286,198.515,428.859,146.088,533.714,250.942,104.854,0.0863,ms_nir_circle_supported_lattice,No
1,Day 1,Tray 3,3,DJI_20260618124235_0004,15,2,5,617.557,198.919,565.13,146.492,669.985,251.346,104.854,0.0048,ms_nir_circle_supported_lattice,No
1,Day 1,Tray 3,3,DJI_20260618124235_0004,16,2,6,753.828,199.324,701.401,146.896,806.256,251.751,104.854,0.0031,ms_nir_circle_supported_lattice,No
1,Day 1,Tray 3,3,DJI_20260618124235_0004,17,2,7,890.099,199.728,837.672,147.301,942.527,252.155,104.854,0.0081,ms_nir_circle_supported_lattice,No
1,Day 1,Tray 3,3,DJI_20260618124235_0004,18,2,8,1026.37,200.132,973.943,147.705,1078.798,252.559,104.854,0.0111,ms_nir_circle_supported_lattice,No
1,Day 1,Tray 3,3,DJI_20260618124235_0004,19,2,9,1162.641,200.537,1110.214,148.109,1215.069,252.964,104.854,0.0262,ms_nir_circle_supported_lattice,No
1,Day 1,Tray 3,3,DJI_20260618124235_0004,20,2,10,1298.912,200.941,1246.485,148.514,1351.34,253.368,104.854,0.0081,ms_nir_circle_supported_lattice,No
1,Day 1,Tray 3,3,DJI_20260618124235_0004,21,3,1,71.906,313.806,19.478,261.378,124.333,366.233,104.854,0.0351,ms_nir_circle_supported_lattice,No
1,Day 1,Tray 3,3,DJI_20260618124235_0004,22,3,2,208.177,314.21,155.749,261.783,260.604,366.637,104.854,0.0069,ms_nir_circle_supported_lattice,No
1,Day 1,Tray 3,3,DJI_20260618124235_0004,23,3,3,344.448,314.614,292.02,262.187,396.875,367.041,104.854,0.0135,ms_nir_circle_supported_lattice,No
1,Day 1,Tray 3,3,DJI_20260618124235_0004,24,3,4,480.719,315.019,428.291,262.591,533.146,367.446,104.854,0.011,ms_nir_circle_supported_lattice,No
1,Day 1,Tray 3,3,DJI_20260618124235_0004,25,3,5,616.99,315.423,564.562,262.996,669.417,367.85,104.854,0.0263,ms_nir_circle_supported_lattice,No
1,Day 1,Tray 3,3,DJI_20260618124235_0004,26,3,6,753.26,315.827,700.833,263.4,805.688,368.254,104.854,0.015,ms_nir_circle_supported_lattice,No
1,Day 1,Tray 3,3,DJI_20260618124235_0004,27,3,7,889.531,316.231,837.104,263.804,941.959,368.659,104.854,0.005,ms_nir_circle_supported_lattice,No
1,Day 1,Tray 3,3,DJI_20260618124235_0004,28,3,8,1025.802,316.636,973.375,264.209,1078.23,369.063,104.854,0.0164,ms_nir_circle_supported_lattice,No
1,Day 1,Tray 3,3,DJI_20260618124235_0004,29,3,9,1162.073,317.04,1109.646,264.613,1214.501,369.467,104.854,0.0007,ms_nir_circle_supported_lattice,No
1,Day 1,Tray 3,3,DJI_20260618124235_0004,30,3,10,1298.344,317.444,1245.917,265.017,1350.772,369.872,104.854,0.0137,ms_nir_circle_supported_lattice,No
1,Day 1,Tray 3,3,DJI_20260618124235_0004,31,4,1,71.338,430.309,18.91,377.882,123.765,482.736,104.854,0.0039,ms_nir_circle_supported_lattice,No
1,Day 1,Tray 3,3,DJI_20260618124235_0004,32,4,2,207.609,430.713,155.181,378.286,260.036,483.141,104.854,0.0156,ms_nir_circle_supported_lattice,No
1,Day 1,Tray 3,3,DJI_20260618124235_0004,33,4,3,343.88,431.118,291.452,378.691,396.307,483.545,104.854,0.0136,ms_nir_circle_supported_lattice,No
1,Day 1,Tray 3,3,DJI_20260618124235_0004,34,4,4,480.151,431.522,427.723,379.095,532.578,483.949,104.854,0.0108,ms_nir_circle_supported_lattice,No
1,Day 1,Tray 3,3,DJI_20260618124235_0004,35,4,5,616.422,431.926,563.994,379.499,668.849,484.354,104.854,0.0266,ms_nir_circle_supported_lattice,No
1,Day 1,Tray 3,3,DJI_20260618124235_0004,36,4,6,752.693,432.331,700.265,379.904,805.12,484.758,104.854,0.0063,ms_nir_circle_supported_lattice,No
1,Day 1,Tray 3,3,DJI_20260618124235_0004,37,4,7,888.964,432.735,836.536,380.308,941.391,485.162,104.854,0.017,ms_nir_circle_supported_lattice,No
1,Day 1,Tray 3,3,DJI_20260618124235_0004,38,4,8,1025.235,433.139,972.807,380.712,1077.662,485.567,104.854,0.0077,ms_nir_circle_supported_lattice,No
1,Day 1,Tray 3,3,DJI_20260618124235_0004,39,4,9,1161.506,433.544,1109.078,381.116,1213.933,485.971,104.854,0.0058,ms_nir_circle_supported_lattice,No
1,Day 1,Tray 3,3,DJI_20260618124235_0004,40,4,10,1297.777,433.948,1245.349,381.521,1350.204,486.375,104.854,0.002,ms_nir_circle_supported_lattice,No
1,Day 1,Tray 3,3,DJI_20260618124235_0004,41,5,1,70.77,546.813,18.343,494.385,123.197,599.24,104.854,0.0153,ms_nir_circle_supported_lattice,No
1,Day 1,Tray 3,3,DJI_20260618124235_0004,42,5,2,207.041,547.217,154.614,494.79,259.468,599.644,104.854,0.0177,ms_nir_circle_supported_lattice,No
1,Day 1,Tray 3,3,DJI_20260618124235_0004,43,5,3,343.312,547.621,290.885,495.194,395.739,600.049,104.854,0.0233,ms_nir_circle_supported_lattice,No
1,Day 1,Tray 3,3,DJI_20260618124235_0004,44,5,4,479.583,548.026,427.156,495.598,532.01,600.453,104.854,0.005,ms_nir_circle_supported_lattice,No
1,Day 1,Tray 3,3,DJI_20260618124235_0004,45,5,5,615.854,548.43,563.427,496.003,668.281,600.857,104.854,0.0051,ms_nir_circle_supported_lattice,No
1,Day 1,Tray 3,3,DJI_20260618124235_0004,46,5,6,752.125,548.834,699.698,496.407,804.552,601.262,104.854,0.0076,ms_nir_circle_supported_lattice,No
1,Day 1,Tray 3,3,DJI_20260618124235_0004,47,5,7,888.396,549.239,835.969,496.811,940.823,601.666,104.854,0.0083,ms_nir_circle_supported_lattice,No
1,Day 1,Tray 3,3,DJI_20260618124235_0004,48,5,8,1024.667,549.643,972.24,497.216,1077.094,602.07,104.854,0.1215,ms_nir_circle_supported_lattice,No
1,Day 1,Tray 3,3,DJI_20260618124235_0004,49,5,9,1160.938,550.047,1108.511,497.62,1213.365,602.475,104.854,0.0007,ms_nir_circle_supported_lattice,No
1,Day 1,Tray 3,3,DJI_20260618124235_0004,50,5,10,1297.209,550.452,1244.782,498.024,1349.636,602.879,104.854,0.0083,ms_nir_circle_supported_lattice,No
1,Day 1,Tray 3,3,DJI_20260618124235_0004,51,6,1,70.202,663.316,17.775,610.889,122.629,715.743,104.854,0.0198,ms_nir_circle_supported_lattice,No
1,Day 1,Tray 3,3,DJI_20260618124235_0004,52,6,2,206.473,663.721,154.046,611.293,258.9,716.148,104.854,0.0047,ms_nir_circle_supported_lattice,No
1,Day 1,Tray 3,3,DJI_20260618124235_0004,53,6,3,342.744,664.125,290.317,611.698,395.171,716.552,104.854,0.0815,ms_nir_circle_supported_lattice,No
1,Day 1,Tray 3,3,DJI_20260618124235_0004,54,6,4,479.015,664.529,426.588,612.102,531.442,716.956,104.854,0.0948,ms_nir_circle_supported_lattice,No
1,Day 1,Tray 3,3,DJI_20260618124235_0004,55,6,5,615.286,664.934,562.859,612.506,667.713,717.361,104.854,0.0025,ms_nir_circle_supported_lattice,No
1,Day 1,Tray 3,3,DJI_20260618124235_0004,56,6,6,751.557,665.338,699.13,612.911,803.984,717.765,104.854,0.0056,ms_nir_circle_supported_lattice,No
1,Day 1,Tray 3,3,DJI_20260618124235_0004,57,6,7,887.828,665.742,835.401,613.315,940.255,718.169,104.854,0.0218,ms_nir_circle_supported_lattice,No
1,Day 1,Tray 3,3,DJI_20260618124235_0004,58,6,8,1024.099,666.147,971.672,613.719,1076.526,718.574,104.854,0.0074,ms_nir_circle_supported_lattice,No
1,Day 1,Tray 3,3,DJI_20260618124235_0004,59,6,9,1160.37,666.551,1107.943,614.124,1212.797,718.978,104.854,0.0066,ms_nir_circle_supported_lattice,No
1,Day 1,Tray 3,3,DJI_20260618124235_0004,60,6,10,1296.641,666.955,1244.214,614.528,1349.068,719.382,104.854,0.0031,ms_nir_circle_supported_lattice,No
1,Day 1,Tray 3,3,DJI_20260618124235_0004,61,7,1,69.634,779.82,17.207,727.393,122.061,832.247,104.854,0.0106,ms_nir_circle_supported_lattice,No
1,Day 1,Tray 3,3,DJI_20260618124235_0004,62,7,2,205.905,780.224,153.478,727.797,258.332,832.651,104.854,0.0333,ms_nir_circle_supported_lattice,No
1,Day 1,Tray 3,3,DJI_20260618124235_0004,63,7,3,342.176,780.628,289.749,728.201,394.603,833.056,104.854,0.0414,ms_nir_circle_supported_lattice,No
1,Day 1,Tray 3,3,DJI_20260618124235_0004,64,7,4,478.447,781.033,426.02,728.606,530.874,833.46,104.854,0.0096,ms_nir_circle_supported_lattice,No
1,Day 1,Tray 3,3,DJI_20260618124235_0004,65,7,5,614.718,781.437,562.291,729.01,667.145,833.864,104.854,0.0136,ms_nir_circle_supported_lattice,No
1,Day 1,Tray 3,3,DJI_20260618124235_0004,66,7,6,750.989,781.841,698.562,729.414,803.416,834.269,104.854,0.0185,ms_nir_circle_supported_lattice,No
1,Day 1,Tray 3,3,DJI_20260618124235_0004,67,7,7,887.26,782.246,834.833,729.819,939.687,834.673,104.854,0.011,ms_nir_circle_supported_lattice,No
1,Day 1,Tray 3,3,DJI_20260618124235_0004,68,7,8,1023.531,782.65,971.104,730.223,1075.958,835.077,104.854,0.0461,ms_nir_circle_supported_lattice,No
1,Day 1,Tray 3,3,DJI_20260618124235_0004,69,7,9,1159.802,783.054,1107.375,730.627,1212.229,835.482,104.854,0.0131,ms_nir_circle_supported_lattice,No
1,Day 1,Tray 3,3,DJI_20260618124235_0004,70,7,10,1296.073,783.459,1243.646,731.032,1348.5,835.886,104.854,0.0292,ms_nir_circle_supported_lattice,No
1,Day 1,Tray 4,4,DJI_20260618124331_0005,1,1,1,78.948,80.758,26.281,28.091,131.615,133.426,105.334,0.0177,ms_nir_circle_supported_lattice,No
1,Day 1,Tray 4,4,DJI_20260618124331_0005,2,1,2,215.449,79.774,162.782,27.107,268.116,132.441,105.334,0.0321,ms_nir_circle_supported_lattice,No
1,Day 1,Tray 4,4,DJI_20260618124331_0005,3,1,3,351.95,78.79,299.283,26.122,404.617,131.457,105.334,0.0091,ms_nir_circle_supported_lattice,No
1,Day 1,Tray 4,4,DJI_20260618124331_0005,4,1,4,488.452,77.805,435.785,25.138,541.119,130.472,105.334,0.0112,ms_nir_circle_supported_lattice,No
1,Day 1,Tray 4,4,DJI_20260618124331_0005,5,1,5,624.953,76.821,572.286,24.154,677.62,129.488,105.334,0.0181,ms_nir_circle_supported_lattice,No
1,Day 1,Tray 4,4,DJI_20260618124331_0005,6,1,6,761.454,75.836,708.787,23.169,814.121,128.503,105.334,0.0301,ms_nir_circle_supported_lattice,No
1,Day 1,Tray 4,4,DJI_20260618124331_0005,7,1,7,897.956,74.852,845.288,22.185,950.623,127.519,105.334,0.0194,ms_nir_circle_supported_lattice,No
1,Day 1,Tray 4,4,DJI_20260618124331_0005,8,1,8,1034.457,73.868,981.79,21.2,1087.124,126.535,105.334,0.0295,ms_nir_circle_supported_lattice,No
1,Day 1,Tray 4,4,DJI_20260618124331_0005,9,1,9,1170.958,72.883,1118.291,20.216,1223.625,125.55,105.334,0.0551,ms_nir_circle_supported_lattice,No
1,Day 1,Tray 4,4,DJI_20260618124331_0005,10,1,10,1307.459,71.899,1254.792,19.232,1360.127,124.566,105.334,0.0421,ms_nir_circle_supported_lattice,No
1,Day 1,Tray 4,4,DJI_20260618124331_0005,11,2,1,80.437,197.787,27.77,145.12,133.104,250.454,105.334,0.0225,ms_nir_circle_supported_lattice,No
1,Day 1,Tray 4,4,DJI_20260618124331_0005,12,2,2,216.938,196.803,164.271,144.135,269.605,249.47,105.334,0.0179,ms_nir_circle_supported_lattice,No
1,Day 1,Tray 4,4,DJI_20260618124331_0005,13,2,3,353.44,195.818,300.772,143.151,406.107,248.485,105.334,0.023,ms_nir_circle_supported_lattice,No
1,Day 1,Tray 4,4,DJI_20260618124331_0005,14,2,4,489.941,194.834,437.274,142.167,542.608,247.501,105.334,0.034,ms_nir_circle_supported_lattice,No
1,Day 1,Tray 4,4,DJI_20260618124331_0005,15,2,5,626.442,193.849,573.775,141.182,679.109,246.516,105.334,0.0248,ms_nir_circle_supported_lattice,No
1,Day 1,Tray 4,4,DJI_20260618124331_0005,16,2,6,762.944,192.865,710.276,140.198,815.611,245.532,105.334,0.0166,ms_nir_circle_supported_lattice,No
1,Day 1,Tray 4,4,DJI_20260618124331_0005,17,2,7,899.445,191.881,846.778,139.213,952.112,244.548,105.334,0.0156,ms_nir_circle_supported_lattice,No
1,Day 1,Tray 4,4,DJI_20260618124331_0005,18,2,8,1035.946,190.896,983.279,138.229,1088.613,243.563,105.334,0.0183,ms_nir_circle_supported_lattice,No
1,Day 1,Tray 4,4,DJI_20260618124331_0005,19,2,9,1172.447,189.912,1119.78,137.245,1225.115,242.579,105.334,0.0309,ms_nir_circle_supported_lattice,No
1,Day 1,Tray 4,4,DJI_20260618124331_0005,20,2,10,1308.949,188.927,1256.282,136.26,1361.616,241.594,105.334,0.0458,ms_nir_circle_supported_lattice,No
1,Day 1,Tray 4,4,DJI_20260618124331_0005,21,3,1,81.926,314.816,29.259,262.148,134.593,367.483,105.334,0.0203,ms_nir_circle_supported_lattice,No
1,Day 1,Tray 4,4,DJI_20260618124331_0005,22,3,2,218.428,313.831,165.76,261.164,271.095,366.498,105.334,0.0586,ms_nir_circle_supported_lattice,No
1,Day 1,Tray 4,4,DJI_20260618124331_0005,23,3,3,354.929,312.847,302.262,260.18,407.596,365.514,105.334,0.0014,ms_nir_circle_supported_lattice,No
1,Day 1,Tray 4,4,DJI_20260618124331_0005,24,3,4,491.43,311.862,438.763,259.195,544.097,364.529,105.334,0.0082,ms_nir_circle_supported_lattice,No
1,Day 1,Tray 4,4,DJI_20260618124331_0005,25,3,5,627.931,310.878,575.264,258.211,680.599,363.545,105.334,0.0075,ms_nir_circle_supported_lattice,No
1,Day 1,Tray 4,4,DJI_20260618124331_0005,26,3,6,764.433,309.894,711.766,257.226,817.1,362.561,105.334,0.009,ms_nir_circle_supported_lattice,No
1,Day 1,Tray 4,4,DJI_20260618124331_0005,27,3,7,900.934,308.909,848.267,256.242,953.601,361.576,105.334,0.0626,ms_nir_circle_supported_lattice,No
1,Day 1,Tray 4,4,DJI_20260618124331_0005,28,3,8,1037.435,307.925,984.768,255.258,1090.103,360.592,105.334,0.128,ms_nir_circle_supported_lattice,No
1,Day 1,Tray 4,4,DJI_20260618124331_0005,29,3,9,1173.937,306.94,1121.27,254.273,1226.604,359.607,105.334,0.0189,ms_nir_circle_supported_lattice,No
1,Day 1,Tray 4,4,DJI_20260618124331_0005,30,3,10,1310.438,305.956,1257.771,253.289,1363.105,358.623,105.334,0.0515,ms_nir_circle_supported_lattice,No
1,Day 1,Tray 4,4,DJI_20260618124331_0005,31,4,1,83.416,431.844,30.748,379.177,136.083,484.511,105.334,0.038,ms_nir_circle_supported_lattice,No
1,Day 1,Tray 4,4,DJI_20260618124331_0005,32,4,2,219.917,430.86,167.25,378.193,272.584,483.527,105.334,0.0618,ms_nir_circle_supported_lattice,No
1,Day 1,Tray 4,4,DJI_20260618124331_0005,33,4,3,356.418,429.875,303.751,377.208,409.085,482.542,105.334,0.009,ms_nir_circle_supported_lattice,No
1,Day 1,Tray 4,4,DJI_20260618124331_0005,34,4,4,492.919,428.891,440.252,376.224,545.587,481.558,105.334,0.0471,ms_nir_circle_supported_lattice,No
1,Day 1,Tray 4,4,DJI_20260618124331_0005,35,4,5,629.421,427.906,576.754,375.239,682.088,480.574,105.334,0.0156,ms_nir_circle_supported_lattice,No
1,Day 1,Tray 4,4,DJI_20260618124331_0005,36,4,6,765.922,426.922,713.255,374.255,818.589,479.589,105.334,0.031,ms_nir_circle_supported_lattice,No
1,Day 1,Tray 4,4,DJI_20260618124331_0005,37,4,7,902.423,425.938,849.756,373.271,955.09,478.605,105.334,0.0157,ms_nir_circle_supported_lattice,No
1,Day 1,Tray 4,4,DJI_20260618124331_0005,38,4,8,1038.925,424.953,986.258,372.286,1091.592,477.62,105.334,0.0616,ms_nir_circle_supported_lattice,No
1,Day 1,Tray 4,4,DJI_20260618124331_0005,39,4,9,1175.426,423.969,1122.759,371.302,1228.093,476.636,105.334,0.0401,ms_nir_circle_supported_lattice,No
1,Day 1,Tray 4,4,DJI_20260618124331_0005,40,4,10,1311.927,422.984,1259.26,370.317,1364.594,475.652,105.334,0.0116,ms_nir_circle_supported_lattice,No
1,Day 1,Tray 4,4,DJI_20260618124331_0005,41,5,1,84.905,548.873,32.238,496.206,137.572,601.54,105.334,0.0347,ms_nir_circle_supported_lattice,No
1,Day 1,Tray 4,4,DJI_20260618124331_0005,42,5,2,221.406,547.888,168.739,495.221,274.073,600.555,105.334,0.1036,ms_nir_circle_supported_lattice,No
1,Day 1,Tray 4,4,DJI_20260618124331_0005,43,5,3,357.907,546.904,305.24,494.237,410.575,599.571,105.334,0.0078,ms_nir_circle_supported_lattice,No
1,Day 1,Tray 4,4,DJI_20260618124331_0005,44,5,4,494.409,545.919,441.742,493.252,547.076,598.587,105.334,0.0356,ms_nir_circle_supported_lattice,No
1,Day 1,Tray 4,4,DJI_20260618124331_0005,45,5,5,630.91,544.935,578.243,492.268,683.577,597.602,105.334,0.0123,ms_nir_circle_supported_lattice,No
1,Day 1,Tray 4,4,DJI_20260618124331_0005,46,5,6,767.411,543.951,714.744,491.284,820.078,596.618,105.334,0.0335,ms_nir_circle_supported_lattice,No
1,Day 1,Tray 4,4,DJI_20260618124331_0005,47,5,7,903.913,542.966,851.246,490.299,956.58,595.633,105.334,0.0124,ms_nir_circle_supported_lattice,No
1,Day 1,Tray 4,4,DJI_20260618124331_0005,48,5,8,1040.414,541.982,987.747,489.315,1093.081,594.649,105.334,0.0658,ms_nir_circle_supported_lattice,No
1,Day 1,Tray 4,4,DJI_20260618124331_0005,49,5,9,1176.915,540.997,1124.248,488.33,1229.582,593.665,105.334,0.0521,ms_nir_circle_supported_lattice,No
1,Day 1,Tray 4,4,DJI_20260618124331_0005,50,5,10,1313.417,540.013,1260.749,487.346,1366.084,592.68,105.334,0.033,ms_nir_circle_supported_lattice,No
1,Day 1,Tray 4,4,DJI_20260618124331_0005,51,6,1,86.394,665.901,33.727,613.234,139.061,718.568,105.334,0.0409,ms_nir_circle_supported_lattice,No
1,Day 1,Tray 4,4,DJI_20260618124331_0005,52,6,2,222.895,664.917,170.228,612.25,275.563,717.584,105.334,0.0162,ms_nir_circle_supported_lattice,No
1,Day 1,Tray 4,4,DJI_20260618124331_0005,53,6,3,359.397,663.932,306.73,611.265,412.064,716.6,105.334,0.0651,ms_nir_circle_supported_lattice,No
1,Day 1,Tray 4,4,DJI_20260618124331_0005,54,6,4,495.898,662.948,443.231,610.281,548.565,715.615,105.334,0.1256,ms_nir_circle_supported_lattice,No
1,Day 1,Tray 4,4,DJI_20260618124331_0005,55,6,5,632.399,661.964,579.732,609.297,685.066,714.631,105.334,0.0137,ms_nir_circle_supported_lattice,No
1,Day 1,Tray 4,4,DJI_20260618124331_0005,56,6,6,768.901,660.979,716.234,608.312,821.568,713.646,105.334,0.0265,ms_nir_circle_supported_lattice,No
1,Day 1,Tray 4,4,DJI_20260618124331_0005,57,6,7,905.402,659.995,852.735,607.328,958.069,712.662,105.334,0.0352,ms_nir_circle_supported_lattice,No
1,Day 1,Tray 4,4,DJI_20260618124331_0005,58,6,8,1041.903,659.01,989.236,606.343,1094.57,711.678,105.334,0.0127,ms_nir_circle_supported_lattice,No
1,Day 1,Tray 4,4,DJI_20260618124331_0005,59,6,9,1178.405,658.026,1125.737,605.359,1231.072,710.693,105.334,0.1064,ms_nir_circle_supported_lattice,No
1,Day 1,Tray 4,4,DJI_20260618124331_0005,60,6,10,1314.906,657.042,1262.239,604.374,1367.573,709.709,105.334,0.0351,ms_nir_circle_supported_lattice,No
1,Day 1,Tray 4,4,DJI_20260618124331_0005,61,7,1,87.883,782.93,35.216,730.263,140.551,835.597,105.334,0.0511,ms_nir_circle_supported_lattice,No
1,Day 1,Tray 4,4,DJI_20260618124331_0005,62,7,2,224.385,781.945,171.718,729.278,277.052,834.613,105.334,0.0414,ms_nir_circle_supported_lattice,No
1,Day 1,Tray 4,4,DJI_20260618124331_0005,63,7,3,360.886,780.961,308.219,728.294,413.553,833.628,105.334,0.028,ms_nir_circle_supported_lattice,No
1,Day 1,Tray 4,4,DJI_20260618124331_0005,64,7,4,497.387,779.977,444.72,727.31,550.054,832.644,105.334,0.0654,ms_nir_circle_supported_lattice,No
1,Day 1,Tray 4,4,DJI_20260618124331_0005,65,7,5,633.889,778.992,581.222,726.325,686.556,831.659,105.334,0.0095,ms_nir_circle_supported_lattice,No
1,Day 1,Tray 4,4,DJI_20260618124331_0005,66,7,6,770.39,778.008,717.723,725.341,823.057,830.675,105.334,0.0138,ms_nir_circle_supported_lattice,No
1,Day 1,Tray 4,4,DJI_20260618124331_0005,67,7,7,906.891,777.023,854.224,724.356,959.558,829.69,105.334,0.0613,ms_nir_circle_supported_lattice,No
1,Day 1,Tray 4,4,DJI_20260618124331_0005,68,7,8,1043.393,776.039,990.725,723.372,1096.06,828.706,105.334,0.0294,ms_nir_circle_supported_lattice,No
1,Day 1,Tray 4,4,DJI_20260618124331_0005,69,7,9,1179.894,775.055,1127.227,722.387,1232.561,827.722,105.334,0.0318,ms_nir_circle_supported_lattice,No
1,Day 1,Tray 4,4,DJI_20260618124331_0005,70,7,10,1316.395,774.07,1263.728,721.403,1369.062,826.737,105.334,0.015,ms_nir_circle_supported_lattice,No
1,Day 1,Tray 5,5,DJI_20260618124449_0006,1,1,1,72.242,76.357,19.761,23.875,124.723,128.838,104.963,0.025,ms_nir_circle_supported_lattice,No
1,Day 1,Tray 5,5,DJI_20260618124449_0006,2,1,2,208.368,76.415,155.887,23.933,260.85,128.896,104.963,0.0169,ms_nir_circle_supported_lattice,No
1,Day 1,Tray 5,5,DJI_20260618124449_0006,3,1,3,344.495,76.473,292.013,23.991,396.976,128.954,104.963,0.0133,ms_nir_circle_supported_lattice,No
1,Day 1,Tray 5,5,DJI_20260618124449_0006,4,1,4,480.621,76.531,428.14,24.049,533.102,129.012,104.963,0.0325,ms_nir_circle_supported_lattice,No
1,Day 1,Tray 5,5,DJI_20260618124449_0006,5,1,5,616.748,76.589,564.266,24.108,669.229,129.07,104.963,0.0236,ms_nir_circle_supported_lattice,No
1,Day 1,Tray 5,5,DJI_20260618124449_0006,6,1,6,752.874,76.647,700.393,24.166,805.355,129.128,104.963,0.0191,ms_nir_circle_supported_lattice,No
1,Day 1,Tray 5,5,DJI_20260618124449_0006,7,1,7,889.0,76.705,836.519,24.224,941.482,129.186,104.963,0.0173,ms_nir_circle_supported_lattice,No
1,Day 1,Tray 5,5,DJI_20260618124449_0006,8,1,8,1025.127,76.763,972.645,24.282,1077.608,129.244,104.963,0.0162,ms_nir_circle_supported_lattice,No
1,Day 1,Tray 5,5,DJI_20260618124449_0006,9,1,9,1161.253,76.821,1108.772,24.34,1213.734,129.302,104.963,0.0273,ms_nir_circle_supported_lattice,No
1,Day 1,Tray 5,5,DJI_20260618124449_0006,10,1,10,1297.38,76.879,1244.898,24.398,1349.861,129.36,104.963,0.0337,ms_nir_circle_supported_lattice,No
1,Day 1,Tray 5,5,DJI_20260618124449_0006,11,2,1,73.553,192.975,21.071,140.493,126.034,245.456,104.963,0.0258,ms_nir_circle_supported_lattice,No
1,Day 1,Tray 5,5,DJI_20260618124449_0006,12,2,2,209.679,193.033,157.198,140.551,262.16,245.514,104.963,0.0058,ms_nir_circle_supported_lattice,No
1,Day 1,Tray 5,5,DJI_20260618124449_0006,13,2,3,345.805,193.091,293.324,140.609,398.287,245.572,104.963,0.0307,ms_nir_circle_supported_lattice,No
1,Day 1,Tray 5,5,DJI_20260618124449_0006,14,2,4,481.932,193.149,429.45,140.667,534.413,245.63,104.963,0.0092,ms_nir_circle_supported_lattice,No
1,Day 1,Tray 5,5,DJI_20260618124449_0006,15,2,5,618.058,193.207,565.577,140.725,670.54,245.688,104.963,0.0287,ms_nir_circle_supported_lattice,No
1,Day 1,Tray 5,5,DJI_20260618124449_0006,16,2,6,754.185,193.265,701.703,140.783,806.666,245.746,104.963,0.0094,ms_nir_circle_supported_lattice,No
1,Day 1,Tray 5,5,DJI_20260618124449_0006,17,2,7,890.311,193.323,837.83,140.841,942.792,245.804,104.963,0.0065,ms_nir_circle_supported_lattice,No
1,Day 1,Tray 5,5,DJI_20260618124449_0006,18,2,8,1026.437,193.381,973.956,140.899,1078.919,245.862,104.963,0.0147,ms_nir_circle_supported_lattice,No
1,Day 1,Tray 5,5,DJI_20260618124449_0006,19,2,9,1162.564,193.439,1110.083,140.957,1215.045,245.92,104.963,0.0225,ms_nir_circle_supported_lattice,No
1,Day 1,Tray 5,5,DJI_20260618124449_0006,20,2,10,1298.69,193.497,1246.209,141.015,1351.172,245.978,104.963,0.0456,ms_nir_circle_supported_lattice,No
1,Day 1,Tray 5,5,DJI_20260618124449_0006,21,3,1,74.863,309.593,22.382,257.111,127.345,362.074,104.963,0.0168,ms_nir_circle_supported_lattice,No
1,Day 1,Tray 5,5,DJI_20260618124449_0006,22,3,2,210.99,309.651,158.508,257.169,263.471,362.132,104.963,0.0103,ms_nir_circle_supported_lattice,No
1,Day 1,Tray 5,5,DJI_20260618124449_0006,23,3,3,347.116,309.709,294.635,257.227,399.597,362.19,104.963,0.0146,ms_nir_circle_supported_lattice,No
1,Day 1,Tray 5,5,DJI_20260618124449_0006,24,3,4,483.243,309.767,430.761,257.285,535.724,362.248,104.963,0.0068,ms_nir_circle_supported_lattice,No
1,Day 1,Tray 5,5,DJI_20260618124449_0006,25,3,5,619.369,309.825,566.888,257.343,671.85,362.306,104.963,0.0141,ms_nir_circle_supported_lattice,No
1,Day 1,Tray 5,5,DJI_20260618124449_0006,26,3,6,755.495,309.883,703.014,257.401,807.977,362.364,104.963,0.0129,ms_nir_circle_supported_lattice,No
1,Day 1,Tray 5,5,DJI_20260618124449_0006,27,3,7,891.622,309.941,839.14,257.459,944.103,362.422,104.963,0.0087,ms_nir_circle_supported_lattice,No
1,Day 1,Tray 5,5,DJI_20260618124449_0006,28,3,8,1027.748,309.999,975.267,257.517,1080.23,362.48,104.963,0.0089,ms_nir_circle_supported_lattice,No
1,Day 1,Tray 5,5,DJI_20260618124449_0006,29,3,9,1163.875,310.057,1111.393,257.575,1216.356,362.538,104.963,0.0182,ms_nir_circle_supported_lattice,No
1,Day 1,Tray 5,5,DJI_20260618124449_0006,30,3,10,1300.001,310.115,1247.52,257.633,1352.482,362.596,104.963,0.025,ms_nir_circle_supported_lattice,No
1,Day 1,Tray 5,5,DJI_20260618124449_0006,31,4,1,76.174,426.21,23.693,373.729,128.655,478.692,104.963,0.028,ms_nir_circle_supported_lattice,No
1,Day 1,Tray 5,5,DJI_20260618124449_0006,32,4,2,212.3,426.268,159.819,373.787,264.782,478.75,104.963,0.0186,ms_nir_circle_supported_lattice,No
1,Day 1,Tray 5,5,DJI_20260618124449_0006,33,4,3,348.427,426.326,295.945,373.845,400.908,478.808,104.963,0.0167,ms_nir_circle_supported_lattice,No
1,Day 1,Tray 5,5,DJI_20260618124449_0006,34,4,4,484.553,426.384,432.072,373.903,537.035,478.866,104.963,0.0192,ms_nir_circle_supported_lattice,No
1,Day 1,Tray 5,5,DJI_20260618124449_0006,35,4,5,620.68,426.442,568.198,373.961,673.161,478.924,104.963,0.0175,ms_nir_circle_supported_lattice,No
1,Day 1,Tray 5,5,DJI_20260618124449_0006,36,4,6,756.806,426.5,704.325,374.019,809.287,478.982,104.963,0.0228,ms_nir_circle_supported_lattice,No
1,Day 1,Tray 5,5,DJI_20260618124449_0006,37,4,7,892.932,426.558,840.451,374.077,945.414,479.04,104.963,0.0134,ms_nir_circle_supported_lattice,No
1,Day 1,Tray 5,5,DJI_20260618124449_0006,38,4,8,1029.059,426.616,976.578,374.135,1081.54,479.098,104.963,0.016,ms_nir_circle_supported_lattice,No
1,Day 1,Tray 5,5,DJI_20260618124449_0006,39,4,9,1165.185,426.674,1112.704,374.193,1217.667,479.156,104.963,0.0133,ms_nir_circle_supported_lattice,No
1,Day 1,Tray 5,5,DJI_20260618124449_0006,40,4,10,1301.312,426.732,1248.83,374.251,1353.793,479.214,104.963,0.0226,ms_nir_circle_supported_lattice,No
1,Day 1,Tray 5,5,DJI_20260618124449_0006,41,5,1,77.485,542.828,25.003,490.347,129.966,595.31,104.963,0.0236,ms_nir_circle_supported_lattice,No
1,Day 1,Tray 5,5,DJI_20260618124449_0006,42,5,2,213.611,542.886,161.13,490.405,266.092,595.368,104.963,0.0053,ms_nir_circle_supported_lattice,No
1,Day 1,Tray 5,5,DJI_20260618124449_0006,43,5,3,349.738,542.944,297.256,490.463,402.219,595.426,104.963,0.0023,ms_nir_circle_supported_lattice,No
1,Day 1,Tray 5,5,DJI_20260618124449_0006,44,5,4,485.864,543.002,433.383,490.521,538.345,595.484,104.963,0.0197,ms_nir_circle_supported_lattice,No
1,Day 1,Tray 5,5,DJI_20260618124449_0006,45,5,5,621.99,543.06,569.509,490.579,674.472,595.542,104.963,0.0087,ms_nir_circle_supported_lattice,No
1,Day 1,Tray 5,5,DJI_20260618124449_0006,46,5,6,758.117,543.118,705.635,490.637,810.598,595.6,104.963,0.0429,ms_nir_circle_supported_lattice,No
1,Day 1,Tray 5,5,DJI_20260618124449_0006,47,5,7,894.243,543.176,841.762,490.695,946.725,595.658,104.963,0.0067,ms_nir_circle_supported_lattice,No
1,Day 1,Tray 5,5,DJI_20260618124449_0006,48,5,8,1030.37,543.234,977.888,490.753,1082.851,595.716,104.963,0.0058,ms_nir_circle_supported_lattice,No
1,Day 1,Tray 5,5,DJI_20260618124449_0006,49,5,9,1166.496,543.292,1114.015,490.811,1218.977,595.774,104.963,0.0119,ms_nir_circle_supported_lattice,No
1,Day 1,Tray 5,5,DJI_20260618124449_0006,50,5,10,1302.622,543.35,1250.141,490.869,1355.104,595.832,104.963,0.015,ms_nir_circle_supported_lattice,No
1,Day 1,Tray 5,5,DJI_20260618124449_0006,51,6,1,78.795,659.446,26.314,606.965,131.277,711.927,104.963,0.0296,ms_nir_circle_supported_lattice,No
1,Day 1,Tray 5,5,DJI_20260618124449_0006,52,6,2,214.922,659.504,162.441,607.023,267.403,711.985,104.963,0.0329,ms_nir_circle_supported_lattice,No
1,Day 1,Tray 5,5,DJI_20260618124449_0006,53,6,3,351.048,659.562,298.567,607.081,403.53,712.043,104.963,0.0148,ms_nir_circle_supported_lattice,No
1,Day 1,Tray 5,5,DJI_20260618124449_0006,54,6,4,487.175,659.62,434.693,607.139,539.656,712.101,104.963,0.0119,ms_nir_circle_supported_lattice,No
1,Day 1,Tray 5,5,DJI_20260618124449_0006,55,6,5,623.301,659.678,570.82,607.197,675.782,712.159,104.963,0.0185,ms_nir_circle_supported_lattice,No
1,Day 1,Tray 5,5,DJI_20260618124449_0006,56,6,6,759.427,659.736,706.946,607.255,811.909,712.217,104.963,0.0149,ms_nir_circle_supported_lattice,No
1,Day 1,Tray 5,5,DJI_20260618124449_0006,57,6,7,895.554,659.794,843.073,607.313,948.035,712.276,104.963,0.027,ms_nir_circle_supported_lattice,No
1,Day 1,Tray 5,5,DJI_20260618124449_0006,58,6,8,1031.68,659.852,979.199,607.371,1084.162,712.334,104.963,0.042,ms_nir_circle_supported_lattice,No
1,Day 1,Tray 5,5,DJI_20260618124449_0006,59,6,9,1167.807,659.91,1115.325,607.429,1220.288,712.392,104.963,0.008,ms_nir_circle_supported_lattice,No
1,Day 1,Tray 5,5,DJI_20260618124449_0006,60,6,10,1303.933,659.968,1251.452,607.487,1356.414,712.45,104.963,0.0423,ms_nir_circle_supported_lattice,No
1,Day 1,Tray 5,5,DJI_20260618124449_0006,61,7,1,80.106,776.064,27.625,723.583,132.588,828.545,104.963,0.0191,ms_nir_circle_supported_lattice,No
1,Day 1,Tray 5,5,DJI_20260618124449_0006,62,7,2,216.233,776.122,163.751,723.641,268.714,828.603,104.963,0.0152,ms_nir_circle_supported_lattice,No
1,Day 1,Tray 5,5,DJI_20260618124449_0006,63,7,3,352.359,776.18,299.878,723.699,404.84,828.661,104.963,0.0165,ms_nir_circle_supported_lattice,No
1,Day 1,Tray 5,5,DJI_20260618124449_0006,64,7,4,488.485,776.238,436.004,723.757,540.967,828.719,104.963,0.0157,ms_nir_circle_supported_lattice,No
1,Day 1,Tray 5,5,DJI_20260618124449_0006,65,7,5,624.612,776.296,572.13,723.815,677.093,828.777,104.963,0.0188,ms_nir_circle_supported_lattice,No
1,Day 1,Tray 5,5,DJI_20260618124449_0006,66,7,6,760.738,776.354,708.257,723.873,813.22,828.835,104.963,0.0038,ms_nir_circle_supported_lattice,No
1,Day 1,Tray 5,5,DJI_20260618124449_0006,67,7,7,896.865,776.412,844.383,723.931,949.346,828.893,104.963,0.0358,ms_nir_circle_supported_lattice,No
1,Day 1,Tray 5,5,DJI_20260618124449_0006,68,7,8,1032.991,776.47,980.51,723.989,1085.472,828.951,104.963,0.0126,ms_nir_circle_supported_lattice,No
1,Day 1,Tray 5,5,DJI_20260618124449_0006,69,7,9,1169.117,776.528,1116.636,724.047,1221.599,829.009,104.963,0.0106,ms_nir_circle_supported_lattice,No
1,Day 1,Tray 5,5,DJI_20260618124449_0006,70,7,10,1305.244,776.586,1252.762,724.105,1357.725,829.067,104.963,0.0236,ms_nir_circle_supported_lattice,No
1,Day 1,Tray 6,6,DJI_20260618123542_0001,1,1,1,75.827,98.314,23.202,45.689,128.453,150.94,105.251,0.0116,ms_nir_circle_supported_lattice,No
1,Day 1,Tray 6,6,DJI_20260618123542_0001,2,1,2,212.078,97.895,159.453,45.27,264.704,150.521,105.251,0.0244,ms_nir_circle_supported_lattice,No
1,Day 1,Tray 6,6,DJI_20260618123542_0001,3,1,3,348.329,97.476,295.704,44.851,400.955,150.102,105.251,0.0122,ms_nir_circle_supported_lattice,No
1,Day 1,Tray 6,6,DJI_20260618123542_0001,4,1,4,484.581,97.057,431.955,44.432,537.206,149.683,105.251,0.0221,ms_nir_circle_supported_lattice,No
1,Day 1,Tray 6,6,DJI_20260618123542_0001,5,1,5,620.832,96.638,568.206,44.013,673.457,149.264,105.251,0.0157,ms_nir_circle_supported_lattice,No
1,Day 1,Tray 6,6,DJI_20260618123542_0001,6,1,6,757.083,96.219,704.457,43.593,809.708,148.845,105.251,0.019,ms_nir_circle_supported_lattice,No
1,Day 1,Tray 6,6,DJI_20260618123542_0001,7,1,7,893.334,95.8,840.708,43.174,945.959,148.426,105.251,0.0252,ms_nir_circle_supported_lattice,No
1,Day 1,Tray 6,6,DJI_20260618123542_0001,8,1,8,1029.585,95.381,976.959,42.755,1082.21,148.007,105.251,0.0294,ms_nir_circle_supported_lattice,No
1,Day 1,Tray 6,6,DJI_20260618123542_0001,9,1,9,1165.836,94.962,1113.21,42.336,1218.461,147.587,105.251,0.0254,ms_nir_circle_supported_lattice,No
1,Day 1,Tray 6,6,DJI_20260618123542_0001,10,1,10,1302.087,94.543,1249.461,41.917,1354.713,147.168,105.251,0.0272,ms_nir_circle_supported_lattice,No
1,Day 1,Tray 6,6,DJI_20260618123542_0001,11,2,1,75.013,215.257,22.387,162.632,127.639,267.883,105.251,0.0598,ms_nir_circle_supported_lattice,No
1,Day 1,Tray 6,6,DJI_20260618123542_0001,12,2,2,211.264,214.838,158.639,162.213,263.89,267.464,105.251,0.0194,ms_nir_circle_supported_lattice,No
1,Day 1,Tray 6,6,DJI_20260618123542_0001,13,2,3,347.515,214.419,294.89,161.793,400.141,267.045,105.251,0.0332,ms_nir_circle_supported_lattice,No
1,Day 1,Tray 6,6,DJI_20260618123542_0001,14,2,4,483.766,214.0,431.141,161.374,536.392,266.626,105.251,0.0108,ms_nir_circle_supported_lattice,No
1,Day 1,Tray 6,6,DJI_20260618123542_0001,15,2,5,620.017,213.581,567.392,160.955,672.643,266.207,105.251,0.01,ms_nir_circle_supported_lattice,No
1,Day 1,Tray 6,6,DJI_20260618123542_0001,16,2,6,756.268,213.162,703.643,160.536,808.894,265.787,105.251,0.0218,ms_nir_circle_supported_lattice,No
1,Day 1,Tray 6,6,DJI_20260618123542_0001,17,2,7,892.519,212.743,839.894,160.117,945.145,265.368,105.251,0.0116,ms_nir_circle_supported_lattice,No
1,Day 1,Tray 6,6,DJI_20260618123542_0001,18,2,8,1028.771,212.324,976.145,159.698,1081.396,264.949,105.251,0.0115,ms_nir_circle_supported_lattice,No
1,Day 1,Tray 6,6,DJI_20260618123542_0001,19,2,9,1165.022,211.905,1112.396,159.279,1217.647,264.53,105.251,0.0653,ms_nir_circle_supported_lattice,No
1,Day 1,Tray 6,6,DJI_20260618123542_0001,20,2,10,1301.273,211.486,1248.647,158.86,1353.898,264.111,105.251,0.0259,ms_nir_circle_supported_lattice,No
1,Day 1,Tray 6,6,DJI_20260618123542_0001,21,3,1,74.199,332.2,21.573,279.574,126.824,384.826,105.251,0.0169,ms_nir_circle_supported_lattice,No
1,Day 1,Tray 6,6,DJI_20260618123542_0001,22,3,2,210.45,331.781,157.824,279.155,263.075,384.407,105.251,0.0141,ms_nir_circle_supported_lattice,No
1,Day 1,Tray 6,6,DJI_20260618123542_0001,23,3,3,346.701,331.362,294.075,278.736,399.326,383.987,105.251,0.042,ms_nir_circle_supported_lattice,No
1,Day 1,Tray 6,6,DJI_20260618123542_0001,24,3,4,482.952,330.943,430.326,278.317,535.578,383.568,105.251,0.0122,ms_nir_circle_supported_lattice,No
1,Day 1,Tray 6,6,DJI_20260618123542_0001,25,3,5,619.203,330.524,566.577,277.898,671.829,383.149,105.251,0.0346,ms_nir_circle_supported_lattice,No
1,Day 1,Tray 6,6,DJI_20260618123542_0001,26,3,6,755.454,330.105,702.829,277.479,808.08,382.73,105.251,0.0223,ms_nir_circle_supported_lattice,No
1,Day 1,Tray 6,6,DJI_20260618123542_0001,27,3,7,891.705,329.686,839.08,277.06,944.331,382.311,105.251,0.0157,ms_nir_circle_supported_lattice,No
1,Day 1,Tray 6,6,DJI_20260618123542_0001,28,3,8,1027.956,329.267,975.331,276.641,1080.582,381.892,105.251,0.0023,ms_nir_circle_supported_lattice,No
1,Day 1,Tray 6,6,DJI_20260618123542_0001,29,3,9,1164.207,328.848,1111.582,276.222,1216.833,381.473,105.251,0.0663,ms_nir_circle_supported_lattice,No
1,Day 1,Tray 6,6,DJI_20260618123542_0001,30,3,10,1300.458,328.429,1247.833,275.803,1353.084,381.054,105.251,0.0327,ms_nir_circle_supported_lattice,No
1,Day 1,Tray 6,6,DJI_20260618123542_0001,31,4,1,73.384,449.143,20.759,396.517,126.01,501.768,105.251,0.021,ms_nir_circle_supported_lattice,No
1,Day 1,Tray 6,6,DJI_20260618123542_0001,32,4,2,209.635,448.724,157.01,396.098,262.261,501.349,105.251,0.0119,ms_nir_circle_supported_lattice,No
1,Day 1,Tray 6,6,DJI_20260618123542_0001,33,4,3,345.887,448.305,293.261,395.679,398.512,500.93,105.251,0.0028,ms_nir_circle_supported_lattice,No
1,Day 1,Tray 6,6,DJI_20260618123542_0001,34,4,4,482.138,447.886,429.512,395.26,534.763,500.511,105.251,0.0123,ms_nir_circle_supported_lattice,No
1,Day 1,Tray 6,6,DJI_20260618123542_0001,35,4,5,618.389,447.467,565.763,394.841,671.014,500.092,105.251,0.0127,ms_nir_circle_supported_lattice,No
1,Day 1,Tray 6,6,DJI_20260618123542_0001,36,4,6,754.64,447.048,702.014,394.422,807.265,499.673,105.251,0.0226,ms_nir_circle_supported_lattice,No
1,Day 1,Tray 6,6,DJI_20260618123542_0001,37,4,7,890.891,446.629,838.265,394.003,943.516,499.254,105.251,0.0259,ms_nir_circle_supported_lattice,No
1,Day 1,Tray 6,6,DJI_20260618123542_0001,38,4,8,1027.142,446.21,974.516,393.584,1079.768,498.835,105.251,0.0022,ms_nir_circle_supported_lattice,No
1,Day 1,Tray 6,6,DJI_20260618123542_0001,39,4,9,1163.393,445.79,1110.768,393.165,1216.019,498.416,105.251,0.0139,ms_nir_circle_supported_lattice,No
1,Day 1,Tray 6,6,DJI_20260618123542_0001,40,4,10,1299.644,445.371,1247.019,392.746,1352.27,497.997,105.251,0.0128,ms_nir_circle_supported_lattice,No
1,Day 1,Tray 6,6,DJI_20260618123542_0001,41,5,1,72.57,566.086,19.945,513.46,125.196,618.711,105.251,0.0122,ms_nir_circle_supported_lattice,No
1,Day 1,Tray 6,6,DJI_20260618123542_0001,42,5,2,208.821,565.667,156.196,513.041,261.447,618.292,105.251,0.0362,ms_nir_circle_supported_lattice,No
1,Day 1,Tray 6,6,DJI_20260618123542_0001,43,5,3,345.072,565.248,292.447,512.622,397.698,617.873,105.251,0.0065,ms_nir_circle_supported_lattice,No
1,Day 1,Tray 6,6,DJI_20260618123542_0001,44,5,4,481.323,564.829,428.698,512.203,533.949,617.454,105.251,0.0199,ms_nir_circle_supported_lattice,No
1,Day 1,Tray 6,6,DJI_20260618123542_0001,45,5,5,617.574,564.41,564.949,511.784,670.2,617.035,105.251,0.0226,ms_nir_circle_supported_lattice,No
1,Day 1,Tray 6,6,DJI_20260618123542_0001,46,5,6,753.826,563.99,701.2,511.365,806.451,616.616,105.251,0.0178,ms_nir_circle_supported_lattice,No
1,Day 1,Tray 6,6,DJI_20260618123542_0001,47,5,7,890.077,563.571,837.451,510.946,942.702,616.197,105.251,0.0295,ms_nir_circle_supported_lattice,No
1,Day 1,Tray 6,6,DJI_20260618123542_0001,48,5,8,1026.328,563.152,973.702,510.527,1078.953,615.778,105.251,0.0114,ms_nir_circle_supported_lattice,No
1,Day 1,Tray 6,6,DJI_20260618123542_0001,49,5,9,1162.579,562.733,1109.953,510.108,1215.204,615.359,105.251,0.0284,ms_nir_circle_supported_lattice,No
1,Day 1,Tray 6,6,DJI_20260618123542_0001,50,5,10,1298.83,562.314,1246.204,509.689,1351.455,614.94,105.251,0.023,ms_nir_circle_supported_lattice,No
1,Day 1,Tray 6,6,DJI_20260618123542_0001,51,6,1,71.756,683.029,19.13,630.403,124.381,735.654,105.251,0.0203,ms_nir_circle_supported_lattice,No
1,Day 1,Tray 6,6,DJI_20260618123542_0001,52,6,2,208.007,682.61,155.381,629.984,260.632,735.235,105.251,0.0162,ms_nir_circle_supported_lattice,No
1,Day 1,Tray 6,6,DJI_20260618123542_0001,53,6,3,344.258,682.19,291.632,629.565,396.884,734.816,105.251,0.0128,ms_nir_circle_supported_lattice,No
1,Day 1,Tray 6,6,DJI_20260618123542_0001,54,6,4,480.509,681.771,427.884,629.146,533.135,734.397,105.251,0.0078,ms_nir_circle_supported_lattice,No
1,Day 1,Tray 6,6,DJI_20260618123542_0001,55,6,5,616.76,681.352,564.135,628.727,669.386,733.978,105.251,0.0942,ms_nir_circle_supported_lattice,No
1,Day 1,Tray 6,6,DJI_20260618123542_0001,56,6,6,753.011,680.933,700.386,628.308,805.637,733.559,105.251,0.0118,ms_nir_circle_supported_lattice,No
1,Day 1,Tray 6,6,DJI_20260618123542_0001,57,6,7,889.262,680.514,836.637,627.889,941.888,733.14,105.251,0.0047,ms_nir_circle_supported_lattice,No
1,Day 1,Tray 6,6,DJI_20260618123542_0001,58,6,8,1025.513,680.095,972.888,627.47,1078.139,732.721,105.251,0.0151,ms_nir_circle_supported_lattice,No
1,Day 1,Tray 6,6,DJI_20260618123542_0001,59,6,9,1161.765,679.676,1109.139,627.051,1214.39,732.302,105.251,0.098,ms_nir_circle_supported_lattice,No
1,Day 1,Tray 6,6,DJI_20260618123542_0001,60,6,10,1298.016,679.257,1245.39,626.632,1350.641,731.883,105.251,0.0263,ms_nir_circle_supported_lattice,No
1,Day 1,Tray 6,6,DJI_20260618123542_0001,61,7,1,70.942,799.971,18.316,747.346,123.567,852.597,105.251,0.0365,ms_nir_circle_supported_lattice,No
1,Day 1,Tray 6,6,DJI_20260618123542_0001,62,7,2,207.193,799.552,154.567,746.927,259.818,852.178,105.251,0.0229,ms_nir_circle_supported_lattice,No
1,Day 1,Tray 6,6,DJI_20260618123542_0001,63,7,3,343.444,799.133,290.818,746.508,396.069,851.759,105.251,0.0083,ms_nir_circle_supported_lattice,No
1,Day 1,Tray 6,6,DJI_20260618123542_0001,64,7,4,479.695,798.714,427.069,746.089,532.32,851.34,105.251,0.0125,ms_nir_circle_supported_lattice,No
1,Day 1,Tray 6,6,DJI_20260618123542_0001,65,7,5,615.946,798.295,563.32,745.67,668.571,850.921,105.251,0.0259,ms_nir_circle_supported_lattice,No
1,Day 1,Tray 6,6,DJI_20260618123542_0001,66,7,6,752.197,797.876,699.571,745.251,804.823,850.502,105.251,0.0077,ms_nir_circle_supported_lattice,No
1,Day 1,Tray 6,6,DJI_20260618123542_0001,67,7,7,888.448,797.457,835.822,744.832,941.074,850.083,105.251,0.014,ms_nir_circle_supported_lattice,No
1,Day 1,Tray 6,6,DJI_20260618123542_0001,68,7,8,1024.699,797.038,972.074,744.413,1077.325,849.664,105.251,0.0178,ms_nir_circle_supported_lattice,No
1,Day 1,Tray 6,6,DJI_20260618123542_0001,69,7,9,1160.95,796.619,1108.325,743.993,1213.576,849.245,105.251,0.0178,ms_nir_circle_supported_lattice,No
1,Day 1,Tray 6,6,DJI_20260618123542_0001,70,7,10,1297.201,796.2,1244.576,743.574,1349.827,848.826,105.251,0.0726,ms_nir_circle_supported_lattice,No
1,Day 1,Tray 7,7,DJI_20260618123812_0002,1,1,1,72.988,86.554,20.439,34.005,125.538,139.104,105.099,0.0159,ms_nir_circle_supported_lattice,No
1,Day 1,Tray 7,7,DJI_20260618123812_0002,2,1,2,209.458,86.372,156.908,33.822,262.007,138.921,105.099,0.0247,ms_nir_circle_supported_lattice,No
1,Day 1,Tray 7,7,DJI_20260618123812_0002,3,1,3,345.927,86.189,293.377,33.639,398.476,138.738,105.099,0.0349,ms_nir_circle_supported_lattice,No
1,Day 1,Tray 7,7,DJI_20260618123812_0002,4,1,4,482.396,86.006,429.847,33.457,534.946,138.556,105.099,0.0292,ms_nir_circle_supported_lattice,No
1,Day 1,Tray 7,7,DJI_20260618123812_0002,5,1,5,618.865,85.823,566.316,33.274,671.415,138.373,105.099,0.0183,ms_nir_circle_supported_lattice,No
1,Day 1,Tray 7,7,DJI_20260618123812_0002,6,1,6,755.335,85.641,702.785,33.091,807.884,138.19,105.099,0.0062,ms_nir_circle_supported_lattice,No
1,Day 1,Tray 7,7,DJI_20260618123812_0002,7,1,7,891.804,85.458,839.254,32.909,944.353,138.008,105.099,0.0133,ms_nir_circle_supported_lattice,No
1,Day 1,Tray 7,7,DJI_20260618123812_0002,8,1,8,1028.273,85.275,975.724,32.726,1080.823,137.825,105.099,0.016,ms_nir_circle_supported_lattice,No
1,Day 1,Tray 7,7,DJI_20260618123812_0002,9,1,9,1164.742,85.093,1112.193,32.543,1217.292,137.642,105.099,0.0687,ms_nir_circle_supported_lattice,No
1,Day 1,Tray 7,7,DJI_20260618123812_0002,10,1,10,1301.212,84.91,1248.662,32.361,1353.761,137.46,105.099,0.0503,ms_nir_circle_supported_lattice,No
1,Day 1,Tray 7,7,DJI_20260618123812_0002,11,2,1,74.917,203.315,22.367,150.765,127.466,255.864,105.099,0.0284,ms_nir_circle_supported_lattice,No
1,Day 1,Tray 7,7,DJI_20260618123812_0002,12,2,2,211.386,203.132,158.837,150.583,263.936,255.682,105.099,0.0205,ms_nir_circle_supported_lattice,No
1,Day 1,Tray 7,7,DJI_20260618123812_0002,13,2,3,347.855,202.95,295.306,150.4,400.405,255.499,105.099,0.0098,ms_nir_circle_supported_lattice,No
1,Day 1,Tray 7,7,DJI_20260618123812_0002,14,2,4,484.325,202.767,431.775,150.217,536.874,255.316,105.099,0.023,ms_nir_circle_supported_lattice,No
1,Day 1,Tray 7,7,DJI_20260618123812_0002,15,2,5,620.794,202.584,568.244,150.035,673.343,255.134,105.099,0.0109,ms_nir_circle_supported_lattice,No
1,Day 1,Tray 7,7,DJI_20260618123812_0002,16,2,6,757.263,202.402,704.714,149.852,809.813,254.951,105.099,0.0157,ms_nir_circle_supported_lattice,No
1,Day 1,Tray 7,7,DJI_20260618123812_0002,17,2,7,893.732,202.219,841.183,149.669,946.282,254.768,105.099,0.0378,ms_nir_circle_supported_lattice,No
1,Day 1,Tray 7,7,DJI_20260618123812_0002,18,2,8,1030.202,202.036,977.652,149.487,1082.751,254.586,105.099,0.0018,ms_nir_circle_supported_lattice,No
1,Day 1,Tray 7,7,DJI_20260618123812_0002,19,2,9,1166.671,201.853,1114.122,149.304,1219.22,254.403,105.099,0.0114,ms_nir_circle_supported_lattice,No
1,Day 1,Tray 7,7,DJI_20260618123812_0002,20,2,10,1303.14,201.671,1250.591,149.121,1355.69,254.22,105.099,0.0455,ms_nir_circle_supported_lattice,No
1,Day 1,Tray 7,7,DJI_20260618123812_0002,21,3,1,76.845,320.076,24.296,267.526,129.395,372.625,105.099,0.0073,ms_nir_circle_supported_lattice,No
1,Day 1,Tray 7,7,DJI_20260618123812_0002,22,3,2,213.315,319.893,160.765,267.343,265.864,372.442,105.099,0.0255,ms_nir_circle_supported_lattice,No
1,Day 1,Tray 7,7,DJI_20260618123812_0002,23,3,3,349.784,319.71,297.234,267.161,402.333,372.26,105.099,0.0497,ms_nir_circle_supported_lattice,No
1,Day 1,Tray 7,7,DJI_20260618123812_0002,24,3,4,486.253,319.528,433.704,266.978,538.803,372.077,105.099,0.0076,ms_nir_circle_supported_lattice,No
1,Day 1,Tray 7,7,DJI_20260618123812_0002,25,3,5,622.723,319.345,570.173,266.795,675.272,371.894,105.099,0.0197,ms_nir_circle_supported_lattice,No
1,Day 1,Tray 7,7,DJI_20260618123812_0002,26,3,6,759.192,319.162,706.642,266.613,811.741,371.712,105.099,0.0071,ms_nir_circle_supported_lattice,No
1,Day 1,Tray 7,7,DJI_20260618123812_0002,27,3,7,895.661,318.98,843.112,266.43,948.211,371.529,105.099,0.0057,ms_nir_circle_supported_lattice,No
1,Day 1,Tray 7,7,DJI_20260618123812_0002,28,3,8,1032.13,318.797,979.581,266.247,1084.68,371.346,105.099,0.0284,ms_nir_circle_supported_lattice,No
1,Day 1,Tray 7,7,DJI_20260618123812_0002,29,3,9,1168.6,318.614,1116.05,266.065,1221.149,371.164,105.099,0.0061,ms_nir_circle_supported_lattice,No
1,Day 1,Tray 7,7,DJI_20260618123812_0002,30,3,10,1305.069,318.431,1252.519,265.882,1357.618,370.981,105.099,0.0184,ms_nir_circle_supported_lattice,No
1,Day 1,Tray 7,7,DJI_20260618123812_0002,31,4,1,78.774,436.836,26.225,384.287,131.324,489.386,105.099,0.0219,ms_nir_circle_supported_lattice,No
1,Day 1,Tray 7,7,DJI_20260618123812_0002,32,4,2,215.243,436.654,162.694,384.104,267.793,489.203,105.099,0.0275,ms_nir_circle_supported_lattice,No
1,Day 1,Tray 7,7,DJI_20260618123812_0002,33,4,3,351.713,436.471,299.163,383.922,404.262,489.02,105.099,0.0047,ms_nir_circle_supported_lattice,No
1,Day 1,Tray 7,7,DJI_20260618123812_0002,34,4,4,488.182,436.288,435.632,383.739,540.731,488.838,105.099,0.0074,ms_nir_circle_supported_lattice,No
1,Day 1,Tray 7,7,DJI_20260618123812_0002,35,4,5,624.651,436.106,572.102,383.556,677.201,488.655,105.099,0.0116,ms_nir_circle_supported_lattice,No
1,Day 1,Tray 7,7,DJI_20260618123812_0002,36,4,6,761.12,435.923,708.571,383.373,813.67,488.472,105.099,0.0247,ms_nir_circle_supported_lattice,No
1,Day 1,Tray 7,7,DJI_20260618123812_0002,37,4,7,897.59,435.74,845.04,383.191,950.139,488.29,105.099,0.0471,ms_nir_circle_supported_lattice,No
1,Day 1,Tray 7,7,DJI_20260618123812_0002,38,4,8,1034.059,435.558,981.509,383.008,1086.608,488.107,105.099,0.0237,ms_nir_circle_supported_lattice,No
1,Day 1,Tray 7,7,DJI_20260618123812_0002,39,4,9,1170.528,435.375,1117.979,382.825,1223.078,487.924,105.099,0.0124,ms_nir_circle_supported_lattice,No
1,Day 1,Tray 7,7,DJI_20260618123812_0002,40,4,10,1306.997,435.192,1254.448,382.643,1359.547,487.742,105.099,0.0133,ms_nir_circle_supported_lattice,No
1,Day 1,Tray 7,7,DJI_20260618123812_0002,41,5,1,80.703,553.597,28.153,501.048,133.252,606.147,105.099,0.0155,ms_nir_circle_supported_lattice,No
1,Day 1,Tray 7,7,DJI_20260618123812_0002,42,5,2,217.172,553.414,164.622,500.865,269.721,605.964,105.099,0.0446,ms_nir_circle_supported_lattice,No
1,Day 1,Tray 7,7,DJI_20260618123812_0002,43,5,3,353.641,553.232,301.092,500.682,406.191,605.781,105.099,0.0224,ms_nir_circle_supported_lattice,No
1,Day 1,Tray 7,7,DJI_20260618123812_0002,44,5,4,490.11,553.049,437.561,500.5,542.66,605.599,105.099,0.0427,ms_nir_circle_supported_lattice,No
1,Day 1,Tray 7,7,DJI_20260618123812_0002,45,5,5,626.58,552.866,574.03,500.317,679.129,605.416,105.099,0.0038,ms_nir_circle_supported_lattice,No
1,Day 1,Tray 7,7,DJI_20260618123812_0002,46,5,6,763.049,552.684,710.499,500.134,815.598,605.233,105.099,0.0254,ms_nir_circle_supported_lattice,No
1,Day 1,Tray 7,7,DJI_20260618123812_0002,47,5,7,899.518,552.501,846.969,499.951,952.068,605.05,105.099,0.0136,ms_nir_circle_supported_lattice,No
1,Day 1,Tray 7,7,DJI_20260618123812_0002,48,5,8,1035.987,552.318,983.438,499.769,1088.537,604.868,105.099,0.0486,ms_nir_circle_supported_lattice,No
1,Day 1,Tray 7,7,DJI_20260618123812_0002,49,5,9,1172.457,552.136,1119.907,499.586,1225.006,604.685,105.099,0.0108,ms_nir_circle_supported_lattice,No
1,Day 1,Tray 7,7,DJI_20260618123812_0002,50,5,10,1308.926,551.953,1256.376,499.403,1361.475,604.502,105.099,0.0253,ms_nir_circle_supported_lattice,No
1,Day 1,Tray 7,7,DJI_20260618123812_0002,51,6,1,82.631,670.358,30.082,617.808,135.181,722.907,105.099,0.0316,ms_nir_circle_supported_lattice,No
1,Day 1,Tray 7,7,DJI_20260618123812_0002,52,6,2,219.1,670.175,166.551,617.626,271.65,722.725,105.099,0.0351,ms_nir_circle_supported_lattice,No
1,Day 1,Tray 7,7,DJI_20260618123812_0002,53,6,3,355.57,669.992,303.02,617.443,408.119,722.542,105.099,0.0037,ms_nir_circle_supported_lattice,No
1,Day 1,Tray 7,7,DJI_20260618123812_0002,54,6,4,492.039,669.81,439.489,617.26,544.588,722.359,105.099,0.0615,ms_nir_circle_supported_lattice,No
1,Day 1,Tray 7,7,DJI_20260618123812_0002,55,6,5,628.508,669.627,575.959,617.078,681.058,722.177,105.099,0.0069,ms_nir_circle_supported_lattice,No
1,Day 1,Tray 7,7,DJI_20260618123812_0002,56,6,6,764.977,669.444,712.428,616.895,817.527,721.994,105.099,0.0381,ms_nir_circle_supported_lattice,No
1,Day 1,Tray 7,7,DJI_20260618123812_0002,57,6,7,901.447,669.262,848.897,616.712,953.996,721.811,105.099,0.0135,ms_nir_circle_supported_lattice,No
1,Day 1,Tray 7,7,DJI_20260618123812_0002,58,6,8,1037.916,669.079,985.367,616.53,1090.466,721.628,105.099,0.0457,ms_nir_circle_supported_lattice,No
1,Day 1,Tray 7,7,DJI_20260618123812_0002,59,6,9,1174.385,668.896,1121.836,616.347,1226.935,721.446,105.099,0.0171,ms_nir_circle_supported_lattice,No
1,Day 1,Tray 7,7,DJI_20260618123812_0002,60,6,10,1310.855,668.714,1258.305,616.164,1363.404,721.263,105.099,0.0062,ms_nir_circle_supported_lattice,No
1,Day 1,Tray 7,7,DJI_20260618123812_0002,61,7,1,84.56,787.119,32.01,734.569,137.109,839.668,105.099,0.082,ms_nir_circle_supported_lattice,No
1,Day 1,Tray 7,7,DJI_20260618123812_0002,62,7,2,221.029,786.936,168.48,734.386,273.578,839.485,105.099,0.0006,ms_nir_circle_supported_lattice,No
1,Day 1,Tray 7,7,DJI_20260618123812_0002,63,7,3,357.498,786.753,304.949,734.204,410.048,839.303,105.099,0.0261,ms_nir_circle_supported_lattice,No
1,Day 1,Tray 7,7,DJI_20260618123812_0002,64,7,4,493.968,786.57,441.418,734.021,546.517,839.12,105.099,0.0148,ms_nir_circle_supported_lattice,No
1,Day 1,Tray 7,7,DJI_20260618123812_0002,65,7,5,630.437,786.388,577.887,733.838,682.986,838.937,105.099,0.0259,ms_nir_circle_supported_lattice,No
1,Day 1,Tray 7,7,DJI_20260618123812_0002,66,7,6,766.906,786.205,714.357,733.656,819.456,838.755,105.099,0.0718,ms_nir_circle_supported_lattice,No
1,Day 1,Tray 7,7,DJI_20260618123812_0002,67,7,7,903.375,786.022,850.826,733.473,955.925,838.572,105.099,0.0219,ms_nir_circle_supported_lattice,No
1,Day 1,Tray 7,7,DJI_20260618123812_0002,68,7,8,1039.845,785.84,987.295,733.29,1092.394,838.389,105.099,0.0305,ms_nir_circle_supported_lattice,No
1,Day 1,Tray 7,7,DJI_20260618123812_0002,69,7,9,1176.314,785.657,1123.764,733.108,1228.863,838.207,105.099,0.0237,ms_nir_circle_supported_lattice,No
1,Day 1,Tray 7,7,DJI_20260618123812_0002,70,7,10,1312.783,785.474,1260.234,732.925,1365.333,838.024,105.099,0.0284,ms_nir_circle_supported_lattice,No
1,Day 1,Tray 8,8,DJI_20260618124121_0003,1,1,1,76.332,82.419,23.763,29.85,128.902,134.988,105.139,0.0057,ms_nir_circle_supported_lattice,No
1,Day 1,Tray 8,8,DJI_20260618124121_0003,2,1,2,212.722,82.311,160.153,29.742,265.291,134.88,105.139,0.0064,ms_nir_circle_supported_lattice,No
1,Day 1,Tray 8,8,DJI_20260618124121_0003,3,1,3,349.112,82.203,296.542,29.633,401.681,134.772,105.139,0.0078,ms_nir_circle_supported_lattice,No
1,Day 1,Tray 8,8,DJI_20260618124121_0003,4,1,4,485.501,82.094,432.932,29.525,538.071,134.664,105.139,0.0044,ms_nir_circle_supported_lattice,No
1,Day 1,Tray 8,8,DJI_20260618124121_0003,5,1,5,621.891,81.986,569.322,29.417,674.46,134.556,105.139,0.0009,ms_nir_circle_supported_lattice,No
1,Day 1,Tray 8,8,DJI_20260618124121_0003,6,1,6,758.281,81.878,705.711,29.309,810.85,134.447,105.139,0.0148,ms_nir_circle_supported_lattice,No
1,Day 1,Tray 8,8,DJI_20260618124121_0003,7,1,7,894.67,81.77,842.101,29.201,947.239,134.339,105.139,0.0034,ms_nir_circle_supported_lattice,No
1,Day 1,Tray 8,8,DJI_20260618124121_0003,8,1,8,1031.06,81.662,978.49,29.092,1083.629,134.231,105.139,0.0543,ms_nir_circle_supported_lattice,No
1,Day 1,Tray 8,8,DJI_20260618124121_0003,9,1,9,1167.449,81.553,1114.88,28.984,1220.019,134.123,105.139,0.0054,ms_nir_circle_supported_lattice,No
1,Day 1,Tray 8,8,DJI_20260618124121_0003,10,1,10,1303.839,81.445,1251.27,28.876,1356.408,134.014,105.139,0.0396,ms_nir_circle_supported_lattice,No
1,Day 1,Tray 8,8,DJI_20260618124121_0003,11,2,1,75.532,199.237,22.963,146.668,128.102,251.806,105.139,0.008,ms_nir_circle_supported_lattice,No
1,Day 1,Tray 8,8,DJI_20260618124121_0003,12,2,2,211.922,199.129,159.353,146.56,264.491,251.698,105.139,0.0119,ms_nir_circle_supported_lattice,No
1,Day 1,Tray 8,8,DJI_20260618124121_0003,13,2,3,348.312,199.021,295.742,146.451,400.881,251.59,105.139,0.0282,ms_nir_circle_supported_lattice,No
1,Day 1,Tray 8,8,DJI_20260618124121_0003,14,2,4,484.701,198.912,432.132,146.343,537.271,251.482,105.139,0.0812,ms_nir_circle_supported_lattice,No
1,Day 1,Tray 8,8,DJI_20260618124121_0003,15,2,5,621.091,198.804,568.522,146.235,673.66,251.373,105.139,0.008,ms_nir_circle_supported_lattice,No
1,Day 1,Tray 8,8,DJI_20260618124121_0003,16,2,6,757.481,198.696,704.911,146.127,810.05,251.265,105.139,0.0171,ms_nir_circle_supported_lattice,No
1,Day 1,Tray 8,8,DJI_20260618124121_0003,17,2,7,893.87,198.588,841.301,146.018,946.439,251.157,105.139,0.138,ms_nir_circle_supported_lattice,No
1,Day 1,Tray 8,8,DJI_20260618124121_0003,18,2,8,1030.26,198.479,977.69,145.91,1082.829,251.049,105.139,0.0077,ms_nir_circle_supported_lattice,No
1,Day 1,Tray 8,8,DJI_20260618124121_0003,19,2,9,1166.649,198.371,1114.08,145.802,1219.219,250.94,105.139,0.013,ms_nir_circle_supported_lattice,No
1,Day 1,Tray 8,8,DJI_20260618124121_0003,20,2,10,1303.039,198.263,1250.47,145.694,1355.608,250.832,105.139,0.0149,ms_nir_circle_supported_lattice,No
1,Day 1,Tray 8,8,DJI_20260618124121_0003,21,3,1,74.732,316.055,22.163,263.486,127.302,368.624,105.139,0.0063,ms_nir_circle_supported_lattice,No
1,Day 1,Tray 8,8,DJI_20260618124121_0003,22,3,2,211.122,315.947,158.553,263.377,263.691,368.516,105.139,0.0075,ms_nir_circle_supported_lattice,No
1,Day 1,Tray 8,8,DJI_20260618124121_0003,23,3,3,347.512,315.838,294.942,263.269,400.081,368.408,105.139,0.0128,ms_nir_circle_supported_lattice,No
1,Day 1,Tray 8,8,DJI_20260618124121_0003,24,3,4,483.901,315.73,431.332,263.161,536.471,368.299,105.139,0.0063,ms_nir_circle_supported_lattice,No
1,Day 1,Tray 8,8,DJI_20260618124121_0003,25,3,5,620.291,315.622,567.722,263.053,672.86,368.191,105.139,0.0081,ms_nir_circle_supported_lattice,No
1,Day 1,Tray 8,8,DJI_20260618124121_0003,26,3,6,756.681,315.514,704.111,262.944,809.25,368.083,105.139,0.0052,ms_nir_circle_supported_lattice,No
1,Day 1,Tray 8,8,DJI_20260618124121_0003,27,3,7,893.07,315.406,840.501,262.836,945.639,367.975,105.139,0.0098,ms_nir_circle_supported_lattice,No
1,Day 1,Tray 8,8,DJI_20260618124121_0003,28,3,8,1029.46,315.297,976.89,262.728,1082.029,367.867,105.139,0.0118,ms_nir_circle_supported_lattice,No
1,Day 1,Tray 8,8,DJI_20260618124121_0003,29,3,9,1165.849,315.189,1113.28,262.62,1218.419,367.758,105.139,0.0403,ms_nir_circle_supported_lattice,No
1,Day 1,Tray 8,8,DJI_20260618124121_0003,30,3,10,1302.239,315.081,1249.67,262.512,1354.808,367.65,105.139,0.0262,ms_nir_circle_supported_lattice,No
1,Day 1,Tray 8,8,DJI_20260618124121_0003,31,4,1,73.932,432.873,21.363,380.303,126.502,485.442,105.139,0.0341,ms_nir_circle_supported_lattice,No
1,Day 1,Tray 8,8,DJI_20260618124121_0003,32,4,2,210.322,432.765,157.753,380.195,262.891,485.334,105.139,0.0532,ms_nir_circle_supported_lattice,No
1,Day 1,Tray 8,8,DJI_20260618124121_0003,33,4,3,346.712,432.656,294.142,380.087,399.281,485.226,105.139,0.0068,ms_nir_circle_supported_lattice,No
1,Day 1,Tray 8,8,DJI_20260618124121_0003,34,4,4,483.101,432.548,430.532,379.979,535.671,485.117,105.139,0.004,ms_nir_circle_supported_lattice,No
1,Day 1,Tray 8,8,DJI_20260618124121_0003,35,4,5,619.491,432.44,566.922,379.871,672.06,485.009,105.139,0.0131,ms_nir_circle_supported_lattice,No
1,Day 1,Tray 8,8,DJI_20260618124121_0003,36,4,6,755.881,432.332,703.311,379.762,808.45,484.901,105.139,0.0112,ms_nir_circle_supported_lattice,No
1,Day 1,Tray 8,8,DJI_20260618124121_0003,37,4,7,892.27,432.223,839.701,379.654,944.839,484.793,105.139,0.0122,ms_nir_circle_supported_lattice,No
1,Day 1,Tray 8,8,DJI_20260618124121_0003,38,4,8,1028.66,432.115,976.09,379.546,1081.229,484.684,105.139,0.0094,ms_nir_circle_supported_lattice,No
1,Day 1,Tray 8,8,DJI_20260618124121_0003,39,4,9,1165.049,432.007,1112.48,379.438,1217.619,484.576,105.139,0.0599,ms_nir_circle_supported_lattice,No
1,Day 1,Tray 8,8,DJI_20260618124121_0003,40,4,10,1301.439,431.899,1248.87,379.329,1354.008,484.468,105.139,0.0101,ms_nir_circle_supported_lattice,No
1,Day 1,Tray 8,8,DJI_20260618124121_0003,41,5,1,73.132,549.691,20.563,497.121,125.702,602.26,105.139,0.0305,ms_nir_circle_supported_lattice,No
1,Day 1,Tray 8,8,DJI_20260618124121_0003,42,5,2,209.522,549.582,156.953,497.013,262.091,602.152,105.139,0.0188,ms_nir_circle_supported_lattice,No
1,Day 1,Tray 8,8,DJI_20260618124121_0003,43,5,3,345.912,549.474,293.342,496.905,398.481,602.043,105.139,0.0588,ms_nir_circle_supported_lattice,No
1,Day 1,Tray 8,8,DJI_20260618124121_0003,44,5,4,482.301,549.366,429.732,496.797,534.871,601.935,105.139,0.012,ms_nir_circle_supported_lattice,No
1,Day 1,Tray 8,8,DJI_20260618124121_0003,45,5,5,618.691,549.258,566.122,496.688,671.26,601.827,105.139,0.0034,ms_nir_circle_supported_lattice,No
1,Day 1,Tray 8,8,DJI_20260618124121_0003,46,5,6,755.081,549.149,702.511,496.58,807.65,601.719,105.139,0.0015,ms_nir_circle_supported_lattice,No
1,Day 1,Tray 8,8,DJI_20260618124121_0003,47,5,7,891.47,549.041,838.901,496.472,944.039,601.611,105.139,0.0045,ms_nir_circle_supported_lattice,No
1,Day 1,Tray 8,8,DJI_20260618124121_0003,48,5,8,1027.86,548.933,975.29,496.364,1080.429,601.502,105.139,0.0081,ms_nir_circle_supported_lattice,No
1,Day 1,Tray 8,8,DJI_20260618124121_0003,49,5,9,1164.249,548.825,1111.68,496.256,1216.819,601.394,105.139,0.0128,ms_nir_circle_supported_lattice,No
1,Day 1,Tray 8,8,DJI_20260618124121_0003,50,5,10,1300.639,548.717,1248.07,496.147,1353.208,601.286,105.139,0.0082,ms_nir_circle_supported_lattice,No
1,Day 1,Tray 8,8,DJI_20260618124121_0003,51,6,1,72.332,666.508,19.763,613.939,124.902,719.078,105.139,0.0288,ms_nir_circle_supported_lattice,No
1,Day 1,Tray 8,8,DJI_20260618124121_0003,52,6,2,208.722,666.4,156.153,613.831,261.291,718.969,105.139,0.0239,ms_nir_circle_supported_lattice,No
1,Day 1,Tray 8,8,DJI_20260618124121_0003,53,6,3,345.112,666.292,292.542,613.723,397.681,718.861,105.139,0.0097,ms_nir_circle_supported_lattice,No
1,Day 1,Tray 8,8,DJI_20260618124121_0003,54,6,4,481.501,666.184,428.932,613.614,534.071,718.753,105.139,0.011,ms_nir_circle_supported_lattice,No
1,Day 1,Tray 8,8,DJI_20260618124121_0003,55,6,5,617.891,666.076,565.322,613.506,670.46,718.645,105.139,0.011,ms_nir_circle_supported_lattice,No
1,Day 1,Tray 8,8,DJI_20260618124121_0003,56,6,6,754.281,665.967,701.711,613.398,806.85,718.537,105.139,0.0103,ms_nir_circle_supported_lattice,No
1,Day 1,Tray 8,8,DJI_20260618124121_0003,57,6,7,890.67,665.859,838.101,613.29,943.239,718.428,105.139,0.0255,ms_nir_circle_supported_lattice,No
1,Day 1,Tray 8,8,DJI_20260618124121_0003,58,6,8,1027.06,665.751,974.49,613.182,1079.629,718.32,105.139,0.0064,ms_nir_circle_supported_lattice,No
1,Day 1,Tray 8,8,DJI_20260618124121_0003,59,6,9,1163.449,665.643,1110.88,613.073,1216.019,718.212,105.139,0.046,ms_nir_circle_supported_lattice,No
1,Day 1,Tray 8,8,DJI_20260618124121_0003,60,6,10,1299.839,665.534,1247.27,612.965,1352.408,718.104,105.139,0.0145,ms_nir_circle_supported_lattice,No
1,Day 1,Tray 8,8,DJI_20260618124121_0003,61,7,1,71.532,783.326,18.963,730.757,124.102,835.896,105.139,0.0219,ms_nir_circle_supported_lattice,No
1,Day 1,Tray 8,8,DJI_20260618124121_0003,62,7,2,207.922,783.218,155.353,730.649,260.491,835.787,105.139,0.0839,ms_nir_circle_supported_lattice,No
1,Day 1,Tray 8,8,DJI_20260618124121_0003,63,7,3,344.312,783.11,291.742,730.541,396.881,835.679,105.139,0.0136,ms_nir_circle_supported_lattice,No
1,Day 1,Tray 8,8,DJI_20260618124121_0003,64,7,4,480.701,783.002,428.132,730.432,533.271,835.571,105.139,0.0026,ms_nir_circle_supported_lattice,No
1,Day 1,Tray 8,8,DJI_20260618124121_0003,65,7,5,617.091,782.893,564.522,730.324,669.66,835.463,105.139,0.0352,ms_nir_circle_supported_lattice,No
1,Day 1,Tray 8,8,DJI_20260618124121_0003,66,7,6,753.481,782.785,700.911,730.216,806.05,835.354,105.139,0.0081,ms_nir_circle_supported_lattice,No
1,Day 1,Tray 8,8,DJI_20260618124121_0003,67,7,7,889.87,782.677,837.301,730.108,942.439,835.246,105.139,0.0173,ms_nir_circle_supported_lattice,No
1,Day 1,Tray 8,8,DJI_20260618124121_0003,68,7,8,1026.26,782.569,973.69,729.999,1078.829,835.138,105.139,0.008,ms_nir_circle_supported_lattice,No
1,Day 1,Tray 8,8,DJI_20260618124121_0003,69,7,9,1162.649,782.46,1110.08,729.891,1215.219,835.03,105.139,0.0137,ms_nir_circle_supported_lattice,No
1,Day 1,Tray 8,8,DJI_20260618124121_0003,70,7,10,1299.039,782.352,1246.47,729.783,1351.608,834.922,105.139,0.0382,ms_nir_circle_supported_lattice,No
2,Day 2,Tray 1,1,DJI_20260620131000_0001,1,1,1,64.545,89.576,11.852,36.883,117.239,142.269,105.387,0.0599,ms_nir_circle_supported_lattice,No
2,Day 2,Tray 1,1,DJI_20260620131000_0001,2,1,2,200.882,89.202,148.189,36.509,253.575,141.895,105.387,0.03,ms_nir_circle_supported_lattice,No
2,Day 2,Tray 1,1,DJI_20260620131000_0001,3,1,3,337.219,88.828,284.525,36.135,389.912,141.521,105.387,0.0311,ms_nir_circle_supported_lattice,No
2,Day 2,Tray 1,1,DJI_20260620131000_0001,4,1,4,473.556,88.454,420.862,35.76,526.249,141.147,105.387,0.0255,ms_nir_circle_supported_lattice,No
2,Day 2,Tray 1,1,DJI_20260620131000_0001,5,1,5,609.892,88.08,557.199,35.386,662.586,140.773,105.387,0.0193,ms_nir_circle_supported_lattice,No
2,Day 2,Tray 1,1,DJI_20260620131000_0001,6,1,6,746.229,87.706,693.536,35.012,798.923,140.399,105.387,0.0032,ms_nir_circle_supported_lattice,No
2,Day 2,Tray 1,1,DJI_20260620131000_0001,7,1,7,882.566,87.332,829.873,34.638,935.259,140.025,105.387,0.0137,ms_nir_circle_supported_lattice,No
2,Day 2,Tray 1,1,DJI_20260620131000_0001,8,1,8,1018.903,86.958,966.209,34.264,1071.596,139.651,105.387,0.0112,ms_nir_circle_supported_lattice,No
2,Day 2,Tray 1,1,DJI_20260620131000_0001,9,1,9,1155.24,86.584,1102.546,33.89,1207.933,139.277,105.387,0.0195,ms_nir_circle_supported_lattice,No
2,Day 2,Tray 1,1,DJI_20260620131000_0001,10,1,10,1291.576,86.21,1238.883,33.516,1344.27,138.903,105.387,0.0477,ms_nir_circle_supported_lattice,No
2,Day 2,Tray 1,1,DJI_20260620131000_0001,11,2,1,65.463,206.669,12.77,153.975,118.156,259.362,105.387,0.0238,ms_nir_circle_supported_lattice,No
2,Day 2,Tray 1,1,DJI_20260620131000_0001,12,2,2,201.8,206.295,149.106,153.601,254.493,258.988,105.387,0.0467,ms_nir_circle_supported_lattice,No
2,Day 2,Tray 1,1,DJI_20260620131000_0001,13,2,3,338.137,205.921,285.443,153.227,390.83,258.614,105.387,0.0013,ms_nir_circle_supported_lattice,No
2,Day 2,Tray 1,1,DJI_20260620131000_0001,14,2,4,474.473,205.547,421.78,152.853,527.167,258.24,105.387,0.0059,ms_nir_circle_supported_lattice,No
2,Day 2,Tray 1,1,DJI_20260620131000_0001,15,2,5,610.81,205.173,558.117,152.479,663.504,257.866,105.387,0.0171,ms_nir_circle_supported_lattice,No
2,Day 2,Tray 1,1,DJI_20260620131000_0001,16,2,6,747.147,204.799,694.454,152.105,799.84,257.492,105.387,0.0182,ms_nir_circle_supported_lattice,No
2,Day 2,Tray 1,1,DJI_20260620131000_0001,17,2,7,883.484,204.425,830.79,151.731,936.177,257.118,105.387,0.0064,ms_nir_circle_supported_lattice,No
2,Day 2,Tray 1,1,DJI_20260620131000_0001,18,2,8,1019.821,204.051,967.127,151.357,1072.514,256.744,105.387,0.0114,ms_nir_circle_supported_lattice,No
2,Day 2,Tray 1,1,DJI_20260620131000_0001,19,2,9,1156.157,203.677,1103.464,150.983,1208.851,256.37,105.387,0.0059,ms_nir_circle_supported_lattice,No
2,Day 2,Tray 1,1,DJI_20260620131000_0001,20,2,10,1292.494,203.303,1239.801,150.609,1345.188,255.996,105.387,0.0194,ms_nir_circle_supported_lattice,No
2,Day 2,Tray 1,1,DJI_20260620131000_0001,21,3,1,66.381,323.762,13.687,271.068,119.074,376.455,105.387,0.0344,ms_nir_circle_supported_lattice,No
2,Day 2,Tray 1,1,DJI_20260620131000_0001,22,3,2,202.718,323.388,150.024,270.694,255.411,376.081,105.387,0.0201,ms_nir_circle_supported_lattice,No
2,Day 2,Tray 1,1,DJI_20260620131000_0001,23,3,3,339.054,323.014,286.361,270.32,391.748,375.707,105.387,0.0273,ms_nir_circle_supported_lattice,No
2,Day 2,Tray 1,1,DJI_20260620131000_0001,24,3,4,475.391,322.64,422.698,269.946,528.085,375.333,105.387,0.0045,ms_nir_circle_supported_lattice,No
2,Day 2,Tray 1,1,DJI_20260620131000_0001,25,3,5,611.728,322.266,559.035,269.572,664.421,374.959,105.387,0.016,ms_nir_circle_supported_lattice,No
2,Day 2,Tray 1,1,DJI_20260620131000_0001,26,3,6,748.065,321.892,695.371,269.198,800.758,374.585,105.387,0.0119,ms_nir_circle_supported_lattice,No
2,Day 2,Tray 1,1,DJI_20260620131000_0001,27,3,7,884.402,321.518,831.708,268.824,937.095,374.211,105.387,0.0128,ms_nir_circle_supported_lattice,No
2,Day 2,Tray 1,1,DJI_20260620131000_0001,28,3,8,1020.738,321.144,968.045,268.45,1073.432,373.837,105.387,0.0178,ms_nir_circle_supported_lattice,No
2,Day 2,Tray 1,1,DJI_20260620131000_0001,29,3,9,1157.075,320.769,1104.382,268.076,1209.769,373.463,105.387,0.0478,ms_nir_circle_supported_lattice,No
2,Day 2,Tray 1,1,DJI_20260620131000_0001,30,3,10,1293.412,320.395,1240.719,267.702,1346.105,373.089,105.387,0.041,ms_nir_circle_supported_lattice,No
2,Day 2,Tray 1,1,DJI_20260620131000_0001,31,4,1,67.299,440.855,14.605,388.161,119.992,493.548,105.387,0.0175,ms_nir_circle_supported_lattice,No
2,Day 2,Tray 1,1,DJI_20260620131000_0001,32,4,2,203.635,440.481,150.942,387.787,256.329,493.174,105.387,0.0302,ms_nir_circle_supported_lattice,No
2,Day 2,Tray 1,1,DJI_20260620131000_0001,33,4,3,339.972,440.106,287.279,387.413,392.666,492.8,105.387,0.0879,ms_nir_circle_supported_lattice,No
2,Day 2,Tray 1,1,DJI_20260620131000_0001,34,4,4,476.309,439.732,423.616,387.039,529.002,492.426,105.387,0.0128,ms_nir_circle_supported_lattice,No
2,Day 2,Tray 1,1,DJI_20260620131000_0001,35,4,5,612.646,439.358,559.952,386.665,665.339,492.052,105.387,0.0128,ms_nir_circle_supported_lattice,No
2,Day 2,Tray 1,1,DJI_20260620131000_0001,36,4,6,748.983,438.984,696.289,386.291,801.676,491.678,105.387,0.0923,ms_nir_circle_supported_lattice,No
2,Day 2,Tray 1,1,DJI_20260620131000_0001,37,4,7,885.319,438.61,832.626,385.917,938.013,491.304,105.387,0.0067,ms_nir_circle_supported_lattice,No
2,Day 2,Tray 1,1,DJI_20260620131000_0001,38,4,8,1021.656,438.236,968.963,385.543,1074.35,490.93,105.387,0.011,ms_nir_circle_supported_lattice,No
2,Day 2,Tray 1,1,DJI_20260620131000_0001,39,4,9,1157.993,437.862,1105.3,385.169,1210.686,490.556,105.387,0.0471,ms_nir_circle_supported_lattice,No
2,Day 2,Tray 1,1,DJI_20260620131000_0001,40,4,10,1294.33,437.488,1241.636,384.795,1347.023,490.182,105.387,0.0338,ms_nir_circle_supported_lattice,No
2,Day 2,Tray 1,1,DJI_20260620131000_0001,41,5,1,68.217,557.947,15.523,505.254,120.91,610.641,105.387,0.0294,ms_nir_circle_supported_lattice,No
2,Day 2,Tray 1,1,DJI_20260620131000_0001,42,5,2,204.553,557.573,151.86,504.88,257.247,610.267,105.387,0.0241,ms_nir_circle_supported_lattice,No
2,Day 2,Tray 1,1,DJI_20260620131000_0001,43,5,3,340.89,557.199,288.197,504.506,393.584,609.893,105.387,0.0162,ms_nir_circle_supported_lattice,No
2,Day 2,Tray 1,1,DJI_20260620131000_0001,44,5,4,477.227,556.825,424.534,504.132,529.92,609.519,105.387,0.0106,ms_nir_circle_supported_lattice,No
2,Day 2,Tray 1,1,DJI_20260620131000_0001,45,5,5,613.564,556.451,560.87,503.758,666.257,609.145,105.387,0.0174,ms_nir_circle_supported_lattice,No
2,Day 2,Tray 1,1,DJI_20260620131000_0001,46,5,6,749.901,556.077,697.207,503.384,802.594,608.771,105.387,0.0077,ms_nir_circle_supported_lattice,No
2,Day 2,Tray 1,1,DJI_20260620131000_0001,47,5,7,886.237,555.703,833.544,503.01,938.931,608.397,105.387,0.0846,ms_nir_circle_supported_lattice,No
2,Day 2,Tray 1,1,DJI_20260620131000_0001,48,5,8,1022.574,555.329,969.881,502.636,1075.268,608.023,105.387,0.0119,ms_nir_circle_supported_lattice,No
2,Day 2,Tray 1,1,DJI_20260620131000_0001,49,5,9,1158.911,554.955,1106.218,502.262,1211.604,607.649,105.387,0.0178,ms_nir_circle_supported_lattice,No
2,Day 2,Tray 1,1,DJI_20260620131000_0001,50,5,10,1295.248,554.581,1242.554,501.888,1347.941,607.275,105.387,0.0424,ms_nir_circle_supported_lattice,No
2,Day 2,Tray 1,1,DJI_20260620131000_0001,51,6,1,69.134,675.04,16.441,622.347,121.828,727.734,105.387,0.066,ms_nir_circle_supported_lattice,No
2,Day 2,Tray 1,1,DJI_20260620131000_0001,52,6,2,205.471,674.666,152.778,621.973,258.165,727.36,105.387,0.0049,ms_nir_circle_supported_lattice,No
2,Day 2,Tray 1,1,DJI_20260620131000_0001,53,6,3,341.808,674.292,289.115,621.599,394.501,726.986,105.387,0.0092,ms_nir_circle_supported_lattice,No
2,Day 2,Tray 1,1,DJI_20260620131000_0001,54,6,4,478.145,673.918,425.451,621.225,530.838,726.612,105.387,0.0525,ms_nir_circle_supported_lattice,No
2,Day 2,Tray 1,1,DJI_20260620131000_0001,55,6,5,614.482,673.544,561.788,620.851,667.175,726.238,105.387,0.0177,ms_nir_circle_supported_lattice,No
2,Day 2,Tray 1,1,DJI_20260620131000_0001,56,6,6,750.818,673.17,698.125,620.477,803.512,725.864,105.387,0.0199,ms_nir_circle_supported_lattice,No
2,Day 2,Tray 1,1,DJI_20260620131000_0001,57,6,7,887.155,672.796,834.462,620.103,939.849,725.49,105.387,0.0104,ms_nir_circle_supported_lattice,No
2,Day 2,Tray 1,1,DJI_20260620131000_0001,58,6,8,1023.492,672.422,970.799,619.729,1076.185,725.115,105.387,0.0211,ms_nir_circle_supported_lattice,No
2,Day 2,Tray 1,1,DJI_20260620131000_0001,59,6,9,1159.829,672.048,1107.135,619.355,1212.522,724.741,105.387,0.0283,ms_nir_circle_supported_lattice,No
2,Day 2,Tray 1,1,DJI_20260620131000_0001,60,6,10,1296.166,671.674,1243.472,618.981,1348.859,724.367,105.387,0.0346,ms_nir_circle_supported_lattice,No
2,Day 2,Tray 1,1,DJI_20260620131000_0001,61,7,1,70.052,792.133,17.359,739.44,122.746,844.827,105.387,0.0351,ms_nir_circle_supported_lattice,No
2,Day 2,Tray 1,1,DJI_20260620131000_0001,62,7,2,206.389,791.759,153.696,739.066,259.082,844.452,105.387,0.0174,ms_nir_circle_supported_lattice,No
2,Day 2,Tray 1,1,DJI_20260620131000_0001,63,7,3,342.726,791.385,290.032,738.692,395.419,844.078,105.387,0.0271,ms_nir_circle_supported_lattice,No
2,Day 2,Tray 1,1,DJI_20260620131000_0001,64,7,4,479.063,791.011,426.369,738.318,531.756,843.704,105.387,0.0656,ms_nir_circle_supported_lattice,No
2,Day 2,Tray 1,1,DJI_20260620131000_0001,65,7,5,615.399,790.637,562.706,737.944,668.093,843.33,105.387,0.0583,ms_nir_circle_supported_lattice,No
2,Day 2,Tray 1,1,DJI_20260620131000_0001,66,7,6,751.736,790.263,699.043,737.57,804.43,842.956,105.387,0.0331,ms_nir_circle_supported_lattice,No
2,Day 2,Tray 1,1,DJI_20260620131000_0001,67,7,7,888.073,789.889,835.38,737.196,940.766,842.582,105.387,0.0132,ms_nir_circle_supported_lattice,No
2,Day 2,Tray 1,1,DJI_20260620131000_0001,68,7,8,1024.41,789.515,971.716,736.822,1077.103,842.208,105.387,0.0394,ms_nir_circle_supported_lattice,No
2,Day 2,Tray 1,1,DJI_20260620131000_0001,69,7,9,1160.747,789.141,1108.053,736.448,1213.44,841.834,105.387,0.0382,ms_nir_circle_supported_lattice,No
2,Day 2,Tray 1,1,DJI_20260620131000_0001,70,7,10,1297.083,788.767,1244.39,736.073,1349.777,841.46,105.387,0.0385,ms_nir_circle_supported_lattice,No
2,Day 2,Tray 2,2,DJI_20260620131052_0002,1,1,1,71.564,84.026,19.184,31.646,123.944,136.406,104.76,0.0237,ms_nir_circle_supported_lattice,No
2,Day 2,Tray 2,2,DJI_20260620131052_0002,2,1,2,207.499,83.376,155.119,30.996,259.879,135.756,104.76,0.0317,ms_nir_circle_supported_lattice,No
2,Day 2,Tray 2,2,DJI_20260620131052_0002,3,1,3,343.434,82.726,291.054,30.345,395.814,135.106,104.76,0.0148,ms_nir_circle_supported_lattice,No
2,Day 2,Tray 2,2,DJI_20260620131052_0002,4,1,4,479.369,82.075,426.989,29.695,531.749,134.455,104.76,0.0098,ms_nir_circle_supported_lattice,No
2,Day 2,Tray 2,2,DJI_20260620131052_0002,5,1,5,615.304,81.425,562.924,29.045,667.684,133.805,104.76,0.0118,ms_nir_circle_supported_lattice,No
2,Day 2,Tray 2,2,DJI_20260620131052_0002,6,1,6,751.239,80.775,698.859,28.395,803.619,133.155,104.76,0.007,ms_nir_circle_supported_lattice,No
2,Day 2,Tray 2,2,DJI_20260620131052_0002,7,1,7,887.174,80.125,834.794,27.745,939.554,132.505,104.76,0.014,ms_nir_circle_supported_lattice,No
2,Day 2,Tray 2,2,DJI_20260620131052_0002,8,1,8,1023.109,79.474,970.729,27.094,1075.489,131.855,104.76,0.0481,ms_nir_circle_supported_lattice,No
2,Day 2,Tray 2,2,DJI_20260620131052_0002,9,1,9,1159.044,78.824,1106.664,26.444,1211.424,131.204,104.76,0.0295,ms_nir_circle_supported_lattice,No
2,Day 2,Tray 2,2,DJI_20260620131052_0002,10,1,10,1294.979,78.174,1242.599,25.794,1347.359,130.554,104.76,0.0257,ms_nir_circle_supported_lattice,No
2,Day 2,Tray 2,2,DJI_20260620131052_0002,11,2,1,71.821,200.426,19.441,148.046,124.201,252.806,104.76,0.0399,ms_nir_circle_supported_lattice,No
2,Day 2,Tray 2,2,DJI_20260620131052_0002,12,2,2,207.756,199.776,155.376,147.396,260.136,252.156,104.76,0.0494,ms_nir_circle_supported_lattice,No
2,Day 2,Tray 2,2,DJI_20260620131052_0002,13,2,3,343.691,199.126,291.311,146.745,396.071,251.506,104.76,0.0596,ms_nir_circle_supported_lattice,No
2,Day 2,Tray 2,2,DJI_20260620131052_0002,14,2,4,479.626,198.475,427.246,146.095,532.006,250.855,104.76,0.0173,ms_nir_circle_supported_lattice,No
2,Day 2,Tray 2,2,DJI_20260620131052_0002,15,2,5,615.561,197.825,563.181,145.445,667.941,250.205,104.76,0.0299,ms_nir_circle_supported_lattice,No
2,Day 2,Tray 2,2,DJI_20260620131052_0002,16,2,6,751.496,197.175,699.116,144.795,803.876,249.555,104.76,0.011,ms_nir_circle_supported_lattice,No
2,Day 2,Tray 2,2,DJI_20260620131052_0002,17,2,7,887.431,196.525,835.051,144.145,939.811,248.905,104.76,0.0188,ms_nir_circle_supported_lattice,No
2,Day 2,Tray 2,2,DJI_20260620131052_0002,18,2,8,1023.366,195.874,970.986,143.494,1075.746,248.255,104.76,0.0139,ms_nir_circle_supported_lattice,No
2,Day 2,Tray 2,2,DJI_20260620131052_0002,19,2,9,1159.301,195.224,1106.921,142.844,1211.681,247.604,104.76,0.0193,ms_nir_circle_supported_lattice,No
2,Day 2,Tray 2,2,DJI_20260620131052_0002,20,2,10,1295.236,194.574,1242.856,142.194,1347.616,246.954,104.76,0.0426,ms_nir_circle_supported_lattice,No
2,Day 2,Tray 2,2,DJI_20260620131052_0002,21,3,1,72.078,316.826,19.698,264.446,124.458,369.206,104.76,0.0106,ms_nir_circle_supported_lattice,No
2,Day 2,Tray 2,2,DJI_20260620131052_0002,22,3,2,208.013,316.176,155.633,263.796,260.393,368.556,104.76,0.0133,ms_nir_circle_supported_lattice,No
2,Day 2,Tray 2,2,DJI_20260620131052_0002,23,3,3,343.948,315.526,291.568,263.145,396.328,367.906,104.76,0.0232,ms_nir_circle_supported_lattice,No
2,Day 2,Tray 2,2,DJI_20260620131052_0002,24,3,4,479.883,314.875,427.503,262.495,532.263,367.255,104.76,0.0097,ms_nir_circle_supported_lattice,No
2,Day 2,Tray 2,2,DJI_20260620131052_0002,25,3,5,615.818,314.225,563.438,261.845,668.198,366.605,104.76,0.0025,ms_nir_circle_supported_lattice,No
2,Day 2,Tray 2,2,DJI_20260620131052_0002,26,3,6,751.753,313.575,699.373,261.195,804.133,365.955,104.76,0.0222,ms_nir_circle_supported_lattice,No
2,Day 2,Tray 2,2,DJI_20260620131052_0002,27,3,7,887.688,312.925,835.308,260.545,940.068,365.305,104.76,0.0059,ms_nir_circle_supported_lattice,No
2,Day 2,Tray 2,2,DJI_20260620131052_0002,28,3,8,1023.623,312.274,971.243,259.894,1076.004,364.655,104.76,0.0456,ms_nir_circle_supported_lattice,No
2,Day 2,Tray 2,2,DJI_20260620131052_0002,29,3,9,1159.558,311.624,1107.178,259.244,1211.939,364.004,104.76,0.0066,ms_nir_circle_supported_lattice,No
2,Day 2,Tray 2,2,DJI_20260620131052_0002,30,3,10,1295.494,310.974,1243.113,258.594,1347.874,363.354,104.76,0.03,ms_nir_circle_supported_lattice,No
2,Day 2,Tray 2,2,DJI_20260620131052_0002,31,4,1,72.335,433.226,19.955,380.846,124.715,485.606,104.76,0.03,ms_nir_circle_supported_lattice,No
2,Day 2,Tray 2,2,DJI_20260620131052_0002,32,4,2,208.27,432.576,155.89,380.196,260.65,484.956,104.76,0.0043,ms_nir_circle_supported_lattice,No
2,Day 2,Tray 2,2,DJI_20260620131052_0002,33,4,3,344.205,431.926,291.825,379.545,396.585,484.306,104.76,0.0105,ms_nir_circle_supported_lattice,No
2,Day 2,Tray 2,2,DJI_20260620131052_0002,34,4,4,480.14,431.275,427.76,378.895,532.52,483.655,104.76,0.0703,ms_nir_circle_supported_lattice,No
2,Day 2,Tray 2,2,DJI_20260620131052_0002,35,4,5,616.075,430.625,563.695,378.245,668.455,483.005,104.76,0.0054,ms_nir_circle_supported_lattice,No
2,Day 2,Tray 2,2,DJI_20260620131052_0002,36,4,6,752.01,429.975,699.63,377.595,804.391,482.355,104.76,0.0002,ms_nir_circle_supported_lattice,No
2,Day 2,Tray 2,2,DJI_20260620131052_0002,37,4,7,887.945,429.325,835.565,376.945,940.326,481.705,104.76,0.021,ms_nir_circle_supported_lattice,No
2,Day 2,Tray 2,2,DJI_20260620131052_0002,38,4,8,1023.881,428.674,971.5,376.294,1076.261,481.055,104.76,0.0485,ms_nir_circle_supported_lattice,No
2,Day 2,Tray 2,2,DJI_20260620131052_0002,39,4,9,1159.816,428.024,1107.435,375.644,1212.196,480.404,104.76,0.0439,ms_nir_circle_supported_lattice,No
2,Day 2,Tray 2,2,DJI_20260620131052_0002,40,4,10,1295.751,427.374,1243.371,374.994,1348.131,479.754,104.76,0.0084,ms_nir_circle_supported_lattice,No
2,Day 2,Tray 2,2,DJI_20260620131052_0002,41,5,1,72.592,549.626,20.212,497.246,124.972,602.006,104.76,0.0181,ms_nir_circle_supported_lattice,No
2,Day 2,Tray 2,2,DJI_20260620131052_0002,42,5,2,208.527,548.976,156.147,496.596,260.907,601.356,104.76,0.0156,ms_nir_circle_supported_lattice,No
2,Day 2,Tray 2,2,DJI_20260620131052_0002,43,5,3,344.462,548.326,292.082,495.945,396.842,600.706,104.76,0.0054,ms_nir_circle_supported_lattice,No
2,Day 2,Tray 2,2,DJI_20260620131052_0002,44,5,4,480.397,547.675,428.017,495.295,532.778,600.055,104.76,0.0149,ms_nir_circle_supported_lattice,No
2,Day 2,Tray 2,2,DJI_20260620131052_0002,45,5,5,616.332,547.025,563.952,494.645,668.713,599.405,104.76,0.0335,ms_nir_circle_supported_lattice,No
2,Day 2,Tray 2,2,DJI_20260620131052_0002,46,5,6,752.268,546.375,699.887,493.995,804.648,598.755,104.76,0.0777,ms_nir_circle_supported_lattice,No
2,Day 2,Tray 2,2,DJI_20260620131052_0002,47,5,7,888.203,545.725,835.822,493.345,940.583,598.105,104.76,0.0163,ms_nir_circle_supported_lattice,No
2,Day 2,Tray 2,2,DJI_20260620131052_0002,48,5,8,1024.138,545.074,971.758,492.694,1076.518,597.455,104.76,0.0489,ms_nir_circle_supported_lattice,No
2,Day 2,Tray 2,2,DJI_20260620131052_0002,49,5,9,1160.073,544.424,1107.693,492.044,1212.453,596.804,104.76,0.028,ms_nir_circle_supported_lattice,No
2,Day 2,Tray 2,2,DJI_20260620131052_0002,50,5,10,1296.008,543.774,1243.628,491.394,1348.388,596.154,104.76,0.0108,ms_nir_circle_supported_lattice,No
2,Day 2,Tray 2,2,DJI_20260620131052_0002,51,6,1,72.849,666.026,20.469,613.646,125.229,718.406,104.76,0.018,ms_nir_circle_supported_lattice,No
2,Day 2,Tray 2,2,DJI_20260620131052_0002,52,6,2,208.784,665.376,156.404,612.996,261.165,717.756,104.76,0.0075,ms_nir_circle_supported_lattice,No
2,Day 2,Tray 2,2,DJI_20260620131052_0002,53,6,3,344.719,664.726,292.339,612.345,397.1,717.106,104.76,0.0066,ms_nir_circle_supported_lattice,No
2,Day 2,Tray 2,2,DJI_20260620131052_0002,54,6,4,480.655,664.075,428.274,611.695,533.035,716.455,104.76,0.0327,ms_nir_circle_supported_lattice,No
2,Day 2,Tray 2,2,DJI_20260620131052_0002,55,6,5,616.59,663.425,564.209,611.045,668.97,715.805,104.76,0.0183,ms_nir_circle_supported_lattice,No
2,Day 2,Tray 2,2,DJI_20260620131052_0002,56,6,6,752.525,662.775,700.145,610.395,804.905,715.155,104.76,0.0143,ms_nir_circle_supported_lattice,No
2,Day 2,Tray 2,2,DJI_20260620131052_0002,57,6,7,888.46,662.125,836.08,609.745,940.84,714.505,104.76,0.0164,ms_nir_circle_supported_lattice,No
2,Day 2,Tray 2,2,DJI_20260620131052_0002,58,6,8,1024.395,661.474,972.015,609.094,1076.775,713.855,104.76,0.0053,ms_nir_circle_supported_lattice,No
2,Day 2,Tray 2,2,DJI_20260620131052_0002,59,6,9,1160.33,660.824,1107.95,608.444,1212.71,713.204,104.76,0.0159,ms_nir_circle_supported_lattice,No
2,Day 2,Tray 2,2,DJI_20260620131052_0002,60,6,10,1296.265,660.174,1243.885,607.794,1348.645,712.554,104.76,0.0197,ms_nir_circle_supported_lattice,No
2,Day 2,Tray 2,2,DJI_20260620131052_0002,61,7,1,73.106,782.426,20.726,730.046,125.487,834.806,104.76,0.0253,ms_nir_circle_supported_lattice,No
2,Day 2,Tray 2,2,DJI_20260620131052_0002,62,7,2,209.042,781.776,156.661,729.396,261.422,834.156,104.76,0.0318,ms_nir_circle_supported_lattice,No
2,Day 2,Tray 2,2,DJI_20260620131052_0002,63,7,3,344.977,781.126,292.596,728.745,397.357,833.506,104.76,0.03,ms_nir_circle_supported_lattice,No
2,Day 2,Tray 2,2,DJI_20260620131052_0002,64,7,4,480.912,780.475,428.532,728.095,533.292,832.855,104.76,0.0131,ms_nir_circle_supported_lattice,No
2,Day 2,Tray 2,2,DJI_20260620131052_0002,65,7,5,616.847,779.825,564.467,727.445,669.227,832.205,104.76,0.0174,ms_nir_circle_supported_lattice,No
2,Day 2,Tray 2,2,DJI_20260620131052_0002,66,7,6,752.782,779.175,700.402,726.795,805.162,831.555,104.76,0.0158,ms_nir_circle_supported_lattice,No
2,Day 2,Tray 2,2,DJI_20260620131052_0002,67,7,7,888.717,778.525,836.337,726.145,941.097,830.905,104.76,0.0119,ms_nir_circle_supported_lattice,No
2,Day 2,Tray 2,2,DJI_20260620131052_0002,68,7,8,1024.652,777.874,972.272,725.494,1077.032,830.255,104.76,0.0081,ms_nir_circle_supported_lattice,No
2,Day 2,Tray 2,2,DJI_20260620131052_0002,69,7,9,1160.587,777.224,1108.207,724.844,1212.967,829.604,104.76,0.0235,ms_nir_circle_supported_lattice,No
2,Day 2,Tray 2,2,DJI_20260620131052_0002,70,7,10,1296.522,776.574,1244.142,724.194,1348.902,828.954,104.76,0.0411,ms_nir_circle_supported_lattice,No
2,Day 2,Tray 3,3,DJI_20260620131152_0003,1,1,1,76.729,75.968,24.265,23.504,129.193,128.431,104.928,0.0195,ms_nir_circle_supported_lattice,No
2,Day 2,Tray 3,3,DJI_20260620131152_0003,2,1,2,213.07,75.949,160.607,23.486,265.534,128.413,104.928,0.0114,ms_nir_circle_supported_lattice,No
2,Day 2,Tray 3,3,DJI_20260620131152_0003,3,1,3,349.411,75.931,296.948,23.467,401.875,128.395,104.928,0.0164,ms_nir_circle_supported_lattice,No
2,Day 2,Tray 3,3,DJI_20260620131152_0003,4,1,4,485.753,75.913,433.289,23.449,538.216,128.377,104.928,0.0065,ms_nir_circle_supported_lattice,No
2,Day 2,Tray 3,3,DJI_20260620131152_0003,5,1,5,622.094,75.895,569.63,23.431,674.558,128.359,104.928,0.0012,ms_nir_circle_supported_lattice,No
2,Day 2,Tray 3,3,DJI_20260620131152_0003,6,1,6,758.435,75.877,705.971,23.413,810.899,128.34,104.928,0.0304,ms_nir_circle_supported_lattice,No
2,Day 2,Tray 3,3,DJI_20260620131152_0003,7,1,7,894.776,75.858,842.312,23.395,947.24,128.322,104.928,0.0128,ms_nir_circle_supported_lattice,No
2,Day 2,Tray 3,3,DJI_20260620131152_0003,8,1,8,1031.117,75.84,978.653,23.376,1083.581,128.304,104.928,0.0614,ms_nir_circle_supported_lattice,No
2,Day 2,Tray 3,3,DJI_20260620131152_0003,9,1,9,1167.458,75.822,1114.994,23.358,1219.922,128.286,104.928,0.0108,ms_nir_circle_supported_lattice,No
2,Day 2,Tray 3,3,DJI_20260620131152_0003,10,1,10,1303.799,75.804,1251.336,23.34,1356.263,128.268,104.928,0.0104,ms_nir_circle_supported_lattice,No
2,Day 2,Tray 3,3,DJI_20260620131152_0003,11,2,1,76.394,192.553,23.93,140.089,128.857,245.017,104.928,0.0051,ms_nir_circle_supported_lattice,No
2,Day 2,Tray 3,3,DJI_20260620131152_0003,12,2,2,212.735,192.535,160.271,140.071,265.198,244.999,104.928,0.0116,ms_nir_circle_supported_lattice,No
2,Day 2,Tray 3,3,DJI_20260620131152_0003,13,2,3,349.076,192.517,296.612,140.053,401.54,244.981,104.928,0.0152,ms_nir_circle_supported_lattice,No
2,Day 2,Tray 3,3,DJI_20260620131152_0003,14,2,4,485.417,192.499,432.953,140.035,537.881,244.962,104.928,0.0056,ms_nir_circle_supported_lattice,No
2,Day 2,Tray 3,3,DJI_20260620131152_0003,15,2,5,621.758,192.481,569.294,140.017,674.222,244.944,104.928,0.0049,ms_nir_circle_supported_lattice,No
2,Day 2,Tray 3,3,DJI_20260620131152_0003,16,2,6,758.099,192.462,705.635,139.999,810.563,244.926,104.928,0.0147,ms_nir_circle_supported_lattice,No
2,Day 2,Tray 3,3,DJI_20260620131152_0003,17,2,7,894.44,192.444,841.976,139.98,946.904,244.908,104.928,0.0068,ms_nir_circle_supported_lattice,No
2,Day 2,Tray 3,3,DJI_20260620131152_0003,18,2,8,1030.781,192.426,978.318,139.962,1083.245,244.89,104.928,0.0083,ms_nir_circle_supported_lattice,No
2,Day 2,Tray 3,3,DJI_20260620131152_0003,19,2,9,1167.123,192.408,1114.659,139.944,1219.586,244.872,104.928,0.0154,ms_nir_circle_supported_lattice,No
2,Day 2,Tray 3,3,DJI_20260620131152_0003,20,2,10,1303.464,192.39,1251.0,139.926,1355.927,244.853,104.928,0.0209,ms_nir_circle_supported_lattice,No
2,Day 2,Tray 3,3,DJI_20260620131152_0003,21,3,1,76.058,309.139,23.594,256.675,128.522,361.603,104.928,0.0098,ms_nir_circle_supported_lattice,No
2,Day 2,Tray 3,3,DJI_20260620131152_0003,22,3,2,212.399,309.121,159.935,256.657,264.863,361.585,104.928,0.0185,ms_nir_circle_supported_lattice,No
2,Day 2,Tray 3,3,DJI_20260620131152_0003,23,3,3,348.74,309.103,296.276,256.639,401.204,361.566,104.928,0.0144,ms_nir_circle_supported_lattice,No
2,Day 2,Tray 3,3,DJI_20260620131152_0003,24,3,4,485.081,309.084,432.617,256.621,537.545,361.548,104.928,0.0093,ms_nir_circle_supported_lattice,No
2,Day 2,Tray 3,3,DJI_20260620131152_0003,25,3,5,621.422,309.066,568.959,256.602,673.886,361.53,104.928,0.0088,ms_nir_circle_supported_lattice,No
2,Day 2,Tray 3,3,DJI_20260620131152_0003,26,3,6,757.763,309.048,705.3,256.584,810.227,361.512,104.928,0.0187,ms_nir_circle_supported_lattice,No
2,Day 2,Tray 3,3,DJI_20260620131152_0003,27,3,7,894.105,309.03,841.641,256.566,946.568,361.494,104.928,0.0117,ms_nir_circle_supported_lattice,No
2,Day 2,Tray 3,3,DJI_20260620131152_0003,28,3,8,1030.446,309.012,977.982,256.548,1082.909,361.475,104.928,0.0177,ms_nir_circle_supported_lattice,No
2,Day 2,Tray 3,3,DJI_20260620131152_0003,29,3,9,1166.787,308.994,1114.323,256.53,1219.251,361.457,104.928,0.0175,ms_nir_circle_supported_lattice,No
2,Day 2,Tray 3,3,DJI_20260620131152_0003,30,3,10,1303.128,308.975,1250.664,256.512,1355.592,361.439,104.928,0.0203,ms_nir_circle_supported_lattice,No
2,Day 2,Tray 3,3,DJI_20260620131152_0003,31,4,1,75.722,425.725,23.258,373.261,128.186,478.188,104.928,0.016,ms_nir_circle_supported_lattice,No
2,Day 2,Tray 3,3,DJI_20260620131152_0003,32,4,2,212.063,425.706,159.599,373.243,264.527,478.17,104.928,0.0294,ms_nir_circle_supported_lattice,No
2,Day 2,Tray 3,3,DJI_20260620131152_0003,33,4,3,348.404,425.688,295.941,373.225,400.868,478.152,104.928,0.0078,ms_nir_circle_supported_lattice,No
2,Day 2,Tray 3,3,DJI_20260620131152_0003,34,4,4,484.745,425.67,432.282,373.206,537.209,478.134,104.928,0.0802,ms_nir_circle_supported_lattice,No
2,Day 2,Tray 3,3,DJI_20260620131152_0003,35,4,5,621.087,425.652,568.623,373.188,673.55,478.116,104.928,0.0096,ms_nir_circle_supported_lattice,No
2,Day 2,Tray 3,3,DJI_20260620131152_0003,36,4,6,757.428,425.634,704.964,373.17,809.891,478.098,104.928,0.0145,ms_nir_circle_supported_lattice,No
2,Day 2,Tray 3,3,DJI_20260620131152_0003,37,4,7,893.769,425.616,841.305,373.152,946.233,478.079,104.928,0.0271,ms_nir_circle_supported_lattice,No
2,Day 2,Tray 3,3,DJI_20260620131152_0003,38,4,8,1030.11,425.597,977.646,373.134,1082.574,478.061,104.928,0.0052,ms_nir_circle_supported_lattice,No
2,Day 2,Tray 3,3,DJI_20260620131152_0003,39,4,9,1166.451,425.579,1113.987,373.115,1218.915,478.043,104.928,0.0142,ms_nir_circle_supported_lattice,No
2,Day 2,Tray 3,3,DJI_20260620131152_0003,40,4,10,1302.792,425.561,1250.328,373.097,1355.256,478.025,104.928,0.0638,ms_nir_circle_supported_lattice,No
2,Day 2,Tray 3,3,DJI_20260620131152_0003,41,5,1,75.386,542.31,22.923,489.847,127.85,594.774,104.928,0.0734,ms_nir_circle_supported_lattice,No
2,Day 2,Tray 3,3,DJI_20260620131152_0003,42,5,2,211.727,542.292,159.264,489.828,264.191,594.756,104.928,0.0067,ms_nir_circle_supported_lattice,No
2,Day 2,Tray 3,3,DJI_20260620131152_0003,43,5,3,348.069,542.274,295.605,489.81,400.532,594.738,104.928,0.0375,ms_nir_circle_supported_lattice,No
2,Day 2,Tray 3,3,DJI_20260620131152_0003,44,5,4,484.41,542.256,431.946,489.792,536.874,594.72,104.928,0.0113,ms_nir_circle_supported_lattice,No
2,Day 2,Tray 3,3,DJI_20260620131152_0003,45,5,5,620.751,542.238,568.287,489.774,673.215,594.701,104.928,0.0285,ms_nir_circle_supported_lattice,No
2,Day 2,Tray 3,3,DJI_20260620131152_0003,46,5,6,757.092,542.219,704.628,489.756,809.556,594.683,104.928,0.013,ms_nir_circle_supported_lattice,No
2,Day 2,Tray 3,3,DJI_20260620131152_0003,47,5,7,893.433,542.201,840.969,489.738,945.897,594.665,104.928,0.0277,ms_nir_circle_supported_lattice,No
2,Day 2,Tray 3,3,DJI_20260620131152_0003,48,5,8,1029.774,542.183,977.31,489.719,1082.238,594.647,104.928,0.0025,ms_nir_circle_supported_lattice,No
2,Day 2,Tray 3,3,DJI_20260620131152_0003,49,5,9,1166.115,542.165,1113.652,489.701,1218.579,594.629,104.928,0.0077,ms_nir_circle_supported_lattice,No
2,Day 2,Tray 3,3,DJI_20260620131152_0003,50,5,10,1302.456,542.147,1249.993,489.683,1354.92,594.611,104.928,0.0087,ms_nir_circle_supported_lattice,No
2,Day 2,Tray 3,3,DJI_20260620131152_0003,51,6,1,75.051,658.896,22.587,606.432,127.514,711.36,104.928,0.0091,ms_nir_circle_supported_lattice,No
2,Day 2,Tray 3,3,DJI_20260620131152_0003,52,6,2,211.392,658.878,158.928,606.414,263.856,711.342,104.928,0.0333,ms_nir_circle_supported_lattice,No
2,Day 2,Tray 3,3,DJI_20260620131152_0003,53,6,3,347.733,658.86,295.269,606.396,400.197,711.324,104.928,0.0482,ms_nir_circle_supported_lattice,No
2,Day 2,Tray 3,3,DJI_20260620131152_0003,54,6,4,484.074,658.842,431.61,606.378,536.538,711.305,104.928,0.0436,ms_nir_circle_supported_lattice,No
2,Day 2,Tray 3,3,DJI_20260620131152_0003,55,6,5,620.415,658.823,567.951,606.36,672.879,711.287,104.928,0.014,ms_nir_circle_supported_lattice,No
2,Day 2,Tray 3,3,DJI_20260620131152_0003,56,6,6,756.756,658.805,704.292,606.341,809.22,711.269,104.928,0.0156,ms_nir_circle_supported_lattice,No
2,Day 2,Tray 3,3,DJI_20260620131152_0003,57,6,7,893.097,658.787,840.634,606.323,945.561,711.251,104.928,0.0154,ms_nir_circle_supported_lattice,No
2,Day 2,Tray 3,3,DJI_20260620131152_0003,58,6,8,1029.439,658.769,976.975,606.305,1081.902,711.233,104.928,0.0076,ms_nir_circle_supported_lattice,No
2,Day 2,Tray 3,3,DJI_20260620131152_0003,59,6,9,1165.78,658.751,1113.316,606.287,1218.243,711.214,104.928,0.0322,ms_nir_circle_supported_lattice,No
2,Day 2,Tray 3,3,DJI_20260620131152_0003,60,6,10,1302.121,658.732,1249.657,606.269,1354.585,711.196,104.928,0.0248,ms_nir_circle_supported_lattice,No
2,Day 2,Tray 3,3,DJI_20260620131152_0003,61,7,1,74.715,775.482,22.251,723.018,127.179,827.946,104.928,0.0222,ms_nir_circle_supported_lattice,No
2,Day 2,Tray 3,3,DJI_20260620131152_0003,62,7,2,211.056,775.464,158.592,723.0,263.52,827.927,104.928,0.0266,ms_nir_circle_supported_lattice,No
2,Day 2,Tray 3,3,DJI_20260620131152_0003,63,7,3,347.397,775.445,294.933,722.982,399.861,827.909,104.928,0.0143,ms_nir_circle_supported_lattice,No
2,Day 2,Tray 3,3,DJI_20260620131152_0003,64,7,4,483.738,775.427,431.275,722.963,536.202,827.891,104.928,0.0157,ms_nir_circle_supported_lattice,No
2,Day 2,Tray 3,3,DJI_20260620131152_0003,65,7,5,620.079,775.409,567.616,722.945,672.543,827.873,104.928,0.0951,ms_nir_circle_supported_lattice,No
2,Day 2,Tray 3,3,DJI_20260620131152_0003,66,7,6,756.421,775.391,703.957,722.927,808.884,827.855,104.928,0.0667,ms_nir_circle_supported_lattice,No
2,Day 2,Tray 3,3,DJI_20260620131152_0003,67,7,7,892.762,775.373,840.298,722.909,945.225,827.837,104.928,0.0237,ms_nir_circle_supported_lattice,No
2,Day 2,Tray 3,3,DJI_20260620131152_0003,68,7,8,1029.103,775.355,976.639,722.891,1081.567,827.818,104.928,0.0331,ms_nir_circle_supported_lattice,No
2,Day 2,Tray 3,3,DJI_20260620131152_0003,69,7,9,1165.444,775.336,1112.98,722.873,1217.908,827.8,104.928,0.1006,ms_nir_circle_supported_lattice,No
2,Day 2,Tray 3,3,DJI_20260620131152_0003,70,7,10,1301.785,775.318,1249.321,722.854,1354.249,827.782,104.928,0.0178,ms_nir_circle_supported_lattice,No
2,Day 2,Tray 4,4,DJI_20260620131233_0004,1,1,1,81.357,83.018,29.027,30.688,133.688,135.348,104.66,0.0209,ms_nir_circle_supported_lattice,No
2,Day 2,Tray 4,4,DJI_20260620131233_0004,2,1,2,218.023,84.151,165.693,31.821,270.353,136.481,104.66,0.0278,ms_nir_circle_supported_lattice,No
2,Day 2,Tray 4,4,DJI_20260620131233_0004,3,1,3,354.689,85.285,302.359,32.954,407.019,137.615,104.66,0.0233,ms_nir_circle_supported_lattice,No
2,Day 2,Tray 4,4,DJI_20260620131233_0004,4,1,4,491.355,86.418,439.025,34.088,543.685,138.748,104.66,0.0169,ms_nir_circle_supported_lattice,No
2,Day 2,Tray 4,4,DJI_20260620131233_0004,5,1,5,628.021,87.551,575.69,35.221,680.351,139.881,104.66,0.0047,ms_nir_circle_supported_lattice,No
2,Day 2,Tray 4,4,DJI_20260620131233_0004,6,1,6,764.686,88.685,712.356,36.354,817.017,141.015,104.66,0.0147,ms_nir_circle_supported_lattice,No
2,Day 2,Tray 4,4,DJI_20260620131233_0004,7,1,7,901.352,89.818,849.022,37.488,953.682,142.148,104.66,0.0211,ms_nir_circle_supported_lattice,No
2,Day 2,Tray 4,4,DJI_20260620131233_0004,8,1,8,1038.018,90.951,985.688,38.621,1090.348,143.281,104.66,0.0188,ms_nir_circle_supported_lattice,No
2,Day 2,Tray 4,4,DJI_20260620131233_0004,9,1,9,1174.684,92.085,1122.354,39.754,1227.014,144.415,104.66,0.0272,ms_nir_circle_supported_lattice,No
2,Day 2,Tray 4,4,DJI_20260620131233_0004,10,1,10,1311.35,93.218,1259.019,40.888,1363.68,145.548,104.66,0.0118,ms_nir_circle_supported_lattice,No
2,Day 2,Tray 4,4,DJI_20260620131233_0004,11,2,1,81.282,199.307,28.952,146.977,133.613,251.637,104.66,0.0458,ms_nir_circle_supported_lattice,No
2,Day 2,Tray 4,4,DJI_20260620131233_0004,12,2,2,217.948,200.44,165.618,148.11,270.278,252.771,104.66,0.0102,ms_nir_circle_supported_lattice,No
2,Day 2,Tray 4,4,DJI_20260620131233_0004,13,2,3,354.614,201.574,302.284,149.244,406.944,253.904,104.66,0.0208,ms_nir_circle_supported_lattice,No
2,Day 2,Tray 4,4,DJI_20260620131233_0004,14,2,4,491.28,202.707,438.95,150.377,543.61,255.037,104.66,0.0113,ms_nir_circle_supported_lattice,No
2,Day 2,Tray 4,4,DJI_20260620131233_0004,15,2,5,627.946,203.84,575.615,151.51,680.276,256.171,104.66,0.0257,ms_nir_circle_supported_lattice,No
2,Day 2,Tray 4,4,DJI_20260620131233_0004,16,2,6,764.611,204.974,712.281,152.644,816.942,257.304,104.66,0.0033,ms_nir_circle_supported_lattice,No
2,Day 2,Tray 4,4,DJI_20260620131233_0004,17,2,7,901.277,206.107,848.947,153.777,953.607,258.437,104.66,0.0114,ms_nir_circle_supported_lattice,No
2,Day 2,Tray 4,4,DJI_20260620131233_0004,18,2,8,1037.943,207.24,985.613,154.91,1090.273,259.571,104.66,0.0093,ms_nir_circle_supported_lattice,No
2,Day 2,Tray 4,4,DJI_20260620131233_0004,19,2,9,1174.609,208.374,1122.279,156.044,1226.939,260.704,104.66,0.0399,ms_nir_circle_supported_lattice,No
2,Day 2,Tray 4,4,DJI_20260620131233_0004,20,2,10,1311.275,209.507,1258.944,157.177,1363.605,261.837,104.66,0.0118,ms_nir_circle_supported_lattice,No
2,Day 2,Tray 4,4,DJI_20260620131233_0004,21,3,1,81.207,315.596,28.877,263.266,133.538,367.927,104.66,0.0637,ms_nir_circle_supported_lattice,No
2,Day 2,Tray 4,4,DJI_20260620131233_0004,22,3,2,217.873,316.73,165.543,264.4,270.203,369.06,104.66,0.0026,ms_nir_circle_supported_lattice,No
2,Day 2,Tray 4,4,DJI_20260620131233_0004,23,3,3,354.539,317.863,302.209,265.533,406.869,370.193,104.66,0.0084,ms_nir_circle_supported_lattice,No
2,Day 2,Tray 4,4,DJI_20260620131233_0004,24,3,4,491.205,318.996,438.875,266.666,543.535,371.327,104.66,0.0177,ms_nir_circle_supported_lattice,No
2,Day 2,Tray 4,4,DJI_20260620131233_0004,25,3,5,627.871,320.13,575.54,267.8,680.201,372.46,104.66,0.0076,ms_nir_circle_supported_lattice,No
2,Day 2,Tray 4,4,DJI_20260620131233_0004,26,3,6,764.536,321.263,712.206,268.933,816.867,373.593,104.66,0.0116,ms_nir_circle_supported_lattice,No
2,Day 2,Tray 4,4,DJI_20260620131233_0004,27,3,7,901.202,322.396,848.872,270.066,953.532,374.727,104.66,0.0258,ms_nir_circle_supported_lattice,No
2,Day 2,Tray 4,4,DJI_20260620131233_0004,28,3,8,1037.868,323.53,985.538,271.2,1090.198,375.86,104.66,0.0107,ms_nir_circle_supported_lattice,No
2,Day 2,Tray 4,4,DJI_20260620131233_0004,29,3,9,1174.534,324.663,1122.204,272.333,1226.864,376.993,104.66,0.0054,ms_nir_circle_supported_lattice,No
2,Day 2,Tray 4,4,DJI_20260620131233_0004,30,3,10,1311.2,325.796,1258.869,273.466,1363.53,378.127,104.66,0.0124,ms_nir_circle_supported_lattice,No
2,Day 2,Tray 4,4,DJI_20260620131233_0004,31,4,1,81.132,431.886,28.802,379.556,133.463,484.216,104.66,0.0258,ms_nir_circle_supported_lattice,No
2,Day 2,Tray 4,4,DJI_20260620131233_0004,32,4,2,217.798,433.019,165.468,380.689,270.128,485.349,104.66,0.0202,ms_nir_circle_supported_lattice,No
2,Day 2,Tray 4,4,DJI_20260620131233_0004,33,4,3,354.464,434.152,302.134,381.822,406.794,486.483,104.66,0.0165,ms_nir_circle_supported_lattice,No
2,Day 2,Tray 4,4,DJI_20260620131233_0004,34,4,4,491.13,435.286,438.8,382.956,543.46,487.616,104.66,0.0172,ms_nir_circle_supported_lattice,No
2,Day 2,Tray 4,4,DJI_20260620131233_0004,35,4,5,627.796,436.419,575.465,384.089,680.126,488.749,104.66,0.0209,ms_nir_circle_supported_lattice,No
2,Day 2,Tray 4,4,DJI_20260620131233_0004,36,4,6,764.461,437.552,712.131,385.222,816.792,489.883,104.66,0.0496,ms_nir_circle_supported_lattice,No
2,Day 2,Tray 4,4,DJI_20260620131233_0004,37,4,7,901.127,438.686,848.797,386.356,953.457,491.016,104.66,0.0676,ms_nir_circle_supported_lattice,No
2,Day 2,Tray 4,4,DJI_20260620131233_0004,38,4,8,1037.793,439.819,985.463,387.489,1090.123,492.149,104.66,0.0991,ms_nir_circle_supported_lattice,No
2,Day 2,Tray 4,4,DJI_20260620131233_0004,39,4,9,1174.459,440.952,1122.129,388.622,1226.789,493.283,104.66,0.0642,ms_nir_circle_supported_lattice,No
2,Day 2,Tray 4,4,DJI_20260620131233_0004,40,4,10,1311.125,442.086,1258.794,389.756,1363.455,494.416,104.66,0.0013,ms_nir_circle_supported_lattice,No
2,Day 2,Tray 4,4,DJI_20260620131233_0004,41,5,1,81.057,548.175,28.727,495.845,133.388,600.505,104.66,0.0243,ms_nir_circle_supported_lattice,No
2,Day 2,Tray 4,4,DJI_20260620131233_0004,42,5,2,217.723,549.308,165.393,496.978,270.053,601.639,104.66,0.0182,ms_nir_circle_supported_lattice,No
2,Day 2,Tray 4,4,DJI_20260620131233_0004,43,5,3,354.389,550.442,302.059,498.111,406.719,602.772,104.66,0.0186,ms_nir_circle_supported_lattice,No
2,Day 2,Tray 4,4,DJI_20260620131233_0004,44,5,4,491.055,551.575,438.725,499.245,543.385,603.905,104.66,0.0207,ms_nir_circle_supported_lattice,No
2,Day 2,Tray 4,4,DJI_20260620131233_0004,45,5,5,627.721,552.708,575.39,500.378,680.051,605.039,104.66,0.08,ms_nir_circle_supported_lattice,No
2,Day 2,Tray 4,4,DJI_20260620131233_0004,46,5,6,764.386,553.842,712.056,501.511,816.717,606.172,104.66,0.0054,ms_nir_circle_supported_lattice,No
2,Day 2,Tray 4,4,DJI_20260620131233_0004,47,5,7,901.052,554.975,848.722,502.645,953.382,607.305,104.66,0.0005,ms_nir_circle_supported_lattice,No
2,Day 2,Tray 4,4,DJI_20260620131233_0004,48,5,8,1037.718,556.108,985.388,503.778,1090.048,608.439,104.66,0.0355,ms_nir_circle_supported_lattice,No
2,Day 2,Tray 4,4,DJI_20260620131233_0004,49,5,9,1174.384,557.242,1122.054,504.911,1226.714,609.572,104.66,0.0226,ms_nir_circle_supported_lattice,No
2,Day 2,Tray 4,4,DJI_20260620131233_0004,50,5,10,1311.05,558.375,1258.719,506.045,1363.38,610.705,104.66,0.057,ms_nir_circle_supported_lattice,No
2,Day 2,Tray 4,4,DJI_20260620131233_0004,51,6,1,80.982,664.464,28.652,612.134,133.313,716.794,104.66,0.0235,ms_nir_circle_supported_lattice,No
2,Day 2,Tray 4,4,DJI_20260620131233_0004,52,6,2,217.648,665.598,165.318,613.267,269.978,717.928,104.66,0.0127,ms_nir_circle_supported_lattice,No
2,Day 2,Tray 4,4,DJI_20260620131233_0004,53,6,3,354.314,666.731,301.984,614.401,406.644,719.061,104.66,0.0063,ms_nir_circle_supported_lattice,No
2,Day 2,Tray 4,4,DJI_20260620131233_0004,54,6,4,490.98,667.864,438.65,615.534,543.31,720.194,104.66,0.0477,ms_nir_circle_supported_lattice,No
2,Day 2,Tray 4,4,DJI_20260620131233_0004,55,6,5,627.646,668.998,575.315,616.667,679.976,721.328,104.66,0.0145,ms_nir_circle_supported_lattice,No
2,Day 2,Tray 4,4,DJI_20260620131233_0004,56,6,6,764.311,670.131,711.981,617.801,816.642,722.461,104.66,0.0175,ms_nir_circle_supported_lattice,No
2,Day 2,Tray 4,4,DJI_20260620131233_0004,57,6,7,900.977,671.264,848.647,618.934,953.307,723.594,104.66,0.0214,ms_nir_circle_supported_lattice,No
2,Day 2,Tray 4,4,DJI_20260620131233_0004,58,6,8,1037.643,672.398,985.313,620.067,1089.973,724.728,104.66,0.1294,ms_nir_circle_supported_lattice,No
2,Day 2,Tray 4,4,DJI_20260620131233_0004,59,6,9,1174.309,673.531,1121.979,621.201,1226.639,725.861,104.66,0.095,ms_nir_circle_supported_lattice,No
2,Day 2,Tray 4,4,DJI_20260620131233_0004,60,6,10,1310.975,674.664,1258.644,622.334,1363.305,726.994,104.66,0.0205,ms_nir_circle_supported_lattice,No
2,Day 2,Tray 4,4,DJI_20260620131233_0004,61,7,1,80.907,780.754,28.577,728.423,133.238,833.084,104.66,0.0181,ms_nir_circle_supported_lattice,No
2,Day 2,Tray 4,4,DJI_20260620131233_0004,62,7,2,217.573,781.887,165.243,729.557,269.903,834.217,104.66,0.0085,ms_nir_circle_supported_lattice,No
2,Day 2,Tray 4,4,DJI_20260620131233_0004,63,7,3,354.239,783.02,301.909,730.69,406.569,835.35,104.66,0.0629,ms_nir_circle_supported_lattice,No
2,Day 2,Tray 4,4,DJI_20260620131233_0004,64,7,4,490.905,784.154,438.575,731.823,543.235,836.484,104.66,0.0377,ms_nir_circle_supported_lattice,No
2,Day 2,Tray 4,4,DJI_20260620131233_0004,65,7,5,627.571,785.287,575.24,732.957,679.901,837.617,104.66,0.0296,ms_nir_circle_supported_lattice,No
2,Day 2,Tray 4,4,DJI_20260620131233_0004,66,7,6,764.236,786.42,711.906,734.09,816.567,838.75,104.66,0.0538,ms_nir_circle_supported_lattice,No
2,Day 2,Tray 4,4,DJI_20260620131233_0004,67,7,7,900.902,787.554,848.572,735.223,953.232,839.884,104.66,0.1015,ms_nir_circle_supported_lattice,No
2,Day 2,Tray 4,4,DJI_20260620131233_0004,68,7,8,1037.568,788.687,985.238,736.357,1089.898,841.017,104.66,0.0969,ms_nir_circle_supported_lattice,No
2,Day 2,Tray 4,4,DJI_20260620131233_0004,69,7,9,1174.234,789.82,1121.904,737.49,1226.564,842.15,104.66,0.0287,ms_nir_circle_supported_lattice,No
2,Day 2,Tray 4,4,DJI_20260620131233_0004,70,7,10,1310.9,790.954,1258.569,738.623,1363.23,843.284,104.66,0.0421,ms_nir_circle_supported_lattice,No
2,Day 2,Tray 5,5,DJI_20260620131340_0005,1,1,1,75.749,76.9,23.464,24.615,128.034,129.185,104.57,0.0133,ms_nir_circle_supported_lattice,No
2,Day 2,Tray 5,5,DJI_20260620131340_0005,2,1,2,212.218,77.5,159.933,25.215,264.503,129.785,104.57,0.0688,ms_nir_circle_supported_lattice,No
2,Day 2,Tray 5,5,DJI_20260620131340_0005,3,1,3,348.688,78.1,296.403,25.815,400.972,130.385,104.57,0.0082,ms_nir_circle_supported_lattice,No
2,Day 2,Tray 5,5,DJI_20260620131340_0005,4,1,4,485.157,78.7,432.872,26.415,537.442,130.985,104.57,0.0177,ms_nir_circle_supported_lattice,No
2,Day 2,Tray 5,5,DJI_20260620131340_0005,5,1,5,621.626,79.3,569.341,27.015,673.911,131.585,104.57,0.0201,ms_nir_circle_supported_lattice,No
2,Day 2,Tray 5,5,DJI_20260620131340_0005,6,1,6,758.095,79.9,705.811,27.615,810.38,132.185,104.57,0.011,ms_nir_circle_supported_lattice,No
2,Day 2,Tray 5,5,DJI_20260620131340_0005,7,1,7,894.565,80.5,842.28,28.215,946.849,132.785,104.57,0.0057,ms_nir_circle_supported_lattice,No
2,Day 2,Tray 5,5,DJI_20260620131340_0005,8,1,8,1031.034,81.1,978.749,28.815,1083.319,133.385,104.57,0.0201,ms_nir_circle_supported_lattice,No
2,Day 2,Tray 5,5,DJI_20260620131340_0005,9,1,9,1167.503,81.7,1115.218,29.415,1219.788,133.985,104.57,0.012,ms_nir_circle_supported_lattice,No
2,Day 2,Tray 5,5,DJI_20260620131340_0005,10,1,10,1303.972,82.3,1251.688,30.015,1356.257,134.585,104.57,0.053,ms_nir_circle_supported_lattice,No
2,Day 2,Tray 5,5,DJI_20260620131340_0005,11,2,1,74.938,193.086,22.653,140.801,127.223,245.371,104.57,0.0081,ms_nir_circle_supported_lattice,No
2,Day 2,Tray 5,5,DJI_20260620131340_0005,12,2,2,211.408,193.686,159.123,141.401,263.692,245.971,104.57,0.025,ms_nir_circle_supported_lattice,No
2,Day 2,Tray 5,5,DJI_20260620131340_0005,13,2,3,347.877,194.286,295.592,142.001,400.162,246.571,104.57,0.0163,ms_nir_circle_supported_lattice,No
2,Day 2,Tray 5,5,DJI_20260620131340_0005,14,2,4,484.346,194.886,432.061,142.601,536.631,247.171,104.57,0.0111,ms_nir_circle_supported_lattice,No
2,Day 2,Tray 5,5,DJI_20260620131340_0005,15,2,5,620.815,195.486,568.531,143.201,673.1,247.771,104.57,0.0111,ms_nir_circle_supported_lattice,No
2,Day 2,Tray 5,5,DJI_20260620131340_0005,16,2,6,757.285,196.086,705.0,143.801,809.569,248.371,104.57,0.0062,ms_nir_circle_supported_lattice,No
2,Day 2,Tray 5,5,DJI_20260620131340_0005,17,2,7,893.754,196.686,841.469,144.401,946.039,248.971,104.57,0.0226,ms_nir_circle_supported_lattice,No
2,Day 2,Tray 5,5,DJI_20260620131340_0005,18,2,8,1030.223,197.286,977.938,145.001,1082.508,249.571,104.57,0.0547,ms_nir_circle_supported_lattice,No
2,Day 2,Tray 5,5,DJI_20260620131340_0005,19,2,9,1166.692,197.886,1114.408,145.601,1218.977,250.171,104.57,0.0164,ms_nir_circle_supported_lattice,No
2,Day 2,Tray 5,5,DJI_20260620131340_0005,20,2,10,1303.162,198.486,1250.877,146.201,1355.447,250.771,104.57,0.0131,ms_nir_circle_supported_lattice,No
2,Day 2,Tray 5,5,DJI_20260620131340_0005,21,3,1,74.128,309.271,21.843,256.987,126.412,361.556,104.57,0.046,ms_nir_circle_supported_lattice,No
2,Day 2,Tray 5,5,DJI_20260620131340_0005,22,3,2,210.597,309.871,158.312,257.587,262.882,362.156,104.57,0.0083,ms_nir_circle_supported_lattice,No
2,Day 2,Tray 5,5,DJI_20260620131340_0005,23,3,3,347.066,310.471,294.781,258.187,399.351,362.756,104.57,0.0471,ms_nir_circle_supported_lattice,No
2,Day 2,Tray 5,5,DJI_20260620131340_0005,24,3,4,483.535,311.071,431.251,258.787,535.82,363.356,104.57,0.0101,ms_nir_circle_supported_lattice,No
2,Day 2,Tray 5,5,DJI_20260620131340_0005,25,3,5,620.005,311.671,567.72,259.387,672.289,363.956,104.57,0.0468,ms_nir_circle_supported_lattice,No
2,Day 2,Tray 5,5,DJI_20260620131340_0005,26,3,6,756.474,312.271,704.189,259.987,808.759,364.556,104.57,0.039,ms_nir_circle_supported_lattice,No
2,Day 2,Tray 5,5,DJI_20260620131340_0005,27,3,7,892.943,312.871,840.658,260.587,945.228,365.156,104.57,0.0193,ms_nir_circle_supported_lattice,No
2,Day 2,Tray 5,5,DJI_20260620131340_0005,28,3,8,1029.412,313.471,977.128,261.187,1081.697,365.756,104.57,0.0068,ms_nir_circle_supported_lattice,No
2,Day 2,Tray 5,5,DJI_20260620131340_0005,29,3,9,1165.882,314.071,1113.597,261.787,1218.167,366.356,104.57,0.0081,ms_nir_circle_supported_lattice,No
2,Day 2,Tray 5,5,DJI_20260620131340_0005,30,3,10,1302.351,314.671,1250.066,262.387,1354.636,366.956,104.57,0.0204,ms_nir_circle_supported_lattice,No
2,Day 2,Tray 5,5,DJI_20260620131340_0005,31,4,1,73.317,425.457,21.032,373.172,125.602,477.742,104.57,0.0128,ms_nir_circle_supported_lattice,No
2,Day 2,Tray 5,5,DJI_20260620131340_0005,32,4,2,209.786,426.057,157.501,373.772,262.071,478.342,104.57,0.0507,ms_nir_circle_supported_lattice,No
2,Day 2,Tray 5,5,DJI_20260620131340_0005,33,4,3,346.255,426.657,293.971,374.372,398.54,478.942,104.57,0.0295,ms_nir_circle_supported_lattice,No
2,Day 2,Tray 5,5,DJI_20260620131340_0005,34,4,4,482.725,427.257,430.44,374.972,535.01,479.542,104.57,0.0066,ms_nir_circle_supported_lattice,No
2,Day 2,Tray 5,5,DJI_20260620131340_0005,35,4,5,619.194,427.857,566.909,375.572,671.479,480.142,104.57,0.0101,ms_nir_circle_supported_lattice,No
2,Day 2,Tray 5,5,DJI_20260620131340_0005,36,4,6,755.663,428.457,703.378,376.172,807.948,480.742,104.57,0.0319,ms_nir_circle_supported_lattice,No
2,Day 2,Tray 5,5,DJI_20260620131340_0005,37,4,7,892.132,429.057,839.848,376.772,944.417,481.342,104.57,0.0092,ms_nir_circle_supported_lattice,No
2,Day 2,Tray 5,5,DJI_20260620131340_0005,38,4,8,1028.602,429.657,976.317,377.372,1080.887,481.942,104.57,0.0267,ms_nir_circle_supported_lattice,No
2,Day 2,Tray 5,5,DJI_20260620131340_0005,39,4,9,1165.071,430.257,1112.786,377.972,1217.356,482.542,104.57,0.0524,ms_nir_circle_supported_lattice,No
2,Day 2,Tray 5,5,DJI_20260620131340_0005,40,4,10,1301.54,430.857,1249.255,378.572,1353.825,483.142,104.57,0.019,ms_nir_circle_supported_lattice,No
2,Day 2,Tray 5,5,DJI_20260620131340_0005,41,5,1,72.506,541.643,20.221,489.358,124.791,593.928,104.57,0.0133,ms_nir_circle_supported_lattice,No
2,Day 2,Tray 5,5,DJI_20260620131340_0005,42,5,2,208.975,542.243,156.691,489.958,261.26,594.528,104.57,0.0171,ms_nir_circle_supported_lattice,No
2,Day 2,Tray 5,5,DJI_20260620131340_0005,43,5,3,345.445,542.843,293.16,490.558,397.73,595.128,104.57,0.0082,ms_nir_circle_supported_lattice,No
2,Day 2,Tray 5,5,DJI_20260620131340_0005,44,5,4,481.914,543.443,429.629,491.158,534.199,595.728,104.57,0.0105,ms_nir_circle_supported_lattice,No
2,Day 2,Tray 5,5,DJI_20260620131340_0005,45,5,5,618.383,544.043,566.098,491.758,670.668,596.328,104.57,0.0104,ms_nir_circle_supported_lattice,No
2,Day 2,Tray 5,5,DJI_20260620131340_0005,46,5,6,754.852,544.643,702.568,492.358,807.137,596.928,104.57,0.0553,ms_nir_circle_supported_lattice,No
2,Day 2,Tray 5,5,DJI_20260620131340_0005,47,5,7,891.322,545.243,839.037,492.958,943.607,597.528,104.57,0.0035,ms_nir_circle_supported_lattice,No
2,Day 2,Tray 5,5,DJI_20260620131340_0005,48,5,8,1027.791,545.843,975.506,493.558,1080.076,598.128,104.57,0.0127,ms_nir_circle_supported_lattice,No
2,Day 2,Tray 5,5,DJI_20260620131340_0005,49,5,9,1164.26,546.443,1111.975,494.158,1216.545,598.728,104.57,0.0241,ms_nir_circle_supported_lattice,No
2,Day 2,Tray 5,5,DJI_20260620131340_0005,50,5,10,1300.73,547.043,1248.445,494.758,1353.014,599.328,104.57,0.0086,ms_nir_circle_supported_lattice,No
2,Day 2,Tray 5,5,DJI_20260620131340_0005,51,6,1,71.695,657.829,19.411,605.544,123.98,710.113,104.57,0.028,ms_nir_circle_supported_lattice,No
2,Day 2,Tray 5,5,DJI_20260620131340_0005,52,6,2,208.165,658.429,155.88,606.144,260.45,710.713,104.57,0.0193,ms_nir_circle_supported_lattice,No
2,Day 2,Tray 5,5,DJI_20260620131340_0005,53,6,3,344.634,659.029,292.349,606.744,396.919,711.313,104.57,0.0183,ms_nir_circle_supported_lattice,No
2,Day 2,Tray 5,5,DJI_20260620131340_0005,54,6,4,481.103,659.629,428.818,607.344,533.388,711.913,104.57,0.0322,ms_nir_circle_supported_lattice,No
2,Day 2,Tray 5,5,DJI_20260620131340_0005,55,6,5,617.573,660.229,565.288,607.944,669.857,712.513,104.57,0.014,ms_nir_circle_supported_lattice,No
2,Day 2,Tray 5,5,DJI_20260620131340_0005,56,6,6,754.042,660.829,701.757,608.544,806.327,713.113,104.57,0.0204,ms_nir_circle_supported_lattice,No
2,Day 2,Tray 5,5,DJI_20260620131340_0005,57,6,7,890.511,661.429,838.226,609.144,942.796,713.713,104.57,0.0475,ms_nir_circle_supported_lattice,No
2,Day 2,Tray 5,5,DJI_20260620131340_0005,58,6,8,1026.98,662.029,974.695,609.744,1079.265,714.313,104.57,0.0347,ms_nir_circle_supported_lattice,No
2,Day 2,Tray 5,5,DJI_20260620131340_0005,59,6,9,1163.45,662.629,1111.165,610.344,1215.734,714.913,104.57,0.0137,ms_nir_circle_supported_lattice,No
2,Day 2,Tray 5,5,DJI_20260620131340_0005,60,6,10,1299.919,663.229,1247.634,610.944,1352.204,715.513,104.57,0.0114,ms_nir_circle_supported_lattice,No
2,Day 2,Tray 5,5,DJI_20260620131340_0005,61,7,1,70.885,774.014,18.6,721.729,123.17,826.299,104.57,0.0262,ms_nir_circle_supported_lattice,No
2,Day 2,Tray 5,5,DJI_20260620131340_0005,62,7,2,207.354,774.614,155.069,722.329,259.639,826.899,104.57,0.0123,ms_nir_circle_supported_lattice,No
2,Day 2,Tray 5,5,DJI_20260620131340_0005,63,7,3,343.823,775.214,291.538,722.929,396.108,827.499,104.57,0.0613,ms_nir_circle_supported_lattice,No
2,Day 2,Tray 5,5,DJI_20260620131340_0005,64,7,4,480.293,775.814,428.008,723.529,532.577,828.099,104.57,0.0219,ms_nir_circle_supported_lattice,No
2,Day 2,Tray 5,5,DJI_20260620131340_0005,65,7,5,616.762,776.414,564.477,724.129,669.047,828.699,104.57,0.0223,ms_nir_circle_supported_lattice,No
2,Day 2,Tray 5,5,DJI_20260620131340_0005,66,7,6,753.231,777.014,700.946,724.729,805.516,829.299,104.57,0.0066,ms_nir_circle_supported_lattice,No
2,Day 2,Tray 5,5,DJI_20260620131340_0005,67,7,7,889.7,777.614,837.415,725.329,941.985,829.899,104.57,0.0689,ms_nir_circle_supported_lattice,No
2,Day 2,Tray 5,5,DJI_20260620131340_0005,68,7,8,1026.17,778.214,973.885,725.929,1078.454,830.499,104.57,0.0159,ms_nir_circle_supported_lattice,No
2,Day 2,Tray 5,5,DJI_20260620131340_0005,69,7,9,1162.639,778.814,1110.354,726.529,1214.924,831.099,104.57,0.021,ms_nir_circle_supported_lattice,No
2,Day 2,Tray 5,5,DJI_20260620131340_0005,70,7,10,1299.108,779.414,1246.823,727.129,1351.393,831.699,104.57,0.0402,ms_nir_circle_supported_lattice,No
2,Day 2,Tray 6,6,DJI_20260620131437_0006,1,1,1,68.555,86.128,16.025,33.599,121.084,138.658,105.059,0.0089,ms_nir_circle_supported_lattice,No
2,Day 2,Tray 6,6,DJI_20260620131437_0006,2,1,2,205.256,84.805,152.727,32.276,257.786,137.335,105.059,0.0297,ms_nir_circle_supported_lattice,No
2,Day 2,Tray 6,6,DJI_20260620131437_0006,3,1,3,341.957,83.482,289.428,30.953,394.487,136.012,105.059,0.0257,ms_nir_circle_supported_lattice,No
2,Day 2,Tray 6,6,DJI_20260620131437_0006,4,1,4,478.659,82.159,426.129,29.63,531.188,134.689,105.059,0.0173,ms_nir_circle_supported_lattice,No
2,Day 2,Tray 6,6,DJI_20260620131437_0006,5,1,5,615.36,80.836,562.831,28.307,667.89,133.366,105.059,0.0214,ms_nir_circle_supported_lattice,No
2,Day 2,Tray 6,6,DJI_20260620131437_0006,6,1,6,752.061,79.514,699.532,26.984,804.591,132.043,105.059,0.0339,ms_nir_circle_supported_lattice,No
2,Day 2,Tray 6,6,DJI_20260620131437_0006,7,1,7,888.763,78.191,836.233,25.661,941.292,130.72,105.059,0.0216,ms_nir_circle_supported_lattice,No
2,Day 2,Tray 6,6,DJI_20260620131437_0006,8,1,8,1025.464,76.868,972.934,24.338,1077.993,129.397,105.059,0.027,ms_nir_circle_supported_lattice,No
2,Day 2,Tray 6,6,DJI_20260620131437_0006,9,1,9,1162.165,75.545,1109.636,23.015,1214.695,128.074,105.059,0.0277,ms_nir_circle_supported_lattice,No
2,Day 2,Tray 6,6,DJI_20260620131437_0006,10,1,10,1298.867,74.222,1246.337,21.692,1351.396,126.751,105.059,0.0452,ms_nir_circle_supported_lattice,No
2,Day 2,Tray 6,6,DJI_20260620131437_0006,11,2,1,68.508,202.86,15.979,150.331,121.038,255.39,105.059,0.0045,ms_nir_circle_supported_lattice,No
2,Day 2,Tray 6,6,DJI_20260620131437_0006,12,2,2,205.21,201.537,152.68,149.008,257.739,254.067,105.059,0.0227,ms_nir_circle_supported_lattice,No
2,Day 2,Tray 6,6,DJI_20260620131437_0006,13,2,3,341.911,200.215,289.382,147.685,394.441,252.744,105.059,0.0179,ms_nir_circle_supported_lattice,No
2,Day 2,Tray 6,6,DJI_20260620131437_0006,14,2,4,478.612,198.892,426.083,146.362,531.142,251.421,105.059,0.0507,ms_nir_circle_supported_lattice,No
2,Day 2,Tray 6,6,DJI_20260620131437_0006,15,2,5,615.314,197.569,562.784,145.039,667.843,250.098,105.059,0.0166,ms_nir_circle_supported_lattice,No
2,Day 2,Tray 6,6,DJI_20260620131437_0006,16,2,6,752.015,196.246,699.485,143.716,804.544,248.775,105.059,0.0333,ms_nir_circle_supported_lattice,No
2,Day 2,Tray 6,6,DJI_20260620131437_0006,17,2,7,888.716,194.923,836.187,142.393,941.246,247.452,105.059,0.011,ms_nir_circle_supported_lattice,No
2,Day 2,Tray 6,6,DJI_20260620131437_0006,18,2,8,1025.418,193.6,972.888,141.07,1077.947,246.129,105.059,0.014,ms_nir_circle_supported_lattice,No
2,Day 2,Tray 6,6,DJI_20260620131437_0006,19,2,9,1162.119,192.277,1109.589,139.747,1214.648,244.806,105.059,0.0364,ms_nir_circle_supported_lattice,No
2,Day 2,Tray 6,6,DJI_20260620131437_0006,20,2,10,1298.82,190.954,1246.291,138.424,1351.35,243.483,105.059,0.0515,ms_nir_circle_supported_lattice,No
2,Day 2,Tray 6,6,DJI_20260620131437_0006,21,3,1,68.462,319.593,15.933,267.063,120.991,372.122,105.059,0.0053,ms_nir_circle_supported_lattice,No
2,Day 2,Tray 6,6,DJI_20260620131437_0006,22,3,2,205.163,318.27,152.634,265.74,257.693,370.799,105.059,0.0064,ms_nir_circle_supported_lattice,No
2,Day 2,Tray 6,6,DJI_20260620131437_0006,23,3,3,341.865,316.947,289.335,264.417,394.394,369.476,105.059,0.0074,ms_nir_circle_supported_lattice,No
2,Day 2,Tray 6,6,DJI_20260620131437_0006,24,3,4,478.566,315.624,426.036,263.094,531.095,368.153,105.059,0.0336,ms_nir_circle_supported_lattice,No
2,Day 2,Tray 6,6,DJI_20260620131437_0006,25,3,5,615.267,314.301,562.738,261.771,667.797,366.83,105.059,0.0243,ms_nir_circle_supported_lattice,No
2,Day 2,Tray 6,6,DJI_20260620131437_0006,26,3,6,751.969,312.978,699.439,260.448,804.498,365.507,105.059,0.0121,ms_nir_circle_supported_lattice,No
2,Day 2,Tray 6,6,DJI_20260620131437_0006,27,3,7,888.67,311.655,836.14,259.125,941.199,364.184,105.059,0.032,ms_nir_circle_supported_lattice,No
2,Day 2,Tray 6,6,DJI_20260620131437_0006,28,3,8,1025.371,310.332,972.842,257.802,1077.901,362.861,105.059,0.0121,ms_nir_circle_supported_lattice,No
2,Day 2,Tray 6,6,DJI_20260620131437_0006,29,3,9,1162.072,309.009,1109.543,256.48,1214.602,361.538,105.059,0.0303,ms_nir_circle_supported_lattice,No
2,Day 2,Tray 6,6,DJI_20260620131437_0006,30,3,10,1298.774,307.686,1246.244,255.157,1351.303,360.216,105.059,0.0379,ms_nir_circle_supported_lattice,No
2,Day 2,Tray 6,6,DJI_20260620131437_0006,31,4,1,68.416,436.325,15.886,383.795,120.945,488.854,105.059,0.0316,ms_nir_circle_supported_lattice,No
2,Day 2,Tray 6,6,DJI_20260620131437_0006,32,4,2,205.117,435.002,152.587,382.472,257.646,487.531,105.059,0.0114,ms_nir_circle_supported_lattice,No
2,Day 2,Tray 6,6,DJI_20260620131437_0006,33,4,3,341.818,433.679,289.289,381.149,394.348,486.208,105.059,0.0091,ms_nir_circle_supported_lattice,No
2,Day 2,Tray 6,6,DJI_20260620131437_0006,34,4,4,478.519,432.356,425.99,379.826,531.049,484.885,105.059,0.024,ms_nir_circle_supported_lattice,No
2,Day 2,Tray 6,6,DJI_20260620131437_0006,35,4,5,615.221,431.033,562.691,378.503,667.75,483.562,105.059,0.019,ms_nir_circle_supported_lattice,No
2,Day 2,Tray 6,6,DJI_20260620131437_0006,36,4,6,751.922,429.71,699.393,377.18,804.452,482.239,105.059,0.0368,ms_nir_circle_supported_lattice,No
2,Day 2,Tray 6,6,DJI_20260620131437_0006,37,4,7,888.623,428.387,836.094,375.858,941.153,480.916,105.059,0.0123,ms_nir_circle_supported_lattice,No
2,Day 2,Tray 6,6,DJI_20260620131437_0006,38,4,8,1025.325,427.064,972.795,374.535,1077.854,479.594,105.059,0.0259,ms_nir_circle_supported_lattice,No
2,Day 2,Tray 6,6,DJI_20260620131437_0006,39,4,9,1162.026,425.741,1109.497,373.212,1214.555,478.271,105.059,0.0173,ms_nir_circle_supported_lattice,No
2,Day 2,Tray 6,6,DJI_20260620131437_0006,40,4,10,1298.727,424.418,1246.198,371.889,1351.257,476.948,105.059,0.0163,ms_nir_circle_supported_lattice,No
2,Day 2,Tray 6,6,DJI_20260620131437_0006,41,5,1,68.369,553.057,15.84,500.527,120.899,605.586,105.059,0.0054,ms_nir_circle_supported_lattice,No
2,Day 2,Tray 6,6,DJI_20260620131437_0006,42,5,2,205.07,551.734,152.541,499.204,257.6,604.263,105.059,0.033,ms_nir_circle_supported_lattice,No
2,Day 2,Tray 6,6,DJI_20260620131437_0006,43,5,3,341.772,550.411,289.242,497.881,394.301,602.94,105.059,0.0325,ms_nir_circle_supported_lattice,No
2,Day 2,Tray 6,6,DJI_20260620131437_0006,44,5,4,478.473,549.088,425.944,496.559,531.003,601.617,105.059,0.0126,ms_nir_circle_supported_lattice,No
2,Day 2,Tray 6,6,DJI_20260620131437_0006,45,5,5,615.174,547.765,562.645,495.236,667.704,600.295,105.059,0.0214,ms_nir_circle_supported_lattice,No
2,Day 2,Tray 6,6,DJI_20260620131437_0006,46,5,6,751.876,546.442,699.346,493.913,804.405,598.972,105.059,0.0883,ms_nir_circle_supported_lattice,No
2,Day 2,Tray 6,6,DJI_20260620131437_0006,47,5,7,888.577,545.119,836.047,492.59,941.106,597.649,105.059,0.0166,ms_nir_circle_supported_lattice,No
2,Day 2,Tray 6,6,DJI_20260620131437_0006,48,5,8,1025.278,543.796,972.749,491.267,1077.808,596.326,105.059,0.015,ms_nir_circle_supported_lattice,No
2,Day 2,Tray 6,6,DJI_20260620131437_0006,49,5,9,1161.98,542.473,1109.45,489.944,1214.509,595.003,105.059,0.0216,ms_nir_circle_supported_lattice,No
2,Day 2,Tray 6,6,DJI_20260620131437_0006,50,5,10,1298.681,541.15,1246.151,488.621,1351.21,593.68,105.059,0.0186,ms_nir_circle_supported_lattice,No
2,Day 2,Tray 6,6,DJI_20260620131437_0006,51,6,1,68.323,669.789,15.793,617.259,120.852,722.318,105.059,0.021,ms_nir_circle_supported_lattice,No
2,Day 2,Tray 6,6,DJI_20260620131437_0006,52,6,2,205.024,668.466,152.495,615.937,257.553,720.995,105.059,0.0297,ms_nir_circle_supported_lattice,No
2,Day 2,Tray 6,6,DJI_20260620131437_0006,53,6,3,341.725,667.143,289.196,614.614,394.255,719.673,105.059,0.13,ms_nir_circle_supported_lattice,No
2,Day 2,Tray 6,6,DJI_20260620131437_0006,54,6,4,478.427,665.82,425.897,613.291,530.956,718.35,105.059,0.016,ms_nir_circle_supported_lattice,No
2,Day 2,Tray 6,6,DJI_20260620131437_0006,55,6,5,615.128,664.497,562.598,611.968,667.657,717.027,105.059,0.0106,ms_nir_circle_supported_lattice,No
2,Day 2,Tray 6,6,DJI_20260620131437_0006,56,6,6,751.829,663.174,699.3,610.645,804.359,715.704,105.059,0.0243,ms_nir_circle_supported_lattice,No
2,Day 2,Tray 6,6,DJI_20260620131437_0006,57,6,7,888.531,661.851,836.001,609.322,941.06,714.381,105.059,0.0132,ms_nir_circle_supported_lattice,No
2,Day 2,Tray 6,6,DJI_20260620131437_0006,58,6,8,1025.232,660.528,972.702,607.999,1077.761,713.058,105.059,0.0195,ms_nir_circle_supported_lattice,No
2,Day 2,Tray 6,6,DJI_20260620131437_0006,59,6,9,1161.933,659.205,1109.404,606.676,1214.463,711.735,105.059,0.0173,ms_nir_circle_supported_lattice,No
2,Day 2,Tray 6,6,DJI_20260620131437_0006,60,6,10,1298.634,657.882,1246.105,605.353,1351.164,710.412,105.059,0.0151,ms_nir_circle_supported_lattice,No
2,Day 2,Tray 6,6,DJI_20260620131437_0006,61,7,1,68.276,786.521,15.747,733.992,120.806,839.051,105.059,0.0452,ms_nir_circle_supported_lattice,No
2,Day 2,Tray 6,6,DJI_20260620131437_0006,62,7,2,204.978,785.198,152.448,732.669,257.507,837.728,105.059,0.0537,ms_nir_circle_supported_lattice,No
2,Day 2,Tray 6,6,DJI_20260620131437_0006,63,7,3,341.679,783.875,289.149,731.346,394.208,836.405,105.059,0.1142,ms_nir_circle_supported_lattice,No
2,Day 2,Tray 6,6,DJI_20260620131437_0006,64,7,4,478.38,782.552,425.851,730.023,530.91,835.082,105.059,0.0137,ms_nir_circle_supported_lattice,No
2,Day 2,Tray 6,6,DJI_20260620131437_0006,65,7,5,615.081,781.229,562.552,728.7,667.611,833.759,105.059,0.0234,ms_nir_circle_supported_lattice,No
2,Day 2,Tray 6,6,DJI_20260620131437_0006,66,7,6,751.783,779.906,699.253,727.377,804.312,832.436,105.059,0.105,ms_nir_circle_supported_lattice,No
2,Day 2,Tray 6,6,DJI_20260620131437_0006,67,7,7,888.484,778.583,835.955,726.054,941.014,831.113,105.059,0.0407,ms_nir_circle_supported_lattice,No
2,Day 2,Tray 6,6,DJI_20260620131437_0006,68,7,8,1025.185,777.26,972.656,724.731,1077.715,829.79,105.059,0.0198,ms_nir_circle_supported_lattice,No
2,Day 2,Tray 6,6,DJI_20260620131437_0006,69,7,9,1161.887,775.938,1109.357,723.408,1214.416,828.467,105.059,0.1207,ms_nir_circle_supported_lattice,No
2,Day 2,Tray 6,6,DJI_20260620131437_0006,70,7,10,1298.588,774.615,1246.059,722.085,1351.117,827.144,105.059,0.05,ms_nir_circle_supported_lattice,No
2,Day 2,Tray 7,7,DJI_20260620131539_0007,1,1,1,73.355,90.444,21.105,38.194,125.606,142.695,104.501,0.0238,ms_nir_circle_supported_lattice,No
2,Day 2,Tray 7,7,DJI_20260620131539_0007,2,1,2,209.741,89.631,157.491,37.38,261.992,141.881,104.501,0.0351,ms_nir_circle_supported_lattice,No
2,Day 2,Tray 7,7,DJI_20260620131539_0007,3,1,3,346.127,88.817,293.877,36.566,398.378,141.067,104.501,0.0362,ms_nir_circle_supported_lattice,No
2,Day 2,Tray 7,7,DJI_20260620131539_0007,4,1,4,482.514,88.003,430.263,35.752,534.764,140.254,104.501,0.029,ms_nir_circle_supported_lattice,No
2,Day 2,Tray 7,7,DJI_20260620131539_0007,5,1,5,618.9,87.189,566.649,34.938,671.15,139.44,104.501,0.025,ms_nir_circle_supported_lattice,No
2,Day 2,Tray 7,7,DJI_20260620131539_0007,6,1,6,755.286,86.375,703.035,34.125,807.537,138.626,104.501,0.0311,ms_nir_circle_supported_lattice,No
2,Day 2,Tray 7,7,DJI_20260620131539_0007,7,1,7,891.672,85.561,839.421,33.311,943.923,137.812,104.501,0.0056,ms_nir_circle_supported_lattice,No
2,Day 2,Tray 7,7,DJI_20260620131539_0007,8,1,8,1028.058,84.748,975.808,32.497,1080.309,136.998,104.501,0.0171,ms_nir_circle_supported_lattice,No
2,Day 2,Tray 7,7,DJI_20260620131539_0007,9,1,9,1164.444,83.934,1112.194,31.683,1216.695,136.184,104.501,0.0473,ms_nir_circle_supported_lattice,No
2,Day 2,Tray 7,7,DJI_20260620131539_0007,10,1,10,1300.831,83.12,1248.58,30.869,1353.081,135.37,104.501,0.0018,ms_nir_circle_supported_lattice,No
2,Day 2,Tray 7,7,DJI_20260620131539_0007,11,2,1,74.019,206.555,21.769,154.305,126.27,258.806,104.501,0.0093,ms_nir_circle_supported_lattice,No
2,Day 2,Tray 7,7,DJI_20260620131539_0007,12,2,2,210.406,205.741,158.155,153.491,262.656,257.992,104.501,0.0123,ms_nir_circle_supported_lattice,No
2,Day 2,Tray 7,7,DJI_20260620131539_0007,13,2,3,346.792,204.927,294.541,152.677,399.042,257.178,104.501,0.0227,ms_nir_circle_supported_lattice,No
2,Day 2,Tray 7,7,DJI_20260620131539_0007,14,2,4,483.178,204.114,430.927,151.863,535.429,256.364,104.501,0.0211,ms_nir_circle_supported_lattice,No
2,Day 2,Tray 7,7,DJI_20260620131539_0007,15,2,5,619.564,203.3,567.313,151.049,671.815,255.55,104.501,0.0202,ms_nir_circle_supported_lattice,No
2,Day 2,Tray 7,7,DJI_20260620131539_0007,16,2,6,755.95,202.486,703.7,150.235,808.201,254.737,104.501,0.0567,ms_nir_circle_supported_lattice,No
2,Day 2,Tray 7,7,DJI_20260620131539_0007,17,2,7,892.336,201.672,840.086,149.421,944.587,253.923,104.501,0.0064,ms_nir_circle_supported_lattice,No
2,Day 2,Tray 7,7,DJI_20260620131539_0007,18,2,8,1028.723,200.858,976.472,148.608,1080.973,253.109,104.501,0.0101,ms_nir_circle_supported_lattice,No
2,Day 2,Tray 7,7,DJI_20260620131539_0007,19,2,9,1165.109,200.044,1112.858,147.794,1217.359,252.295,104.501,0.0083,ms_nir_circle_supported_lattice,No
2,Day 2,Tray 7,7,DJI_20260620131539_0007,20,2,10,1301.495,199.231,1249.244,146.98,1353.745,251.481,104.501,0.0271,ms_nir_circle_supported_lattice,No
2,Day 2,Tray 7,7,DJI_20260620131539_0007,21,3,1,74.684,322.666,22.433,270.415,126.934,374.917,104.501,0.0082,ms_nir_circle_supported_lattice,No
2,Day 2,Tray 7,7,DJI_20260620131539_0007,22,3,2,211.07,321.852,158.819,269.601,263.321,374.103,104.501,0.0014,ms_nir_circle_supported_lattice,No
2,Day 2,Tray 7,7,DJI_20260620131539_0007,23,3,3,347.456,321.038,295.205,268.788,399.707,373.289,104.501,0.0234,ms_nir_circle_supported_lattice,No
2,Day 2,Tray 7,7,DJI_20260620131539_0007,24,3,4,483.842,320.224,431.592,267.974,536.093,372.475,104.501,0.1107,ms_nir_circle_supported_lattice,No
2,Day 2,Tray 7,7,DJI_20260620131539_0007,25,3,5,620.228,319.41,567.978,267.16,672.479,371.661,104.501,0.0345,ms_nir_circle_supported_lattice,No
2,Day 2,Tray 7,7,DJI_20260620131539_0007,26,3,6,756.615,318.597,704.364,266.346,808.865,370.847,104.501,0.0124,ms_nir_circle_supported_lattice,No
2,Day 2,Tray 7,7,DJI_20260620131539_0007,27,3,7,893.001,317.783,840.75,265.532,945.251,370.033,104.501,0.086,ms_nir_circle_supported_lattice,No
2,Day 2,Tray 7,7,DJI_20260620131539_0007,28,3,8,1029.387,316.969,977.136,264.718,1081.637,369.22,104.501,0.0436,ms_nir_circle_supported_lattice,No
2,Day 2,Tray 7,7,DJI_20260620131539_0007,29,3,9,1165.773,316.155,1113.522,263.904,1218.024,368.406,104.501,0.0128,ms_nir_circle_supported_lattice,No
2,Day 2,Tray 7,7,DJI_20260620131539_0007,30,3,10,1302.159,315.341,1249.908,263.091,1354.41,367.592,104.501,0.0092,ms_nir_circle_supported_lattice,No
2,Day 2,Tray 7,7,DJI_20260620131539_0007,31,4,1,75.348,438.777,23.097,386.526,127.599,491.027,104.501,0.0059,ms_nir_circle_supported_lattice,No
2,Day 2,Tray 7,7,DJI_20260620131539_0007,32,4,2,211.734,437.963,159.484,385.712,263.985,490.213,104.501,0.0177,ms_nir_circle_supported_lattice,No
2,Day 2,Tray 7,7,DJI_20260620131539_0007,33,4,3,348.12,437.149,295.87,384.898,400.371,489.4,104.501,0.019,ms_nir_circle_supported_lattice,No
2,Day 2,Tray 7,7,DJI_20260620131539_0007,34,4,4,484.506,436.335,432.256,384.084,536.757,488.586,104.501,0.0052,ms_nir_circle_supported_lattice,No
2,Day 2,Tray 7,7,DJI_20260620131539_0007,35,4,5,620.893,435.521,568.642,383.271,673.143,487.772,104.501,0.0046,ms_nir_circle_supported_lattice,No
2,Day 2,Tray 7,7,DJI_20260620131539_0007,36,4,6,757.279,434.707,705.028,382.457,809.529,486.958,104.501,0.0127,ms_nir_circle_supported_lattice,No
2,Day 2,Tray 7,7,DJI_20260620131539_0007,37,4,7,893.665,433.894,841.414,381.643,945.916,486.144,104.501,0.0149,ms_nir_circle_supported_lattice,No
2,Day 2,Tray 7,7,DJI_20260620131539_0007,38,4,8,1030.051,433.08,977.8,380.829,1082.302,485.33,104.501,0.0008,ms_nir_circle_supported_lattice,No
2,Day 2,Tray 7,7,DJI_20260620131539_0007,39,4,9,1166.437,432.266,1114.187,380.015,1218.688,484.516,104.501,0.0157,ms_nir_circle_supported_lattice,No
2,Day 2,Tray 7,7,DJI_20260620131539_0007,40,4,10,1302.823,431.452,1250.573,379.201,1355.074,483.703,104.501,0.0134,ms_nir_circle_supported_lattice,No
2,Day 2,Tray 7,7,DJI_20260620131539_0007,41,5,1,76.012,554.887,23.762,502.637,128.263,607.138,104.501,0.0174,ms_nir_circle_supported_lattice,No
2,Day 2,Tray 7,7,DJI_20260620131539_0007,42,5,2,212.398,554.073,160.148,501.823,264.649,606.324,104.501,0.0138,ms_nir_circle_supported_lattice,No
2,Day 2,Tray 7,7,DJI_20260620131539_0007,43,5,3,348.785,553.26,296.534,501.009,401.035,605.51,104.501,0.0201,ms_nir_circle_supported_lattice,No
2,Day 2,Tray 7,7,DJI_20260620131539_0007,44,5,4,485.171,552.446,432.92,500.195,537.421,604.696,104.501,0.0201,ms_nir_circle_supported_lattice,No
2,Day 2,Tray 7,7,DJI_20260620131539_0007,45,5,5,621.557,551.632,569.306,499.381,673.808,603.883,104.501,0.0066,ms_nir_circle_supported_lattice,No
2,Day 2,Tray 7,7,DJI_20260620131539_0007,46,5,6,757.943,550.818,705.692,498.567,810.194,603.069,104.501,0.0259,ms_nir_circle_supported_lattice,No
2,Day 2,Tray 7,7,DJI_20260620131539_0007,47,5,7,894.329,550.004,842.079,497.754,946.58,602.255,104.501,0.0619,ms_nir_circle_supported_lattice,No
2,Day 2,Tray 7,7,DJI_20260620131539_0007,48,5,8,1030.715,549.19,978.465,496.94,1082.966,601.441,104.501,0.1567,ms_nir_circle_supported_lattice,No
2,Day 2,Tray 7,7,DJI_20260620131539_0007,49,5,9,1167.102,548.377,1114.851,496.126,1219.352,600.627,104.501,0.1055,ms_nir_circle_supported_lattice,No
2,Day 2,Tray 7,7,DJI_20260620131539_0007,50,5,10,1303.488,547.563,1251.237,495.312,1355.738,599.813,104.501,0.0058,ms_nir_circle_supported_lattice,No
2,Day 2,Tray 7,7,DJI_20260620131539_0007,51,6,1,76.677,670.998,24.426,618.747,128.927,723.249,104.501,0.026,ms_nir_circle_supported_lattice,No
2,Day 2,Tray 7,7,DJI_20260620131539_0007,52,6,2,213.063,670.184,160.812,617.934,265.313,722.435,104.501,0.0082,ms_nir_circle_supported_lattice,No
2,Day 2,Tray 7,7,DJI_20260620131539_0007,53,6,3,349.449,669.37,297.198,617.12,401.7,721.621,104.501,0.0722,ms_nir_circle_supported_lattice,No
2,Day 2,Tray 7,7,DJI_20260620131539_0007,54,6,4,485.835,668.556,433.584,616.306,538.086,720.807,104.501,0.0111,ms_nir_circle_supported_lattice,No
2,Day 2,Tray 7,7,DJI_20260620131539_0007,55,6,5,622.221,667.743,569.971,615.492,674.472,719.993,104.501,0.0071,ms_nir_circle_supported_lattice,No
2,Day 2,Tray 7,7,DJI_20260620131539_0007,56,6,6,758.607,666.929,706.357,614.678,810.858,719.179,104.501,0.0288,ms_nir_circle_supported_lattice,No
2,Day 2,Tray 7,7,DJI_20260620131539_0007,57,6,7,894.994,666.115,842.743,613.864,947.244,718.366,104.501,0.0096,ms_nir_circle_supported_lattice,No
2,Day 2,Tray 7,7,DJI_20260620131539_0007,58,6,8,1031.38,665.301,979.129,613.05,1083.63,717.552,104.501,0.0407,ms_nir_circle_supported_lattice,No
2,Day 2,Tray 7,7,DJI_20260620131539_0007,59,6,9,1167.766,664.487,1115.515,612.237,1220.016,716.738,104.501,0.0079,ms_nir_circle_supported_lattice,No
2,Day 2,Tray 7,7,DJI_20260620131539_0007,60,6,10,1304.152,663.673,1251.901,611.423,1356.403,715.924,104.501,0.0093,ms_nir_circle_supported_lattice,No
2,Day 2,Tray 7,7,DJI_20260620131539_0007,61,7,1,77.341,787.109,25.09,734.858,129.592,839.359,104.501,0.0242,ms_nir_circle_supported_lattice,No
2,Day 2,Tray 7,7,DJI_20260620131539_0007,62,7,2,213.727,786.295,161.476,734.044,265.978,838.546,104.501,0.0149,ms_nir_circle_supported_lattice,No
2,Day 2,Tray 7,7,DJI_20260620131539_0007,63,7,3,350.113,785.481,297.863,733.23,402.364,837.732,104.501,0.0151,ms_nir_circle_supported_lattice,No
2,Day 2,Tray 7,7,DJI_20260620131539_0007,64,7,4,486.499,784.667,434.249,732.417,538.75,836.918,104.501,0.0933,ms_nir_circle_supported_lattice,No
2,Day 2,Tray 7,7,DJI_20260620131539_0007,65,7,5,622.885,783.853,570.635,731.603,675.136,836.104,104.501,0.0207,ms_nir_circle_supported_lattice,No
2,Day 2,Tray 7,7,DJI_20260620131539_0007,66,7,6,759.272,783.04,707.021,730.789,811.522,835.29,104.501,0.0063,ms_nir_circle_supported_lattice,No
2,Day 2,Tray 7,7,DJI_20260620131539_0007,67,7,7,895.658,782.226,843.407,729.975,947.908,834.476,104.501,0.0133,ms_nir_circle_supported_lattice,No
2,Day 2,Tray 7,7,DJI_20260620131539_0007,68,7,8,1032.044,781.412,979.793,729.161,1084.295,833.662,104.501,0.1066,ms_nir_circle_supported_lattice,No
2,Day 2,Tray 7,7,DJI_20260620131539_0007,69,7,9,1168.43,780.598,1116.179,728.347,1220.681,832.849,104.501,0.0255,ms_nir_circle_supported_lattice,No
2,Day 2,Tray 7,7,DJI_20260620131539_0007,70,7,10,1304.816,779.784,1252.566,727.533,1357.067,832.035,104.501,0.0216,ms_nir_circle_supported_lattice,No
2,Day 2,Tray 8,8,DJI_20260620131623_0008,1,1,1,67.908,80.157,15.045,27.295,120.77,133.019,105.725,0.066,ms_nir_circle_supported_lattice,No
2,Day 2,Tray 8,8,DJI_20260620131623_0008,2,1,2,204.411,81.186,151.549,28.323,257.273,134.048,105.725,0.0511,ms_nir_circle_supported_lattice,No
2,Day 2,Tray 8,8,DJI_20260620131623_0008,3,1,3,340.914,82.214,288.052,29.352,393.776,135.077,105.725,0.0067,ms_nir_circle_supported_lattice,No
2,Day 2,Tray 8,8,DJI_20260620131623_0008,4,1,4,477.417,83.243,424.555,30.381,530.279,136.105,105.725,0.0117,ms_nir_circle_supported_lattice,No
2,Day 2,Tray 8,8,DJI_20260620131623_0008,5,1,5,613.92,84.271,561.058,31.409,666.782,137.134,105.725,0.01,ms_nir_circle_supported_lattice,No
2,Day 2,Tray 8,8,DJI_20260620131623_0008,6,1,6,750.423,85.3,697.561,32.438,803.285,138.162,105.725,0.0208,ms_nir_circle_supported_lattice,No
2,Day 2,Tray 8,8,DJI_20260620131623_0008,7,1,7,886.926,86.329,834.064,33.466,939.788,139.191,105.725,0.0377,ms_nir_circle_supported_lattice,No
2,Day 2,Tray 8,8,DJI_20260620131623_0008,8,1,8,1023.429,87.357,970.567,34.495,1076.291,140.219,105.725,0.073,ms_nir_circle_supported_lattice,No
2,Day 2,Tray 8,8,DJI_20260620131623_0008,9,1,9,1159.932,88.386,1107.07,35.523,1212.794,141.248,105.725,0.0033,ms_nir_circle_supported_lattice,No
2,Day 2,Tray 8,8,DJI_20260620131623_0008,10,1,10,1296.435,89.414,1243.573,36.552,1349.297,142.277,105.725,0.03,ms_nir_circle_supported_lattice,No
2,Day 2,Tray 8,8,DJI_20260620131623_0008,11,2,1,68.208,197.629,15.345,144.766,121.07,250.491,105.725,0.0265,ms_nir_circle_supported_lattice,No
2,Day 2,Tray 8,8,DJI_20260620131623_0008,12,2,2,204.711,198.657,151.849,145.795,257.573,251.519,105.725,0.0314,ms_nir_circle_supported_lattice,No
2,Day 2,Tray 8,8,DJI_20260620131623_0008,13,2,3,341.214,199.686,288.352,146.823,394.076,252.548,105.725,0.0222,ms_nir_circle_supported_lattice,No
2,Day 2,Tray 8,8,DJI_20260620131623_0008,14,2,4,477.717,200.714,424.855,147.852,530.579,253.577,105.725,0.0086,ms_nir_circle_supported_lattice,No
2,Day 2,Tray 8,8,DJI_20260620131623_0008,15,2,5,614.22,201.743,561.358,148.881,667.082,254.605,105.725,0.0281,ms_nir_circle_supported_lattice,No
2,Day 2,Tray 8,8,DJI_20260620131623_0008,16,2,6,750.723,202.771,697.861,149.909,803.585,255.634,105.725,0.0241,ms_nir_circle_supported_lattice,No
2,Day 2,Tray 8,8,DJI_20260620131623_0008,17,2,7,887.226,203.8,834.364,150.938,940.088,256.662,105.725,0.0293,ms_nir_circle_supported_lattice,No
2,Day 2,Tray 8,8,DJI_20260620131623_0008,18,2,8,1023.729,204.829,970.867,151.966,1076.591,257.691,105.725,0.0168,ms_nir_circle_supported_lattice,No
2,Day 2,Tray 8,8,DJI_20260620131623_0008,19,2,9,1160.232,205.857,1107.37,152.995,1213.094,258.719,105.725,0.0098,ms_nir_circle_supported_lattice,No
2,Day 2,Tray 8,8,DJI_20260620131623_0008,20,2,10,1296.735,206.886,1243.873,154.023,1349.597,259.748,105.725,0.0383,ms_nir_circle_supported_lattice,No
2,Day 2,Tray 8,8,DJI_20260620131623_0008,21,3,1,68.508,315.1,15.645,262.238,121.37,367.962,105.725,0.0394,ms_nir_circle_supported_lattice,No
2,Day 2,Tray 8,8,DJI_20260620131623_0008,22,3,2,205.011,316.129,152.149,263.266,257.873,368.991,105.725,0.0195,ms_nir_circle_supported_lattice,No
2,Day 2,Tray 8,8,DJI_20260620131623_0008,23,3,3,341.514,317.157,288.652,264.295,394.376,370.019,105.725,0.0163,ms_nir_circle_supported_lattice,No
2,Day 2,Tray 8,8,DJI_20260620131623_0008,24,3,4,478.017,318.186,425.155,265.323,530.879,371.048,105.725,0.0111,ms_nir_circle_supported_lattice,No
2,Day 2,Tray 8,8,DJI_20260620131623_0008,25,3,5,614.52,319.214,561.658,266.352,667.382,372.077,105.725,0.0127,ms_nir_circle_supported_lattice,No
2,Day 2,Tray 8,8,DJI_20260620131623_0008,26,3,6,751.023,320.243,698.161,267.381,803.885,373.105,105.725,0.0291,ms_nir_circle_supported_lattice,No
2,Day 2,Tray 8,8,DJI_20260620131623_0008,27,3,7,887.526,321.271,834.664,268.409,940.388,374.134,105.725,0.0289,ms_nir_circle_supported_lattice,No
2,Day 2,Tray 8,8,DJI_20260620131623_0008,28,3,8,1024.029,322.3,971.167,269.438,1076.891,375.162,105.725,0.0261,ms_nir_circle_supported_lattice,No
2,Day 2,Tray 8,8,DJI_20260620131623_0008,29,3,9,1160.532,323.329,1107.67,270.466,1213.394,376.191,105.725,0.072,ms_nir_circle_supported_lattice,No
2,Day 2,Tray 8,8,DJI_20260620131623_0008,30,3,10,1297.035,324.357,1244.173,271.495,1349.897,377.219,105.725,0.014,ms_nir_circle_supported_lattice,No
2,Day 2,Tray 8,8,DJI_20260620131623_0008,31,4,1,68.808,432.571,15.945,379.709,121.67,485.434,105.725,0.0381,ms_nir_circle_supported_lattice,No
2,Day 2,Tray 8,8,DJI_20260620131623_0008,32,4,2,205.311,433.6,152.449,380.738,258.173,486.462,105.725,0.0203,ms_nir_circle_supported_lattice,No
2,Day 2,Tray 8,8,DJI_20260620131623_0008,33,4,3,341.814,434.629,288.952,381.766,394.676,487.491,105.725,0.0088,ms_nir_circle_supported_lattice,No
2,Day 2,Tray 8,8,DJI_20260620131623_0008,34,4,4,478.317,435.657,425.455,382.795,531.179,488.519,105.725,0.0456,ms_nir_circle_supported_lattice,No
2,Day 2,Tray 8,8,DJI_20260620131623_0008,35,4,5,614.82,436.686,561.958,383.823,667.682,489.548,105.725,0.0166,ms_nir_circle_supported_lattice,No
2,Day 2,Tray 8,8,DJI_20260620131623_0008,36,4,6,751.323,437.714,698.461,384.852,804.185,490.577,105.725,0.0347,ms_nir_circle_supported_lattice,No
2,Day 2,Tray 8,8,DJI_20260620131623_0008,37,4,7,887.826,438.743,834.964,385.881,940.688,491.605,105.725,0.0074,ms_nir_circle_supported_lattice,No
2,Day 2,Tray 8,8,DJI_20260620131623_0008,38,4,8,1024.329,439.771,971.467,386.909,1077.191,492.634,105.725,0.0262,ms_nir_circle_supported_lattice,No
2,Day 2,Tray 8,8,DJI_20260620131623_0008,39,4,9,1160.832,440.8,1107.97,387.938,1213.694,493.662,105.725,0.0121,ms_nir_circle_supported_lattice,No
2,Day 2,Tray 8,8,DJI_20260620131623_0008,40,4,10,1297.335,441.829,1244.473,388.966,1350.197,494.691,105.725,0.0353,ms_nir_circle_supported_lattice,No
2,Day 2,Tray 8,8,DJI_20260620131623_0008,41,5,1,69.108,550.043,16.245,497.181,121.97,602.905,105.725,0.035,ms_nir_circle_supported_lattice,No
2,Day 2,Tray 8,8,DJI_20260620131623_0008,42,5,2,205.611,551.071,152.749,498.209,258.473,603.934,105.725,0.0097,ms_nir_circle_supported_lattice,No
2,Day 2,Tray 8,8,DJI_20260620131623_0008,43,5,3,342.114,552.1,289.252,499.238,394.976,604.962,105.725,0.0202,ms_nir_circle_supported_lattice,No
2,Day 2,Tray 8,8,DJI_20260620131623_0008,44,5,4,478.617,553.129,425.755,500.266,531.479,605.991,105.725,0.0481,ms_nir_circle_supported_lattice,No
2,Day 2,Tray 8,8,DJI_20260620131623_0008,45,5,5,615.12,554.157,562.258,501.295,667.982,607.019,105.725,0.0206,ms_nir_circle_supported_lattice,No
2,Day 2,Tray 8,8,DJI_20260620131623_0008,46,5,6,751.623,555.186,698.761,502.323,804.485,608.048,105.725,0.0226,ms_nir_circle_supported_lattice,No
2,Day 2,Tray 8,8,DJI_20260620131623_0008,47,5,7,888.126,556.214,835.264,503.352,940.988,609.077,105.725,0.0326,ms_nir_circle_supported_lattice,No
2,Day 2,Tray 8,8,DJI_20260620131623_0008,48,5,8,1024.629,557.243,971.767,504.381,1077.491,610.105,105.725,0.0204,ms_nir_circle_supported_lattice,No
2,Day 2,Tray 8,8,DJI_20260620131623_0008,49,5,9,1161.132,558.271,1108.27,505.409,1213.994,611.134,105.725,0.0131,ms_nir_circle_supported_lattice,No
2,Day 2,Tray 8,8,DJI_20260620131623_0008,50,5,10,1297.635,559.3,1244.773,506.438,1350.497,612.162,105.725,0.0627,ms_nir_circle_supported_lattice,No
2,Day 2,Tray 8,8,DJI_20260620131623_0008,51,6,1,69.408,667.514,16.545,614.652,122.27,720.377,105.725,0.0562,ms_nir_circle_supported_lattice,No
2,Day 2,Tray 8,8,DJI_20260620131623_0008,52,6,2,205.911,668.543,153.049,615.681,258.773,721.405,105.725,0.0132,ms_nir_circle_supported_lattice,No
2,Day 2,Tray 8,8,DJI_20260620131623_0008,53,6,3,342.414,669.571,289.552,616.709,395.276,722.434,105.725,0.007,ms_nir_circle_supported_lattice,No
2,Day 2,Tray 8,8,DJI_20260620131623_0008,54,6,4,478.917,670.6,426.055,617.738,531.779,723.462,105.725,0.0204,ms_nir_circle_supported_lattice,No
2,Day 2,Tray 8,8,DJI_20260620131623_0008,55,6,5,615.42,671.629,562.558,618.766,668.282,724.491,105.725,0.0213,ms_nir_circle_supported_lattice,No
2,Day 2,Tray 8,8,DJI_20260620131623_0008,56,6,6,751.923,672.657,699.061,619.795,804.785,725.519,105.725,0.003,ms_nir_circle_supported_lattice,No
2,Day 2,Tray 8,8,DJI_20260620131623_0008,57,6,7,888.426,673.686,835.564,620.823,941.288,726.548,105.725,0.0135,ms_nir_circle_supported_lattice,No
2,Day 2,Tray 8,8,DJI_20260620131623_0008,58,6,8,1024.929,674.714,972.067,621.852,1077.791,727.577,105.725,0.1167,ms_nir_circle_supported_lattice,No
2,Day 2,Tray 8,8,DJI_20260620131623_0008,59,6,9,1161.432,675.743,1108.57,622.881,1214.294,728.605,105.725,0.0171,ms_nir_circle_supported_lattice,No
2,Day 2,Tray 8,8,DJI_20260620131623_0008,60,6,10,1297.935,676.771,1245.073,623.909,1350.797,729.634,105.725,0.0262,ms_nir_circle_supported_lattice,No
2,Day 2,Tray 8,8,DJI_20260620131623_0008,61,7,1,69.708,784.986,16.845,732.123,122.57,837.848,105.725,0.0378,ms_nir_circle_supported_lattice,No
2,Day 2,Tray 8,8,DJI_20260620131623_0008,62,7,2,206.211,786.014,153.349,733.152,259.073,838.877,105.725,0.0357,ms_nir_circle_supported_lattice,No
2,Day 2,Tray 8,8,DJI_20260620131623_0008,63,7,3,342.714,787.043,289.852,734.181,395.576,839.905,105.725,0.0783,ms_nir_circle_supported_lattice,No
2,Day 2,Tray 8,8,DJI_20260620131623_0008,64,7,4,479.217,788.071,426.355,735.209,532.079,840.934,105.725,0.0274,ms_nir_circle_supported_lattice,No
2,Day 2,Tray 8,8,DJI_20260620131623_0008,65,7,5,615.72,789.1,562.858,736.238,668.582,841.962,105.725,0.0244,ms_nir_circle_supported_lattice,No
2,Day 2,Tray 8,8,DJI_20260620131623_0008,66,7,6,752.223,790.129,699.361,737.266,805.085,842.991,105.725,0.0275,ms_nir_circle_supported_lattice,No
2,Day 2,Tray 8,8,DJI_20260620131623_0008,67,7,7,888.726,791.157,835.864,738.295,941.588,844.019,105.725,0.0109,ms_nir_circle_supported_lattice,No
2,Day 2,Tray 8,8,DJI_20260620131623_0008,68,7,8,1025.229,792.186,972.367,739.323,1078.091,845.048,105.725,0.0187,ms_nir_circle_supported_lattice,No
2,Day 2,Tray 8,8,DJI_20260620131623_0008,69,7,9,1161.732,793.214,1108.87,740.352,1214.594,846.077,105.725,0.0029,ms_nir_circle_supported_lattice,No
2,Day 2,Tray 8,8,DJI_20260620131623_0008,70,7,10,1298.235,794.243,1245.373,741.381,1351.097,847.105,105.725,0.0432,ms_nir_circle_supported_lattice,No
3,Day 3,Tray 1,1,DJI_20260621125425_0001,1,1,1,67.403,85.608,14.473,32.679,120.333,138.538,105.86,0.046,ms_nir_circle_supported_lattice,No
3,Day 3,Tray 1,1,DJI_20260621125425_0001,2,1,2,203.423,85.205,150.493,32.275,256.353,138.135,105.86,0.0267,ms_nir_circle_supported_lattice,No
3,Day 3,Tray 1,1,DJI_20260621125425_0001,3,1,3,339.443,84.802,286.513,31.872,392.373,137.731,105.86,0.0208,ms_nir_circle_supported_lattice,No
3,Day 3,Tray 1,1,DJI_20260621125425_0001,4,1,4,475.463,84.398,422.533,31.468,528.393,137.328,105.86,0.0368,ms_nir_circle_supported_lattice,No
3,Day 3,Tray 1,1,DJI_20260621125425_0001,5,1,5,611.483,83.995,558.553,31.065,664.413,136.924,105.86,0.0331,ms_nir_circle_supported_lattice,No
3,Day 3,Tray 1,1,DJI_20260621125425_0001,6,1,6,747.503,83.591,694.573,30.661,800.433,136.521,105.86,0.0306,ms_nir_circle_supported_lattice,No
3,Day 3,Tray 1,1,DJI_20260621125425_0001,7,1,7,883.523,83.188,830.593,30.258,936.453,136.118,105.86,0.0237,ms_nir_circle_supported_lattice,No
3,Day 3,Tray 1,1,DJI_20260621125425_0001,8,1,8,1019.543,82.784,966.613,29.854,1072.473,135.714,105.86,0.0267,ms_nir_circle_supported_lattice,No
3,Day 3,Tray 1,1,DJI_20260621125425_0001,9,1,9,1155.563,82.381,1102.633,29.451,1208.492,135.311,105.86,0.0312,ms_nir_circle_supported_lattice,No
3,Day 3,Tray 1,1,DJI_20260621125425_0001,10,1,10,1291.582,81.977,1238.653,29.047,1344.512,134.907,105.86,0.0206,ms_nir_circle_supported_lattice,No
3,Day 3,Tray 1,1,DJI_20260621125425_0001,11,2,1,67.053,203.23,14.123,150.3,119.983,256.16,105.86,0.0365,ms_nir_circle_supported_lattice,No
3,Day 3,Tray 1,1,DJI_20260621125425_0001,12,2,2,203.073,202.826,150.143,149.897,256.003,255.756,105.86,0.0016,ms_nir_circle_supported_lattice,No
3,Day 3,Tray 1,1,DJI_20260621125425_0001,13,2,3,339.093,202.423,286.163,149.493,392.023,255.353,105.86,0.0105,ms_nir_circle_supported_lattice,No
3,Day 3,Tray 1,1,DJI_20260621125425_0001,14,2,4,475.113,202.019,422.183,149.09,528.043,254.949,105.86,0.0198,ms_nir_circle_supported_lattice,No
3,Day 3,Tray 1,1,DJI_20260621125425_0001,15,2,5,611.133,201.616,558.203,148.686,664.063,254.546,105.86,0.0353,ms_nir_circle_supported_lattice,No
3,Day 3,Tray 1,1,DJI_20260621125425_0001,16,2,6,747.153,201.213,694.223,148.283,800.083,254.142,105.86,0.0119,ms_nir_circle_supported_lattice,No
3,Day 3,Tray 1,1,DJI_20260621125425_0001,17,2,7,883.173,200.809,830.243,147.879,936.103,253.739,105.86,0.0022,ms_nir_circle_supported_lattice,No
3,Day 3,Tray 1,1,DJI_20260621125425_0001,18,2,8,1019.193,200.406,966.263,147.476,1072.123,253.336,105.86,0.08,ms_nir_circle_supported_lattice,No
3,Day 3,Tray 1,1,DJI_20260621125425_0001,19,2,9,1155.213,200.002,1102.283,147.072,1208.142,252.932,105.86,0.0333,ms_nir_circle_supported_lattice,No
3,Day 3,Tray 1,1,DJI_20260621125425_0001,20,2,10,1291.232,199.599,1238.303,146.669,1344.162,252.529,105.86,0.0419,ms_nir_circle_supported_lattice,No
3,Day 3,Tray 1,1,DJI_20260621125425_0001,21,3,1,66.703,320.851,13.773,267.921,119.633,373.781,105.86,0.025,ms_nir_circle_supported_lattice,No
3,Day 3,Tray 1,1,DJI_20260621125425_0001,22,3,2,202.723,320.448,149.793,267.518,255.653,373.378,105.86,0.0151,ms_nir_circle_supported_lattice,No
3,Day 3,Tray 1,1,DJI_20260621125425_0001,23,3,3,338.743,320.044,285.813,267.114,391.673,372.974,105.86,0.0999,ms_nir_circle_supported_lattice,No
3,Day 3,Tray 1,1,DJI_20260621125425_0001,24,3,4,474.763,319.641,421.833,266.711,527.693,372.571,105.86,0.027,ms_nir_circle_supported_lattice,No
3,Day 3,Tray 1,1,DJI_20260621125425_0001,25,3,5,610.783,319.237,557.853,266.308,663.713,372.167,105.86,0.0153,ms_nir_circle_supported_lattice,No
3,Day 3,Tray 1,1,DJI_20260621125425_0001,26,3,6,746.803,318.834,693.873,265.904,799.733,371.764,105.86,0.025,ms_nir_circle_supported_lattice,No
3,Day 3,Tray 1,1,DJI_20260621125425_0001,27,3,7,882.823,318.431,829.893,265.501,935.753,371.36,105.86,0.0051,ms_nir_circle_supported_lattice,No
3,Day 3,Tray 1,1,DJI_20260621125425_0001,28,3,8,1018.843,318.027,965.913,265.097,1071.773,370.957,105.86,0.0084,ms_nir_circle_supported_lattice,No
3,Day 3,Tray 1,1,DJI_20260621125425_0001,29,3,9,1154.863,317.624,1101.933,264.694,1207.792,370.553,105.86,0.0296,ms_nir_circle_supported_lattice,No
3,Day 3,Tray 1,1,DJI_20260621125425_0001,30,3,10,1290.882,317.22,1237.953,264.29,1343.812,370.15,105.86,0.0181,ms_nir_circle_supported_lattice,No
3,Day 3,Tray 1,1,DJI_20260621125425_0001,31,4,1,66.353,438.473,13.423,385.543,119.283,491.403,105.86,0.0217,ms_nir_circle_supported_lattice,No
3,Day 3,Tray 1,1,DJI_20260621125425_0001,32,4,2,202.373,438.069,149.443,385.139,255.303,490.999,105.86,0.0263,ms_nir_circle_supported_lattice,No
3,Day 3,Tray 1,1,DJI_20260621125425_0001,33,4,3,338.393,437.666,285.463,384.736,391.323,490.596,105.86,0.0131,ms_nir_circle_supported_lattice,No
3,Day 3,Tray 1,1,DJI_20260621125425_0001,34,4,4,474.413,437.262,421.483,384.332,527.343,490.192,105.86,0.1188,ms_nir_circle_supported_lattice,No
3,Day 3,Tray 1,1,DJI_20260621125425_0001,35,4,5,610.433,436.859,557.503,383.929,663.363,489.789,105.86,0.0122,ms_nir_circle_supported_lattice,No
3,Day 3,Tray 1,1,DJI_20260621125425_0001,36,4,6,746.453,436.455,693.523,383.526,799.383,489.385,105.86,0.1241,ms_nir_circle_supported_lattice,No
3,Day 3,Tray 1,1,DJI_20260621125425_0001,37,4,7,882.473,436.052,829.543,383.122,935.403,488.982,105.86,0.1004,ms_nir_circle_supported_lattice,No
3,Day 3,Tray 1,1,DJI_20260621125425_0001,38,4,8,1018.493,435.648,965.563,382.719,1071.423,488.578,105.86,0.0051,ms_nir_circle_supported_lattice,No
3,Day 3,Tray 1,1,DJI_20260621125425_0001,39,4,9,1154.513,435.245,1101.583,382.315,1207.442,488.175,105.86,0.126,ms_nir_circle_supported_lattice,No
3,Day 3,Tray 1,1,DJI_20260621125425_0001,40,4,10,1290.532,434.842,1237.603,381.912,1343.462,487.771,105.86,0.0411,ms_nir_circle_supported_lattice,No
3,Day 3,Tray 1,1,DJI_20260621125425_0001,41,5,1,66.003,556.094,13.073,503.164,118.933,609.024,105.86,0.1299,ms_nir_circle_supported_lattice,No
3,Day 3,Tray 1,1,DJI_20260621125425_0001,42,5,2,202.023,555.691,149.093,502.761,254.953,608.621,105.86,0.0091,ms_nir_circle_supported_lattice,No
3,Day 3,Tray 1,1,DJI_20260621125425_0001,43,5,3,338.043,555.287,285.113,502.357,390.973,608.217,105.86,0.1698,ms_nir_circle_supported_lattice,No
3,Day 3,Tray 1,1,DJI_20260621125425_0001,44,5,4,474.063,554.884,421.133,501.954,526.993,607.814,105.86,0.0165,ms_nir_circle_supported_lattice,No
3,Day 3,Tray 1,1,DJI_20260621125425_0001,45,5,5,610.083,554.48,557.153,501.55,663.013,607.41,105.86,0.0102,ms_nir_circle_supported_lattice,No
3,Day 3,Tray 1,1,DJI_20260621125425_0001,46,5,6,746.103,554.077,693.173,501.147,799.033,607.007,105.86,0.0011,ms_nir_circle_supported_lattice,No
3,Day 3,Tray 1,1,DJI_20260621125425_0001,47,5,7,882.123,553.673,829.193,500.743,935.053,606.603,105.86,0.0099,ms_nir_circle_supported_lattice,No
3,Day 3,Tray 1,1,DJI_20260621125425_0001,48,5,8,1018.143,553.27,965.213,500.34,1071.073,606.2,105.86,0.1138,ms_nir_circle_supported_lattice,No
3,Day 3,Tray 1,1,DJI_20260621125425_0001,49,5,9,1154.163,552.866,1101.233,499.937,1207.092,605.796,105.86,0.0367,ms_nir_circle_supported_lattice,No
3,Day 3,Tray 1,1,DJI_20260621125425_0001,50,5,10,1290.182,552.463,1237.253,499.533,1343.112,605.393,105.86,0.0328,ms_nir_circle_supported_lattice,No
3,Day 3,Tray 1,1,DJI_20260621125425_0001,51,6,1,65.653,673.716,12.723,620.786,118.583,726.645,105.86,0.0417,ms_nir_circle_supported_lattice,No
3,Day 3,Tray 1,1,DJI_20260621125425_0001,52,6,2,201.673,673.312,148.743,620.382,254.603,726.242,105.86,0.0822,ms_nir_circle_supported_lattice,No
3,Day 3,Tray 1,1,DJI_20260621125425_0001,53,6,3,337.693,672.909,284.763,619.979,390.623,725.839,105.86,0.0229,ms_nir_circle_supported_lattice,No
3,Day 3,Tray 1,1,DJI_20260621125425_0001,54,6,4,473.713,672.505,420.783,619.575,526.643,725.435,105.86,0.0152,ms_nir_circle_supported_lattice,No
3,Day 3,Tray 1,1,DJI_20260621125425_0001,55,6,5,609.733,672.102,556.803,619.172,662.663,725.032,105.86,0.0113,ms_nir_circle_supported_lattice,No
3,Day 3,Tray 1,1,DJI_20260621125425_0001,56,6,6,745.753,671.698,692.823,618.768,798.683,724.628,105.86,0.0113,ms_nir_circle_supported_lattice,No
3,Day 3,Tray 1,1,DJI_20260621125425_0001,57,6,7,881.773,671.295,828.843,618.365,934.703,724.225,105.86,0.0152,ms_nir_circle_supported_lattice,No
3,Day 3,Tray 1,1,DJI_20260621125425_0001,58,6,8,1017.793,670.891,964.863,617.961,1070.723,723.821,105.86,0.0331,ms_nir_circle_supported_lattice,No
3,Day 3,Tray 1,1,DJI_20260621125425_0001,59,6,9,1153.813,670.488,1100.883,617.558,1206.742,723.418,105.86,0.0191,ms_nir_circle_supported_lattice,No
3,Day 3,Tray 1,1,DJI_20260621125425_0001,60,6,10,1289.832,670.084,1236.903,617.155,1342.762,723.014,105.86,0.0269,ms_nir_circle_supported_lattice,No
3,Day 3,Tray 1,1,DJI_20260621125425_0001,61,7,1,65.303,791.337,12.373,738.407,118.233,844.267,105.86,0.0227,ms_nir_circle_supported_lattice,No
3,Day 3,Tray 1,1,DJI_20260621125425_0001,62,7,2,201.323,790.934,148.393,738.004,254.253,843.863,105.86,0.0113,ms_nir_circle_supported_lattice,No
3,Day 3,Tray 1,1,DJI_20260621125425_0001,63,7,3,337.343,790.53,284.413,737.6,390.273,843.46,105.86,0.0203,ms_nir_circle_supported_lattice,No
3,Day 3,Tray 1,1,DJI_20260621125425_0001,64,7,4,473.363,790.127,420.433,737.197,526.293,843.057,105.86,0.0201,ms_nir_circle_supported_lattice,No
3,Day 3,Tray 1,1,DJI_20260621125425_0001,65,7,5,609.383,789.723,556.453,736.793,662.313,842.653,105.86,0.0204,ms_nir_circle_supported_lattice,No
3,Day 3,Tray 1,1,DJI_20260621125425_0001,66,7,6,745.403,789.32,692.473,736.39,798.333,842.25,105.86,0.1365,ms_nir_circle_supported_lattice,No
3,Day 3,Tray 1,1,DJI_20260621125425_0001,67,7,7,881.423,788.916,828.493,735.986,934.353,841.846,105.86,0.0552,ms_nir_circle_supported_lattice,No
3,Day 3,Tray 1,1,DJI_20260621125425_0001,68,7,8,1017.443,788.513,964.513,735.583,1070.373,841.443,105.86,0.1163,ms_nir_circle_supported_lattice,No
3,Day 3,Tray 1,1,DJI_20260621125425_0001,69,7,9,1153.463,788.109,1100.533,735.179,1206.392,841.039,105.86,0.0911,ms_nir_circle_supported_lattice,No
3,Day 3,Tray 1,1,DJI_20260621125425_0001,70,7,10,1289.482,787.706,1236.553,734.776,1342.412,840.636,105.86,0.017,ms_nir_circle_supported_lattice,No
3,Day 3,Tray 2,2,DJI_20260621125542_0002,1,1,1,66.494,83.921,13.996,31.423,118.992,136.419,104.996,0.062,ms_nir_circle_supported_lattice,No
3,Day 3,Tray 2,2,DJI_20260621125542_0002,2,1,2,202.635,83.036,150.137,30.538,255.133,135.534,104.996,0.049,ms_nir_circle_supported_lattice,No
3,Day 3,Tray 2,2,DJI_20260621125542_0002,3,1,3,338.776,82.151,286.278,29.653,391.274,134.649,104.996,1.0,ms_nir_fitted_lattice,Yes
3,Day 3,Tray 2,2,DJI_20260621125542_0002,4,1,4,474.917,81.265,422.419,28.767,527.415,133.763,104.996,1.0,ms_nir_fitted_lattice,Yes
3,Day 3,Tray 2,2,DJI_20260621125542_0002,5,1,5,611.058,80.38,558.56,27.882,663.556,132.878,104.996,1.0,ms_nir_fitted_lattice,Yes
3,Day 3,Tray 2,2,DJI_20260621125542_0002,6,1,6,747.199,79.495,694.701,26.997,799.697,131.993,104.996,1.0,ms_nir_fitted_lattice,Yes
3,Day 3,Tray 2,2,DJI_20260621125542_0002,7,1,7,883.34,78.61,830.842,26.112,935.838,131.108,104.996,1.0,ms_nir_fitted_lattice,Yes
3,Day 3,Tray 2,2,DJI_20260621125542_0002,8,1,8,1019.481,77.725,966.983,25.227,1071.979,130.223,104.996,1.0,ms_nir_fitted_lattice,Yes
3,Day 3,Tray 2,2,DJI_20260621125542_0002,9,1,9,1155.622,76.839,1103.124,24.341,1208.12,129.337,104.996,0.0499,ms_nir_circle_supported_lattice,No
3,Day 3,Tray 2,2,DJI_20260621125542_0002,10,1,10,1291.763,75.954,1239.265,23.456,1344.261,128.452,104.996,1.0,ms_nir_fitted_lattice,Yes
3,Day 3,Tray 2,2,DJI_20260621125542_0002,11,2,1,66.863,200.583,14.365,148.085,119.361,253.081,104.996,0.0187,ms_nir_circle_supported_lattice,No
3,Day 3,Tray 2,2,DJI_20260621125542_0002,12,2,2,203.004,199.697,150.506,147.199,255.502,252.195,104.996,0.0026,ms_nir_circle_supported_lattice,No
3,Day 3,Tray 2,2,DJI_20260621125542_0002,13,2,3,339.145,198.812,286.647,146.314,391.643,251.31,104.996,0.0188,ms_nir_circle_supported_lattice,No
3,Day 3,Tray 2,2,DJI_20260621125542_0002,14,2,4,475.286,197.927,422.788,145.429,527.784,250.425,104.996,0.0293,ms_nir_circle_supported_lattice,No
3,Day 3,Tray 2,2,DJI_20260621125542_0002,15,2,5,611.427,197.042,558.929,144.544,663.925,249.54,104.996,0.0208,ms_nir_circle_supported_lattice,No
3,Day 3,Tray 2,2,DJI_20260621125542_0002,16,2,6,747.568,196.157,695.07,143.659,800.066,248.655,104.996,0.011,ms_nir_circle_supported_lattice,No
3,Day 3,Tray 2,2,DJI_20260621125542_0002,17,2,7,883.709,195.272,831.211,142.774,936.207,247.77,104.996,0.0303,ms_nir_circle_supported_lattice,No
3,Day 3,Tray 2,2,DJI_20260621125542_0002,18,2,8,1019.85,194.386,967.352,141.888,1072.348,246.884,104.996,0.0299,ms_nir_circle_supported_lattice,No
3,Day 3,Tray 2,2,DJI_20260621125542_0002,19,2,9,1155.991,193.501,1103.493,141.003,1208.489,245.999,104.996,0.0043,ms_nir_circle_supported_lattice,No
3,Day 3,Tray 2,2,DJI_20260621125542_0002,20,2,10,1292.132,192.616,1239.634,140.118,1344.63,245.114,104.996,0.026,ms_nir_circle_supported_lattice,No
3,Day 3,Tray 2,2,DJI_20260621125542_0002,21,3,1,67.233,317.244,14.735,264.746,119.731,369.742,104.996,0.0153,ms_nir_circle_supported_lattice,No
3,Day 3,Tray 2,2,DJI_20260621125542_0002,22,3,2,203.374,316.359,150.876,263.861,255.872,368.857,104.996,0.0121,ms_nir_circle_supported_lattice,No
3,Day 3,Tray 2,2,DJI_20260621125542_0002,23,3,3,339.515,315.474,287.017,262.976,392.013,367.972,104.996,0.0061,ms_nir_circle_supported_lattice,No
3,Day 3,Tray 2,2,DJI_20260621125542_0002,24,3,4,475.655,314.589,423.157,262.091,528.153,367.087,104.996,0.0076,ms_nir_circle_supported_lattice,No
3,Day 3,Tray 2,2,DJI_20260621125542_0002,25,3,5,611.796,313.704,559.298,261.206,664.294,366.202,104.996,0.1222,ms_nir_circle_supported_lattice,No
3,Day 3,Tray 2,2,DJI_20260621125542_0002,26,3,6,747.937,312.818,695.439,260.32,800.435,365.316,104.996,0.0228,ms_nir_circle_supported_lattice,No
3,Day 3,Tray 2,2,DJI_20260621125542_0002,27,3,7,884.078,311.933,831.58,259.435,936.576,364.431,104.996,0.0122,ms_nir_circle_supported_lattice,No
3,Day 3,Tray 2,2,DJI_20260621125542_0002,28,3,8,1020.219,311.048,967.721,258.55,1072.717,363.546,104.996,0.0204,ms_nir_circle_supported_lattice,No
3,Day 3,Tray 2,2,DJI_20260621125542_0002,29,3,9,1156.36,310.163,1103.862,257.665,1208.858,362.661,104.996,0.0117,ms_nir_circle_supported_lattice,No
3,Day 3,Tray 2,2,DJI_20260621125542_0002,30,3,10,1292.501,309.278,1240.003,256.78,1344.999,361.776,104.996,0.0401,ms_nir_circle_supported_lattice,No
3,Day 3,Tray 2,2,DJI_20260621125542_0002,31,4,1,67.602,433.906,15.104,381.408,120.1,486.404,104.996,0.0226,ms_nir_circle_supported_lattice,No
3,Day 3,Tray 2,2,DJI_20260621125542_0002,32,4,2,203.743,433.021,151.245,380.523,256.241,485.519,104.996,0.0108,ms_nir_circle_supported_lattice,No
3,Day 3,Tray 2,2,DJI_20260621125542_0002,33,4,3,339.884,432.136,287.386,379.638,392.382,484.634,104.996,0.0177,ms_nir_circle_supported_lattice,No
3,Day 3,Tray 2,2,DJI_20260621125542_0002,34,4,4,476.025,431.25,423.527,378.752,528.523,483.748,104.996,0.0381,ms_nir_circle_supported_lattice,No
3,Day 3,Tray 2,2,DJI_20260621125542_0002,35,4,5,612.166,430.365,559.668,377.867,664.664,482.863,104.996,0.0215,ms_nir_circle_supported_lattice,No
3,Day 3,Tray 2,2,DJI_20260621125542_0002,36,4,6,748.307,429.48,695.809,376.982,800.805,481.978,104.996,0.0432,ms_nir_circle_supported_lattice,No
3,Day 3,Tray 2,2,DJI_20260621125542_0002,37,4,7,884.448,428.595,831.95,376.097,936.946,481.093,104.996,0.1215,ms_nir_circle_supported_lattice,No
3,Day 3,Tray 2,2,DJI_20260621125542_0002,38,4,8,1020.589,427.71,968.091,375.212,1073.087,480.208,104.996,0.0812,ms_nir_circle_supported_lattice,No
3,Day 3,Tray 2,2,DJI_20260621125542_0002,39,4,9,1156.729,426.824,1104.231,374.326,1209.227,479.322,104.996,0.0119,ms_nir_circle_supported_lattice,No
3,Day 3,Tray 2,2,DJI_20260621125542_0002,40,4,10,1292.87,425.939,1240.372,373.441,1345.368,478.437,104.996,0.0363,ms_nir_circle_supported_lattice,No
3,Day 3,Tray 2,2,DJI_20260621125542_0002,41,5,1,67.971,550.568,15.473,498.07,120.469,603.066,104.996,0.0101,ms_nir_circle_supported_lattice,No
3,Day 3,Tray 2,2,DJI_20260621125542_0002,42,5,2,204.112,549.682,151.614,497.184,256.61,602.18,104.996,0.0163,ms_nir_circle_supported_lattice,No
3,Day 3,Tray 2,2,DJI_20260621125542_0002,43,5,3,340.253,548.797,287.755,496.299,392.751,601.295,104.996,0.0072,ms_nir_circle_supported_lattice,No
3,Day 3,Tray 2,2,DJI_20260621125542_0002,44,5,4,476.394,547.912,423.896,495.414,528.892,600.41,104.996,0.0623,ms_nir_circle_supported_lattice,No
3,Day 3,Tray 2,2,DJI_20260621125542_0002,45,5,5,612.535,547.027,560.037,494.529,665.033,599.525,104.996,0.0217,ms_nir_circle_supported_lattice,No
3,Day 3,Tray 2,2,DJI_20260621125542_0002,46,5,6,748.676,546.142,696.178,493.644,801.174,598.64,104.996,0.0174,ms_nir_circle_supported_lattice,No
3,Day 3,Tray 2,2,DJI_20260621125542_0002,47,5,7,884.817,545.256,832.319,492.758,937.315,597.754,104.996,0.0716,ms_nir_circle_supported_lattice,No
3,Day 3,Tray 2,2,DJI_20260621125542_0002,48,5,8,1020.958,544.371,968.46,491.873,1073.456,596.869,104.996,0.0712,ms_nir_circle_supported_lattice,No
3,Day 3,Tray 2,2,DJI_20260621125542_0002,49,5,9,1157.099,543.486,1104.601,490.988,1209.597,595.984,104.996,0.0542,ms_nir_circle_supported_lattice,No
3,Day 3,Tray 2,2,DJI_20260621125542_0002,50,5,10,1293.24,542.601,1240.742,490.103,1345.738,595.099,104.996,0.0155,ms_nir_circle_supported_lattice,No
3,Day 3,Tray 2,2,DJI_20260621125542_0002,51,6,1,68.34,667.229,15.842,614.731,120.838,719.727,104.996,0.0297,ms_nir_circle_supported_lattice,No
3,Day 3,Tray 2,2,DJI_20260621125542_0002,52,6,2,204.481,666.344,151.983,613.846,256.979,718.842,104.996,0.0245,ms_nir_circle_supported_lattice,No
3,Day 3,Tray 2,2,DJI_20260621125542_0002,53,6,3,340.622,665.459,288.124,612.961,393.12,717.957,104.996,0.0192,ms_nir_circle_supported_lattice,No
3,Day 3,Tray 2,2,DJI_20260621125542_0002,54,6,4,476.763,664.574,424.265,612.076,529.261,717.072,104.996,0.0366,ms_nir_circle_supported_lattice,No
3,Day 3,Tray 2,2,DJI_20260621125542_0002,55,6,5,612.904,663.688,560.406,611.19,665.402,716.186,104.996,0.0256,ms_nir_circle_supported_lattice,No
3,Day 3,Tray 2,2,DJI_20260621125542_0002,56,6,6,749.045,662.803,696.547,610.305,801.543,715.301,104.996,0.0113,ms_nir_circle_supported_lattice,No
3,Day 3,Tray 2,2,DJI_20260621125542_0002,57,6,7,885.186,661.918,832.688,609.42,937.684,714.416,104.996,0.0017,ms_nir_circle_supported_lattice,No
3,Day 3,Tray 2,2,DJI_20260621125542_0002,58,6,8,1021.327,661.033,968.829,608.535,1073.825,713.531,104.996,0.0906,ms_nir_circle_supported_lattice,No
3,Day 3,Tray 2,2,DJI_20260621125542_0002,59,6,9,1157.468,660.148,1104.97,607.65,1209.966,712.646,104.996,0.0763,ms_nir_circle_supported_lattice,No
3,Day 3,Tray 2,2,DJI_20260621125542_0002,60,6,10,1293.609,659.263,1241.111,606.765,1346.107,711.761,104.996,0.0327,ms_nir_circle_supported_lattice,No
3,Day 3,Tray 2,2,DJI_20260621125542_0002,61,7,1,68.71,783.891,16.212,731.393,121.208,836.389,104.996,0.0316,ms_nir_circle_supported_lattice,No
3,Day 3,Tray 2,2,DJI_20260621125542_0002,62,7,2,204.851,783.006,152.353,730.508,257.349,835.504,104.996,0.0172,ms_nir_circle_supported_lattice,No
3,Day 3,Tray 2,2,DJI_20260621125542_0002,63,7,3,340.992,782.12,288.494,729.622,393.49,834.618,104.996,0.0187,ms_nir_circle_supported_lattice,No
3,Day 3,Tray 2,2,DJI_20260621125542_0002,64,7,4,477.133,781.235,424.635,728.737,529.631,833.733,104.996,0.0194,ms_nir_circle_supported_lattice,No
3,Day 3,Tray 2,2,DJI_20260621125542_0002,65,7,5,613.274,780.35,560.776,727.852,665.772,832.848,104.996,0.0241,ms_nir_circle_supported_lattice,No
3,Day 3,Tray 2,2,DJI_20260621125542_0002,66,7,6,749.415,779.465,696.917,726.967,801.913,831.963,104.996,0.0128,ms_nir_circle_supported_lattice,No
3,Day 3,Tray 2,2,DJI_20260621125542_0002,67,7,7,885.555,778.58,833.057,726.082,938.053,831.078,104.996,0.0297,ms_nir_circle_supported_lattice,No
3,Day 3,Tray 2,2,DJI_20260621125542_0002,68,7,8,1021.696,777.695,969.198,725.197,1074.194,830.193,104.996,0.0239,ms_nir_circle_supported_lattice,No
3,Day 3,Tray 2,2,DJI_20260621125542_0002,69,7,9,1157.837,776.809,1105.339,724.311,1210.335,829.307,104.996,0.0213,ms_nir_circle_supported_lattice,No
3,Day 3,Tray 2,2,DJI_20260621125542_0002,70,7,10,1293.978,775.924,1241.48,723.426,1346.476,828.422,104.996,0.0314,ms_nir_circle_supported_lattice,No
3,Day 3,Tray 3,3,DJI_20260621125701_0003,1,1,1,79.456,79.278,26.841,26.663,132.071,131.893,105.23,0.0052,ms_nir_circle_supported_lattice,No
3,Day 3,Tray 3,3,DJI_20260621125701_0003,2,1,2,215.984,79.852,163.369,27.237,268.599,132.467,105.23,0.0129,ms_nir_circle_supported_lattice,No
3,Day 3,Tray 3,3,DJI_20260621125701_0003,3,1,3,352.512,80.426,299.897,27.811,405.127,133.041,105.23,0.0218,ms_nir_circle_supported_lattice,No
3,Day 3,Tray 3,3,DJI_20260621125701_0003,4,1,4,489.04,81.0,436.425,28.385,541.655,133.615,105.23,0.0086,ms_nir_circle_supported_lattice,No
3,Day 3,Tray 3,3,DJI_20260621125701_0003,5,1,5,625.568,81.574,572.953,28.959,678.183,134.189,105.23,0.0052,ms_nir_circle_supported_lattice,No
3,Day 3,Tray 3,3,DJI_20260621125701_0003,6,1,6,762.096,82.148,709.481,29.533,814.711,134.763,105.23,0.0136,ms_nir_circle_supported_lattice,No
3,Day 3,Tray 3,3,DJI_20260621125701_0003,7,1,7,898.624,82.722,846.009,30.107,951.239,135.337,105.23,0.0205,ms_nir_circle_supported_lattice,No
3,Day 3,Tray 3,3,DJI_20260621125701_0003,8,1,8,1035.152,83.296,982.537,30.681,1087.767,135.911,105.23,0.0176,ms_nir_circle_supported_lattice,No
3,Day 3,Tray 3,3,DJI_20260621125701_0003,9,1,9,1171.681,83.87,1119.066,31.255,1224.296,136.485,105.23,0.0323,ms_nir_circle_supported_lattice,No
3,Day 3,Tray 3,3,DJI_20260621125701_0003,10,1,10,1308.209,84.444,1255.594,31.829,1360.824,137.059,105.23,0.0141,ms_nir_circle_supported_lattice,No
3,Day 3,Tray 3,3,DJI_20260621125701_0003,11,2,1,78.445,196.195,25.83,143.58,131.06,248.81,105.23,0.021,ms_nir_circle_supported_lattice,No
3,Day 3,Tray 3,3,DJI_20260621125701_0003,12,2,2,214.973,196.769,162.358,144.154,267.588,249.384,105.23,0.0276,ms_nir_circle_supported_lattice,No
3,Day 3,Tray 3,3,DJI_20260621125701_0003,13,2,3,351.501,197.344,298.886,144.729,404.116,249.959,105.23,0.0216,ms_nir_circle_supported_lattice,No
3,Day 3,Tray 3,3,DJI_20260621125701_0003,14,2,4,488.029,197.918,435.414,145.303,540.644,250.533,105.23,0.0079,ms_nir_circle_supported_lattice,No
3,Day 3,Tray 3,3,DJI_20260621125701_0003,15,2,5,624.557,198.492,571.942,145.877,677.172,251.107,105.23,0.0298,ms_nir_circle_supported_lattice,No
3,Day 3,Tray 3,3,DJI_20260621125701_0003,16,2,6,761.085,199.066,708.47,146.451,813.7,251.681,105.23,0.0243,ms_nir_circle_supported_lattice,No
3,Day 3,Tray 3,3,DJI_20260621125701_0003,17,2,7,897.614,199.64,844.999,147.025,950.229,252.255,105.23,0.0228,ms_nir_circle_supported_lattice,No
3,Day 3,Tray 3,3,DJI_20260621125701_0003,18,2,8,1034.142,200.214,981.527,147.599,1086.757,252.829,105.23,0.0105,ms_nir_circle_supported_lattice,No
3,Day 3,Tray 3,3,DJI_20260621125701_0003,19,2,9,1170.67,200.788,1118.055,148.173,1223.285,253.403,105.23,0.0361,ms_nir_circle_supported_lattice,No
3,Day 3,Tray 3,3,DJI_20260621125701_0003,20,2,10,1307.198,201.362,1254.583,148.747,1359.813,253.977,105.23,0.0242,ms_nir_circle_supported_lattice,No
3,Day 3,Tray 3,3,DJI_20260621125701_0003,21,3,1,77.434,313.113,24.819,260.498,130.049,365.728,105.23,0.0629,ms_nir_circle_supported_lattice,No
3,Day 3,Tray 3,3,DJI_20260621125701_0003,22,3,2,213.962,313.687,161.347,261.072,266.577,366.302,105.23,0.023,ms_nir_circle_supported_lattice,No
3,Day 3,Tray 3,3,DJI_20260621125701_0003,23,3,3,350.49,314.261,297.875,261.646,403.105,366.876,105.23,0.0129,ms_nir_circle_supported_lattice,No
3,Day 3,Tray 3,3,DJI_20260621125701_0003,24,3,4,487.019,314.835,434.404,262.22,539.634,367.45,105.23,0.0268,ms_nir_circle_supported_lattice,No
3,Day 3,Tray 3,3,DJI_20260621125701_0003,25,3,5,623.547,315.409,570.932,262.794,676.162,368.024,105.23,0.0137,ms_nir_circle_supported_lattice,No
3,Day 3,Tray 3,3,DJI_20260621125701_0003,26,3,6,760.075,315.983,707.46,263.368,812.69,368.598,105.23,0.0084,ms_nir_circle_supported_lattice,No
3,Day 3,Tray 3,3,DJI_20260621125701_0003,27,3,7,896.603,316.557,843.988,263.942,949.218,369.172,105.23,0.0137,ms_nir_circle_supported_lattice,No
3,Day 3,Tray 3,3,DJI_20260621125701_0003,28,3,8,1033.131,317.131,980.516,264.516,1085.746,369.746,105.23,0.0197,ms_nir_circle_supported_lattice,No
3,Day 3,Tray 3,3,DJI_20260621125701_0003,29,3,9,1169.659,317.706,1117.044,265.091,1222.274,370.321,105.23,0.0248,ms_nir_circle_supported_lattice,No
3,Day 3,Tray 3,3,DJI_20260621125701_0003,30,3,10,1306.187,318.28,1253.572,265.665,1358.802,370.895,105.23,0.0111,ms_nir_circle_supported_lattice,No
3,Day 3,Tray 3,3,DJI_20260621125701_0003,31,4,1,76.423,430.031,23.808,377.416,129.038,482.646,105.23,0.0095,ms_nir_circle_supported_lattice,No
3,Day 3,Tray 3,3,DJI_20260621125701_0003,32,4,2,212.952,430.605,160.337,377.99,265.567,483.22,105.23,0.0205,ms_nir_circle_supported_lattice,No
3,Day 3,Tray 3,3,DJI_20260621125701_0003,33,4,3,349.48,431.179,296.865,378.564,402.095,483.794,105.23,0.0165,ms_nir_circle_supported_lattice,No
3,Day 3,Tray 3,3,DJI_20260621125701_0003,34,4,4,486.008,431.753,433.393,379.138,538.623,484.368,105.23,0.0379,ms_nir_circle_supported_lattice,No
3,Day 3,Tray 3,3,DJI_20260621125701_0003,35,4,5,622.536,432.327,569.921,379.712,675.151,484.942,105.23,0.0232,ms_nir_circle_supported_lattice,No
3,Day 3,Tray 3,3,DJI_20260621125701_0003,36,4,6,759.064,432.901,706.449,380.286,811.679,485.516,105.23,0.0163,ms_nir_circle_supported_lattice,No
3,Day 3,Tray 3,3,DJI_20260621125701_0003,37,4,7,895.592,433.475,842.977,380.86,948.207,486.09,105.23,0.0303,ms_nir_circle_supported_lattice,No
3,Day 3,Tray 3,3,DJI_20260621125701_0003,38,4,8,1032.12,434.049,979.505,381.434,1084.735,486.664,105.23,0.0075,ms_nir_circle_supported_lattice,No
3,Day 3,Tray 3,3,DJI_20260621125701_0003,39,4,9,1168.648,434.623,1116.033,382.008,1221.263,487.238,105.23,0.0061,ms_nir_circle_supported_lattice,No
3,Day 3,Tray 3,3,DJI_20260621125701_0003,40,4,10,1305.177,435.197,1252.562,382.582,1357.792,487.812,105.23,0.017,ms_nir_circle_supported_lattice,No
3,Day 3,Tray 3,3,DJI_20260621125701_0003,41,5,1,75.413,546.949,22.798,494.334,128.028,599.564,105.23,0.0206,ms_nir_circle_supported_lattice,No
3,Day 3,Tray 3,3,DJI_20260621125701_0003,42,5,2,211.941,547.523,159.326,494.908,264.556,600.138,105.23,0.0101,ms_nir_circle_supported_lattice,No
3,Day 3,Tray 3,3,DJI_20260621125701_0003,43,5,3,348.469,548.097,295.854,495.482,401.084,600.712,105.23,0.0152,ms_nir_circle_supported_lattice,No
3,Day 3,Tray 3,3,DJI_20260621125701_0003,44,5,4,484.997,548.671,432.382,496.056,537.612,601.286,105.23,0.0294,ms_nir_circle_supported_lattice,No
3,Day 3,Tray 3,3,DJI_20260621125701_0003,45,5,5,621.525,549.245,568.91,496.63,674.14,601.86,105.23,0.0116,ms_nir_circle_supported_lattice,No
3,Day 3,Tray 3,3,DJI_20260621125701_0003,46,5,6,758.053,549.819,705.438,497.204,810.668,602.434,105.23,0.007,ms_nir_circle_supported_lattice,No
3,Day 3,Tray 3,3,DJI_20260621125701_0003,47,5,7,894.581,550.393,841.966,497.778,947.196,603.008,105.23,0.1027,ms_nir_circle_supported_lattice,No
3,Day 3,Tray 3,3,DJI_20260621125701_0003,48,5,8,1031.11,550.967,978.495,498.352,1083.725,603.582,105.23,0.0306,ms_nir_circle_supported_lattice,No
3,Day 3,Tray 3,3,DJI_20260621125701_0003,49,5,9,1167.638,551.541,1115.023,498.926,1220.253,604.156,105.23,0.0056,ms_nir_circle_supported_lattice,No
3,Day 3,Tray 3,3,DJI_20260621125701_0003,50,5,10,1304.166,552.115,1251.551,499.5,1356.781,604.73,105.23,0.0174,ms_nir_circle_supported_lattice,No
3,Day 3,Tray 3,3,DJI_20260621125701_0003,51,6,1,74.402,663.867,21.787,611.252,127.017,716.482,105.23,0.0168,ms_nir_circle_supported_lattice,No
3,Day 3,Tray 3,3,DJI_20260621125701_0003,52,6,2,210.93,664.441,158.315,611.826,263.545,717.056,105.23,0.0123,ms_nir_circle_supported_lattice,No
3,Day 3,Tray 3,3,DJI_20260621125701_0003,53,6,3,347.458,665.015,294.843,612.4,400.073,717.63,105.23,0.073,ms_nir_circle_supported_lattice,No
3,Day 3,Tray 3,3,DJI_20260621125701_0003,54,6,4,483.986,665.589,431.371,612.974,536.601,718.204,105.23,0.0136,ms_nir_circle_supported_lattice,No
3,Day 3,Tray 3,3,DJI_20260621125701_0003,55,6,5,620.515,666.163,567.9,613.548,673.13,718.778,105.23,0.0507,ms_nir_circle_supported_lattice,No
3,Day 3,Tray 3,3,DJI_20260621125701_0003,56,6,6,757.043,666.737,704.428,614.122,809.658,719.352,105.23,0.0023,ms_nir_circle_supported_lattice,No
3,Day 3,Tray 3,3,DJI_20260621125701_0003,57,6,7,893.571,667.311,840.956,614.696,946.186,719.926,105.23,0.0125,ms_nir_circle_supported_lattice,No
3,Day 3,Tray 3,3,DJI_20260621125701_0003,58,6,8,1030.099,667.885,977.484,615.27,1082.714,720.5,105.23,0.0076,ms_nir_circle_supported_lattice,No
3,Day 3,Tray 3,3,DJI_20260621125701_0003,59,6,9,1166.627,668.459,1114.012,615.844,1219.242,721.074,105.23,0.0192,ms_nir_circle_supported_lattice,No
3,Day 3,Tray 3,3,DJI_20260621125701_0003,60,6,10,1303.155,669.033,1250.54,616.418,1355.77,721.648,105.23,0.0114,ms_nir_circle_supported_lattice,No
3,Day 3,Tray 3,3,DJI_20260621125701_0003,61,7,1,73.391,780.785,20.776,728.17,126.006,833.4,105.23,0.0275,ms_nir_circle_supported_lattice,No
3,Day 3,Tray 3,3,DJI_20260621125701_0003,62,7,2,209.919,781.359,157.304,728.744,262.534,833.974,105.23,0.0107,ms_nir_circle_supported_lattice,No
3,Day 3,Tray 3,3,DJI_20260621125701_0003,63,7,3,346.448,781.933,293.833,729.318,399.063,834.548,105.23,0.0529,ms_nir_circle_supported_lattice,No
3,Day 3,Tray 3,3,DJI_20260621125701_0003,64,7,4,482.976,782.507,430.361,729.892,535.591,835.122,105.23,0.0098,ms_nir_circle_supported_lattice,No
3,Day 3,Tray 3,3,DJI_20260621125701_0003,65,7,5,619.504,783.081,566.889,730.466,672.119,835.696,105.23,0.0043,ms_nir_circle_supported_lattice,No
3,Day 3,Tray 3,3,DJI_20260621125701_0003,66,7,6,756.032,783.655,703.417,731.04,808.647,836.27,105.23,0.01,ms_nir_circle_supported_lattice,No
3,Day 3,Tray 3,3,DJI_20260621125701_0003,67,7,7,892.56,784.229,839.945,731.614,945.175,836.844,105.23,0.0194,ms_nir_circle_supported_lattice,No
3,Day 3,Tray 3,3,DJI_20260621125701_0003,68,7,8,1029.088,784.803,976.473,732.188,1081.703,837.418,105.23,0.0803,ms_nir_circle_supported_lattice,No
3,Day 3,Tray 3,3,DJI_20260621125701_0003,69,7,9,1165.616,785.377,1113.001,732.762,1218.231,837.992,105.23,0.0645,ms_nir_circle_supported_lattice,No
3,Day 3,Tray 3,3,DJI_20260621125701_0003,70,7,10,1302.144,785.951,1249.529,733.336,1354.759,838.566,105.23,0.0182,ms_nir_circle_supported_lattice,No
3,Day 3,Tray 4,4,DJI_20260621125808_0004,1,1,1,72.518,68.188,19.524,15.194,125.511,121.182,105.988,0.0665,ms_nir_circle_supported_lattice,No
3,Day 3,Tray 4,4,DJI_20260621125808_0004,2,1,2,209.223,68.002,156.229,15.008,262.217,120.995,105.988,0.044,ms_nir_circle_supported_lattice,No
3,Day 3,Tray 4,4,DJI_20260621125808_0004,3,1,3,345.929,67.815,292.935,14.821,398.923,120.809,105.988,0.0207,ms_nir_circle_supported_lattice,No
3,Day 3,Tray 4,4,DJI_20260621125808_0004,4,1,4,482.634,67.629,429.64,14.635,535.628,120.623,105.988,0.0142,ms_nir_circle_supported_lattice,No
3,Day 3,Tray 4,4,DJI_20260621125808_0004,5,1,5,619.34,67.443,566.346,14.449,672.334,120.437,105.988,0.0144,ms_nir_circle_supported_lattice,No
3,Day 3,Tray 4,4,DJI_20260621125808_0004,6,1,6,756.046,67.257,703.052,14.263,809.04,120.251,105.988,0.0678,ms_nir_circle_supported_lattice,No
3,Day 3,Tray 4,4,DJI_20260621125808_0004,7,1,7,892.751,67.071,839.757,14.077,945.745,120.065,105.988,0.0022,ms_nir_circle_supported_lattice,No
3,Day 3,Tray 4,4,DJI_20260621125808_0004,8,1,8,1029.457,66.885,976.463,13.891,1082.451,119.879,105.988,0.0124,ms_nir_circle_supported_lattice,No
3,Day 3,Tray 4,4,DJI_20260621125808_0004,9,1,9,1166.163,66.698,1113.169,13.705,1219.157,119.692,105.988,0.0145,ms_nir_circle_supported_lattice,No
3,Day 3,Tray 4,4,DJI_20260621125808_0004,10,1,10,1302.868,66.512,1249.874,13.518,1355.862,119.506,105.988,0.0845,ms_nir_circle_supported_lattice,No
3,Day 3,Tray 4,4,DJI_20260621125808_0004,11,2,1,72.396,185.952,19.402,132.958,125.39,238.946,105.988,0.0428,ms_nir_circle_supported_lattice,No
3,Day 3,Tray 4,4,DJI_20260621125808_0004,12,2,2,209.102,185.766,156.108,132.772,262.096,238.76,105.988,0.0267,ms_nir_circle_supported_lattice,No
3,Day 3,Tray 4,4,DJI_20260621125808_0004,13,2,3,345.807,185.58,292.813,132.586,398.801,238.574,105.988,0.0157,ms_nir_circle_supported_lattice,No
3,Day 3,Tray 4,4,DJI_20260621125808_0004,14,2,4,482.513,185.394,429.519,132.4,535.507,238.387,105.988,0.0126,ms_nir_circle_supported_lattice,No
3,Day 3,Tray 4,4,DJI_20260621125808_0004,15,2,5,619.219,185.207,566.225,132.213,672.213,238.201,105.988,0.0199,ms_nir_circle_supported_lattice,No
3,Day 3,Tray 4,4,DJI_20260621125808_0004,16,2,6,755.924,185.021,702.93,132.027,808.918,238.015,105.988,0.0422,ms_nir_circle_supported_lattice,No
3,Day 3,Tray 4,4,DJI_20260621125808_0004,17,2,7,892.63,184.835,839.636,131.841,945.624,237.829,105.988,0.0156,ms_nir_circle_supported_lattice,No
3,Day 3,Tray 4,4,DJI_20260621125808_0004,18,2,8,1029.335,184.649,976.342,131.655,1082.329,237.643,105.988,0.0199,ms_nir_circle_supported_lattice,No
3,Day 3,Tray 4,4,DJI_20260621125808_0004,19,2,9,1166.041,184.463,1113.047,131.469,1219.035,237.457,105.988,0.0307,ms_nir_circle_supported_lattice,No
3,Day 3,Tray 4,4,DJI_20260621125808_0004,20,2,10,1302.747,184.277,1249.753,131.283,1355.741,237.271,105.988,0.0195,ms_nir_circle_supported_lattice,No
3,Day 3,Tray 4,4,DJI_20260621125808_0004,21,3,1,72.275,303.716,19.281,250.722,125.269,356.71,105.988,0.0416,ms_nir_circle_supported_lattice,No
3,Day 3,Tray 4,4,DJI_20260621125808_0004,22,3,2,208.98,303.53,155.986,250.536,261.974,356.524,105.988,0.0176,ms_nir_circle_supported_lattice,No
3,Day 3,Tray 4,4,DJI_20260621125808_0004,23,3,3,345.686,303.344,292.692,250.35,398.68,356.338,105.988,0.0146,ms_nir_circle_supported_lattice,No
3,Day 3,Tray 4,4,DJI_20260621125808_0004,24,3,4,482.392,303.158,429.398,250.164,535.386,356.152,105.988,0.0104,ms_nir_circle_supported_lattice,No
3,Day 3,Tray 4,4,DJI_20260621125808_0004,25,3,5,619.097,302.972,566.103,249.978,672.091,355.966,105.988,0.0458,ms_nir_circle_supported_lattice,No
3,Day 3,Tray 4,4,DJI_20260621125808_0004,26,3,6,755.803,302.785,702.809,249.792,808.797,355.779,105.988,0.0611,ms_nir_circle_supported_lattice,No
3,Day 3,Tray 4,4,DJI_20260621125808_0004,27,3,7,892.508,302.599,839.514,249.605,945.502,355.593,105.988,0.0187,ms_nir_circle_supported_lattice,No
3,Day 3,Tray 4,4,DJI_20260621125808_0004,28,3,8,1029.214,302.413,976.22,249.419,1082.208,355.407,105.988,0.0121,ms_nir_circle_supported_lattice,No
3,Day 3,Tray 4,4,DJI_20260621125808_0004,29,3,9,1165.92,302.227,1112.926,249.233,1218.914,355.221,105.988,0.0899,ms_nir_circle_supported_lattice,No
3,Day 3,Tray 4,4,DJI_20260621125808_0004,30,3,10,1302.625,302.041,1249.631,249.047,1355.619,355.035,105.988,0.03,ms_nir_circle_supported_lattice,No
3,Day 3,Tray 4,4,DJI_20260621125808_0004,31,4,1,72.153,421.481,19.159,368.487,125.147,474.474,105.988,0.0263,ms_nir_circle_supported_lattice,No
3,Day 3,Tray 4,4,DJI_20260621125808_0004,32,4,2,208.859,421.294,155.865,368.3,261.853,474.288,105.988,0.0498,ms_nir_circle_supported_lattice,No
3,Day 3,Tray 4,4,DJI_20260621125808_0004,33,4,3,345.565,421.108,292.571,368.114,398.558,474.102,105.988,0.0049,ms_nir_circle_supported_lattice,No
3,Day 3,Tray 4,4,DJI_20260621125808_0004,34,4,4,482.27,420.922,429.276,367.928,535.264,473.916,105.988,0.0165,ms_nir_circle_supported_lattice,No
3,Day 3,Tray 4,4,DJI_20260621125808_0004,35,4,5,618.976,420.736,565.982,367.742,671.97,473.73,105.988,0.0359,ms_nir_circle_supported_lattice,No
3,Day 3,Tray 4,4,DJI_20260621125808_0004,36,4,6,755.681,420.55,702.687,367.556,808.675,473.544,105.988,0.0194,ms_nir_circle_supported_lattice,No
3,Day 3,Tray 4,4,DJI_20260621125808_0004,37,4,7,892.387,420.364,839.393,367.37,945.381,473.358,105.988,0.0395,ms_nir_circle_supported_lattice,No
3,Day 3,Tray 4,4,DJI_20260621125808_0004,38,4,8,1029.093,420.177,976.099,367.184,1082.087,473.171,105.988,0.0865,ms_nir_circle_supported_lattice,No
3,Day 3,Tray 4,4,DJI_20260621125808_0004,39,4,9,1165.798,419.991,1112.804,366.997,1218.792,472.985,105.988,0.0198,ms_nir_circle_supported_lattice,No
3,Day 3,Tray 4,4,DJI_20260621125808_0004,40,4,10,1302.504,419.805,1249.51,366.811,1355.498,472.799,105.988,0.0402,ms_nir_circle_supported_lattice,No
3,Day 3,Tray 4,4,DJI_20260621125808_0004,41,5,1,72.032,539.245,19.038,486.251,125.026,592.239,105.988,0.0254,ms_nir_circle_supported_lattice,No
3,Day 3,Tray 4,4,DJI_20260621125808_0004,42,5,2,208.737,539.059,155.743,486.065,261.731,592.053,105.988,0.011,ms_nir_circle_supported_lattice,No
3,Day 3,Tray 4,4,DJI_20260621125808_0004,43,5,3,345.443,538.873,292.449,485.879,398.437,591.866,105.988,0.0273,ms_nir_circle_supported_lattice,No
3,Day 3,Tray 4,4,DJI_20260621125808_0004,44,5,4,482.149,538.686,429.155,485.692,535.143,591.68,105.988,0.0332,ms_nir_circle_supported_lattice,No
3,Day 3,Tray 4,4,DJI_20260621125808_0004,45,5,5,618.854,538.5,565.86,485.506,671.848,591.494,105.988,0.0203,ms_nir_circle_supported_lattice,No
3,Day 3,Tray 4,4,DJI_20260621125808_0004,46,5,6,755.56,538.314,702.566,485.32,808.554,591.308,105.988,0.0379,ms_nir_circle_supported_lattice,No
3,Day 3,Tray 4,4,DJI_20260621125808_0004,47,5,7,892.266,538.128,839.272,485.134,945.26,591.122,105.988,0.0182,ms_nir_circle_supported_lattice,No
3,Day 3,Tray 4,4,DJI_20260621125808_0004,48,5,8,1028.971,537.942,975.977,484.948,1081.965,590.936,105.988,0.0725,ms_nir_circle_supported_lattice,No
3,Day 3,Tray 4,4,DJI_20260621125808_0004,49,5,9,1165.677,537.756,1112.683,484.762,1218.671,590.75,105.988,0.0207,ms_nir_circle_supported_lattice,No
3,Day 3,Tray 4,4,DJI_20260621125808_0004,50,5,10,1302.382,537.569,1249.389,484.576,1355.376,590.563,105.988,0.1176,ms_nir_circle_supported_lattice,No
3,Day 3,Tray 4,4,DJI_20260621125808_0004,51,6,1,71.91,657.009,18.916,604.015,124.904,710.003,105.988,0.0194,ms_nir_circle_supported_lattice,No
3,Day 3,Tray 4,4,DJI_20260621125808_0004,52,6,2,208.616,656.823,155.622,603.829,261.61,709.817,105.988,0.0233,ms_nir_circle_supported_lattice,No
3,Day 3,Tray 4,4,DJI_20260621125808_0004,53,6,3,345.322,656.637,292.328,603.643,398.316,709.631,105.988,0.0079,ms_nir_circle_supported_lattice,No
3,Day 3,Tray 4,4,DJI_20260621125808_0004,54,6,4,482.027,656.451,429.033,603.457,535.021,709.445,105.988,0.0095,ms_nir_circle_supported_lattice,No
3,Day 3,Tray 4,4,DJI_20260621125808_0004,55,6,5,618.733,656.265,565.739,603.271,671.727,709.258,105.988,0.0152,ms_nir_circle_supported_lattice,No
3,Day 3,Tray 4,4,DJI_20260621125808_0004,56,6,6,755.439,656.078,702.445,603.084,808.432,709.072,105.988,0.0333,ms_nir_circle_supported_lattice,No
3,Day 3,Tray 4,4,DJI_20260621125808_0004,57,6,7,892.144,655.892,839.15,602.898,945.138,708.886,105.988,0.0264,ms_nir_circle_supported_lattice,No
3,Day 3,Tray 4,4,DJI_20260621125808_0004,58,6,8,1028.85,655.706,975.856,602.712,1081.844,708.7,105.988,0.0184,ms_nir_circle_supported_lattice,No
3,Day 3,Tray 4,4,DJI_20260621125808_0004,59,6,9,1165.555,655.52,1112.561,602.526,1218.549,708.514,105.988,0.0212,ms_nir_circle_supported_lattice,No
3,Day 3,Tray 4,4,DJI_20260621125808_0004,60,6,10,1302.261,655.334,1249.267,602.34,1355.255,708.328,105.988,0.0695,ms_nir_circle_supported_lattice,No
3,Day 3,Tray 4,4,DJI_20260621125808_0004,61,7,1,71.789,774.773,18.795,721.779,124.783,827.767,105.988,0.0355,ms_nir_circle_supported_lattice,No
3,Day 3,Tray 4,4,DJI_20260621125808_0004,62,7,2,208.495,774.587,155.501,721.593,261.489,827.581,105.988,0.0251,ms_nir_circle_supported_lattice,No
3,Day 3,Tray 4,4,DJI_20260621125808_0004,63,7,3,345.2,774.401,292.206,721.407,398.194,827.395,105.988,0.0462,ms_nir_circle_supported_lattice,No
3,Day 3,Tray 4,4,DJI_20260621125808_0004,64,7,4,481.906,774.215,428.912,721.221,534.9,827.209,105.988,0.0959,ms_nir_circle_supported_lattice,No
3,Day 3,Tray 4,4,DJI_20260621125808_0004,65,7,5,618.611,774.029,565.618,721.035,671.605,827.023,105.988,0.0093,ms_nir_circle_supported_lattice,No
3,Day 3,Tray 4,4,DJI_20260621125808_0004,66,7,6,755.317,773.843,702.323,720.849,808.311,826.837,105.988,0.0298,ms_nir_circle_supported_lattice,No
3,Day 3,Tray 4,4,DJI_20260621125808_0004,67,7,7,892.023,773.656,839.029,720.663,945.017,826.65,105.988,0.0114,ms_nir_circle_supported_lattice,No
3,Day 3,Tray 4,4,DJI_20260621125808_0004,68,7,8,1028.728,773.47,975.734,720.476,1081.722,826.464,105.988,0.0233,ms_nir_circle_supported_lattice,No
3,Day 3,Tray 4,4,DJI_20260621125808_0004,69,7,9,1165.434,773.284,1112.44,720.29,1218.428,826.278,105.988,0.0153,ms_nir_circle_supported_lattice,No
3,Day 3,Tray 4,4,DJI_20260621125808_0004,70,7,10,1302.14,773.098,1249.146,720.104,1355.134,826.092,105.988,0.0794,ms_nir_circle_supported_lattice,No
3,Day 3,Tray 5,5,DJI_20260621125931_0005,1,1,1,75.967,85.269,23.102,32.404,128.832,138.133,105.729,0.0287,ms_nir_circle_supported_lattice,No
3,Day 3,Tray 5,5,DJI_20260621125931_0005,2,1,2,213.027,85.086,160.162,32.221,265.891,137.951,105.729,0.0185,ms_nir_circle_supported_lattice,No
3,Day 3,Tray 5,5,DJI_20260621125931_0005,3,1,3,350.086,84.903,297.222,32.038,402.951,137.768,105.729,0.0094,ms_nir_circle_supported_lattice,No
3,Day 3,Tray 5,5,DJI_20260621125931_0005,4,1,4,487.146,84.72,434.281,31.856,540.011,137.585,105.729,0.0441,ms_nir_circle_supported_lattice,No
3,Day 3,Tray 5,5,DJI_20260621125931_0005,5,1,5,624.206,84.538,571.341,31.673,677.071,137.403,105.729,0.0348,ms_nir_circle_supported_lattice,No
3,Day 3,Tray 5,5,DJI_20260621125931_0005,6,1,6,761.266,84.355,708.401,31.49,814.13,137.22,105.729,0.0386,ms_nir_circle_supported_lattice,No
3,Day 3,Tray 5,5,DJI_20260621125931_0005,7,1,7,898.325,84.172,845.461,31.308,951.19,137.037,105.729,0.0187,ms_nir_circle_supported_lattice,No
3,Day 3,Tray 5,5,DJI_20260621125931_0005,8,1,8,1035.385,83.99,982.52,31.125,1088.25,136.854,105.729,0.0218,ms_nir_circle_supported_lattice,No
3,Day 3,Tray 5,5,DJI_20260621125931_0005,9,1,9,1172.445,83.807,1119.58,30.942,1225.31,136.672,105.729,0.072,ms_nir_circle_supported_lattice,No
3,Day 3,Tray 5,5,DJI_20260621125931_0005,10,1,10,1309.505,83.624,1256.64,30.76,1362.369,136.489,105.729,0.0124,ms_nir_circle_supported_lattice,No
3,Day 3,Tray 5,5,DJI_20260621125931_0005,11,2,1,75.245,202.744,22.381,149.879,128.11,255.608,105.729,0.0243,ms_nir_circle_supported_lattice,No
3,Day 3,Tray 5,5,DJI_20260621125931_0005,12,2,2,212.305,202.561,159.44,149.696,265.17,255.426,105.729,0.0117,ms_nir_circle_supported_lattice,No
3,Day 3,Tray 5,5,DJI_20260621125931_0005,13,2,3,349.365,202.378,296.5,149.513,402.23,255.243,105.729,0.0301,ms_nir_circle_supported_lattice,No
3,Day 3,Tray 5,5,DJI_20260621125931_0005,14,2,4,486.425,202.195,433.56,149.331,539.289,255.06,105.729,0.0383,ms_nir_circle_supported_lattice,No
3,Day 3,Tray 5,5,DJI_20260621125931_0005,15,2,5,623.484,202.013,570.62,149.148,676.349,254.878,105.729,0.0176,ms_nir_circle_supported_lattice,No
3,Day 3,Tray 5,5,DJI_20260621125931_0005,16,2,6,760.544,201.83,707.679,148.965,813.409,254.695,105.729,0.03,ms_nir_circle_supported_lattice,No
3,Day 3,Tray 5,5,DJI_20260621125931_0005,17,2,7,897.604,201.647,844.739,148.783,950.469,254.512,105.729,0.0065,ms_nir_circle_supported_lattice,No
3,Day 3,Tray 5,5,DJI_20260621125931_0005,18,2,8,1034.664,201.465,981.799,148.6,1087.528,254.329,105.729,0.0217,ms_nir_circle_supported_lattice,No
3,Day 3,Tray 5,5,DJI_20260621125931_0005,19,2,9,1171.723,201.282,1118.859,148.417,1224.588,254.147,105.729,0.0182,ms_nir_circle_supported_lattice,No
3,Day 3,Tray 5,5,DJI_20260621125931_0005,20,2,10,1308.783,201.099,1255.918,148.235,1361.648,253.964,105.729,0.043,ms_nir_circle_supported_lattice,No
3,Day 3,Tray 5,5,DJI_20260621125931_0005,21,3,1,74.524,320.219,21.659,267.354,127.389,373.083,105.729,0.0395,ms_nir_circle_supported_lattice,No
3,Day 3,Tray 5,5,DJI_20260621125931_0005,22,3,2,211.584,320.036,158.719,267.171,264.449,372.901,105.729,0.0089,ms_nir_circle_supported_lattice,No
3,Day 3,Tray 5,5,DJI_20260621125931_0005,23,3,3,348.644,319.853,295.779,266.988,401.508,372.718,105.729,0.035,ms_nir_circle_supported_lattice,No
3,Day 3,Tray 5,5,DJI_20260621125931_0005,24,3,4,485.703,319.67,432.838,266.806,538.568,372.535,105.729,0.0128,ms_nir_circle_supported_lattice,No
3,Day 3,Tray 5,5,DJI_20260621125931_0005,25,3,5,622.763,319.488,569.898,266.623,675.628,372.353,105.729,0.0379,ms_nir_circle_supported_lattice,No
3,Day 3,Tray 5,5,DJI_20260621125931_0005,26,3,6,759.823,319.305,706.958,266.44,812.687,372.17,105.729,0.0208,ms_nir_circle_supported_lattice,No
3,Day 3,Tray 5,5,DJI_20260621125931_0005,27,3,7,896.882,319.122,844.018,266.258,949.747,371.987,105.729,0.0442,ms_nir_circle_supported_lattice,No
3,Day 3,Tray 5,5,DJI_20260621125931_0005,28,3,8,1033.942,318.94,981.077,266.075,1086.807,371.804,105.729,0.009,ms_nir_circle_supported_lattice,No
3,Day 3,Tray 5,5,DJI_20260621125931_0005,29,3,9,1171.002,318.757,1118.137,265.892,1223.867,371.622,105.729,0.0106,ms_nir_circle_supported_lattice,No
3,Day 3,Tray 5,5,DJI_20260621125931_0005,30,3,10,1308.062,318.574,1255.197,265.71,1360.926,371.439,105.729,0.0865,ms_nir_circle_supported_lattice,No
3,Day 3,Tray 5,5,DJI_20260621125931_0005,31,4,1,73.803,437.694,20.938,384.829,126.667,490.558,105.729,0.0151,ms_nir_circle_supported_lattice,No
3,Day 3,Tray 5,5,DJI_20260621125931_0005,32,4,2,210.862,437.511,157.998,384.646,263.727,490.376,105.729,0.016,ms_nir_circle_supported_lattice,No
3,Day 3,Tray 5,5,DJI_20260621125931_0005,33,4,3,347.922,437.328,295.057,384.463,400.787,490.193,105.729,0.0096,ms_nir_circle_supported_lattice,No
3,Day 3,Tray 5,5,DJI_20260621125931_0005,34,4,4,484.982,437.145,432.117,384.281,537.847,490.01,105.729,0.0179,ms_nir_circle_supported_lattice,No
3,Day 3,Tray 5,5,DJI_20260621125931_0005,35,4,5,622.042,436.963,569.177,384.098,674.906,489.828,105.729,0.0167,ms_nir_circle_supported_lattice,No
3,Day 3,Tray 5,5,DJI_20260621125931_0005,36,4,6,759.101,436.78,706.237,383.915,811.966,489.645,105.729,0.0178,ms_nir_circle_supported_lattice,No
3,Day 3,Tray 5,5,DJI_20260621125931_0005,37,4,7,896.161,436.597,843.296,383.733,949.026,489.462,105.729,0.0111,ms_nir_circle_supported_lattice,No
3,Day 3,Tray 5,5,DJI_20260621125931_0005,38,4,8,1033.221,436.415,980.356,383.55,1086.086,489.279,105.729,0.0195,ms_nir_circle_supported_lattice,No
3,Day 3,Tray 5,5,DJI_20260621125931_0005,39,4,9,1170.281,436.232,1117.416,383.367,1223.145,489.097,105.729,0.0277,ms_nir_circle_supported_lattice,No
3,Day 3,Tray 5,5,DJI_20260621125931_0005,40,4,10,1307.34,436.049,1254.476,383.185,1360.205,488.914,105.729,0.0338,ms_nir_circle_supported_lattice,No
3,Day 3,Tray 5,5,DJI_20260621125931_0005,41,5,1,73.081,555.169,20.216,502.304,125.946,608.033,105.729,0.0527,ms_nir_circle_supported_lattice,No
3,Day 3,Tray 5,5,DJI_20260621125931_0005,42,5,2,210.141,554.986,157.276,502.121,263.006,607.851,105.729,0.0267,ms_nir_circle_supported_lattice,No
3,Day 3,Tray 5,5,DJI_20260621125931_0005,43,5,3,347.201,554.803,294.336,501.938,400.065,607.668,105.729,0.0168,ms_nir_circle_supported_lattice,No
3,Day 3,Tray 5,5,DJI_20260621125931_0005,44,5,4,484.26,554.62,431.396,501.756,537.125,607.485,105.729,0.0159,ms_nir_circle_supported_lattice,No
3,Day 3,Tray 5,5,DJI_20260621125931_0005,45,5,5,621.32,554.438,568.455,501.573,674.185,607.303,105.729,0.0122,ms_nir_circle_supported_lattice,No
3,Day 3,Tray 5,5,DJI_20260621125931_0005,46,5,6,758.38,554.255,705.515,501.39,811.245,607.12,105.729,0.0133,ms_nir_circle_supported_lattice,No
3,Day 3,Tray 5,5,DJI_20260621125931_0005,47,5,7,895.44,554.072,842.575,501.208,948.304,606.937,105.729,0.0222,ms_nir_circle_supported_lattice,No
3,Day 3,Tray 5,5,DJI_20260621125931_0005,48,5,8,1032.499,553.89,979.635,501.025,1085.364,606.754,105.729,0.0104,ms_nir_circle_supported_lattice,No
3,Day 3,Tray 5,5,DJI_20260621125931_0005,49,5,9,1169.559,553.707,1116.694,500.842,1222.424,606.572,105.729,0.036,ms_nir_circle_supported_lattice,No
3,Day 3,Tray 5,5,DJI_20260621125931_0005,50,5,10,1306.619,553.524,1253.754,500.66,1359.484,606.389,105.729,0.0551,ms_nir_circle_supported_lattice,No
3,Day 3,Tray 5,5,DJI_20260621125931_0005,51,6,1,72.36,672.644,19.495,619.779,125.224,725.508,105.729,0.0331,ms_nir_circle_supported_lattice,No
3,Day 3,Tray 5,5,DJI_20260621125931_0005,52,6,2,209.419,672.461,156.555,619.596,262.284,725.326,105.729,0.0367,ms_nir_circle_supported_lattice,No
3,Day 3,Tray 5,5,DJI_20260621125931_0005,53,6,3,346.479,672.278,293.614,619.413,399.344,725.143,105.729,0.0117,ms_nir_circle_supported_lattice,No
3,Day 3,Tray 5,5,DJI_20260621125931_0005,54,6,4,483.539,672.095,430.674,619.231,536.404,724.96,105.729,0.0152,ms_nir_circle_supported_lattice,No
3,Day 3,Tray 5,5,DJI_20260621125931_0005,55,6,5,620.599,671.913,567.734,619.048,673.463,724.778,105.729,0.0165,ms_nir_circle_supported_lattice,No
3,Day 3,Tray 5,5,DJI_20260621125931_0005,56,6,6,757.658,671.73,704.794,618.865,810.523,724.595,105.729,0.0201,ms_nir_circle_supported_lattice,No
3,Day 3,Tray 5,5,DJI_20260621125931_0005,57,6,7,894.718,671.547,841.853,618.683,947.583,724.412,105.729,0.0126,ms_nir_circle_supported_lattice,No
3,Day 3,Tray 5,5,DJI_20260621125931_0005,58,6,8,1031.778,671.365,978.913,618.5,1084.643,724.229,105.729,0.0252,ms_nir_circle_supported_lattice,No
3,Day 3,Tray 5,5,DJI_20260621125931_0005,59,6,9,1168.838,671.182,1115.973,618.317,1221.702,724.047,105.729,0.09,ms_nir_circle_supported_lattice,No
3,Day 3,Tray 5,5,DJI_20260621125931_0005,60,6,10,1305.897,670.999,1253.033,618.135,1358.762,723.864,105.729,0.0341,ms_nir_circle_supported_lattice,No
3,Day 3,Tray 5,5,DJI_20260621125931_0005,61,7,1,71.638,790.119,18.774,737.254,124.503,842.983,105.729,0.0383,ms_nir_circle_supported_lattice,No
3,Day 3,Tray 5,5,DJI_20260621125931_0005,62,7,2,208.698,789.936,155.833,737.071,261.563,842.801,105.729,0.0402,ms_nir_circle_supported_lattice,No
3,Day 3,Tray 5,5,DJI_20260621125931_0005,63,7,3,345.758,789.753,292.893,736.888,398.623,842.618,105.729,0.0067,ms_nir_circle_supported_lattice,No
3,Day 3,Tray 5,5,DJI_20260621125931_0005,64,7,4,482.818,789.57,429.953,736.706,535.682,842.435,105.729,0.0351,ms_nir_circle_supported_lattice,No
3,Day 3,Tray 5,5,DJI_20260621125931_0005,65,7,5,619.877,789.388,567.013,736.523,672.742,842.253,105.729,0.0091,ms_nir_circle_supported_lattice,No
3,Day 3,Tray 5,5,DJI_20260621125931_0005,66,7,6,756.937,789.205,704.072,736.34,809.802,842.07,105.729,0.0194,ms_nir_circle_supported_lattice,No
3,Day 3,Tray 5,5,DJI_20260621125931_0005,67,7,7,893.997,789.022,841.132,736.158,946.862,841.887,105.729,0.0119,ms_nir_circle_supported_lattice,No
3,Day 3,Tray 5,5,DJI_20260621125931_0005,68,7,8,1031.056,788.84,978.192,735.975,1083.921,841.704,105.729,0.0235,ms_nir_circle_supported_lattice,No
3,Day 3,Tray 5,5,DJI_20260621125931_0005,69,7,9,1168.116,788.657,1115.251,735.792,1220.981,841.522,105.729,0.02,ms_nir_circle_supported_lattice,No
3,Day 3,Tray 5,5,DJI_20260621125931_0005,70,7,10,1305.176,788.474,1252.311,735.61,1358.041,841.339,105.729,0.0237,ms_nir_circle_supported_lattice,No
3,Day 3,Tray 6,6,DJI_20260621125958_0006,1,1,1,64.093,93.913,11.231,41.051,116.955,146.775,105.725,0.0361,ms_nir_circle_supported_lattice,No
3,Day 3,Tray 6,6,DJI_20260621125958_0006,2,1,2,200.693,93.345,147.831,40.483,253.555,146.207,105.725,0.0081,ms_nir_circle_supported_lattice,No
3,Day 3,Tray 6,6,DJI_20260621125958_0006,3,1,3,337.293,92.777,284.431,39.915,390.155,145.639,105.725,0.0299,ms_nir_circle_supported_lattice,No
3,Day 3,Tray 6,6,DJI_20260621125958_0006,4,1,4,473.893,92.209,421.031,39.347,526.755,145.071,105.725,0.0267,ms_nir_circle_supported_lattice,No
3,Day 3,Tray 6,6,DJI_20260621125958_0006,5,1,5,610.493,91.641,557.631,38.779,663.355,144.503,105.725,0.0219,ms_nir_circle_supported_lattice,No
3,Day 3,Tray 6,6,DJI_20260621125958_0006,6,1,6,747.093,91.073,694.231,38.211,799.955,143.935,105.725,0.039,ms_nir_circle_supported_lattice,No
3,Day 3,Tray 6,6,DJI_20260621125958_0006,7,1,7,883.693,90.505,830.831,37.643,936.555,143.367,105.725,0.0564,ms_nir_circle_supported_lattice,No
3,Day 3,Tray 6,6,DJI_20260621125958_0006,8,1,8,1020.293,89.937,967.431,37.075,1073.155,142.8,105.725,0.0273,ms_nir_circle_supported_lattice,No
3,Day 3,Tray 6,6,DJI_20260621125958_0006,9,1,9,1156.893,89.369,1104.031,36.507,1209.755,142.232,105.725,0.0216,ms_nir_circle_supported_lattice,No
3,Day 3,Tray 6,6,DJI_20260621125958_0006,10,1,10,1293.493,88.801,1240.631,35.939,1346.355,141.664,105.725,0.0666,ms_nir_circle_supported_lattice,No
3,Day 3,Tray 6,6,DJI_20260621125958_0006,11,2,1,64.357,211.384,11.495,158.522,117.219,264.247,105.725,0.0264,ms_nir_circle_supported_lattice,No
3,Day 3,Tray 6,6,DJI_20260621125958_0006,12,2,2,200.957,210.816,148.095,157.954,253.819,263.679,105.725,0.0391,ms_nir_circle_supported_lattice,No
3,Day 3,Tray 6,6,DJI_20260621125958_0006,13,2,3,337.557,210.248,284.695,157.386,390.419,263.111,105.725,0.0239,ms_nir_circle_supported_lattice,No
3,Day 3,Tray 6,6,DJI_20260621125958_0006,14,2,4,474.157,209.681,421.295,156.818,527.019,262.543,105.725,0.0275,ms_nir_circle_supported_lattice,No
3,Day 3,Tray 6,6,DJI_20260621125958_0006,15,2,5,610.757,209.113,557.895,156.25,663.619,261.975,105.725,0.049,ms_nir_circle_supported_lattice,No
3,Day 3,Tray 6,6,DJI_20260621125958_0006,16,2,6,747.357,208.545,694.495,155.682,800.219,261.407,105.725,0.0316,ms_nir_circle_supported_lattice,No
3,Day 3,Tray 6,6,DJI_20260621125958_0006,17,2,7,883.957,207.977,831.095,155.114,936.819,260.839,105.725,0.0337,ms_nir_circle_supported_lattice,No
3,Day 3,Tray 6,6,DJI_20260621125958_0006,18,2,8,1020.557,207.409,967.695,154.546,1073.419,260.271,105.725,0.0063,ms_nir_circle_supported_lattice,No
3,Day 3,Tray 6,6,DJI_20260621125958_0006,19,2,9,1157.157,206.841,1104.295,153.978,1210.019,259.703,105.725,0.0172,ms_nir_circle_supported_lattice,No
3,Day 3,Tray 6,6,DJI_20260621125958_0006,20,2,10,1293.757,206.273,1240.895,153.41,1346.619,259.135,105.725,0.0277,ms_nir_circle_supported_lattice,No
3,Day 3,Tray 6,6,DJI_20260621125958_0006,21,3,1,64.621,328.856,11.759,275.994,117.484,381.718,105.725,0.0297,ms_nir_circle_supported_lattice,No
3,Day 3,Tray 6,6,DJI_20260621125958_0006,22,3,2,201.221,328.288,148.359,275.426,254.084,381.15,105.725,0.0107,ms_nir_circle_supported_lattice,No
3,Day 3,Tray 6,6,DJI_20260621125958_0006,23,3,3,337.821,327.72,284.959,274.858,390.684,380.582,105.725,0.0148,ms_nir_circle_supported_lattice,No
3,Day 3,Tray 6,6,DJI_20260621125958_0006,24,3,4,474.421,327.152,421.559,274.29,527.284,380.014,105.725,0.0051,ms_nir_circle_supported_lattice,No
3,Day 3,Tray 6,6,DJI_20260621125958_0006,25,3,5,611.021,326.584,558.159,273.722,663.884,379.446,105.725,0.0363,ms_nir_circle_supported_lattice,No
3,Day 3,Tray 6,6,DJI_20260621125958_0006,26,3,6,747.621,326.016,694.759,273.154,800.484,378.878,105.725,0.0238,ms_nir_circle_supported_lattice,No
3,Day 3,Tray 6,6,DJI_20260621125958_0006,27,3,7,884.221,325.448,831.359,272.586,937.084,378.31,105.725,0.1096,ms_nir_circle_supported_lattice,No
3,Day 3,Tray 6,6,DJI_20260621125958_0006,28,3,8,1020.821,324.88,967.959,272.018,1073.684,377.742,105.725,0.0101,ms_nir_circle_supported_lattice,No
3,Day 3,Tray 6,6,DJI_20260621125958_0006,29,3,9,1157.421,324.312,1104.559,271.45,1210.284,377.174,105.725,0.0147,ms_nir_circle_supported_lattice,No
3,Day 3,Tray 6,6,DJI_20260621125958_0006,30,3,10,1294.021,323.744,1241.159,270.882,1346.884,376.606,105.725,0.0345,ms_nir_circle_supported_lattice,No
3,Day 3,Tray 6,6,DJI_20260621125958_0006,31,4,1,64.886,446.327,12.023,393.465,117.748,499.19,105.725,0.0508,ms_nir_circle_supported_lattice,No
3,Day 3,Tray 6,6,DJI_20260621125958_0006,32,4,2,201.486,445.759,148.623,392.897,254.348,498.622,105.725,0.0167,ms_nir_circle_supported_lattice,No
3,Day 3,Tray 6,6,DJI_20260621125958_0006,33,4,3,338.086,445.191,285.223,392.329,390.948,498.054,105.725,0.0154,ms_nir_circle_supported_lattice,No
3,Day 3,Tray 6,6,DJI_20260621125958_0006,34,4,4,474.686,444.623,421.823,391.761,527.548,497.486,105.725,0.0147,ms_nir_circle_supported_lattice,No
3,Day 3,Tray 6,6,DJI_20260621125958_0006,35,4,5,611.286,444.055,558.423,391.193,664.148,496.918,105.725,0.0211,ms_nir_circle_supported_lattice,No
3,Day 3,Tray 6,6,DJI_20260621125958_0006,36,4,6,747.886,443.487,695.023,390.625,800.748,496.35,105.725,0.0206,ms_nir_circle_supported_lattice,No
3,Day 3,Tray 6,6,DJI_20260621125958_0006,37,4,7,884.486,442.919,831.623,390.057,937.348,495.782,105.725,0.0382,ms_nir_circle_supported_lattice,No
3,Day 3,Tray 6,6,DJI_20260621125958_0006,38,4,8,1021.086,442.352,968.223,389.489,1073.948,495.214,105.725,0.0115,ms_nir_circle_supported_lattice,No
3,Day 3,Tray 6,6,DJI_20260621125958_0006,39,4,9,1157.686,441.784,1104.823,388.921,1210.548,494.646,105.725,0.0163,ms_nir_circle_supported_lattice,No
3,Day 3,Tray 6,6,DJI_20260621125958_0006,40,4,10,1294.286,441.216,1241.423,388.353,1347.148,494.078,105.725,0.0241,ms_nir_circle_supported_lattice,No
3,Day 3,Tray 6,6,DJI_20260621125958_0006,41,5,1,65.15,563.799,12.288,510.936,118.012,616.661,105.725,0.0252,ms_nir_circle_supported_lattice,No
3,Day 3,Tray 6,6,DJI_20260621125958_0006,42,5,2,201.75,563.231,148.888,510.368,254.612,616.093,105.725,0.0282,ms_nir_circle_supported_lattice,No
3,Day 3,Tray 6,6,DJI_20260621125958_0006,43,5,3,338.35,562.663,285.488,509.8,391.212,615.525,105.725,0.0064,ms_nir_circle_supported_lattice,No
3,Day 3,Tray 6,6,DJI_20260621125958_0006,44,5,4,474.95,562.095,422.088,509.233,527.812,614.957,105.725,0.0251,ms_nir_circle_supported_lattice,No
3,Day 3,Tray 6,6,DJI_20260621125958_0006,45,5,5,611.55,561.527,558.688,508.665,664.412,614.389,105.725,0.0221,ms_nir_circle_supported_lattice,No
3,Day 3,Tray 6,6,DJI_20260621125958_0006,46,5,6,748.15,560.959,695.288,508.097,801.012,613.821,105.725,0.0659,ms_nir_circle_supported_lattice,No
3,Day 3,Tray 6,6,DJI_20260621125958_0006,47,5,7,884.75,560.391,831.888,507.529,937.612,613.253,105.725,0.0135,ms_nir_circle_supported_lattice,No
3,Day 3,Tray 6,6,DJI_20260621125958_0006,48,5,8,1021.35,559.823,968.488,506.961,1074.212,612.685,105.725,0.0224,ms_nir_circle_supported_lattice,No
3,Day 3,Tray 6,6,DJI_20260621125958_0006,49,5,9,1157.95,559.255,1105.088,506.393,1210.812,612.117,105.725,0.0084,ms_nir_circle_supported_lattice,No
3,Day 3,Tray 6,6,DJI_20260621125958_0006,50,5,10,1294.55,558.687,1241.688,505.825,1347.412,611.549,105.725,0.0354,ms_nir_circle_supported_lattice,No
3,Day 3,Tray 6,6,DJI_20260621125958_0006,51,6,1,65.414,681.27,12.552,628.408,118.277,734.132,105.725,0.0395,ms_nir_circle_supported_lattice,No
3,Day 3,Tray 6,6,DJI_20260621125958_0006,52,6,2,202.014,680.702,149.152,627.84,254.877,733.564,105.725,0.0145,ms_nir_circle_supported_lattice,No
3,Day 3,Tray 6,6,DJI_20260621125958_0006,53,6,3,338.614,680.134,285.752,627.272,391.477,732.996,105.725,0.0623,ms_nir_circle_supported_lattice,No
3,Day 3,Tray 6,6,DJI_20260621125958_0006,54,6,4,475.214,679.566,422.352,626.704,528.077,732.429,105.725,0.1432,ms_nir_circle_supported_lattice,No
3,Day 3,Tray 6,6,DJI_20260621125958_0006,55,6,5,611.814,678.998,558.952,626.136,664.677,731.861,105.725,0.0198,ms_nir_circle_supported_lattice,No
3,Day 3,Tray 6,6,DJI_20260621125958_0006,56,6,6,748.414,678.43,695.552,625.568,801.277,731.293,105.725,0.0695,ms_nir_circle_supported_lattice,No
3,Day 3,Tray 6,6,DJI_20260621125958_0006,57,6,7,885.014,677.862,832.152,625.0,937.877,730.725,105.725,0.013,ms_nir_circle_supported_lattice,No
3,Day 3,Tray 6,6,DJI_20260621125958_0006,58,6,8,1021.614,677.294,968.752,624.432,1074.477,730.157,105.725,0.0233,ms_nir_circle_supported_lattice,No
3,Day 3,Tray 6,6,DJI_20260621125958_0006,59,6,9,1158.214,676.726,1105.352,623.864,1211.077,729.589,105.725,0.0352,ms_nir_circle_supported_lattice,No
3,Day 3,Tray 6,6,DJI_20260621125958_0006,60,6,10,1294.814,676.158,1241.952,623.296,1347.677,729.021,105.725,0.0493,ms_nir_circle_supported_lattice,No
3,Day 3,Tray 6,6,DJI_20260621125958_0006,61,7,1,65.679,798.742,12.816,745.879,118.541,851.604,105.725,0.0546,ms_nir_circle_supported_lattice,No
3,Day 3,Tray 6,6,DJI_20260621125958_0006,62,7,2,202.279,798.174,149.416,745.311,255.141,851.036,105.725,0.0398,ms_nir_circle_supported_lattice,No
3,Day 3,Tray 6,6,DJI_20260621125958_0006,63,7,3,338.879,797.606,286.016,744.743,391.741,850.468,105.725,0.08,ms_nir_circle_supported_lattice,No
3,Day 3,Tray 6,6,DJI_20260621125958_0006,64,7,4,475.479,797.038,422.616,744.175,528.341,849.9,105.725,0.0347,ms_nir_circle_supported_lattice,No
3,Day 3,Tray 6,6,DJI_20260621125958_0006,65,7,5,612.079,796.47,559.216,743.607,664.941,849.332,105.725,0.01,ms_nir_circle_supported_lattice,No
3,Day 3,Tray 6,6,DJI_20260621125958_0006,66,7,6,748.679,795.902,695.816,743.039,801.541,848.764,105.725,0.0246,ms_nir_circle_supported_lattice,No
3,Day 3,Tray 6,6,DJI_20260621125958_0006,67,7,7,885.279,795.334,832.416,742.471,938.141,848.196,105.725,0.0179,ms_nir_circle_supported_lattice,No
3,Day 3,Tray 6,6,DJI_20260621125958_0006,68,7,8,1021.879,794.766,969.016,741.904,1074.741,847.628,105.725,0.1031,ms_nir_circle_supported_lattice,No
3,Day 3,Tray 6,6,DJI_20260621125958_0006,69,7,9,1158.479,794.198,1105.616,741.336,1211.341,847.06,105.725,0.0505,ms_nir_circle_supported_lattice,No
3,Day 3,Tray 6,6,DJI_20260621125958_0006,70,7,10,1295.079,793.63,1242.216,740.768,1347.941,846.492,105.725,0.032,ms_nir_circle_supported_lattice,No
3,Day 3,Tray 7,7,DJI_20260621130023_0008,1,1,1,81.346,83.871,28.532,31.056,134.161,136.686,105.63,0.023,ms_nir_circle_supported_lattice,No
3,Day 3,Tray 7,7,DJI_20260621130023_0008,2,1,2,217.889,83.768,165.074,30.953,270.704,136.583,105.63,0.0481,ms_nir_circle_supported_lattice,No
3,Day 3,Tray 7,7,DJI_20260621130023_0008,3,1,3,354.432,83.665,301.617,30.85,407.247,136.48,105.63,0.0167,ms_nir_circle_supported_lattice,No
3,Day 3,Tray 7,7,DJI_20260621130023_0008,4,1,4,490.975,83.562,438.16,30.747,543.79,136.377,105.63,0.0179,ms_nir_circle_supported_lattice,No
3,Day 3,Tray 7,7,DJI_20260621130023_0008,5,1,5,627.518,83.459,574.703,30.644,680.333,136.274,105.63,0.0059,ms_nir_circle_supported_lattice,No
3,Day 3,Tray 7,7,DJI_20260621130023_0008,6,1,6,764.061,83.356,711.246,30.541,816.876,136.17,105.63,0.0141,ms_nir_circle_supported_lattice,No
3,Day 3,Tray 7,7,DJI_20260621130023_0008,7,1,7,900.604,83.253,847.789,30.438,953.418,136.067,105.63,0.0226,ms_nir_circle_supported_lattice,No
3,Day 3,Tray 7,7,DJI_20260621130023_0008,8,1,8,1037.146,83.15,984.332,30.335,1089.961,135.964,105.63,0.0158,ms_nir_circle_supported_lattice,No
3,Day 3,Tray 7,7,DJI_20260621130023_0008,9,1,9,1173.689,83.047,1120.874,30.232,1226.504,135.861,105.63,0.0176,ms_nir_circle_supported_lattice,No
3,Day 3,Tray 7,7,DJI_20260621130023_0008,10,1,10,1310.232,82.944,1257.417,30.129,1363.047,135.758,105.63,0.0259,ms_nir_circle_supported_lattice,No
3,Day 3,Tray 7,7,DJI_20260621130023_0008,11,2,1,80.65,201.235,27.835,148.42,133.465,254.05,105.63,0.0341,ms_nir_circle_supported_lattice,No
3,Day 3,Tray 7,7,DJI_20260621130023_0008,12,2,2,217.193,201.132,164.378,148.317,270.008,253.947,105.63,0.0221,ms_nir_circle_supported_lattice,No
3,Day 3,Tray 7,7,DJI_20260621130023_0008,13,2,3,353.736,201.029,300.921,148.214,406.551,253.844,105.63,0.0428,ms_nir_circle_supported_lattice,No
3,Day 3,Tray 7,7,DJI_20260621130023_0008,14,2,4,490.279,200.926,437.464,148.111,543.093,253.741,105.63,0.0095,ms_nir_circle_supported_lattice,No
3,Day 3,Tray 7,7,DJI_20260621130023_0008,15,2,5,626.821,200.823,574.007,148.008,679.636,253.638,105.63,0.0156,ms_nir_circle_supported_lattice,No
3,Day 3,Tray 7,7,DJI_20260621130023_0008,16,2,6,763.364,200.72,710.549,147.905,816.179,253.535,105.63,0.0203,ms_nir_circle_supported_lattice,No
3,Day 3,Tray 7,7,DJI_20260621130023_0008,17,2,7,899.907,200.617,847.092,147.802,952.722,253.432,105.63,0.0099,ms_nir_circle_supported_lattice,No
3,Day 3,Tray 7,7,DJI_20260621130023_0008,18,2,8,1036.45,200.514,983.635,147.699,1089.265,253.329,105.63,0.0058,ms_nir_circle_supported_lattice,No
3,Day 3,Tray 7,7,DJI_20260621130023_0008,19,2,9,1172.993,200.411,1120.178,147.596,1225.808,253.226,105.63,0.0178,ms_nir_circle_supported_lattice,No
3,Day 3,Tray 7,7,DJI_20260621130023_0008,20,2,10,1309.536,200.308,1256.721,147.493,1362.351,253.123,105.63,0.012,ms_nir_circle_supported_lattice,No
3,Day 3,Tray 7,7,DJI_20260621130023_0008,21,3,1,79.954,318.599,27.139,265.784,132.768,371.414,105.63,0.0178,ms_nir_circle_supported_lattice,No
3,Day 3,Tray 7,7,DJI_20260621130023_0008,22,3,2,216.496,318.496,163.682,265.681,269.311,371.311,105.63,0.0302,ms_nir_circle_supported_lattice,No
3,Day 3,Tray 7,7,DJI_20260621130023_0008,23,3,3,353.039,318.393,300.224,265.578,405.854,371.208,105.63,0.0103,ms_nir_circle_supported_lattice,No
3,Day 3,Tray 7,7,DJI_20260621130023_0008,24,3,4,489.582,318.29,436.767,265.475,542.397,371.105,105.63,0.0481,ms_nir_circle_supported_lattice,No
3,Day 3,Tray 7,7,DJI_20260621130023_0008,25,3,5,626.125,318.187,573.31,265.372,678.94,371.002,105.63,0.0118,ms_nir_circle_supported_lattice,No
3,Day 3,Tray 7,7,DJI_20260621130023_0008,26,3,6,762.668,318.084,709.853,265.269,815.483,370.899,105.63,0.0097,ms_nir_circle_supported_lattice,No
3,Day 3,Tray 7,7,DJI_20260621130023_0008,27,3,7,899.211,317.981,846.396,265.166,952.026,370.796,105.63,0.0207,ms_nir_circle_supported_lattice,No
3,Day 3,Tray 7,7,DJI_20260621130023_0008,28,3,8,1035.754,317.878,982.939,265.063,1088.568,370.693,105.63,0.0098,ms_nir_circle_supported_lattice,No
3,Day 3,Tray 7,7,DJI_20260621130023_0008,29,3,9,1172.296,317.775,1119.482,264.96,1225.111,370.59,105.63,0.0179,ms_nir_circle_supported_lattice,No
3,Day 3,Tray 7,7,DJI_20260621130023_0008,30,3,10,1308.839,317.672,1256.024,264.857,1361.654,370.487,105.63,0.0114,ms_nir_circle_supported_lattice,No
3,Day 3,Tray 7,7,DJI_20260621130023_0008,31,4,1,79.257,435.964,26.442,383.149,132.072,488.778,105.63,0.0149,ms_nir_circle_supported_lattice,No
3,Day 3,Tray 7,7,DJI_20260621130023_0008,32,4,2,215.8,435.861,162.985,383.046,268.615,488.675,105.63,0.0516,ms_nir_circle_supported_lattice,No
3,Day 3,Tray 7,7,DJI_20260621130023_0008,33,4,3,352.343,435.758,299.528,382.943,405.158,488.572,105.63,0.0085,ms_nir_circle_supported_lattice,No
3,Day 3,Tray 7,7,DJI_20260621130023_0008,34,4,4,488.886,435.655,436.071,382.84,541.701,488.469,105.63,0.011,ms_nir_circle_supported_lattice,No
3,Day 3,Tray 7,7,DJI_20260621130023_0008,35,4,5,625.429,435.552,572.614,382.737,678.243,488.366,105.63,0.03,ms_nir_circle_supported_lattice,No
3,Day 3,Tray 7,7,DJI_20260621130023_0008,36,4,6,761.971,435.448,709.157,382.634,814.786,488.263,105.63,0.1012,ms_nir_circle_supported_lattice,No
3,Day 3,Tray 7,7,DJI_20260621130023_0008,37,4,7,898.514,435.345,845.699,382.531,951.329,488.16,105.63,0.0823,ms_nir_circle_supported_lattice,No
3,Day 3,Tray 7,7,DJI_20260621130023_0008,38,4,8,1035.057,435.242,982.242,382.428,1087.872,488.057,105.63,0.0139,ms_nir_circle_supported_lattice,No
3,Day 3,Tray 7,7,DJI_20260621130023_0008,39,4,9,1171.6,435.139,1118.785,382.325,1224.415,487.954,105.63,0.0154,ms_nir_circle_supported_lattice,No
3,Day 3,Tray 7,7,DJI_20260621130023_0008,40,4,10,1308.143,435.036,1255.328,382.222,1360.958,487.851,105.63,0.0181,ms_nir_circle_supported_lattice,No
3,Day 3,Tray 7,7,DJI_20260621130023_0008,41,5,1,78.561,553.328,25.746,500.513,131.376,606.143,105.63,0.0389,ms_nir_circle_supported_lattice,No
3,Day 3,Tray 7,7,DJI_20260621130023_0008,42,5,2,215.104,553.225,162.289,500.41,267.918,606.04,105.63,0.0445,ms_nir_circle_supported_lattice,No
3,Day 3,Tray 7,7,DJI_20260621130023_0008,43,5,3,351.646,553.122,298.832,500.307,404.461,605.937,105.63,0.0673,ms_nir_circle_supported_lattice,No
3,Day 3,Tray 7,7,DJI_20260621130023_0008,44,5,4,488.189,553.019,435.374,500.204,541.004,605.834,105.63,0.1083,ms_nir_circle_supported_lattice,No
3,Day 3,Tray 7,7,DJI_20260621130023_0008,45,5,5,624.732,552.916,571.917,500.101,677.547,605.731,105.63,0.0854,ms_nir_circle_supported_lattice,No
3,Day 3,Tray 7,7,DJI_20260621130023_0008,46,5,6,761.275,552.813,708.46,499.998,814.09,605.628,105.63,0.0815,ms_nir_circle_supported_lattice,No
3,Day 3,Tray 7,7,DJI_20260621130023_0008,47,5,7,897.818,552.71,845.003,499.895,950.633,605.525,105.63,0.0161,ms_nir_circle_supported_lattice,No
3,Day 3,Tray 7,7,DJI_20260621130023_0008,48,5,8,1034.361,552.607,981.546,499.792,1087.176,605.422,105.63,0.0045,ms_nir_circle_supported_lattice,No
3,Day 3,Tray 7,7,DJI_20260621130023_0008,49,5,9,1170.904,552.504,1118.089,499.689,1223.718,605.319,105.63,0.0103,ms_nir_circle_supported_lattice,No
3,Day 3,Tray 7,7,DJI_20260621130023_0008,50,5,10,1307.446,552.401,1254.632,499.586,1360.261,605.216,105.63,0.0376,ms_nir_circle_supported_lattice,No
3,Day 3,Tray 7,7,DJI_20260621130023_0008,51,6,1,77.864,670.692,25.049,617.877,130.679,723.507,105.63,0.0232,ms_nir_circle_supported_lattice,No
3,Day 3,Tray 7,7,DJI_20260621130023_0008,52,6,2,214.407,670.589,161.592,617.774,267.222,723.404,105.63,0.0071,ms_nir_circle_supported_lattice,No
3,Day 3,Tray 7,7,DJI_20260621130023_0008,53,6,3,350.95,670.486,298.135,617.671,403.765,723.301,105.63,0.0099,ms_nir_circle_supported_lattice,No
3,Day 3,Tray 7,7,DJI_20260621130023_0008,54,6,4,487.493,670.383,434.678,617.568,540.308,723.198,105.63,0.0126,ms_nir_circle_supported_lattice,No
3,Day 3,Tray 7,7,DJI_20260621130023_0008,55,6,5,624.036,670.28,571.221,617.465,676.851,723.095,105.63,0.0091,ms_nir_circle_supported_lattice,No
3,Day 3,Tray 7,7,DJI_20260621130023_0008,56,6,6,760.579,670.177,707.764,617.362,813.393,722.992,105.63,0.0928,ms_nir_circle_supported_lattice,No
3,Day 3,Tray 7,7,DJI_20260621130023_0008,57,6,7,897.121,670.074,844.307,617.259,949.936,722.889,105.63,0.0603,ms_nir_circle_supported_lattice,No
3,Day 3,Tray 7,7,DJI_20260621130023_0008,58,6,8,1033.664,669.971,980.849,617.156,1086.479,722.786,105.63,0.0029,ms_nir_circle_supported_lattice,No
3,Day 3,Tray 7,7,DJI_20260621130023_0008,59,6,9,1170.207,669.868,1117.392,617.053,1223.022,722.683,105.63,0.1132,ms_nir_circle_supported_lattice,No
3,Day 3,Tray 7,7,DJI_20260621130023_0008,60,6,10,1306.75,669.765,1253.935,616.95,1359.565,722.58,105.63,0.0278,ms_nir_circle_supported_lattice,No
3,Day 3,Tray 7,7,DJI_20260621130023_0008,61,7,1,77.168,788.056,24.353,735.242,129.983,840.871,105.63,0.0134,ms_nir_circle_supported_lattice,No
3,Day 3,Tray 7,7,DJI_20260621130023_0008,62,7,2,213.711,787.953,160.896,735.139,266.526,840.768,105.63,0.0025,ms_nir_circle_supported_lattice,No
3,Day 3,Tray 7,7,DJI_20260621130023_0008,63,7,3,350.254,787.85,297.439,735.036,403.068,840.665,105.63,0.0076,ms_nir_circle_supported_lattice,No
3,Day 3,Tray 7,7,DJI_20260621130023_0008,64,7,4,486.796,787.747,433.982,734.933,539.611,840.562,105.63,0.0155,ms_nir_circle_supported_lattice,No
3,Day 3,Tray 7,7,DJI_20260621130023_0008,65,7,5,623.339,787.644,570.524,734.83,676.154,840.459,105.63,0.0127,ms_nir_circle_supported_lattice,No
3,Day 3,Tray 7,7,DJI_20260621130023_0008,66,7,6,759.882,787.541,707.067,734.726,812.697,840.356,105.63,0.0047,ms_nir_circle_supported_lattice,No
3,Day 3,Tray 7,7,DJI_20260621130023_0008,67,7,7,896.425,787.438,843.61,734.623,949.24,840.253,105.63,0.0131,ms_nir_circle_supported_lattice,No
3,Day 3,Tray 7,7,DJI_20260621130023_0008,68,7,8,1032.968,787.335,980.153,734.52,1085.783,840.15,105.63,0.1669,ms_nir_circle_supported_lattice,No
3,Day 3,Tray 7,7,DJI_20260621130023_0008,69,7,9,1169.511,787.232,1116.696,734.417,1222.326,840.047,105.63,0.013,ms_nir_circle_supported_lattice,No
3,Day 3,Tray 7,7,DJI_20260621130023_0008,70,7,10,1306.054,787.129,1253.239,734.314,1358.868,839.944,105.63,0.0181,ms_nir_circle_supported_lattice,No
3,Day 3,Tray 8,8,DJI_20260621130058_0009,1,1,1,77.49,88.974,24.994,36.478,129.986,141.47,104.992,0.0274,ms_nir_circle_supported_lattice,No
3,Day 3,Tray 8,8,DJI_20260621130058_0009,2,1,2,214.24,89.053,161.744,36.557,266.736,141.549,104.992,0.0139,ms_nir_circle_supported_lattice,No
3,Day 3,Tray 8,8,DJI_20260621130058_0009,3,1,3,350.99,89.132,298.494,36.636,403.486,141.627,104.992,0.0202,ms_nir_circle_supported_lattice,No
3,Day 3,Tray 8,8,DJI_20260621130058_0009,4,1,4,487.74,89.21,435.244,36.715,540.235,141.706,104.992,0.0218,ms_nir_circle_supported_lattice,No
3,Day 3,Tray 8,8,DJI_20260621130058_0009,5,1,5,624.489,89.289,571.994,36.793,676.985,141.785,104.992,0.017,ms_nir_circle_supported_lattice,No
3,Day 3,Tray 8,8,DJI_20260621130058_0009,6,1,6,761.239,89.368,708.743,36.872,813.735,141.864,104.992,0.0141,ms_nir_circle_supported_lattice,No
3,Day 3,Tray 8,8,DJI_20260621130058_0009,7,1,7,897.989,89.447,845.493,36.951,950.485,141.943,104.992,0.0235,ms_nir_circle_supported_lattice,No
3,Day 3,Tray 8,8,DJI_20260621130058_0009,8,1,8,1034.739,89.526,982.243,37.03,1087.235,142.021,104.992,0.0141,ms_nir_circle_supported_lattice,No
3,Day 3,Tray 8,8,DJI_20260621130058_0009,9,1,9,1171.489,89.604,1118.993,37.109,1223.984,142.1,104.992,0.0892,ms_nir_circle_supported_lattice,No
3,Day 3,Tray 8,8,DJI_20260621130058_0009,10,1,10,1308.238,89.683,1255.743,37.187,1360.734,142.179,104.992,0.0945,ms_nir_circle_supported_lattice,No
3,Day 3,Tray 8,8,DJI_20260621130058_0009,11,2,1,77.697,205.631,25.202,153.135,130.193,258.127,104.992,0.0331,ms_nir_circle_supported_lattice,No
3,Day 3,Tray 8,8,DJI_20260621130058_0009,12,2,2,214.447,205.71,161.951,153.214,266.943,258.206,104.992,0.0386,ms_nir_circle_supported_lattice,No
3,Day 3,Tray 8,8,DJI_20260621130058_0009,13,2,3,351.197,205.789,298.701,153.293,403.693,258.285,104.992,0.0105,ms_nir_circle_supported_lattice,No
3,Day 3,Tray 8,8,DJI_20260621130058_0009,14,2,4,487.947,205.868,435.451,153.372,540.443,258.363,104.992,0.1406,ms_nir_circle_supported_lattice,No
3,Day 3,Tray 8,8,DJI_20260621130058_0009,15,2,5,624.697,205.946,572.201,153.451,677.192,258.442,104.992,0.0138,ms_nir_circle_supported_lattice,No
3,Day 3,Tray 8,8,DJI_20260621130058_0009,16,2,6,761.446,206.025,708.951,153.529,813.942,258.521,104.992,0.0133,ms_nir_circle_supported_lattice,No
3,Day 3,Tray 8,8,DJI_20260621130058_0009,17,2,7,898.196,206.104,845.7,153.608,950.692,258.6,104.992,0.0241,ms_nir_circle_supported_lattice,No
3,Day 3,Tray 8,8,DJI_20260621130058_0009,18,2,8,1034.946,206.183,982.45,153.687,1087.442,258.678,104.992,0.0181,ms_nir_circle_supported_lattice,No
3,Day 3,Tray 8,8,DJI_20260621130058_0009,19,2,9,1171.696,206.261,1119.2,153.766,1224.191,258.757,104.992,0.024,ms_nir_circle_supported_lattice,No
3,Day 3,Tray 8,8,DJI_20260621130058_0009,20,2,10,1308.445,206.34,1255.95,153.844,1360.941,258.836,104.992,0.0317,ms_nir_circle_supported_lattice,No
3,Day 3,Tray 8,8,DJI_20260621130058_0009,21,3,1,77.905,322.288,25.409,269.793,130.4,374.784,104.992,0.0197,ms_nir_circle_supported_lattice,No
3,Day 3,Tray 8,8,DJI_20260621130058_0009,22,3,2,214.654,322.367,162.159,269.871,267.15,374.863,104.992,0.029,ms_nir_circle_supported_lattice,No
3,Day 3,Tray 8,8,DJI_20260621130058_0009,23,3,3,351.404,322.446,298.908,269.95,403.9,374.942,104.992,0.0134,ms_nir_circle_supported_lattice,No
3,Day 3,Tray 8,8,DJI_20260621130058_0009,24,3,4,488.154,322.525,435.658,270.029,540.65,375.02,104.992,0.0149,ms_nir_circle_supported_lattice,No
3,Day 3,Tray 8,8,DJI_20260621130058_0009,25,3,5,624.904,322.603,572.408,270.108,677.399,375.099,104.992,0.0377,ms_nir_circle_supported_lattice,No
3,Day 3,Tray 8,8,DJI_20260621130058_0009,26,3,6,761.653,322.682,709.158,270.186,814.149,375.178,104.992,0.0247,ms_nir_circle_supported_lattice,No
3,Day 3,Tray 8,8,DJI_20260621130058_0009,27,3,7,898.403,322.761,845.907,270.265,950.899,375.257,104.992,0.151,ms_nir_circle_supported_lattice,No
3,Day 3,Tray 8,8,DJI_20260621130058_0009,28,3,8,1035.153,322.84,982.657,270.344,1087.649,375.336,104.992,0.021,ms_nir_circle_supported_lattice,No
3,Day 3,Tray 8,8,DJI_20260621130058_0009,29,3,9,1171.903,322.919,1119.407,270.423,1224.399,375.414,104.992,0.0189,ms_nir_circle_supported_lattice,No
3,Day 3,Tray 8,8,DJI_20260621130058_0009,30,3,10,1308.653,322.997,1256.157,270.502,1361.148,375.493,104.992,0.0174,ms_nir_circle_supported_lattice,No
3,Day 3,Tray 8,8,DJI_20260621130058_0009,31,4,1,78.112,438.945,25.616,386.45,130.607,491.441,104.992,0.0367,ms_nir_circle_supported_lattice,No
3,Day 3,Tray 8,8,DJI_20260621130058_0009,32,4,2,214.861,439.024,162.366,386.528,267.357,491.52,104.992,0.0185,ms_nir_circle_supported_lattice,No
3,Day 3,Tray 8,8,DJI_20260621130058_0009,33,4,3,351.611,439.103,299.115,386.607,404.107,491.599,104.992,0.0183,ms_nir_circle_supported_lattice,No
3,Day 3,Tray 8,8,DJI_20260621130058_0009,34,4,4,488.361,439.182,435.865,386.686,540.857,491.678,104.992,0.0057,ms_nir_circle_supported_lattice,No
3,Day 3,Tray 8,8,DJI_20260621130058_0009,35,4,5,625.111,439.261,572.615,386.765,677.607,491.756,104.992,0.0079,ms_nir_circle_supported_lattice,No
3,Day 3,Tray 8,8,DJI_20260621130058_0009,36,4,6,761.861,439.339,709.365,386.844,814.356,491.835,104.992,0.0102,ms_nir_circle_supported_lattice,No
3,Day 3,Tray 8,8,DJI_20260621130058_0009,37,4,7,898.61,439.418,846.115,386.922,951.106,491.914,104.992,0.0358,ms_nir_circle_supported_lattice,No
3,Day 3,Tray 8,8,DJI_20260621130058_0009,38,4,8,1035.36,439.497,982.864,387.001,1087.856,491.993,104.992,0.0069,ms_nir_circle_supported_lattice,No
3,Day 3,Tray 8,8,DJI_20260621130058_0009,39,4,9,1172.11,439.576,1119.614,387.08,1224.606,492.072,104.992,0.005,ms_nir_circle_supported_lattice,No
3,Day 3,Tray 8,8,DJI_20260621130058_0009,40,4,10,1308.86,439.655,1256.364,387.159,1361.356,492.15,104.992,0.0169,ms_nir_circle_supported_lattice,No
3,Day 3,Tray 8,8,DJI_20260621130058_0009,41,5,1,78.319,555.603,25.823,503.107,130.815,608.098,104.992,0.0471,ms_nir_circle_supported_lattice,No
3,Day 3,Tray 8,8,DJI_20260621130058_0009,42,5,2,215.069,555.681,162.573,503.186,267.564,608.177,104.992,0.0264,ms_nir_circle_supported_lattice,No
3,Day 3,Tray 8,8,DJI_20260621130058_0009,43,5,3,351.818,555.76,299.323,503.264,404.314,608.256,104.992,0.0073,ms_nir_circle_supported_lattice,No
3,Day 3,Tray 8,8,DJI_20260621130058_0009,44,5,4,488.568,555.839,436.072,503.343,541.064,608.335,104.992,0.0489,ms_nir_circle_supported_lattice,No
3,Day 3,Tray 8,8,DJI_20260621130058_0009,45,5,5,625.318,555.918,572.822,503.422,677.814,608.414,104.992,0.0325,ms_nir_circle_supported_lattice,No
3,Day 3,Tray 8,8,DJI_20260621130058_0009,46,5,6,762.068,555.997,709.572,503.501,814.564,608.492,104.992,0.1276,ms_nir_circle_supported_lattice,No
3,Day 3,Tray 8,8,DJI_20260621130058_0009,47,5,7,898.818,556.075,846.322,503.58,951.313,608.571,104.992,0.0179,ms_nir_circle_supported_lattice,No
3,Day 3,Tray 8,8,DJI_20260621130058_0009,48,5,8,1035.567,556.154,983.072,503.658,1088.063,608.65,104.992,0.0249,ms_nir_circle_supported_lattice,No
3,Day 3,Tray 8,8,DJI_20260621130058_0009,49,5,9,1172.317,556.233,1119.821,503.737,1224.813,608.729,104.992,0.0283,ms_nir_circle_supported_lattice,No
3,Day 3,Tray 8,8,DJI_20260621130058_0009,50,5,10,1309.067,556.312,1256.571,503.816,1361.563,608.807,104.992,0.0418,ms_nir_circle_supported_lattice,No
3,Day 3,Tray 8,8,DJI_20260621130058_0009,51,6,1,78.526,672.26,26.03,619.764,131.022,724.756,104.992,0.0393,ms_nir_circle_supported_lattice,No
3,Day 3,Tray 8,8,DJI_20260621130058_0009,52,6,2,215.276,672.339,162.78,619.843,267.772,724.834,104.992,0.0226,ms_nir_circle_supported_lattice,No
3,Day 3,Tray 8,8,DJI_20260621130058_0009,53,6,3,352.026,672.417,299.53,619.922,404.521,724.913,104.992,0.0101,ms_nir_circle_supported_lattice,No
3,Day 3,Tray 8,8,DJI_20260621130058_0009,54,6,4,488.775,672.496,436.28,620.0,541.271,724.992,104.992,0.0356,ms_nir_circle_supported_lattice,No
3,Day 3,Tray 8,8,DJI_20260621130058_0009,55,6,5,625.525,672.575,573.029,620.079,678.021,725.071,104.992,0.0129,ms_nir_circle_supported_lattice,No
3,Day 3,Tray 8,8,DJI_20260621130058_0009,56,6,6,762.275,672.654,709.779,620.158,814.771,725.149,104.992,0.1345,ms_nir_circle_supported_lattice,No
3,Day 3,Tray 8,8,DJI_20260621130058_0009,57,6,7,899.025,672.732,846.529,620.237,951.52,725.228,104.992,0.0256,ms_nir_circle_supported_lattice,No
3,Day 3,Tray 8,8,DJI_20260621130058_0009,58,6,8,1035.774,672.811,983.279,620.315,1088.27,725.307,104.992,0.0156,ms_nir_circle_supported_lattice,No
3,Day 3,Tray 8,8,DJI_20260621130058_0009,59,6,9,1172.524,672.89,1120.028,620.394,1225.02,725.386,104.992,0.054,ms_nir_circle_supported_lattice,No
3,Day 3,Tray 8,8,DJI_20260621130058_0009,60,6,10,1309.274,672.969,1256.778,620.473,1361.77,725.465,104.992,0.0722,ms_nir_circle_supported_lattice,No
3,Day 3,Tray 8,8,DJI_20260621130058_0009,61,7,1,78.733,788.917,26.237,736.421,131.229,841.413,104.992,0.0536,ms_nir_circle_supported_lattice,No
3,Day 3,Tray 8,8,DJI_20260621130058_0009,62,7,2,215.483,788.996,162.987,736.5,267.979,841.491,104.992,0.0653,ms_nir_circle_supported_lattice,No
3,Day 3,Tray 8,8,DJI_20260621130058_0009,63,7,3,352.233,789.074,299.737,736.579,404.728,841.57,104.992,0.0333,ms_nir_circle_supported_lattice,No
3,Day 3,Tray 8,8,DJI_20260621130058_0009,64,7,4,488.982,789.153,436.487,736.657,541.478,841.649,104.992,0.0234,ms_nir_circle_supported_lattice,No
3,Day 3,Tray 8,8,DJI_20260621130058_0009,65,7,5,625.732,789.232,573.236,736.736,678.228,841.728,104.992,0.0108,ms_nir_circle_supported_lattice,No
3,Day 3,Tray 8,8,DJI_20260621130058_0009,66,7,6,762.482,789.311,709.986,736.815,814.978,841.807,104.992,0.1569,ms_nir_circle_supported_lattice,No
3,Day 3,Tray 8,8,DJI_20260621130058_0009,67,7,7,899.232,789.39,846.736,736.894,951.728,841.885,104.992,0.1,ms_nir_circle_supported_lattice,No
3,Day 3,Tray 8,8,DJI_20260621130058_0009,68,7,8,1035.982,789.468,983.486,736.973,1088.477,841.964,104.992,0.0158,ms_nir_circle_supported_lattice,No
3,Day 3,Tray 8,8,DJI_20260621130058_0009,69,7,9,1172.731,789.547,1120.236,737.051,1225.227,842.043,104.992,0.0115,ms_nir_circle_supported_lattice,No
3,Day 3,Tray 8,8,DJI_20260621130058_0009,70,7,10,1309.481,789.626,1256.985,737.13,1361.977,842.122,104.992,0.077,ms_nir_circle_supported_lattice,No
4,Day 4,Tray 1,1,DJI_20260622122222_0001,1,1,1,76.61,75.756,24.125,23.271,129.094,128.24,104.969,0.0402,ms_nir_circle_supported_lattice,No
4,Day 4,Tray 1,1,DJI_20260622122222_0001,2,1,2,212.669,74.484,160.185,21.999,265.154,126.968,104.969,0.0238,ms_nir_circle_supported_lattice,No
4,Day 4,Tray 1,1,DJI_20260622122222_0001,3,1,3,348.729,73.212,296.245,20.727,401.214,125.696,104.969,0.0196,ms_nir_circle_supported_lattice,No
4,Day 4,Tray 1,1,DJI_20260622122222_0001,4,1,4,484.789,71.94,432.304,19.455,537.273,124.424,104.969,0.0093,ms_nir_circle_supported_lattice,No
4,Day 4,Tray 1,1,DJI_20260622122222_0001,5,1,5,620.849,70.668,568.364,18.184,673.333,123.153,104.969,0.0103,ms_nir_circle_supported_lattice,No
4,Day 4,Tray 1,1,DJI_20260622122222_0001,6,1,6,756.908,69.396,704.424,16.912,809.393,121.881,104.969,0.0052,ms_nir_circle_supported_lattice,No
4,Day 4,Tray 1,1,DJI_20260622122222_0001,7,1,7,892.968,68.124,840.484,15.64,945.453,120.609,104.969,0.0084,ms_nir_circle_supported_lattice,No
4,Day 4,Tray 1,1,DJI_20260622122222_0001,8,1,8,1029.028,66.852,976.543,14.368,1081.512,119.337,104.969,0.0459,ms_nir_circle_supported_lattice,No
4,Day 4,Tray 1,1,DJI_20260622122222_0001,9,1,9,1165.088,65.581,1112.603,13.096,1217.572,118.065,104.969,0.0274,ms_nir_circle_supported_lattice,No
4,Day 4,Tray 1,1,DJI_20260622122222_0001,10,1,10,1301.147,64.309,1248.663,11.824,1353.632,116.793,104.969,0.0295,ms_nir_circle_supported_lattice,No
4,Day 4,Tray 1,1,DJI_20260622122222_0001,11,2,1,76.703,192.388,24.218,139.903,129.187,244.872,104.969,0.0298,ms_nir_circle_supported_lattice,No
4,Day 4,Tray 1,1,DJI_20260622122222_0001,12,2,2,212.762,191.116,160.278,138.631,265.247,243.6,104.969,0.0143,ms_nir_circle_supported_lattice,No
4,Day 4,Tray 1,1,DJI_20260622122222_0001,13,2,3,348.822,189.844,296.338,137.359,401.307,242.328,104.969,0.0124,ms_nir_circle_supported_lattice,No
4,Day 4,Tray 1,1,DJI_20260622122222_0001,14,2,4,484.882,188.572,432.397,136.088,537.366,241.057,104.969,0.0421,ms_nir_circle_supported_lattice,No
4,Day 4,Tray 1,1,DJI_20260622122222_0001,15,2,5,620.942,187.3,568.457,134.816,673.426,239.785,104.969,0.0094,ms_nir_circle_supported_lattice,No
4,Day 4,Tray 1,1,DJI_20260622122222_0001,16,2,6,757.001,186.028,704.517,133.544,809.486,238.513,104.969,0.0083,ms_nir_circle_supported_lattice,No
4,Day 4,Tray 1,1,DJI_20260622122222_0001,17,2,7,893.061,184.756,840.577,132.272,945.546,237.241,104.969,0.0093,ms_nir_circle_supported_lattice,No
4,Day 4,Tray 1,1,DJI_20260622122222_0001,18,2,8,1029.121,183.485,976.636,131.0,1081.605,235.969,104.969,0.0376,ms_nir_circle_supported_lattice,No
4,Day 4,Tray 1,1,DJI_20260622122222_0001,19,2,9,1165.181,182.213,1112.696,129.728,1217.665,234.697,104.969,0.0214,ms_nir_circle_supported_lattice,No
4,Day 4,Tray 1,1,DJI_20260622122222_0001,20,2,10,1301.24,180.941,1248.756,128.456,1353.725,233.425,104.969,0.0261,ms_nir_circle_supported_lattice,No
4,Day 4,Tray 1,1,DJI_20260622122222_0001,21,3,1,76.795,309.02,24.311,256.535,129.28,361.504,104.969,0.0186,ms_nir_circle_supported_lattice,No
4,Day 4,Tray 1,1,DJI_20260622122222_0001,22,3,2,212.855,307.748,160.371,255.263,265.34,360.232,104.969,0.0334,ms_nir_circle_supported_lattice,No
4,Day 4,Tray 1,1,DJI_20260622122222_0001,23,3,3,348.915,306.476,296.43,253.992,401.399,358.961,104.969,0.0157,ms_nir_circle_supported_lattice,No
4,Day 4,Tray 1,1,DJI_20260622122222_0001,24,3,4,484.975,305.204,432.49,252.72,537.459,357.689,104.969,0.037,ms_nir_circle_supported_lattice,No
4,Day 4,Tray 1,1,DJI_20260622122222_0001,25,3,5,621.034,303.932,568.55,251.448,673.519,356.417,104.969,0.0166,ms_nir_circle_supported_lattice,No
4,Day 4,Tray 1,1,DJI_20260622122222_0001,26,3,6,757.094,302.66,704.61,250.176,809.579,355.145,104.969,0.0314,ms_nir_circle_supported_lattice,No
4,Day 4,Tray 1,1,DJI_20260622122222_0001,27,3,7,893.154,301.389,840.669,248.904,945.638,353.873,104.969,0.0272,ms_nir_circle_supported_lattice,No
4,Day 4,Tray 1,1,DJI_20260622122222_0001,28,3,8,1029.214,300.117,976.729,247.632,1081.698,352.601,104.969,0.0078,ms_nir_circle_supported_lattice,No
4,Day 4,Tray 1,1,DJI_20260622122222_0001,29,3,9,1165.273,298.845,1112.789,246.36,1217.758,351.329,104.969,0.0186,ms_nir_circle_supported_lattice,No
4,Day 4,Tray 1,1,DJI_20260622122222_0001,30,3,10,1301.333,297.573,1248.849,245.089,1353.818,350.058,104.969,0.0188,ms_nir_circle_supported_lattice,No
4,Day 4,Tray 1,1,DJI_20260622122222_0001,31,4,1,76.888,425.652,24.404,373.167,129.373,478.136,104.969,0.0116,ms_nir_circle_supported_lattice,No
4,Day 4,Tray 1,1,DJI_20260622122222_0001,32,4,2,212.948,424.38,160.464,371.896,265.433,476.865,104.969,0.022,ms_nir_circle_supported_lattice,No
4,Day 4,Tray 1,1,DJI_20260622122222_0001,33,4,3,349.008,423.108,296.523,370.624,401.492,475.593,104.969,0.0508,ms_nir_circle_supported_lattice,No
4,Day 4,Tray 1,1,DJI_20260622122222_0001,34,4,4,485.068,421.836,432.583,369.352,537.552,474.321,104.969,0.0072,ms_nir_circle_supported_lattice,No
4,Day 4,Tray 1,1,DJI_20260622122222_0001,35,4,5,621.127,420.565,568.643,368.08,673.612,473.049,104.969,0.0626,ms_nir_circle_supported_lattice,No
4,Day 4,Tray 1,1,DJI_20260622122222_0001,36,4,6,757.187,419.293,704.703,366.808,809.671,471.777,104.969,0.0074,ms_nir_circle_supported_lattice,No
4,Day 4,Tray 1,1,DJI_20260622122222_0001,37,4,7,893.247,418.021,840.762,365.536,945.731,470.505,104.969,0.0259,ms_nir_circle_supported_lattice,No
4,Day 4,Tray 1,1,DJI_20260622122222_0001,38,4,8,1029.306,416.749,976.822,364.264,1081.791,469.233,104.969,0.0034,ms_nir_circle_supported_lattice,No
4,Day 4,Tray 1,1,DJI_20260622122222_0001,39,4,9,1165.366,415.477,1112.882,362.993,1217.851,467.962,104.969,0.0254,ms_nir_circle_supported_lattice,No
4,Day 4,Tray 1,1,DJI_20260622122222_0001,40,4,10,1301.426,414.205,1248.941,361.721,1353.91,466.69,104.969,0.0151,ms_nir_circle_supported_lattice,No
4,Day 4,Tray 1,1,DJI_20260622122222_0001,41,5,1,76.981,542.284,24.497,489.8,129.466,594.769,104.969,0.0184,ms_nir_circle_supported_lattice,No
4,Day 4,Tray 1,1,DJI_20260622122222_0001,42,5,2,213.041,541.012,160.556,488.528,265.525,593.497,104.969,0.0273,ms_nir_circle_supported_lattice,No
4,Day 4,Tray 1,1,DJI_20260622122222_0001,43,5,3,349.101,539.74,296.616,487.256,401.585,592.225,104.969,0.0351,ms_nir_circle_supported_lattice,No
4,Day 4,Tray 1,1,DJI_20260622122222_0001,44,5,4,485.16,538.469,432.676,485.984,537.645,590.953,104.969,0.1085,ms_nir_circle_supported_lattice,No
4,Day 4,Tray 1,1,DJI_20260622122222_0001,45,5,5,621.22,537.197,568.736,484.712,673.705,589.681,104.969,0.0096,ms_nir_circle_supported_lattice,No
4,Day 4,Tray 1,1,DJI_20260622122222_0001,46,5,6,757.28,535.925,704.795,483.44,809.764,588.409,104.969,0.0815,ms_nir_circle_supported_lattice,No
4,Day 4,Tray 1,1,DJI_20260622122222_0001,47,5,7,893.34,534.653,840.855,482.168,945.824,587.137,104.969,0.0145,ms_nir_circle_supported_lattice,No
4,Day 4,Tray 1,1,DJI_20260622122222_0001,48,5,8,1029.399,533.381,976.915,480.897,1081.884,585.866,104.969,0.0207,ms_nir_circle_supported_lattice,No
4,Day 4,Tray 1,1,DJI_20260622122222_0001,49,5,9,1165.459,532.109,1112.975,479.625,1217.944,584.594,104.969,0.0163,ms_nir_circle_supported_lattice,No
4,Day 4,Tray 1,1,DJI_20260622122222_0001,50,5,10,1301.519,530.837,1249.034,478.353,1354.003,583.322,104.969,0.0128,ms_nir_circle_supported_lattice,No
4,Day 4,Tray 1,1,DJI_20260622122222_0001,51,6,1,77.074,658.916,24.59,606.432,129.559,711.401,104.969,0.0266,ms_nir_circle_supported_lattice,No
4,Day 4,Tray 1,1,DJI_20260622122222_0001,52,6,2,213.134,657.644,160.649,605.16,265.618,710.129,104.969,0.0291,ms_nir_circle_supported_lattice,No
4,Day 4,Tray 1,1,DJI_20260622122222_0001,53,6,3,349.194,656.373,296.709,603.888,401.678,708.857,104.969,0.0196,ms_nir_circle_supported_lattice,No
4,Day 4,Tray 1,1,DJI_20260622122222_0001,54,6,4,485.253,655.101,432.769,602.616,537.738,707.585,104.969,0.0365,ms_nir_circle_supported_lattice,No
4,Day 4,Tray 1,1,DJI_20260622122222_0001,55,6,5,621.313,653.829,568.829,601.344,673.797,706.313,104.969,0.0459,ms_nir_circle_supported_lattice,No
4,Day 4,Tray 1,1,DJI_20260622122222_0001,56,6,6,757.373,652.557,704.888,600.072,809.857,705.041,104.969,0.0313,ms_nir_circle_supported_lattice,No
4,Day 4,Tray 1,1,DJI_20260622122222_0001,57,6,7,893.432,651.285,840.948,598.801,945.917,703.77,104.969,0.0174,ms_nir_circle_supported_lattice,No
4,Day 4,Tray 1,1,DJI_20260622122222_0001,58,6,8,1029.492,650.013,977.008,597.529,1081.977,702.498,104.969,0.0044,ms_nir_circle_supported_lattice,No
4,Day 4,Tray 1,1,DJI_20260622122222_0001,59,6,9,1165.552,648.741,1113.067,596.257,1218.036,701.226,104.969,0.0236,ms_nir_circle_supported_lattice,No
4,Day 4,Tray 1,1,DJI_20260622122222_0001,60,6,10,1301.612,647.469,1249.127,594.985,1354.096,699.954,104.969,0.0651,ms_nir_circle_supported_lattice,No
4,Day 4,Tray 1,1,DJI_20260622122222_0001,61,7,1,77.167,775.548,24.682,723.064,129.651,828.033,104.969,0.0359,ms_nir_circle_supported_lattice,No
4,Day 4,Tray 1,1,DJI_20260622122222_0001,62,7,2,213.227,774.277,160.742,721.792,265.711,826.761,104.969,0.0391,ms_nir_circle_supported_lattice,No
4,Day 4,Tray 1,1,DJI_20260622122222_0001,63,7,3,349.286,773.005,296.802,720.52,401.771,825.489,104.969,0.026,ms_nir_circle_supported_lattice,No
4,Day 4,Tray 1,1,DJI_20260622122222_0001,64,7,4,485.346,771.733,432.862,719.248,537.831,824.217,104.969,0.0229,ms_nir_circle_supported_lattice,No
4,Day 4,Tray 1,1,DJI_20260622122222_0001,65,7,5,621.406,770.461,568.921,717.976,673.89,822.945,104.969,0.022,ms_nir_circle_supported_lattice,No
4,Day 4,Tray 1,1,DJI_20260622122222_0001,66,7,6,757.466,769.189,704.981,716.705,809.95,821.674,104.969,0.016,ms_nir_circle_supported_lattice,No
4,Day 4,Tray 1,1,DJI_20260622122222_0001,67,7,7,893.525,767.917,841.041,715.433,946.01,820.402,104.969,0.0184,ms_nir_circle_supported_lattice,No
4,Day 4,Tray 1,1,DJI_20260622122222_0001,68,7,8,1029.585,766.645,977.101,714.161,1082.07,819.13,104.969,0.0047,ms_nir_circle_supported_lattice,No
4,Day 4,Tray 1,1,DJI_20260622122222_0001,69,7,9,1165.645,765.373,1113.16,712.889,1218.129,817.858,104.969,0.0523,ms_nir_circle_supported_lattice,No
4,Day 4,Tray 1,1,DJI_20260622122222_0001,70,7,10,1301.705,764.102,1249.22,711.617,1354.189,816.586,104.969,0.0646,ms_nir_circle_supported_lattice,No
4,Day 4,Tray 2,2,DJI_20260622122329_0002,1,1,1,81.63,86.521,29.388,34.279,133.872,138.764,104.484,0.0125,ms_nir_circle_supported_lattice,No
4,Day 4,Tray 2,2,DJI_20260622122329_0002,2,1,2,217.769,85.512,165.527,33.27,270.011,137.754,104.484,0.0197,ms_nir_circle_supported_lattice,No
4,Day 4,Tray 2,2,DJI_20260622122329_0002,3,1,3,353.907,84.502,301.665,32.26,406.149,136.744,104.484,0.0222,ms_nir_circle_supported_lattice,No
4,Day 4,Tray 2,2,DJI_20260622122329_0002,4,1,4,490.046,83.493,437.804,31.251,542.288,135.735,104.484,0.0093,ms_nir_circle_supported_lattice,No
4,Day 4,Tray 2,2,DJI_20260622122329_0002,5,1,5,626.184,82.483,573.942,30.241,678.426,134.725,104.484,0.0082,ms_nir_circle_supported_lattice,No
4,Day 4,Tray 2,2,DJI_20260622122329_0002,6,1,6,762.323,81.474,710.081,29.232,814.565,133.716,104.484,0.0074,ms_nir_circle_supported_lattice,No
4,Day 4,Tray 2,2,DJI_20260622122329_0002,7,1,7,898.461,80.464,846.219,28.222,950.703,132.706,104.484,0.0222,ms_nir_circle_supported_lattice,No
4,Day 4,Tray 2,2,DJI_20260622122329_0002,8,1,8,1034.6,79.455,982.358,27.213,1086.842,131.697,104.484,0.0143,ms_nir_circle_supported_lattice,No
4,Day 4,Tray 2,2,DJI_20260622122329_0002,9,1,9,1170.738,78.445,1118.496,26.203,1222.98,130.687,104.484,0.0323,ms_nir_circle_supported_lattice,No
4,Day 4,Tray 2,2,DJI_20260622122329_0002,10,1,10,1306.877,77.436,1254.635,25.194,1359.119,129.678,104.484,0.0784,ms_nir_circle_supported_lattice,No
4,Day 4,Tray 2,2,DJI_20260622122329_0002,11,2,1,81.241,202.614,28.999,150.372,133.483,254.856,104.484,0.0216,ms_nir_circle_supported_lattice,No
4,Day 4,Tray 2,2,DJI_20260622122329_0002,12,2,2,217.379,201.605,165.137,149.363,269.622,253.847,104.484,0.0671,ms_nir_circle_supported_lattice,No
4,Day 4,Tray 2,2,DJI_20260622122329_0002,13,2,3,353.518,200.595,301.276,148.353,405.76,252.837,104.484,0.0335,ms_nir_circle_supported_lattice,No
4,Day 4,Tray 2,2,DJI_20260622122329_0002,14,2,4,489.656,199.586,437.414,147.344,541.899,251.828,104.484,0.0121,ms_nir_circle_supported_lattice,No
4,Day 4,Tray 2,2,DJI_20260622122329_0002,15,2,5,625.795,198.576,573.553,146.334,678.037,250.818,104.484,0.0233,ms_nir_circle_supported_lattice,No
4,Day 4,Tray 2,2,DJI_20260622122329_0002,16,2,6,761.934,197.567,709.691,145.325,814.176,249.809,104.484,0.0217,ms_nir_circle_supported_lattice,No
4,Day 4,Tray 2,2,DJI_20260622122329_0002,17,2,7,898.072,196.557,845.83,144.315,950.314,248.799,104.484,0.0211,ms_nir_circle_supported_lattice,No
4,Day 4,Tray 2,2,DJI_20260622122329_0002,18,2,8,1034.211,195.548,981.969,143.306,1086.453,247.79,104.484,0.0043,ms_nir_circle_supported_lattice,No
4,Day 4,Tray 2,2,DJI_20260622122329_0002,19,2,9,1170.349,194.538,1118.107,142.296,1222.591,246.78,104.484,0.0741,ms_nir_circle_supported_lattice,No
4,Day 4,Tray 2,2,DJI_20260622122329_0002,20,2,10,1306.488,193.529,1254.246,141.286,1358.73,245.771,104.484,0.0326,ms_nir_circle_supported_lattice,No
4,Day 4,Tray 2,2,DJI_20260622122329_0002,21,3,1,80.852,318.707,28.61,266.465,133.094,370.949,104.484,0.0164,ms_nir_circle_supported_lattice,No
4,Day 4,Tray 2,2,DJI_20260622122329_0002,22,3,2,216.99,317.698,164.748,265.456,269.232,369.94,104.484,0.017,ms_nir_circle_supported_lattice,No
4,Day 4,Tray 2,2,DJI_20260622122329_0002,23,3,3,353.129,316.688,300.887,264.446,405.371,368.93,104.484,0.0172,ms_nir_circle_supported_lattice,No
4,Day 4,Tray 2,2,DJI_20260622122329_0002,24,3,4,489.267,315.679,437.025,263.436,541.509,367.921,104.484,0.0146,ms_nir_circle_supported_lattice,No
4,Day 4,Tray 2,2,DJI_20260622122329_0002,25,3,5,625.406,314.669,573.164,262.427,677.648,366.911,104.484,0.0553,ms_nir_circle_supported_lattice,No
4,Day 4,Tray 2,2,DJI_20260622122329_0002,26,3,6,761.544,313.66,709.302,261.417,813.786,365.902,104.484,0.0138,ms_nir_circle_supported_lattice,No
4,Day 4,Tray 2,2,DJI_20260622122329_0002,27,3,7,897.683,312.65,845.441,260.408,949.925,364.892,104.484,0.0154,ms_nir_circle_supported_lattice,No
4,Day 4,Tray 2,2,DJI_20260622122329_0002,28,3,8,1033.821,311.64,981.579,259.398,1086.063,363.883,104.484,0.0116,ms_nir_circle_supported_lattice,No
4,Day 4,Tray 2,2,DJI_20260622122329_0002,29,3,9,1169.96,310.631,1117.718,258.389,1222.202,362.873,104.484,0.0225,ms_nir_circle_supported_lattice,No
4,Day 4,Tray 2,2,DJI_20260622122329_0002,30,3,10,1306.098,309.621,1253.856,257.379,1358.34,361.864,104.484,0.0272,ms_nir_circle_supported_lattice,No
4,Day 4,Tray 2,2,DJI_20260622122329_0002,31,4,1,80.462,434.8,28.22,382.558,132.704,487.042,104.484,0.0144,ms_nir_circle_supported_lattice,No
4,Day 4,Tray 2,2,DJI_20260622122329_0002,32,4,2,216.601,433.79,164.359,381.548,268.843,486.033,104.484,0.0311,ms_nir_circle_supported_lattice,No
4,Day 4,Tray 2,2,DJI_20260622122329_0002,33,4,3,352.739,432.781,300.497,380.539,404.981,485.023,104.484,0.0459,ms_nir_circle_supported_lattice,No
4,Day 4,Tray 2,2,DJI_20260622122329_0002,34,4,4,488.878,431.771,436.636,379.529,541.12,484.014,104.484,0.1049,ms_nir_circle_supported_lattice,No
4,Day 4,Tray 2,2,DJI_20260622122329_0002,35,4,5,625.016,430.762,572.774,378.52,677.259,483.004,104.484,0.0895,ms_nir_circle_supported_lattice,No
4,Day 4,Tray 2,2,DJI_20260622122329_0002,36,4,6,761.155,429.752,708.913,377.51,813.397,481.994,104.484,0.0288,ms_nir_circle_supported_lattice,No
4,Day 4,Tray 2,2,DJI_20260622122329_0002,37,4,7,897.294,428.743,845.051,376.501,949.536,480.985,104.484,0.0514,ms_nir_circle_supported_lattice,No
4,Day 4,Tray 2,2,DJI_20260622122329_0002,38,4,8,1033.432,427.733,981.19,375.491,1085.674,479.975,104.484,0.0149,ms_nir_circle_supported_lattice,No
4,Day 4,Tray 2,2,DJI_20260622122329_0002,39,4,9,1169.571,426.724,1117.328,374.482,1221.813,478.966,104.484,0.0193,ms_nir_circle_supported_lattice,No
4,Day 4,Tray 2,2,DJI_20260622122329_0002,40,4,10,1305.709,425.714,1253.467,373.472,1357.951,477.956,104.484,0.015,ms_nir_circle_supported_lattice,No
4,Day 4,Tray 2,2,DJI_20260622122329_0002,41,5,1,80.073,550.893,27.831,498.651,132.315,603.135,104.484,0.0204,ms_nir_circle_supported_lattice,No
4,Day 4,Tray 2,2,DJI_20260622122329_0002,42,5,2,216.212,549.883,163.97,497.641,268.454,602.125,104.484,0.0142,ms_nir_circle_supported_lattice,No
4,Day 4,Tray 2,2,DJI_20260622122329_0002,43,5,3,352.35,548.874,300.108,496.632,404.592,601.116,104.484,0.0094,ms_nir_circle_supported_lattice,No
4,Day 4,Tray 2,2,DJI_20260622122329_0002,44,5,4,488.489,547.864,436.247,495.622,540.731,600.106,104.484,0.0608,ms_nir_circle_supported_lattice,No
4,Day 4,Tray 2,2,DJI_20260622122329_0002,45,5,5,624.627,546.855,572.385,494.613,676.869,599.097,104.484,0.0199,ms_nir_circle_supported_lattice,No
4,Day 4,Tray 2,2,DJI_20260622122329_0002,46,5,6,760.766,545.845,708.524,493.603,813.008,598.087,104.484,0.1176,ms_nir_circle_supported_lattice,No
4,Day 4,Tray 2,2,DJI_20260622122329_0002,47,5,7,896.904,544.836,844.662,492.594,949.146,597.078,104.484,0.024,ms_nir_circle_supported_lattice,No
4,Day 4,Tray 2,2,DJI_20260622122329_0002,48,5,8,1033.043,543.826,980.801,491.584,1085.285,596.068,104.484,0.0178,ms_nir_circle_supported_lattice,No
4,Day 4,Tray 2,2,DJI_20260622122329_0002,49,5,9,1169.181,542.817,1116.939,490.575,1221.423,595.059,104.484,0.0253,ms_nir_circle_supported_lattice,No
4,Day 4,Tray 2,2,DJI_20260622122329_0002,50,5,10,1305.32,541.807,1253.078,489.565,1357.562,594.049,104.484,0.0091,ms_nir_circle_supported_lattice,No
4,Day 4,Tray 2,2,DJI_20260622122329_0002,51,6,1,79.684,666.986,27.442,614.744,131.926,719.228,104.484,0.041,ms_nir_circle_supported_lattice,No
4,Day 4,Tray 2,2,DJI_20260622122329_0002,52,6,2,215.822,665.976,163.58,613.734,268.064,718.218,104.484,0.0454,ms_nir_circle_supported_lattice,No
4,Day 4,Tray 2,2,DJI_20260622122329_0002,53,6,3,351.961,664.967,299.719,612.725,404.203,717.209,104.484,0.0169,ms_nir_circle_supported_lattice,No
4,Day 4,Tray 2,2,DJI_20260622122329_0002,54,6,4,488.099,663.957,435.857,611.715,540.341,716.199,104.484,0.0235,ms_nir_circle_supported_lattice,No
4,Day 4,Tray 2,2,DJI_20260622122329_0002,55,6,5,624.238,662.948,571.996,610.706,676.48,715.19,104.484,0.0066,ms_nir_circle_supported_lattice,No
4,Day 4,Tray 2,2,DJI_20260622122329_0002,56,6,6,760.376,661.938,708.134,609.696,812.618,714.18,104.484,0.0347,ms_nir_circle_supported_lattice,No
4,Day 4,Tray 2,2,DJI_20260622122329_0002,57,6,7,896.515,660.929,844.273,608.686,948.757,713.171,104.484,0.0271,ms_nir_circle_supported_lattice,No
4,Day 4,Tray 2,2,DJI_20260622122329_0002,58,6,8,1032.653,659.919,980.411,607.677,1084.896,712.161,104.484,0.0261,ms_nir_circle_supported_lattice,No
4,Day 4,Tray 2,2,DJI_20260622122329_0002,59,6,9,1168.792,658.91,1116.55,606.667,1221.034,711.152,104.484,0.019,ms_nir_circle_supported_lattice,No
4,Day 4,Tray 2,2,DJI_20260622122329_0002,60,6,10,1304.931,657.9,1252.688,605.658,1357.173,710.142,104.484,0.0095,ms_nir_circle_supported_lattice,No
4,Day 4,Tray 2,2,DJI_20260622122329_0002,61,7,1,79.294,783.079,27.052,730.836,131.537,835.321,104.484,0.0295,ms_nir_circle_supported_lattice,No
4,Day 4,Tray 2,2,DJI_20260622122329_0002,62,7,2,215.433,782.069,163.191,729.827,267.675,834.311,104.484,0.0306,ms_nir_circle_supported_lattice,No
4,Day 4,Tray 2,2,DJI_20260622122329_0002,63,7,3,351.572,781.06,299.329,728.817,403.814,833.302,104.484,0.1088,ms_nir_circle_supported_lattice,No
4,Day 4,Tray 2,2,DJI_20260622122329_0002,64,7,4,487.71,780.05,435.468,727.808,539.952,832.292,104.484,0.0255,ms_nir_circle_supported_lattice,No
4,Day 4,Tray 2,2,DJI_20260622122329_0002,65,7,5,623.849,779.04,571.607,726.798,676.091,831.283,104.484,0.0274,ms_nir_circle_supported_lattice,No
4,Day 4,Tray 2,2,DJI_20260622122329_0002,66,7,6,759.987,778.031,707.745,725.789,812.229,830.273,104.484,0.027,ms_nir_circle_supported_lattice,No
4,Day 4,Tray 2,2,DJI_20260622122329_0002,67,7,7,896.126,777.021,843.884,724.779,948.368,829.264,104.484,0.0515,ms_nir_circle_supported_lattice,No
4,Day 4,Tray 2,2,DJI_20260622122329_0002,68,7,8,1032.264,776.012,980.022,723.77,1084.506,828.254,104.484,0.0333,ms_nir_circle_supported_lattice,No
4,Day 4,Tray 2,2,DJI_20260622122329_0002,69,7,9,1168.403,775.002,1116.161,722.76,1220.645,827.244,104.484,0.0035,ms_nir_circle_supported_lattice,No
4,Day 4,Tray 2,2,DJI_20260622122329_0002,70,7,10,1304.541,773.993,1252.299,721.751,1356.783,826.235,104.484,0.0393,ms_nir_circle_supported_lattice,No
4,Day 4,Tray 3,3,DJI_20260622122437_0003,1,1,1,60.627,74.96,7.417,21.75,113.837,128.171,106.421,0.0755,ms_nir_circle_supported_lattice,No
4,Day 4,Tray 3,3,DJI_20260622122437_0003,2,1,2,196.403,74.628,143.192,21.418,249.613,127.838,106.421,0.0754,ms_nir_circle_supported_lattice,No
4,Day 4,Tray 3,3,DJI_20260622122437_0003,3,1,3,332.178,74.295,278.968,21.085,385.389,127.506,106.421,0.0395,ms_nir_circle_supported_lattice,No
4,Day 4,Tray 3,3,DJI_20260622122437_0003,4,1,4,467.954,73.963,414.744,20.753,521.165,127.173,106.421,0.0568,ms_nir_circle_supported_lattice,No
4,Day 4,Tray 3,3,DJI_20260622122437_0003,5,1,5,603.73,73.631,550.52,20.42,656.94,126.841,106.421,0.0258,ms_nir_circle_supported_lattice,No
4,Day 4,Tray 3,3,DJI_20260622122437_0003,6,1,6,739.506,73.298,686.295,20.088,792.716,126.508,106.421,0.0213,ms_nir_circle_supported_lattice,No
4,Day 4,Tray 3,3,DJI_20260622122437_0003,7,1,7,875.281,72.966,822.071,19.755,928.492,126.176,106.421,0.0259,ms_nir_circle_supported_lattice,No
4,Day 4,Tray 3,3,DJI_20260622122437_0003,8,1,8,1011.057,72.633,957.847,19.423,1064.268,125.843,106.421,0.0138,ms_nir_circle_supported_lattice,No
4,Day 4,Tray 3,3,DJI_20260622122437_0003,9,1,9,1146.833,72.301,1093.623,19.09,1200.043,125.511,106.421,0.0195,ms_nir_circle_supported_lattice,No
4,Day 4,Tray 3,3,DJI_20260622122437_0003,10,1,10,1282.609,71.968,1229.398,18.758,1335.819,125.179,106.421,0.0381,ms_nir_circle_supported_lattice,No
4,Day 4,Tray 3,3,DJI_20260622122437_0003,11,2,1,62.131,193.196,8.92,139.986,115.341,246.406,106.421,0.0501,ms_nir_circle_supported_lattice,No
4,Day 4,Tray 3,3,DJI_20260622122437_0003,12,2,2,197.906,192.864,144.696,139.653,251.117,246.074,106.421,0.0492,ms_nir_circle_supported_lattice,No
4,Day 4,Tray 3,3,DJI_20260622122437_0003,13,2,3,333.682,192.531,280.472,139.321,386.892,245.742,106.421,0.0189,ms_nir_circle_supported_lattice,No
4,Day 4,Tray 3,3,DJI_20260622122437_0003,14,2,4,469.458,192.199,416.247,138.988,522.668,245.409,106.421,0.033,ms_nir_circle_supported_lattice,No
4,Day 4,Tray 3,3,DJI_20260622122437_0003,15,2,5,605.234,191.866,552.023,138.656,658.444,245.077,106.421,0.0536,ms_nir_circle_supported_lattice,No
4,Day 4,Tray 3,3,DJI_20260622122437_0003,16,2,6,741.009,191.534,687.799,138.323,794.22,244.744,106.421,0.0472,ms_nir_circle_supported_lattice,No
4,Day 4,Tray 3,3,DJI_20260622122437_0003,17,2,7,876.785,191.201,823.575,137.991,929.995,244.412,106.421,0.037,ms_nir_circle_supported_lattice,No
4,Day 4,Tray 3,3,DJI_20260622122437_0003,18,2,8,1012.561,190.869,959.35,137.658,1065.771,244.079,106.421,0.0206,ms_nir_circle_supported_lattice,No
4,Day 4,Tray 3,3,DJI_20260622122437_0003,19,2,9,1148.337,190.536,1095.126,137.326,1201.547,243.747,106.421,0.032,ms_nir_circle_supported_lattice,No
4,Day 4,Tray 3,3,DJI_20260622122437_0003,20,2,10,1284.112,190.204,1230.902,136.994,1337.323,243.414,106.421,0.0365,ms_nir_circle_supported_lattice,No
4,Day 4,Tray 3,3,DJI_20260622122437_0003,21,3,1,63.634,311.432,10.424,258.221,116.844,364.642,106.421,0.0246,ms_nir_circle_supported_lattice,No
4,Day 4,Tray 3,3,DJI_20260622122437_0003,22,3,2,199.41,311.099,146.199,257.889,252.62,364.31,106.421,0.0135,ms_nir_circle_supported_lattice,No
4,Day 4,Tray 3,3,DJI_20260622122437_0003,23,3,3,335.186,310.767,281.975,257.557,388.396,363.977,106.421,0.0239,ms_nir_circle_supported_lattice,No
4,Day 4,Tray 3,3,DJI_20260622122437_0003,24,3,4,470.961,310.434,417.751,257.224,524.172,363.645,106.421,0.0173,ms_nir_circle_supported_lattice,No
4,Day 4,Tray 3,3,DJI_20260622122437_0003,25,3,5,606.737,310.102,553.527,256.892,659.947,363.312,106.421,0.0174,ms_nir_circle_supported_lattice,No
4,Day 4,Tray 3,3,DJI_20260622122437_0003,26,3,6,742.513,309.769,689.303,256.559,795.723,362.98,106.421,0.0213,ms_nir_circle_supported_lattice,No
4,Day 4,Tray 3,3,DJI_20260622122437_0003,27,3,7,878.289,309.437,825.078,256.227,931.499,362.647,106.421,0.0346,ms_nir_circle_supported_lattice,No
4,Day 4,Tray 3,3,DJI_20260622122437_0003,28,3,8,1014.064,309.105,960.854,255.894,1067.275,362.315,106.421,0.0504,ms_nir_circle_supported_lattice,No
4,Day 4,Tray 3,3,DJI_20260622122437_0003,29,3,9,1149.84,308.772,1096.63,255.562,1203.051,361.982,106.421,0.0268,ms_nir_circle_supported_lattice,No
4,Day 4,Tray 3,3,DJI_20260622122437_0003,30,3,10,1285.616,308.44,1232.406,255.229,1338.826,361.65,106.421,0.0169,ms_nir_circle_supported_lattice,No
4,Day 4,Tray 3,3,DJI_20260622122437_0003,31,4,1,65.138,429.668,11.927,376.457,118.348,482.878,106.421,0.0397,ms_nir_circle_supported_lattice,No
4,Day 4,Tray 3,3,DJI_20260622122437_0003,32,4,2,200.913,429.335,147.703,376.125,254.124,482.545,106.421,0.0096,ms_nir_circle_supported_lattice,No
4,Day 4,Tray 3,3,DJI_20260622122437_0003,33,4,3,336.689,429.003,283.479,375.792,389.9,482.213,106.421,0.0026,ms_nir_circle_supported_lattice,No
4,Day 4,Tray 3,3,DJI_20260622122437_0003,34,4,4,472.465,428.67,419.255,375.46,525.675,481.881,106.421,0.021,ms_nir_circle_supported_lattice,No
4,Day 4,Tray 3,3,DJI_20260622122437_0003,35,4,5,608.241,428.338,555.03,375.127,661.451,481.548,106.421,0.1068,ms_nir_circle_supported_lattice,No
4,Day 4,Tray 3,3,DJI_20260622122437_0003,36,4,6,744.016,428.005,690.806,374.795,797.227,481.216,106.421,0.0424,ms_nir_circle_supported_lattice,No
4,Day 4,Tray 3,3,DJI_20260622122437_0003,37,4,7,879.792,427.673,826.582,374.462,933.003,480.883,106.421,0.0072,ms_nir_circle_supported_lattice,No
4,Day 4,Tray 3,3,DJI_20260622122437_0003,38,4,8,1015.568,427.34,962.358,374.13,1068.778,480.551,106.421,0.0294,ms_nir_circle_supported_lattice,No
4,Day 4,Tray 3,3,DJI_20260622122437_0003,39,4,9,1151.344,427.008,1098.133,373.797,1204.554,480.218,106.421,0.024,ms_nir_circle_supported_lattice,No
4,Day 4,Tray 3,3,DJI_20260622122437_0003,40,4,10,1287.119,426.675,1233.909,373.465,1340.33,479.886,106.421,0.0436,ms_nir_circle_supported_lattice,No
4,Day 4,Tray 3,3,DJI_20260622122437_0003,41,5,1,66.641,547.903,13.431,494.693,119.852,601.114,106.421,0.0316,ms_nir_circle_supported_lattice,No
4,Day 4,Tray 3,3,DJI_20260622122437_0003,42,5,2,202.417,547.571,149.207,494.36,255.627,600.781,106.421,0.0355,ms_nir_circle_supported_lattice,No
4,Day 4,Tray 3,3,DJI_20260622122437_0003,43,5,3,338.193,547.238,284.982,494.028,391.403,600.449,106.421,0.0282,ms_nir_circle_supported_lattice,No
4,Day 4,Tray 3,3,DJI_20260622122437_0003,44,5,4,473.969,546.906,420.758,493.695,527.179,600.116,106.421,0.0181,ms_nir_circle_supported_lattice,No
4,Day 4,Tray 3,3,DJI_20260622122437_0003,45,5,5,609.744,546.573,556.534,493.363,662.955,599.784,106.421,0.1421,ms_nir_circle_supported_lattice,No
4,Day 4,Tray 3,3,DJI_20260622122437_0003,46,5,6,745.52,546.241,692.31,493.031,798.73,599.451,106.421,0.0114,ms_nir_circle_supported_lattice,No
4,Day 4,Tray 3,3,DJI_20260622122437_0003,47,5,7,881.296,545.908,828.085,492.698,934.506,599.119,106.421,0.0313,ms_nir_circle_supported_lattice,No
4,Day 4,Tray 3,3,DJI_20260622122437_0003,48,5,8,1017.072,545.576,963.861,492.366,1070.282,598.786,106.421,0.0049,ms_nir_circle_supported_lattice,No
4,Day 4,Tray 3,3,DJI_20260622122437_0003,49,5,9,1152.847,545.244,1099.637,492.033,1206.058,598.454,106.421,0.0213,ms_nir_circle_supported_lattice,No
4,Day 4,Tray 3,3,DJI_20260622122437_0003,50,5,10,1288.623,544.911,1235.413,491.701,1341.833,598.121,106.421,0.0387,ms_nir_circle_supported_lattice,No
4,Day 4,Tray 3,3,DJI_20260622122437_0003,51,6,1,68.145,666.139,14.934,612.929,121.355,719.349,106.421,0.0497,ms_nir_circle_supported_lattice,No
4,Day 4,Tray 3,3,DJI_20260622122437_0003,52,6,2,203.921,665.806,150.71,612.596,257.131,719.017,106.421,0.0256,ms_nir_circle_supported_lattice,No
4,Day 4,Tray 3,3,DJI_20260622122437_0003,53,6,3,339.696,665.474,286.486,612.264,392.907,718.684,106.421,0.026,ms_nir_circle_supported_lattice,No
4,Day 4,Tray 3,3,DJI_20260622122437_0003,54,6,4,475.472,665.142,422.262,611.931,528.682,718.352,106.421,0.0378,ms_nir_circle_supported_lattice,No
4,Day 4,Tray 3,3,DJI_20260622122437_0003,55,6,5,611.248,664.809,558.037,611.599,664.458,718.019,106.421,0.0275,ms_nir_circle_supported_lattice,No
4,Day 4,Tray 3,3,DJI_20260622122437_0003,56,6,6,747.024,664.477,693.813,611.266,800.234,717.687,106.421,0.0343,ms_nir_circle_supported_lattice,No
4,Day 4,Tray 3,3,DJI_20260622122437_0003,57,6,7,882.799,664.144,829.589,610.934,936.01,717.355,106.421,0.0169,ms_nir_circle_supported_lattice,No
4,Day 4,Tray 3,3,DJI_20260622122437_0003,58,6,8,1018.575,663.812,965.365,610.601,1071.785,717.022,106.421,0.0107,ms_nir_circle_supported_lattice,No
4,Day 4,Tray 3,3,DJI_20260622122437_0003,59,6,9,1154.351,663.479,1101.14,610.269,1207.561,716.69,106.421,0.0414,ms_nir_circle_supported_lattice,No
4,Day 4,Tray 3,3,DJI_20260622122437_0003,60,6,10,1290.127,663.147,1236.916,609.936,1343.337,716.357,106.421,0.0666,ms_nir_circle_supported_lattice,No
4,Day 4,Tray 3,3,DJI_20260622122437_0003,61,7,1,69.648,784.375,16.438,731.164,122.859,837.585,106.421,0.0798,ms_nir_circle_supported_lattice,No
4,Day 4,Tray 3,3,DJI_20260622122437_0003,62,7,2,205.424,784.042,152.214,730.832,258.635,837.253,106.421,0.0268,ms_nir_circle_supported_lattice,No
4,Day 4,Tray 3,3,DJI_20260622122437_0003,63,7,3,341.2,783.71,287.99,730.499,394.41,836.92,106.421,0.0062,ms_nir_circle_supported_lattice,No
4,Day 4,Tray 3,3,DJI_20260622122437_0003,64,7,4,476.976,783.377,423.765,730.167,530.186,836.588,106.421,0.017,ms_nir_circle_supported_lattice,No
4,Day 4,Tray 3,3,DJI_20260622122437_0003,65,7,5,612.751,783.045,559.541,729.834,665.962,836.255,106.421,0.0674,ms_nir_circle_supported_lattice,No
4,Day 4,Tray 3,3,DJI_20260622122437_0003,66,7,6,748.527,782.712,695.317,729.502,801.738,835.923,106.421,0.0169,ms_nir_circle_supported_lattice,No
4,Day 4,Tray 3,3,DJI_20260622122437_0003,67,7,7,884.303,782.38,831.093,729.169,937.513,835.59,106.421,0.0392,ms_nir_circle_supported_lattice,No
4,Day 4,Tray 3,3,DJI_20260622122437_0003,68,7,8,1020.079,782.047,966.868,728.837,1073.289,835.258,106.421,0.0181,ms_nir_circle_supported_lattice,No
4,Day 4,Tray 3,3,DJI_20260622122437_0003,69,7,9,1155.854,781.715,1102.644,728.505,1209.065,834.925,106.421,0.0447,ms_nir_circle_supported_lattice,No
4,Day 4,Tray 3,3,DJI_20260622122437_0003,70,7,10,1291.63,781.382,1238.42,728.172,1344.841,834.593,106.421,0.025,ms_nir_circle_supported_lattice,No
4,Day 4,Tray 4,4,DJI_20260622122526_0004,1,1,1,87.927,90.379,35.455,37.907,140.399,142.851,104.944,0.0096,ms_nir_circle_supported_lattice,No
4,Day 4,Tray 4,4,DJI_20260622122526_0004,2,1,2,224.35,89.873,171.879,37.401,276.822,142.345,104.944,0.0214,ms_nir_circle_supported_lattice,No
4,Day 4,Tray 4,4,DJI_20260622122526_0004,3,1,3,360.774,89.366,308.302,36.894,413.246,141.838,104.944,0.0265,ms_nir_circle_supported_lattice,No
4,Day 4,Tray 4,4,DJI_20260622122526_0004,4,1,4,497.197,88.86,444.725,36.388,549.669,141.332,104.944,0.0126,ms_nir_circle_supported_lattice,No
4,Day 4,Tray 4,4,DJI_20260622122526_0004,5,1,5,633.62,88.353,581.149,35.881,686.092,140.825,104.944,0.0142,ms_nir_circle_supported_lattice,No
4,Day 4,Tray 4,4,DJI_20260622122526_0004,6,1,6,770.044,87.847,717.572,35.375,822.516,140.319,104.944,0.0182,ms_nir_circle_supported_lattice,No
4,Day 4,Tray 4,4,DJI_20260622122526_0004,7,1,7,906.467,87.34,853.995,34.868,958.939,139.812,104.944,0.0129,ms_nir_circle_supported_lattice,No
4,Day 4,Tray 4,4,DJI_20260622122526_0004,8,1,8,1042.891,86.834,990.419,34.362,1095.362,139.306,104.944,0.0365,ms_nir_circle_supported_lattice,No
4,Day 4,Tray 4,4,DJI_20260622122526_0004,9,1,9,1179.314,86.327,1126.842,33.855,1231.786,138.799,104.944,0.0182,ms_nir_circle_supported_lattice,No
4,Day 4,Tray 4,4,DJI_20260622122526_0004,10,1,10,1315.737,85.821,1263.266,33.349,1368.209,138.293,104.944,0.0148,ms_nir_circle_supported_lattice,No
4,Day 4,Tray 4,4,DJI_20260622122526_0004,11,2,1,86.959,206.979,34.487,154.507,139.431,259.451,104.944,0.0345,ms_nir_circle_supported_lattice,No
4,Day 4,Tray 4,4,DJI_20260622122526_0004,12,2,2,223.382,206.473,170.911,154.001,275.854,258.945,104.944,0.0378,ms_nir_circle_supported_lattice,No
4,Day 4,Tray 4,4,DJI_20260622122526_0004,13,2,3,359.806,205.966,307.334,153.494,412.278,258.438,104.944,0.0069,ms_nir_circle_supported_lattice,No
4,Day 4,Tray 4,4,DJI_20260622122526_0004,14,2,4,496.229,205.46,443.757,152.988,548.701,257.932,104.944,0.0113,ms_nir_circle_supported_lattice,No
4,Day 4,Tray 4,4,DJI_20260622122526_0004,15,2,5,632.653,204.953,580.181,152.481,685.124,257.425,104.944,0.0255,ms_nir_circle_supported_lattice,No
4,Day 4,Tray 4,4,DJI_20260622122526_0004,16,2,6,769.076,204.447,716.604,151.975,821.548,256.919,104.944,0.0048,ms_nir_circle_supported_lattice,No
4,Day 4,Tray 4,4,DJI_20260622122526_0004,17,2,7,905.499,203.94,853.028,151.468,957.971,256.412,104.944,0.0233,ms_nir_circle_supported_lattice,No
4,Day 4,Tray 4,4,DJI_20260622122526_0004,18,2,8,1041.923,203.434,989.451,150.962,1094.395,255.906,104.944,0.0134,ms_nir_circle_supported_lattice,No
4,Day 4,Tray 4,4,DJI_20260622122526_0004,19,2,9,1178.346,202.927,1125.874,150.455,1230.818,255.399,104.944,0.0212,ms_nir_circle_supported_lattice,No
4,Day 4,Tray 4,4,DJI_20260622122526_0004,20,2,10,1314.769,202.421,1262.298,149.949,1367.241,254.893,104.944,0.0195,ms_nir_circle_supported_lattice,No
4,Day 4,Tray 4,4,DJI_20260622122526_0004,21,3,1,85.991,323.579,33.519,271.107,138.463,376.051,104.944,0.0098,ms_nir_circle_supported_lattice,No
4,Day 4,Tray 4,4,DJI_20260622122526_0004,22,3,2,222.415,323.073,169.943,270.601,274.886,375.545,104.944,0.0273,ms_nir_circle_supported_lattice,No
4,Day 4,Tray 4,4,DJI_20260622122526_0004,23,3,3,358.838,322.566,306.366,270.094,411.31,375.038,104.944,0.0051,ms_nir_circle_supported_lattice,No
4,Day 4,Tray 4,4,DJI_20260622122526_0004,24,3,4,495.261,322.06,442.79,269.588,547.733,374.532,104.944,0.0188,ms_nir_circle_supported_lattice,No
4,Day 4,Tray 4,4,DJI_20260622122526_0004,25,3,5,631.685,321.553,579.213,269.081,684.157,374.025,104.944,0.0391,ms_nir_circle_supported_lattice,No
4,Day 4,Tray 4,4,DJI_20260622122526_0004,26,3,6,768.108,321.047,715.636,268.575,820.58,373.519,104.944,0.0182,ms_nir_circle_supported_lattice,No
4,Day 4,Tray 4,4,DJI_20260622122526_0004,27,3,7,904.531,320.54,852.06,268.068,957.003,373.012,104.944,0.1476,ms_nir_circle_supported_lattice,No
4,Day 4,Tray 4,4,DJI_20260622122526_0004,28,3,8,1040.955,320.034,988.483,267.562,1093.427,372.506,104.944,0.0122,ms_nir_circle_supported_lattice,No
4,Day 4,Tray 4,4,DJI_20260622122526_0004,29,3,9,1177.378,319.527,1124.906,267.055,1229.85,371.999,104.944,0.0219,ms_nir_circle_supported_lattice,No
4,Day 4,Tray 4,4,DJI_20260622122526_0004,30,3,10,1313.802,319.021,1261.33,266.549,1366.273,371.493,104.944,0.0183,ms_nir_circle_supported_lattice,No
4,Day 4,Tray 4,4,DJI_20260622122526_0004,31,4,1,85.023,440.179,32.552,387.707,137.495,492.651,104.944,0.0269,ms_nir_circle_supported_lattice,No
4,Day 4,Tray 4,4,DJI_20260622122526_0004,32,4,2,221.447,439.673,168.975,387.201,273.919,492.145,104.944,0.0736,ms_nir_circle_supported_lattice,No
4,Day 4,Tray 4,4,DJI_20260622122526_0004,33,4,3,357.87,439.166,305.398,386.694,410.342,491.638,104.944,0.0072,ms_nir_circle_supported_lattice,No
4,Day 4,Tray 4,4,DJI_20260622122526_0004,34,4,4,494.294,438.66,441.822,386.188,546.765,491.132,104.944,0.0834,ms_nir_circle_supported_lattice,No
4,Day 4,Tray 4,4,DJI_20260622122526_0004,35,4,5,630.717,438.153,578.245,385.681,683.189,490.625,104.944,0.0132,ms_nir_circle_supported_lattice,No
4,Day 4,Tray 4,4,DJI_20260622122526_0004,36,4,6,767.14,437.647,714.668,385.175,819.612,490.119,104.944,0.0169,ms_nir_circle_supported_lattice,No
4,Day 4,Tray 4,4,DJI_20260622122526_0004,37,4,7,903.564,437.14,851.092,384.668,956.035,489.612,104.944,0.0105,ms_nir_circle_supported_lattice,No
4,Day 4,Tray 4,4,DJI_20260622122526_0004,38,4,8,1039.987,436.634,987.515,384.162,1092.459,489.106,104.944,0.0054,ms_nir_circle_supported_lattice,No
4,Day 4,Tray 4,4,DJI_20260622122526_0004,39,4,9,1176.41,436.127,1123.939,383.655,1228.882,488.599,104.944,0.009,ms_nir_circle_supported_lattice,No
4,Day 4,Tray 4,4,DJI_20260622122526_0004,40,4,10,1312.834,435.621,1260.362,383.149,1365.306,488.093,104.944,0.0298,ms_nir_circle_supported_lattice,No
4,Day 4,Tray 4,4,DJI_20260622122526_0004,41,5,1,84.056,556.779,31.584,504.307,136.527,609.251,104.944,0.0211,ms_nir_circle_supported_lattice,No
4,Day 4,Tray 4,4,DJI_20260622122526_0004,42,5,2,220.479,556.273,168.007,503.801,272.951,608.745,104.944,0.0141,ms_nir_circle_supported_lattice,No
4,Day 4,Tray 4,4,DJI_20260622122526_0004,43,5,3,356.902,555.766,304.43,503.294,409.374,608.238,104.944,0.0115,ms_nir_circle_supported_lattice,No
4,Day 4,Tray 4,4,DJI_20260622122526_0004,44,5,4,493.326,555.26,440.854,502.788,545.797,607.732,104.944,0.0086,ms_nir_circle_supported_lattice,No
4,Day 4,Tray 4,4,DJI_20260622122526_0004,45,5,5,629.749,554.753,577.277,502.281,682.221,607.225,104.944,0.0068,ms_nir_circle_supported_lattice,No
4,Day 4,Tray 4,4,DJI_20260622122526_0004,46,5,6,766.172,554.247,713.701,501.775,818.644,606.719,104.944,0.0096,ms_nir_circle_supported_lattice,No
4,Day 4,Tray 4,4,DJI_20260622122526_0004,47,5,7,902.596,553.74,850.124,501.268,955.068,606.212,104.944,0.0081,ms_nir_circle_supported_lattice,No
4,Day 4,Tray 4,4,DJI_20260622122526_0004,48,5,8,1039.019,553.234,986.547,500.762,1091.491,605.706,104.944,0.0086,ms_nir_circle_supported_lattice,No
4,Day 4,Tray 4,4,DJI_20260622122526_0004,49,5,9,1175.443,552.727,1122.971,500.255,1227.914,605.199,104.944,0.0502,ms_nir_circle_supported_lattice,No
4,Day 4,Tray 4,4,DJI_20260622122526_0004,50,5,10,1311.866,552.221,1259.394,499.749,1364.338,604.693,104.944,0.01,ms_nir_circle_supported_lattice,No
4,Day 4,Tray 4,4,DJI_20260622122526_0004,51,6,1,83.088,673.379,30.616,620.907,135.559,725.851,104.944,0.0033,ms_nir_circle_supported_lattice,No
4,Day 4,Tray 4,4,DJI_20260622122526_0004,52,6,2,219.511,672.873,167.039,620.401,271.983,725.345,104.944,0.0043,ms_nir_circle_supported_lattice,No
4,Day 4,Tray 4,4,DJI_20260622122526_0004,53,6,3,355.934,672.366,303.463,619.894,408.406,724.838,104.944,0.0185,ms_nir_circle_supported_lattice,No
4,Day 4,Tray 4,4,DJI_20260622122526_0004,54,6,4,492.358,671.86,439.886,619.388,544.83,724.332,104.944,0.0995,ms_nir_circle_supported_lattice,No
4,Day 4,Tray 4,4,DJI_20260622122526_0004,55,6,5,628.781,671.353,576.309,618.881,681.253,723.825,104.944,0.0288,ms_nir_circle_supported_lattice,No
4,Day 4,Tray 4,4,DJI_20260622122526_0004,56,6,6,765.205,670.847,712.733,618.375,817.676,723.319,104.944,0.0155,ms_nir_circle_supported_lattice,No
4,Day 4,Tray 4,4,DJI_20260622122526_0004,57,6,7,901.628,670.34,849.156,617.868,954.1,722.812,104.944,0.0834,ms_nir_circle_supported_lattice,No
4,Day 4,Tray 4,4,DJI_20260622122526_0004,58,6,8,1038.051,669.834,985.579,617.362,1090.523,722.306,104.944,0.1278,ms_nir_circle_supported_lattice,No
4,Day 4,Tray 4,4,DJI_20260622122526_0004,59,6,9,1174.475,669.327,1122.003,616.855,1226.946,721.799,104.944,0.0318,ms_nir_circle_supported_lattice,No
4,Day 4,Tray 4,4,DJI_20260622122526_0004,60,6,10,1310.898,668.821,1258.426,616.349,1363.37,721.293,104.944,0.053,ms_nir_circle_supported_lattice,No
4,Day 4,Tray 4,4,DJI_20260622122526_0004,61,7,1,82.12,789.979,29.648,737.507,134.592,842.451,104.944,0.0358,ms_nir_circle_supported_lattice,No
4,Day 4,Tray 4,4,DJI_20260622122526_0004,62,7,2,218.543,789.473,166.071,737.001,271.015,841.945,104.944,0.0133,ms_nir_circle_supported_lattice,No
4,Day 4,Tray 4,4,DJI_20260622122526_0004,63,7,3,354.967,788.966,302.495,736.494,407.438,841.438,104.944,0.0089,ms_nir_circle_supported_lattice,No
4,Day 4,Tray 4,4,DJI_20260622122526_0004,64,7,4,491.39,788.46,438.918,735.988,543.862,840.932,104.944,0.0146,ms_nir_circle_supported_lattice,No
4,Day 4,Tray 4,4,DJI_20260622122526_0004,65,7,5,627.813,787.953,575.342,735.481,680.285,840.425,104.944,0.1025,ms_nir_circle_supported_lattice,No
4,Day 4,Tray 4,4,DJI_20260622122526_0004,66,7,6,764.237,787.447,711.765,734.975,816.708,839.919,104.944,0.0562,ms_nir_circle_supported_lattice,No
4,Day 4,Tray 4,4,DJI_20260622122526_0004,67,7,7,900.66,786.94,848.188,734.468,953.132,839.412,104.944,0.0254,ms_nir_circle_supported_lattice,No
4,Day 4,Tray 4,4,DJI_20260622122526_0004,68,7,8,1037.083,786.434,984.612,733.962,1089.555,838.906,104.944,0.0876,ms_nir_circle_supported_lattice,No
4,Day 4,Tray 4,4,DJI_20260622122526_0004,69,7,9,1173.507,785.927,1121.035,733.455,1225.979,838.399,104.944,0.0279,ms_nir_circle_supported_lattice,No
4,Day 4,Tray 4,4,DJI_20260622122526_0004,70,7,10,1309.93,785.421,1257.458,732.949,1362.402,837.893,104.944,0.0235,ms_nir_circle_supported_lattice,No
4,Day 4,Tray 5,5,DJI_20260622122624_0005,1,1,1,65.602,78.14,12.677,25.215,118.526,131.064,105.85,0.0504,ms_nir_circle_supported_lattice,No
4,Day 4,Tray 5,5,DJI_20260622122624_0005,2,1,2,201.645,77.367,148.72,24.443,254.57,130.292,105.85,0.0557,ms_nir_circle_supported_lattice,No
4,Day 4,Tray 5,5,DJI_20260622122624_0005,3,1,3,337.688,76.595,284.763,23.67,390.613,129.52,105.85,0.0295,ms_nir_circle_supported_lattice,No
4,Day 4,Tray 5,5,DJI_20260622122624_0005,4,1,4,473.731,75.823,420.807,22.898,526.656,128.748,105.85,0.0253,ms_nir_circle_supported_lattice,No
4,Day 4,Tray 5,5,DJI_20260622122624_0005,5,1,5,609.775,75.05,556.85,22.126,662.7,127.975,105.85,0.0151,ms_nir_circle_supported_lattice,No
4,Day 4,Tray 5,5,DJI_20260622122624_0005,6,1,6,745.818,74.278,692.893,21.353,798.743,127.203,105.85,0.0247,ms_nir_circle_supported_lattice,No
4,Day 4,Tray 5,5,DJI_20260622122624_0005,7,1,7,881.861,73.506,828.937,20.581,934.786,126.431,105.85,0.0265,ms_nir_circle_supported_lattice,No
4,Day 4,Tray 5,5,DJI_20260622122624_0005,8,1,8,1017.905,72.734,964.98,19.809,1070.829,125.658,105.85,0.025,ms_nir_circle_supported_lattice,No
4,Day 4,Tray 5,5,DJI_20260622122624_0005,9,1,9,1153.948,71.961,1101.023,19.036,1206.873,124.886,105.85,0.012,ms_nir_circle_supported_lattice,No
4,Day 4,Tray 5,5,DJI_20260622122624_0005,10,1,10,1289.991,71.189,1237.066,18.264,1342.916,124.114,105.85,0.0553,ms_nir_circle_supported_lattice,No
4,Day 4,Tray 5,5,DJI_20260622122624_0005,11,2,1,64.698,195.747,11.773,142.822,117.623,248.672,105.85,0.0528,ms_nir_circle_supported_lattice,No
4,Day 4,Tray 5,5,DJI_20260622122624_0005,12,2,2,200.741,194.974,147.817,142.05,253.666,247.899,105.85,0.0174,ms_nir_circle_supported_lattice,No
4,Day 4,Tray 5,5,DJI_20260622122624_0005,13,2,3,336.785,194.202,283.86,141.277,389.709,247.127,105.85,0.0154,ms_nir_circle_supported_lattice,No
4,Day 4,Tray 5,5,DJI_20260622122624_0005,14,2,4,472.828,193.43,419.903,140.505,525.753,246.355,105.85,0.0205,ms_nir_circle_supported_lattice,No
4,Day 4,Tray 5,5,DJI_20260622122624_0005,15,2,5,608.871,192.658,555.946,139.733,661.796,245.582,105.85,0.0162,ms_nir_circle_supported_lattice,No
4,Day 4,Tray 5,5,DJI_20260622122624_0005,16,2,6,744.915,191.885,691.99,138.961,797.839,244.81,105.85,0.0179,ms_nir_circle_supported_lattice,No
4,Day 4,Tray 5,5,DJI_20260622122624_0005,17,2,7,880.958,191.113,828.033,138.188,933.883,244.038,105.85,0.0167,ms_nir_circle_supported_lattice,No
4,Day 4,Tray 5,5,DJI_20260622122624_0005,18,2,8,1017.001,190.341,964.076,137.416,1069.926,243.265,105.85,0.0323,ms_nir_circle_supported_lattice,No
4,Day 4,Tray 5,5,DJI_20260622122624_0005,19,2,9,1153.044,189.568,1100.12,136.644,1205.969,242.493,105.85,0.0095,ms_nir_circle_supported_lattice,No
4,Day 4,Tray 5,5,DJI_20260622122624_0005,20,2,10,1289.088,188.796,1236.163,135.871,1342.012,241.721,105.85,0.0257,ms_nir_circle_supported_lattice,No
4,Day 4,Tray 5,5,DJI_20260622122624_0005,21,3,1,63.794,313.354,10.87,260.429,116.719,366.279,105.85,0.0444,ms_nir_circle_supported_lattice,No
4,Day 4,Tray 5,5,DJI_20260622122624_0005,22,3,2,199.838,312.582,146.913,259.657,252.763,365.506,105.85,0.0156,ms_nir_circle_supported_lattice,No
4,Day 4,Tray 5,5,DJI_20260622122624_0005,23,3,3,335.881,311.809,282.956,258.885,388.806,364.734,105.85,0.0126,ms_nir_circle_supported_lattice,No
4,Day 4,Tray 5,5,DJI_20260622122624_0005,24,3,4,471.924,311.037,419.0,258.112,524.849,363.962,105.85,0.0088,ms_nir_circle_supported_lattice,No
4,Day 4,Tray 5,5,DJI_20260622122624_0005,25,3,5,607.968,310.265,555.043,257.34,660.892,363.189,105.85,0.1157,ms_nir_circle_supported_lattice,No
4,Day 4,Tray 5,5,DJI_20260622122624_0005,26,3,6,744.011,309.492,691.086,256.568,796.936,362.417,105.85,0.0176,ms_nir_circle_supported_lattice,No
4,Day 4,Tray 5,5,DJI_20260622122624_0005,27,3,7,880.054,308.72,827.129,255.795,932.979,361.645,105.85,0.0434,ms_nir_circle_supported_lattice,No
4,Day 4,Tray 5,5,DJI_20260622122624_0005,28,3,8,1016.098,307.948,963.173,255.023,1069.022,360.873,105.85,0.0251,ms_nir_circle_supported_lattice,No
4,Day 4,Tray 5,5,DJI_20260622122624_0005,29,3,9,1152.141,307.176,1099.216,254.251,1205.066,360.1,105.85,0.0199,ms_nir_circle_supported_lattice,No
4,Day 4,Tray 5,5,DJI_20260622122624_0005,30,3,10,1288.184,306.403,1235.259,253.478,1341.109,359.328,105.85,0.0458,ms_nir_circle_supported_lattice,No
4,Day 4,Tray 5,5,DJI_20260622122624_0005,31,4,1,62.891,430.961,9.966,378.036,115.816,483.886,105.85,0.0442,ms_nir_circle_supported_lattice,No
4,Day 4,Tray 5,5,DJI_20260622122624_0005,32,4,2,198.934,430.189,146.009,377.264,251.859,483.114,105.85,0.0297,ms_nir_circle_supported_lattice,No
4,Day 4,Tray 5,5,DJI_20260622122624_0005,33,4,3,334.977,429.416,282.053,376.492,387.902,482.341,105.85,0.009,ms_nir_circle_supported_lattice,No
4,Day 4,Tray 5,5,DJI_20260622122624_0005,34,4,4,471.021,428.644,418.096,375.719,523.946,481.569,105.85,0.0165,ms_nir_circle_supported_lattice,No
4,Day 4,Tray 5,5,DJI_20260622122624_0005,35,4,5,607.064,427.872,554.139,374.947,659.989,480.797,105.85,0.0191,ms_nir_circle_supported_lattice,No
4,Day 4,Tray 5,5,DJI_20260622122624_0005,36,4,6,743.107,427.1,690.183,374.175,796.032,480.024,105.85,0.0095,ms_nir_circle_supported_lattice,No
4,Day 4,Tray 5,5,DJI_20260622122624_0005,37,4,7,879.151,426.327,826.226,373.402,932.075,479.252,105.85,0.0059,ms_nir_circle_supported_lattice,No
4,Day 4,Tray 5,5,DJI_20260622122624_0005,38,4,8,1015.194,425.555,962.269,372.63,1068.119,478.48,105.85,0.005,ms_nir_circle_supported_lattice,No
4,Day 4,Tray 5,5,DJI_20260622122624_0005,39,4,9,1151.237,424.783,1098.312,371.858,1204.162,477.707,105.85,0.0213,ms_nir_circle_supported_lattice,No
4,Day 4,Tray 5,5,DJI_20260622122624_0005,40,4,10,1287.281,424.01,1234.356,371.086,1340.205,476.935,105.85,0.0359,ms_nir_circle_supported_lattice,No
4,Day 4,Tray 5,5,DJI_20260622122624_0005,41,5,1,61.987,548.568,9.063,495.643,114.912,601.493,105.85,0.0901,ms_nir_circle_supported_lattice,No
4,Day 4,Tray 5,5,DJI_20260622122624_0005,42,5,2,198.031,547.796,145.106,494.871,250.955,600.721,105.85,0.0084,ms_nir_circle_supported_lattice,No
4,Day 4,Tray 5,5,DJI_20260622122624_0005,43,5,3,334.074,547.024,281.149,494.099,386.999,599.948,105.85,0.0114,ms_nir_circle_supported_lattice,No
4,Day 4,Tray 5,5,DJI_20260622122624_0005,44,5,4,470.117,546.251,417.192,493.327,523.042,599.176,105.85,0.0374,ms_nir_circle_supported_lattice,No
4,Day 4,Tray 5,5,DJI_20260622122624_0005,45,5,5,606.16,545.479,553.236,492.554,659.085,598.404,105.85,0.016,ms_nir_circle_supported_lattice,No
4,Day 4,Tray 5,5,DJI_20260622122624_0005,46,5,6,742.204,544.707,689.279,491.782,795.129,597.631,105.85,0.045,ms_nir_circle_supported_lattice,No
4,Day 4,Tray 5,5,DJI_20260622122624_0005,47,5,7,878.247,543.934,825.322,491.01,931.172,596.859,105.85,0.0102,ms_nir_circle_supported_lattice,No
4,Day 4,Tray 5,5,DJI_20260622122624_0005,48,5,8,1014.29,543.162,961.366,490.237,1067.215,596.087,105.85,0.055,ms_nir_circle_supported_lattice,No
4,Day 4,Tray 5,5,DJI_20260622122624_0005,49,5,9,1150.334,542.39,1097.409,489.465,1203.258,595.315,105.85,0.0066,ms_nir_circle_supported_lattice,No
4,Day 4,Tray 5,5,DJI_20260622122624_0005,50,5,10,1286.377,541.618,1233.452,488.693,1339.302,594.542,105.85,0.0129,ms_nir_circle_supported_lattice,No
4,Day 4,Tray 5,5,DJI_20260622122624_0005,51,6,1,61.084,666.175,8.159,613.251,114.009,719.1,105.85,0.0659,ms_nir_circle_supported_lattice,No
4,Day 4,Tray 5,5,DJI_20260622122624_0005,52,6,2,197.127,665.403,144.202,612.478,250.052,718.328,105.85,0.012,ms_nir_circle_supported_lattice,No
4,Day 4,Tray 5,5,DJI_20260622122624_0005,53,6,3,333.17,664.631,280.246,611.706,386.095,717.556,105.85,0.057,ms_nir_circle_supported_lattice,No
4,Day 4,Tray 5,5,DJI_20260622122624_0005,54,6,4,469.214,663.858,416.289,610.934,522.138,716.783,105.85,0.0202,ms_nir_circle_supported_lattice,No
4,Day 4,Tray 5,5,DJI_20260622122624_0005,55,6,5,605.257,663.086,552.332,610.161,658.182,716.011,105.85,0.0403,ms_nir_circle_supported_lattice,No
4,Day 4,Tray 5,5,DJI_20260622122624_0005,56,6,6,741.3,662.314,688.375,609.389,794.225,715.239,105.85,0.0489,ms_nir_circle_supported_lattice,No
4,Day 4,Tray 5,5,DJI_20260622122624_0005,57,6,7,877.344,661.542,824.419,608.617,930.268,714.466,105.85,0.0353,ms_nir_circle_supported_lattice,No
4,Day 4,Tray 5,5,DJI_20260622122624_0005,58,6,8,1013.387,660.769,960.462,607.844,1066.312,713.694,105.85,0.0478,ms_nir_circle_supported_lattice,No
4,Day 4,Tray 5,5,DJI_20260622122624_0005,59,6,9,1149.43,659.997,1096.505,607.072,1202.355,712.922,105.85,0.0177,ms_nir_circle_supported_lattice,No
4,Day 4,Tray 5,5,DJI_20260622122624_0005,60,6,10,1285.473,659.225,1232.549,606.3,1338.398,712.149,105.85,0.0459,ms_nir_circle_supported_lattice,No
4,Day 4,Tray 5,5,DJI_20260622122624_0005,61,7,1,60.18,783.782,7.255,730.858,113.105,836.707,105.85,0.0589,ms_nir_circle_supported_lattice,No
4,Day 4,Tray 5,5,DJI_20260622122624_0005,62,7,2,196.223,783.01,143.299,730.085,249.148,835.935,105.85,0.0208,ms_nir_circle_supported_lattice,No
4,Day 4,Tray 5,5,DJI_20260622122624_0005,63,7,3,332.267,782.238,279.342,729.313,385.192,835.163,105.85,0.0363,ms_nir_circle_supported_lattice,No
4,Day 4,Tray 5,5,DJI_20260622122624_0005,64,7,4,468.31,781.466,415.385,728.541,521.235,834.39,105.85,0.0351,ms_nir_circle_supported_lattice,No
4,Day 4,Tray 5,5,DJI_20260622122624_0005,65,7,5,604.353,780.693,551.429,727.769,657.278,833.618,105.85,0.0227,ms_nir_circle_supported_lattice,No
4,Day 4,Tray 5,5,DJI_20260622122624_0005,66,7,6,740.397,779.921,687.472,726.996,793.321,832.846,105.85,0.1088,ms_nir_circle_supported_lattice,No
4,Day 4,Tray 5,5,DJI_20260622122624_0005,67,7,7,876.44,779.149,823.515,726.224,929.365,832.073,105.85,0.0887,ms_nir_circle_supported_lattice,No
4,Day 4,Tray 5,5,DJI_20260622122624_0005,68,7,8,1012.483,778.376,959.558,725.452,1065.408,831.301,105.85,0.0375,ms_nir_circle_supported_lattice,No
4,Day 4,Tray 5,5,DJI_20260622122624_0005,69,7,9,1148.527,777.604,1095.602,724.679,1201.451,830.529,105.85,0.0213,ms_nir_circle_supported_lattice,No
4,Day 4,Tray 5,5,DJI_20260622122624_0005,70,7,10,1284.57,776.832,1231.645,723.907,1337.495,829.757,105.85,0.0568,ms_nir_circle_supported_lattice,No
4,Day 4,Tray 6,6,DJI_20260622122657_0006,1,1,1,66.058,89.75,13.415,37.107,118.7,142.392,105.285,0.0506,ms_nir_circle_supported_lattice,No
4,Day 4,Tray 6,6,DJI_20260622122657_0006,2,1,2,201.732,88.97,149.09,36.327,254.375,141.612,105.285,0.0023,ms_nir_circle_supported_lattice,No
4,Day 4,Tray 6,6,DJI_20260622122657_0006,3,1,3,337.407,88.19,284.764,35.547,390.049,140.832,105.285,0.0078,ms_nir_circle_supported_lattice,No
4,Day 4,Tray 6,6,DJI_20260622122657_0006,4,1,4,473.081,87.409,420.439,34.767,525.724,140.052,105.285,0.0355,ms_nir_circle_supported_lattice,No
4,Day 4,Tray 6,6,DJI_20260622122657_0006,5,1,5,608.756,86.629,556.113,33.987,661.398,139.272,105.285,0.0401,ms_nir_circle_supported_lattice,No
4,Day 4,Tray 6,6,DJI_20260622122657_0006,6,1,6,744.43,85.849,691.788,33.207,797.072,138.492,105.285,0.0123,ms_nir_circle_supported_lattice,No
4,Day 4,Tray 6,6,DJI_20260622122657_0006,7,1,7,880.105,85.069,827.462,32.427,932.747,137.712,105.285,0.0443,ms_nir_circle_supported_lattice,No
4,Day 4,Tray 6,6,DJI_20260622122657_0006,8,1,8,1015.779,84.289,963.137,31.647,1068.421,136.931,105.285,0.0064,ms_nir_circle_supported_lattice,No
4,Day 4,Tray 6,6,DJI_20260622122657_0006,9,1,9,1151.453,83.509,1098.811,30.867,1204.096,136.151,105.285,0.0135,ms_nir_circle_supported_lattice,No
4,Day 4,Tray 6,6,DJI_20260622122657_0006,10,1,10,1287.128,82.729,1234.486,30.086,1339.77,135.371,105.285,0.0403,ms_nir_circle_supported_lattice,No
4,Day 4,Tray 6,6,DJI_20260622122657_0006,11,2,1,66.536,206.732,13.894,154.089,119.179,259.374,105.285,0.0166,ms_nir_circle_supported_lattice,No
4,Day 4,Tray 6,6,DJI_20260622122657_0006,12,2,2,202.211,205.952,149.568,153.309,254.853,258.594,105.285,0.0091,ms_nir_circle_supported_lattice,No
4,Day 4,Tray 6,6,DJI_20260622122657_0006,13,2,3,337.885,205.172,285.243,152.529,390.528,257.814,105.285,0.0071,ms_nir_circle_supported_lattice,No
4,Day 4,Tray 6,6,DJI_20260622122657_0006,14,2,4,473.56,204.392,420.917,151.749,526.202,257.034,105.285,0.0192,ms_nir_circle_supported_lattice,No
4,Day 4,Tray 6,6,DJI_20260622122657_0006,15,2,5,609.234,203.611,556.592,150.969,661.877,256.254,105.285,0.0192,ms_nir_circle_supported_lattice,No
4,Day 4,Tray 6,6,DJI_20260622122657_0006,16,2,6,744.909,202.831,692.266,150.189,797.551,255.474,105.285,0.0186,ms_nir_circle_supported_lattice,No
4,Day 4,Tray 6,6,DJI_20260622122657_0006,17,2,7,880.583,202.051,827.941,149.409,933.226,254.694,105.285,0.0097,ms_nir_circle_supported_lattice,No
4,Day 4,Tray 6,6,DJI_20260622122657_0006,18,2,8,1016.258,201.271,963.615,148.629,1068.9,253.914,105.285,0.0184,ms_nir_circle_supported_lattice,No
4,Day 4,Tray 6,6,DJI_20260622122657_0006,19,2,9,1151.932,200.491,1099.29,147.849,1204.574,253.134,105.285,0.0182,ms_nir_circle_supported_lattice,No
4,Day 4,Tray 6,6,DJI_20260622122657_0006,20,2,10,1287.606,199.711,1234.964,147.069,1340.249,252.353,105.285,0.031,ms_nir_circle_supported_lattice,No
4,Day 4,Tray 6,6,DJI_20260622122657_0006,21,3,1,67.015,323.714,14.373,271.072,119.657,376.356,105.285,0.0202,ms_nir_circle_supported_lattice,No
4,Day 4,Tray 6,6,DJI_20260622122657_0006,22,3,2,202.689,322.934,150.047,270.291,255.332,375.576,105.285,0.0198,ms_nir_circle_supported_lattice,No
4,Day 4,Tray 6,6,DJI_20260622122657_0006,23,3,3,338.364,322.154,285.721,269.511,391.006,374.796,105.285,0.0218,ms_nir_circle_supported_lattice,No
4,Day 4,Tray 6,6,DJI_20260622122657_0006,24,3,4,474.038,321.374,421.396,268.731,526.681,374.016,105.285,0.0177,ms_nir_circle_supported_lattice,No
4,Day 4,Tray 6,6,DJI_20260622122657_0006,25,3,5,609.713,320.594,557.07,267.951,662.355,373.236,105.285,0.0234,ms_nir_circle_supported_lattice,No
4,Day 4,Tray 6,6,DJI_20260622122657_0006,26,3,6,745.387,319.814,692.745,267.171,798.03,372.456,105.285,0.0205,ms_nir_circle_supported_lattice,No
4,Day 4,Tray 6,6,DJI_20260622122657_0006,27,3,7,881.062,319.033,828.419,266.391,933.704,371.676,105.285,0.0006,ms_nir_circle_supported_lattice,No
4,Day 4,Tray 6,6,DJI_20260622122657_0006,28,3,8,1016.736,318.253,964.094,265.611,1069.379,370.896,105.285,0.0203,ms_nir_circle_supported_lattice,No
4,Day 4,Tray 6,6,DJI_20260622122657_0006,29,3,9,1152.411,317.473,1099.768,264.831,1205.053,370.116,105.285,0.0065,ms_nir_circle_supported_lattice,No
4,Day 4,Tray 6,6,DJI_20260622122657_0006,30,3,10,1288.085,316.693,1235.443,264.051,1340.727,369.336,105.285,0.0256,ms_nir_circle_supported_lattice,No
4,Day 4,Tray 6,6,DJI_20260622122657_0006,31,4,1,67.494,440.696,14.851,388.054,120.136,493.339,105.285,0.0222,ms_nir_circle_supported_lattice,No
4,Day 4,Tray 6,6,DJI_20260622122657_0006,32,4,2,203.168,439.916,150.526,387.274,255.81,492.558,105.285,0.053,ms_nir_circle_supported_lattice,No
4,Day 4,Tray 6,6,DJI_20260622122657_0006,33,4,3,338.842,439.136,286.2,386.494,391.485,491.778,105.285,0.0183,ms_nir_circle_supported_lattice,No
4,Day 4,Tray 6,6,DJI_20260622122657_0006,34,4,4,474.517,438.356,421.874,385.713,527.159,490.998,105.285,0.0222,ms_nir_circle_supported_lattice,No
4,Day 4,Tray 6,6,DJI_20260622122657_0006,35,4,5,610.191,437.576,557.549,384.933,662.834,490.218,105.285,0.0169,ms_nir_circle_supported_lattice,No
4,Day 4,Tray 6,6,DJI_20260622122657_0006,36,4,6,745.866,436.796,693.223,384.153,798.508,489.438,105.285,0.0839,ms_nir_circle_supported_lattice,No
4,Day 4,Tray 6,6,DJI_20260622122657_0006,37,4,7,881.54,436.016,828.898,383.373,934.183,488.658,105.285,0.0178,ms_nir_circle_supported_lattice,No
4,Day 4,Tray 6,6,DJI_20260622122657_0006,38,4,8,1017.215,435.235,964.572,382.593,1069.857,487.878,105.285,0.0363,ms_nir_circle_supported_lattice,No
4,Day 4,Tray 6,6,DJI_20260622122657_0006,39,4,9,1152.889,434.455,1100.247,381.813,1205.532,487.098,105.285,0.0106,ms_nir_circle_supported_lattice,No
4,Day 4,Tray 6,6,DJI_20260622122657_0006,40,4,10,1288.564,433.675,1235.921,381.033,1341.206,486.318,105.285,0.0295,ms_nir_circle_supported_lattice,No
4,Day 4,Tray 6,6,DJI_20260622122657_0006,41,5,1,67.972,557.678,15.33,505.036,120.614,610.321,105.285,0.0225,ms_nir_circle_supported_lattice,No
4,Day 4,Tray 6,6,DJI_20260622122657_0006,42,5,2,203.647,556.898,151.004,504.256,256.289,609.541,105.285,0.0171,ms_nir_circle_supported_lattice,No
4,Day 4,Tray 6,6,DJI_20260622122657_0006,43,5,3,339.321,556.118,286.679,503.476,391.963,608.76,105.285,0.0059,ms_nir_circle_supported_lattice,No
4,Day 4,Tray 6,6,DJI_20260622122657_0006,44,5,4,474.995,555.338,422.353,502.696,527.638,607.98,105.285,0.0029,ms_nir_circle_supported_lattice,No
4,Day 4,Tray 6,6,DJI_20260622122657_0006,45,5,5,610.67,554.558,558.028,501.915,663.312,607.2,105.285,0.0493,ms_nir_circle_supported_lattice,No
4,Day 4,Tray 6,6,DJI_20260622122657_0006,46,5,6,746.344,553.778,693.702,501.135,798.987,606.42,105.285,0.0116,ms_nir_circle_supported_lattice,No
4,Day 4,Tray 6,6,DJI_20260622122657_0006,47,5,7,882.019,552.998,829.376,500.355,934.661,605.64,105.285,0.019,ms_nir_circle_supported_lattice,No
4,Day 4,Tray 6,6,DJI_20260622122657_0006,48,5,8,1017.693,552.218,965.051,499.575,1070.336,604.86,105.285,0.012,ms_nir_circle_supported_lattice,No
4,Day 4,Tray 6,6,DJI_20260622122657_0006,49,5,9,1153.368,551.438,1100.725,498.795,1206.01,604.08,105.285,0.0144,ms_nir_circle_supported_lattice,No
4,Day 4,Tray 6,6,DJI_20260622122657_0006,50,5,10,1289.042,550.657,1236.4,498.015,1341.685,603.3,105.285,0.0461,ms_nir_circle_supported_lattice,No
4,Day 4,Tray 6,6,DJI_20260622122657_0006,51,6,1,68.451,674.66,15.808,622.018,121.093,727.303,105.285,0.0144,ms_nir_circle_supported_lattice,No
4,Day 4,Tray 6,6,DJI_20260622122657_0006,52,6,2,204.125,673.88,151.483,621.238,256.768,726.523,105.285,0.0106,ms_nir_circle_supported_lattice,No
4,Day 4,Tray 6,6,DJI_20260622122657_0006,53,6,3,339.8,673.1,287.157,620.458,392.442,725.743,105.285,0.0019,ms_nir_circle_supported_lattice,No
4,Day 4,Tray 6,6,DJI_20260622122657_0006,54,6,4,475.474,672.32,422.832,619.678,528.116,724.963,105.285,0.0202,ms_nir_circle_supported_lattice,No
4,Day 4,Tray 6,6,DJI_20260622122657_0006,55,6,5,611.148,671.54,558.506,618.898,663.791,724.182,105.285,0.0284,ms_nir_circle_supported_lattice,No
4,Day 4,Tray 6,6,DJI_20260622122657_0006,56,6,6,746.823,670.76,694.181,618.118,799.465,723.402,105.285,0.0096,ms_nir_circle_supported_lattice,No
4,Day 4,Tray 6,6,DJI_20260622122657_0006,57,6,7,882.497,669.98,829.855,617.337,935.14,722.622,105.285,0.0462,ms_nir_circle_supported_lattice,No
4,Day 4,Tray 6,6,DJI_20260622122657_0006,58,6,8,1018.172,669.2,965.529,616.557,1070.814,721.842,105.285,0.034,ms_nir_circle_supported_lattice,No
4,Day 4,Tray 6,6,DJI_20260622122657_0006,59,6,9,1153.846,668.42,1101.204,615.777,1206.489,721.062,105.285,0.0038,ms_nir_circle_supported_lattice,No
4,Day 4,Tray 6,6,DJI_20260622122657_0006,60,6,10,1289.521,667.64,1236.878,614.997,1342.163,720.282,105.285,0.0242,ms_nir_circle_supported_lattice,No
4,Day 4,Tray 6,6,DJI_20260622122657_0006,61,7,1,68.929,791.643,16.287,739.0,121.572,844.285,105.285,0.0244,ms_nir_circle_supported_lattice,No
4,Day 4,Tray 6,6,DJI_20260622122657_0006,62,7,2,204.604,790.862,151.961,738.22,257.246,843.505,105.285,0.021,ms_nir_circle_supported_lattice,No
4,Day 4,Tray 6,6,DJI_20260622122657_0006,63,7,3,340.278,790.082,287.636,737.44,392.921,842.725,105.285,0.0096,ms_nir_circle_supported_lattice,No
4,Day 4,Tray 6,6,DJI_20260622122657_0006,64,7,4,475.953,789.302,423.31,736.66,528.595,841.945,105.285,0.0111,ms_nir_circle_supported_lattice,No
4,Day 4,Tray 6,6,DJI_20260622122657_0006,65,7,5,611.627,788.522,558.985,735.88,664.269,841.165,105.285,0.0146,ms_nir_circle_supported_lattice,No
4,Day 4,Tray 6,6,DJI_20260622122657_0006,66,7,6,747.302,787.742,694.659,735.1,799.944,840.385,105.285,0.0773,ms_nir_circle_supported_lattice,No
4,Day 4,Tray 6,6,DJI_20260622122657_0006,67,7,7,882.976,786.962,830.334,734.32,935.618,839.604,105.285,0.0004,ms_nir_circle_supported_lattice,No
4,Day 4,Tray 6,6,DJI_20260622122657_0006,68,7,8,1018.65,786.182,966.008,733.54,1071.293,838.824,105.285,0.0254,ms_nir_circle_supported_lattice,No
4,Day 4,Tray 6,6,DJI_20260622122657_0006,69,7,9,1154.325,785.402,1101.682,732.759,1206.967,838.044,105.285,0.0475,ms_nir_circle_supported_lattice,No
4,Day 4,Tray 6,6,DJI_20260622122657_0006,70,7,10,1289.999,784.622,1237.357,731.979,1342.642,837.264,105.285,0.0411,ms_nir_circle_supported_lattice,No
4,Day 4,Tray 7,7,DJI_20260622122752_0007,1,1,1,80.89,91.875,28.519,39.504,133.26,144.246,104.741,0.0179,ms_nir_circle_supported_lattice,No
4,Day 4,Tray 7,7,DJI_20260622122752_0007,2,1,2,216.984,91.18,164.613,38.809,269.355,143.55,104.741,0.0445,ms_nir_circle_supported_lattice,No
4,Day 4,Tray 7,7,DJI_20260622122752_0007,3,1,3,353.078,90.485,300.708,38.114,405.449,142.855,104.741,0.0233,ms_nir_circle_supported_lattice,No
4,Day 4,Tray 7,7,DJI_20260622122752_0007,4,1,4,489.173,89.789,436.802,37.419,541.543,142.16,104.741,0.0069,ms_nir_circle_supported_lattice,No
4,Day 4,Tray 7,7,DJI_20260622122752_0007,5,1,5,625.267,89.094,572.897,36.724,677.638,141.465,104.741,0.0286,ms_nir_circle_supported_lattice,No
4,Day 4,Tray 7,7,DJI_20260622122752_0007,6,1,6,761.361,88.399,708.991,36.028,813.732,140.769,104.741,0.0145,ms_nir_circle_supported_lattice,No
4,Day 4,Tray 7,7,DJI_20260622122752_0007,7,1,7,897.456,87.704,845.085,35.333,949.826,140.074,104.741,0.0135,ms_nir_circle_supported_lattice,No
4,Day 4,Tray 7,7,DJI_20260622122752_0007,8,1,8,1033.55,87.008,981.18,34.638,1085.921,139.379,104.741,0.0151,ms_nir_circle_supported_lattice,No
4,Day 4,Tray 7,7,DJI_20260622122752_0007,9,1,9,1169.645,86.313,1117.274,33.943,1222.015,138.684,104.741,0.0237,ms_nir_circle_supported_lattice,No
4,Day 4,Tray 7,7,DJI_20260622122752_0007,10,1,10,1305.739,85.618,1253.368,33.247,1358.109,137.988,104.741,0.0058,ms_nir_circle_supported_lattice,No
4,Day 4,Tray 7,7,DJI_20260622122752_0007,11,2,1,81.847,208.25,29.476,155.879,134.217,260.621,104.741,0.0076,ms_nir_circle_supported_lattice,No
4,Day 4,Tray 7,7,DJI_20260622122752_0007,12,2,2,217.941,207.555,165.571,155.184,270.312,259.925,104.741,0.0134,ms_nir_circle_supported_lattice,No
4,Day 4,Tray 7,7,DJI_20260622122752_0007,13,2,3,354.035,206.86,301.665,154.489,406.406,259.23,104.741,0.0084,ms_nir_circle_supported_lattice,No
4,Day 4,Tray 7,7,DJI_20260622122752_0007,14,2,4,490.13,206.164,437.759,153.794,542.5,258.535,104.741,0.0468,ms_nir_circle_supported_lattice,No
4,Day 4,Tray 7,7,DJI_20260622122752_0007,15,2,5,626.224,205.469,573.854,153.099,678.595,257.84,104.741,0.0045,ms_nir_circle_supported_lattice,No
4,Day 4,Tray 7,7,DJI_20260622122752_0007,16,2,6,762.319,204.774,709.948,152.403,814.689,257.144,104.741,0.0155,ms_nir_circle_supported_lattice,No
4,Day 4,Tray 7,7,DJI_20260622122752_0007,17,2,7,898.413,204.079,846.042,151.708,950.784,256.449,104.741,0.035,ms_nir_circle_supported_lattice,No
4,Day 4,Tray 7,7,DJI_20260622122752_0007,18,2,8,1034.507,203.383,982.137,151.013,1086.878,255.754,104.741,0.0126,ms_nir_circle_supported_lattice,No
4,Day 4,Tray 7,7,DJI_20260622122752_0007,19,2,9,1170.602,202.688,1118.231,150.318,1222.972,255.059,104.741,0.0202,ms_nir_circle_supported_lattice,No
4,Day 4,Tray 7,7,DJI_20260622122752_0007,20,2,10,1306.696,201.993,1254.326,149.622,1359.067,254.363,104.741,0.026,ms_nir_circle_supported_lattice,No
4,Day 4,Tray 7,7,DJI_20260622122752_0007,21,3,1,82.804,324.625,30.433,272.254,135.174,376.996,104.741,0.0076,ms_nir_circle_supported_lattice,No
4,Day 4,Tray 7,7,DJI_20260622122752_0007,22,3,2,218.898,323.93,166.528,271.559,271.269,376.3,104.741,0.0182,ms_nir_circle_supported_lattice,No
4,Day 4,Tray 7,7,DJI_20260622122752_0007,23,3,3,354.993,323.235,302.622,270.864,407.363,375.605,104.741,0.002,ms_nir_circle_supported_lattice,No
4,Day 4,Tray 7,7,DJI_20260622122752_0007,24,3,4,491.087,322.539,438.716,270.169,543.458,374.91,104.741,0.0162,ms_nir_circle_supported_lattice,No
4,Day 4,Tray 7,7,DJI_20260622122752_0007,25,3,5,627.181,321.844,574.811,269.474,679.552,374.215,104.741,0.0122,ms_nir_circle_supported_lattice,No
4,Day 4,Tray 7,7,DJI_20260622122752_0007,26,3,6,763.276,321.149,710.905,268.778,815.646,373.519,104.741,0.0096,ms_nir_circle_supported_lattice,No
4,Day 4,Tray 7,7,DJI_20260622122752_0007,27,3,7,899.37,320.454,847.0,268.083,951.741,372.824,104.741,0.0258,ms_nir_circle_supported_lattice,No
4,Day 4,Tray 7,7,DJI_20260622122752_0007,28,3,8,1035.465,319.758,983.094,267.388,1087.835,372.129,104.741,0.024,ms_nir_circle_supported_lattice,No
4,Day 4,Tray 7,7,DJI_20260622122752_0007,29,3,9,1171.559,319.063,1119.188,266.693,1223.929,371.434,104.741,0.0456,ms_nir_circle_supported_lattice,No
4,Day 4,Tray 7,7,DJI_20260622122752_0007,30,3,10,1307.653,318.368,1255.283,265.997,1360.024,370.738,104.741,0.0152,ms_nir_circle_supported_lattice,No
4,Day 4,Tray 7,7,DJI_20260622122752_0007,31,4,1,83.761,441.0,31.391,388.629,136.132,493.371,104.741,0.0568,ms_nir_circle_supported_lattice,No
4,Day 4,Tray 7,7,DJI_20260622122752_0007,32,4,2,219.855,440.305,167.485,387.934,272.226,492.675,104.741,0.0095,ms_nir_circle_supported_lattice,No
4,Day 4,Tray 7,7,DJI_20260622122752_0007,33,4,3,355.95,439.61,303.579,387.239,408.32,491.98,104.741,0.0104,ms_nir_circle_supported_lattice,No
4,Day 4,Tray 7,7,DJI_20260622122752_0007,34,4,4,492.044,438.914,439.674,386.544,544.415,491.285,104.741,0.0082,ms_nir_circle_supported_lattice,No
4,Day 4,Tray 7,7,DJI_20260622122752_0007,35,4,5,628.139,438.219,575.768,385.849,680.509,490.59,104.741,0.01,ms_nir_circle_supported_lattice,No
4,Day 4,Tray 7,7,DJI_20260622122752_0007,36,4,6,764.233,437.524,711.862,385.153,816.603,489.894,104.741,0.0049,ms_nir_circle_supported_lattice,No
4,Day 4,Tray 7,7,DJI_20260622122752_0007,37,4,7,900.327,436.829,847.957,384.458,952.698,489.199,104.741,0.0236,ms_nir_circle_supported_lattice,No
4,Day 4,Tray 7,7,DJI_20260622122752_0007,38,4,8,1036.422,436.133,984.051,383.763,1088.792,488.504,104.741,0.0109,ms_nir_circle_supported_lattice,No
4,Day 4,Tray 7,7,DJI_20260622122752_0007,39,4,9,1172.516,435.438,1120.145,383.068,1224.887,487.809,104.741,0.0139,ms_nir_circle_supported_lattice,No
4,Day 4,Tray 7,7,DJI_20260622122752_0007,40,4,10,1308.61,434.743,1256.24,382.372,1360.981,487.113,104.741,0.0113,ms_nir_circle_supported_lattice,No
4,Day 4,Tray 7,7,DJI_20260622122752_0007,41,5,1,84.718,557.375,32.348,505.004,137.089,609.746,104.741,0.0567,ms_nir_circle_supported_lattice,No
4,Day 4,Tray 7,7,DJI_20260622122752_0007,42,5,2,220.813,556.68,168.442,504.309,273.183,609.05,104.741,0.0197,ms_nir_circle_supported_lattice,No
4,Day 4,Tray 7,7,DJI_20260622122752_0007,43,5,3,356.907,555.985,304.536,503.614,409.277,608.355,104.741,0.1331,ms_nir_circle_supported_lattice,No
4,Day 4,Tray 7,7,DJI_20260622122752_0007,44,5,4,493.001,555.289,440.631,502.919,545.372,607.66,104.741,0.028,ms_nir_circle_supported_lattice,No
4,Day 4,Tray 7,7,DJI_20260622122752_0007,45,5,5,629.096,554.594,576.725,502.224,681.466,606.965,104.741,0.1016,ms_nir_circle_supported_lattice,No
4,Day 4,Tray 7,7,DJI_20260622122752_0007,46,5,6,765.19,553.899,712.82,501.528,817.561,606.269,104.741,0.007,ms_nir_circle_supported_lattice,No
4,Day 4,Tray 7,7,DJI_20260622122752_0007,47,5,7,901.284,553.204,848.914,500.833,953.655,605.574,104.741,0.0499,ms_nir_circle_supported_lattice,No
4,Day 4,Tray 7,7,DJI_20260622122752_0007,48,5,8,1037.379,552.508,985.008,500.138,1089.749,604.879,104.741,0.0389,ms_nir_circle_supported_lattice,No
4,Day 4,Tray 7,7,DJI_20260622122752_0007,49,5,9,1173.473,551.813,1121.103,499.443,1225.844,604.184,104.741,0.0245,ms_nir_circle_supported_lattice,No
4,Day 4,Tray 7,7,DJI_20260622122752_0007,50,5,10,1309.568,551.118,1257.197,498.747,1361.938,603.488,104.741,0.0186,ms_nir_circle_supported_lattice,No
4,Day 4,Tray 7,7,DJI_20260622122752_0007,51,6,1,85.675,673.75,33.305,621.379,138.046,726.121,104.741,0.0495,ms_nir_circle_supported_lattice,No
4,Day 4,Tray 7,7,DJI_20260622122752_0007,52,6,2,221.77,673.055,169.399,620.684,274.14,725.425,104.741,0.1063,ms_nir_circle_supported_lattice,No
4,Day 4,Tray 7,7,DJI_20260622122752_0007,53,6,3,357.864,672.36,305.494,619.989,410.235,724.73,104.741,0.0112,ms_nir_circle_supported_lattice,No
4,Day 4,Tray 7,7,DJI_20260622122752_0007,54,6,4,493.958,671.664,441.588,619.294,546.329,724.035,104.741,0.0106,ms_nir_circle_supported_lattice,No
4,Day 4,Tray 7,7,DJI_20260622122752_0007,55,6,5,630.053,670.969,577.682,618.599,682.423,723.34,104.741,0.0379,ms_nir_circle_supported_lattice,No
4,Day 4,Tray 7,7,DJI_20260622122752_0007,56,6,6,766.147,670.274,713.777,617.903,818.518,722.644,104.741,0.0132,ms_nir_circle_supported_lattice,No
4,Day 4,Tray 7,7,DJI_20260622122752_0007,57,6,7,902.242,669.579,849.871,617.208,954.612,721.949,104.741,0.0203,ms_nir_circle_supported_lattice,No
4,Day 4,Tray 7,7,DJI_20260622122752_0007,58,6,8,1038.336,668.883,985.965,616.513,1090.706,721.254,104.741,0.0172,ms_nir_circle_supported_lattice,No
4,Day 4,Tray 7,7,DJI_20260622122752_0007,59,6,9,1174.43,668.188,1122.06,615.818,1226.801,720.559,104.741,0.0109,ms_nir_circle_supported_lattice,No
4,Day 4,Tray 7,7,DJI_20260622122752_0007,60,6,10,1310.525,667.493,1258.154,615.122,1362.895,719.863,104.741,0.0218,ms_nir_circle_supported_lattice,No
4,Day 4,Tray 7,7,DJI_20260622122752_0007,61,7,1,86.632,790.125,34.262,737.754,139.003,842.496,104.741,0.0337,ms_nir_circle_supported_lattice,No
4,Day 4,Tray 7,7,DJI_20260622122752_0007,62,7,2,222.727,789.43,170.356,737.059,275.097,841.8,104.741,0.0137,ms_nir_circle_supported_lattice,No
4,Day 4,Tray 7,7,DJI_20260622122752_0007,63,7,3,358.821,788.735,306.451,736.364,411.192,841.105,104.741,0.0539,ms_nir_circle_supported_lattice,No
4,Day 4,Tray 7,7,DJI_20260622122752_0007,64,7,4,494.916,788.039,442.545,735.669,547.286,840.41,104.741,0.0184,ms_nir_circle_supported_lattice,No
4,Day 4,Tray 7,7,DJI_20260622122752_0007,65,7,5,631.01,787.344,578.639,734.974,683.38,839.715,104.741,0.009,ms_nir_circle_supported_lattice,No
4,Day 4,Tray 7,7,DJI_20260622122752_0007,66,7,6,767.104,786.649,714.734,734.278,819.475,839.019,104.741,0.0286,ms_nir_circle_supported_lattice,No
4,Day 4,Tray 7,7,DJI_20260622122752_0007,67,7,7,903.199,785.954,850.828,733.583,955.569,838.324,104.741,0.0381,ms_nir_circle_supported_lattice,No
4,Day 4,Tray 7,7,DJI_20260622122752_0007,68,7,8,1039.293,785.258,986.923,732.888,1091.664,837.629,104.741,0.0182,ms_nir_circle_supported_lattice,No
4,Day 4,Tray 7,7,DJI_20260622122752_0007,69,7,9,1175.387,784.563,1123.017,732.193,1227.758,836.934,104.741,0.0863,ms_nir_circle_supported_lattice,No
4,Day 4,Tray 7,7,DJI_20260622122752_0007,70,7,10,1311.482,783.868,1259.111,731.497,1363.852,836.238,104.741,0.0267,ms_nir_circle_supported_lattice,No
4,Day 4,Tray 8,8,DJI_20260622122838_0008,1,1,1,70.421,79.893,17.229,26.701,123.613,133.085,106.384,0.0468,ms_nir_circle_supported_lattice,No
4,Day 4,Tray 8,8,DJI_20260622122838_0008,2,1,2,206.68,78.988,153.488,25.795,259.872,132.18,106.384,0.0344,ms_nir_circle_supported_lattice,No
4,Day 4,Tray 8,8,DJI_20260622122838_0008,3,1,3,342.939,78.082,289.746,24.89,396.131,131.274,106.384,0.0231,ms_nir_circle_supported_lattice,No
4,Day 4,Tray 8,8,DJI_20260622122838_0008,4,1,4,479.197,77.176,426.005,23.984,532.389,130.368,106.384,0.0022,ms_nir_circle_supported_lattice,No
4,Day 4,Tray 8,8,DJI_20260622122838_0008,5,1,5,615.456,76.271,562.264,23.079,668.648,129.463,106.384,0.0164,ms_nir_circle_supported_lattice,No
4,Day 4,Tray 8,8,DJI_20260622122838_0008,6,1,6,751.715,75.365,698.523,22.173,804.907,128.557,106.384,0.0236,ms_nir_circle_supported_lattice,No
4,Day 4,Tray 8,8,DJI_20260622122838_0008,7,1,7,887.974,74.459,834.782,21.267,941.166,127.651,106.384,0.028,ms_nir_circle_supported_lattice,No
4,Day 4,Tray 8,8,DJI_20260622122838_0008,8,1,8,1024.233,73.554,971.041,20.362,1077.425,126.746,106.384,0.0399,ms_nir_circle_supported_lattice,No
4,Day 4,Tray 8,8,DJI_20260622122838_0008,9,1,9,1160.492,72.648,1107.3,19.456,1213.684,125.84,106.384,0.0228,ms_nir_circle_supported_lattice,No
4,Day 4,Tray 8,8,DJI_20260622122838_0008,10,1,10,1296.751,71.743,1243.559,18.55,1349.943,124.935,106.384,0.0479,ms_nir_circle_supported_lattice,No
4,Day 4,Tray 8,8,DJI_20260622122838_0008,11,2,1,70.906,198.097,17.714,144.905,124.099,251.289,106.384,0.0496,ms_nir_circle_supported_lattice,No
4,Day 4,Tray 8,8,DJI_20260622122838_0008,12,2,2,207.165,197.191,153.973,143.999,260.357,250.383,106.384,0.0248,ms_nir_circle_supported_lattice,No
4,Day 4,Tray 8,8,DJI_20260622122838_0008,13,2,3,343.424,196.285,290.232,143.093,396.616,249.478,106.384,0.0567,ms_nir_circle_supported_lattice,No
4,Day 4,Tray 8,8,DJI_20260622122838_0008,14,2,4,479.683,195.38,426.491,142.188,532.875,248.572,106.384,0.0198,ms_nir_circle_supported_lattice,No
4,Day 4,Tray 8,8,DJI_20260622122838_0008,15,2,5,615.942,194.474,562.75,141.282,669.134,247.666,106.384,0.042,ms_nir_circle_supported_lattice,No
4,Day 4,Tray 8,8,DJI_20260622122838_0008,16,2,6,752.201,193.569,699.009,140.377,805.393,246.761,106.384,0.0297,ms_nir_circle_supported_lattice,No
4,Day 4,Tray 8,8,DJI_20260622122838_0008,17,2,7,888.46,192.663,835.268,139.471,941.652,245.855,106.384,0.0251,ms_nir_circle_supported_lattice,No
4,Day 4,Tray 8,8,DJI_20260622122838_0008,18,2,8,1024.719,191.757,971.527,138.565,1077.911,244.949,106.384,0.0199,ms_nir_circle_supported_lattice,No
4,Day 4,Tray 8,8,DJI_20260622122838_0008,19,2,9,1160.977,190.852,1107.785,137.66,1214.17,244.044,106.384,0.0072,ms_nir_circle_supported_lattice,No
4,Day 4,Tray 8,8,DJI_20260622122838_0008,20,2,10,1297.236,189.946,1244.044,136.754,1350.428,243.138,106.384,0.0358,ms_nir_circle_supported_lattice,No
4,Day 4,Tray 8,8,DJI_20260622122838_0008,21,3,1,71.392,316.3,18.2,263.108,124.584,369.492,106.384,0.0228,ms_nir_circle_supported_lattice,No
4,Day 4,Tray 8,8,DJI_20260622122838_0008,22,3,2,207.651,315.395,154.459,262.203,260.843,368.587,106.384,0.0348,ms_nir_circle_supported_lattice,No
4,Day 4,Tray 8,8,DJI_20260622122838_0008,23,3,3,343.91,314.489,290.718,261.297,397.102,367.681,106.384,0.0149,ms_nir_circle_supported_lattice,No
4,Day 4,Tray 8,8,DJI_20260622122838_0008,24,3,4,480.169,313.583,426.977,260.391,533.361,366.775,106.384,0.019,ms_nir_circle_supported_lattice,No
4,Day 4,Tray 8,8,DJI_20260622122838_0008,25,3,5,616.428,312.678,563.236,259.486,669.62,365.87,106.384,0.0291,ms_nir_circle_supported_lattice,No
4,Day 4,Tray 8,8,DJI_20260622122838_0008,26,3,6,752.687,311.772,699.495,258.58,805.879,364.964,106.384,0.0319,ms_nir_circle_supported_lattice,No
4,Day 4,Tray 8,8,DJI_20260622122838_0008,27,3,7,888.945,310.867,835.753,257.675,942.138,364.059,106.384,0.0249,ms_nir_circle_supported_lattice,No
4,Day 4,Tray 8,8,DJI_20260622122838_0008,28,3,8,1025.204,309.961,972.012,256.769,1078.396,363.153,106.384,0.0312,ms_nir_circle_supported_lattice,No
4,Day 4,Tray 8,8,DJI_20260622122838_0008,29,3,9,1161.463,309.055,1108.271,255.863,1214.655,362.247,106.384,0.01,ms_nir_circle_supported_lattice,No
4,Day 4,Tray 8,8,DJI_20260622122838_0008,30,3,10,1297.722,308.15,1244.53,254.958,1350.914,361.342,106.384,0.0637,ms_nir_circle_supported_lattice,No
4,Day 4,Tray 8,8,DJI_20260622122838_0008,31,4,1,71.878,434.504,18.686,381.312,125.07,487.696,106.384,0.0185,ms_nir_circle_supported_lattice,No
4,Day 4,Tray 8,8,DJI_20260622122838_0008,32,4,2,208.137,433.598,154.945,380.406,261.329,486.79,106.384,0.0081,ms_nir_circle_supported_lattice,No
4,Day 4,Tray 8,8,DJI_20260622122838_0008,33,4,3,344.396,432.693,291.204,379.501,397.588,485.885,106.384,0.0042,ms_nir_circle_supported_lattice,No
4,Day 4,Tray 8,8,DJI_20260622122838_0008,34,4,4,480.655,431.787,427.462,378.595,533.847,484.979,106.384,0.091,ms_nir_circle_supported_lattice,No
4,Day 4,Tray 8,8,DJI_20260622122838_0008,35,4,5,616.913,430.881,563.721,377.689,670.105,484.073,106.384,0.0305,ms_nir_circle_supported_lattice,No
4,Day 4,Tray 8,8,DJI_20260622122838_0008,36,4,6,753.172,429.976,699.98,376.784,806.364,483.168,106.384,0.0194,ms_nir_circle_supported_lattice,No
4,Day 4,Tray 8,8,DJI_20260622122838_0008,37,4,7,889.431,429.07,836.239,375.878,942.623,482.262,106.384,0.0745,ms_nir_circle_supported_lattice,No
4,Day 4,Tray 8,8,DJI_20260622122838_0008,38,4,8,1025.69,428.165,972.498,374.972,1078.882,481.357,106.384,0.006,ms_nir_circle_supported_lattice,No
4,Day 4,Tray 8,8,DJI_20260622122838_0008,39,4,9,1161.949,427.259,1108.757,374.067,1215.141,480.451,106.384,0.0092,ms_nir_circle_supported_lattice,No
4,Day 4,Tray 8,8,DJI_20260622122838_0008,40,4,10,1298.208,426.353,1245.016,373.161,1351.4,479.545,106.384,0.0242,ms_nir_circle_supported_lattice,No
4,Day 4,Tray 8,8,DJI_20260622122838_0008,41,5,1,72.364,552.707,19.172,499.515,125.556,605.9,106.384,0.0266,ms_nir_circle_supported_lattice,No
4,Day 4,Tray 8,8,DJI_20260622122838_0008,42,5,2,208.623,551.802,155.43,498.61,261.815,604.994,106.384,0.0086,ms_nir_circle_supported_lattice,No
4,Day 4,Tray 8,8,DJI_20260622122838_0008,43,5,3,344.881,550.896,291.689,497.704,398.073,604.088,106.384,0.0161,ms_nir_circle_supported_lattice,No
4,Day 4,Tray 8,8,DJI_20260622122838_0008,44,5,4,481.14,549.991,427.948,496.799,534.332,603.183,106.384,0.02,ms_nir_circle_supported_lattice,No
4,Day 4,Tray 8,8,DJI_20260622122838_0008,45,5,5,617.399,549.085,564.207,495.893,670.591,602.277,106.384,0.0635,ms_nir_circle_supported_lattice,No
4,Day 4,Tray 8,8,DJI_20260622122838_0008,46,5,6,753.658,548.179,700.466,494.987,806.85,601.371,106.384,0.0235,ms_nir_circle_supported_lattice,No
4,Day 4,Tray 8,8,DJI_20260622122838_0008,47,5,7,889.917,547.274,836.725,494.082,943.109,600.466,106.384,0.0774,ms_nir_circle_supported_lattice,No
4,Day 4,Tray 8,8,DJI_20260622122838_0008,48,5,8,1026.176,546.368,972.984,493.176,1079.368,599.56,106.384,0.059,ms_nir_circle_supported_lattice,No
4,Day 4,Tray 8,8,DJI_20260622122838_0008,49,5,9,1162.435,545.462,1109.243,492.27,1215.627,598.655,106.384,0.022,ms_nir_circle_supported_lattice,No
4,Day 4,Tray 8,8,DJI_20260622122838_0008,50,5,10,1298.694,544.557,1245.501,491.365,1351.886,597.749,106.384,0.0292,ms_nir_circle_supported_lattice,No
4,Day 4,Tray 8,8,DJI_20260622122838_0008,51,6,1,72.849,670.911,19.657,617.719,126.041,724.103,106.384,0.0306,ms_nir_circle_supported_lattice,No
4,Day 4,Tray 8,8,DJI_20260622122838_0008,52,6,2,209.108,670.005,155.916,616.813,262.3,723.197,106.384,0.017,ms_nir_circle_supported_lattice,No
4,Day 4,Tray 8,8,DJI_20260622122838_0008,53,6,3,345.367,669.1,292.175,615.908,398.559,722.292,106.384,0.0107,ms_nir_circle_supported_lattice,No
4,Day 4,Tray 8,8,DJI_20260622122838_0008,54,6,4,481.626,668.194,428.434,615.002,534.818,721.386,106.384,0.0669,ms_nir_circle_supported_lattice,No
4,Day 4,Tray 8,8,DJI_20260622122838_0008,55,6,5,617.885,667.289,564.693,614.096,671.077,720.481,106.384,0.0455,ms_nir_circle_supported_lattice,No
4,Day 4,Tray 8,8,DJI_20260622122838_0008,56,6,6,754.144,666.383,700.952,613.191,807.336,719.575,106.384,0.0713,ms_nir_circle_supported_lattice,No
4,Day 4,Tray 8,8,DJI_20260622122838_0008,57,6,7,890.403,665.477,837.211,612.285,943.595,718.669,106.384,0.0997,ms_nir_circle_supported_lattice,No
4,Day 4,Tray 8,8,DJI_20260622122838_0008,58,6,8,1026.661,664.572,973.469,611.38,1079.854,717.764,106.384,0.0207,ms_nir_circle_supported_lattice,No
4,Day 4,Tray 8,8,DJI_20260622122838_0008,59,6,9,1162.92,663.666,1109.728,610.474,1216.112,716.858,106.384,0.0272,ms_nir_circle_supported_lattice,No
4,Day 4,Tray 8,8,DJI_20260622122838_0008,60,6,10,1299.179,662.76,1245.987,609.568,1352.371,715.952,106.384,0.0375,ms_nir_circle_supported_lattice,No
4,Day 4,Tray 8,8,DJI_20260622122838_0008,61,7,1,73.335,789.115,20.143,735.923,126.527,842.307,106.384,0.0488,ms_nir_circle_supported_lattice,No
4,Day 4,Tray 8,8,DJI_20260622122838_0008,62,7,2,209.594,788.209,156.402,735.017,262.786,841.401,106.384,0.0276,ms_nir_circle_supported_lattice,No
4,Day 4,Tray 8,8,DJI_20260622122838_0008,63,7,3,345.853,787.303,292.661,734.111,399.045,840.495,106.384,0.0454,ms_nir_circle_supported_lattice,No
4,Day 4,Tray 8,8,DJI_20260622122838_0008,64,7,4,482.112,786.398,428.92,733.206,535.304,839.59,106.384,0.0462,ms_nir_circle_supported_lattice,No
4,Day 4,Tray 8,8,DJI_20260622122838_0008,65,7,5,618.371,785.492,565.179,732.3,671.563,838.684,106.384,0.0288,ms_nir_circle_supported_lattice,No
4,Day 4,Tray 8,8,DJI_20260622122838_0008,66,7,6,754.629,784.586,701.437,731.394,807.821,837.779,106.384,0.0302,ms_nir_circle_supported_lattice,No
4,Day 4,Tray 8,8,DJI_20260622122838_0008,67,7,7,890.888,783.681,837.696,730.489,944.08,836.873,106.384,0.0291,ms_nir_circle_supported_lattice,No
4,Day 4,Tray 8,8,DJI_20260622122838_0008,68,7,8,1027.147,782.775,973.955,729.583,1080.339,835.967,106.384,0.0549,ms_nir_circle_supported_lattice,No
4,Day 4,Tray 8,8,DJI_20260622122838_0008,69,7,9,1163.406,781.87,1110.214,728.678,1216.598,835.062,106.384,0.0575,ms_nir_circle_supported_lattice,No
4,Day 4,Tray 8,8,DJI_20260622122838_0008,70,7,10,1299.665,780.964,1246.473,727.772,1352.857,834.156,106.384,0.0443,ms_nir_circle_supported_lattice,No
5,Day 5,Tray 1,1,DJI_20260623123614_0001,1,1,1,67.702,86.164,14.758,33.22,120.646,139.108,105.888,0.0321,ms_nir_circle_supported_lattice,No
5,Day 5,Tray 1,1,DJI_20260623123614_0001,2,1,2,203.868,86.279,150.923,33.334,256.812,139.223,105.888,0.0233,ms_nir_circle_supported_lattice,No
5,Day 5,Tray 1,1,DJI_20260623123614_0001,3,1,3,340.033,86.393,287.089,33.449,392.977,139.337,105.888,0.0118,ms_nir_circle_supported_lattice,No
5,Day 5,Tray 1,1,DJI_20260623123614_0001,4,1,4,476.198,86.507,423.254,33.563,529.143,139.451,105.888,0.0046,ms_nir_circle_supported_lattice,No
5,Day 5,Tray 1,1,DJI_20260623123614_0001,5,1,5,612.364,86.621,559.42,33.677,665.308,139.566,105.888,0.0208,ms_nir_circle_supported_lattice,No
5,Day 5,Tray 1,1,DJI_20260623123614_0001,6,1,6,748.529,86.736,695.585,33.792,801.473,139.68,105.888,0.0153,ms_nir_circle_supported_lattice,No
5,Day 5,Tray 1,1,DJI_20260623123614_0001,7,1,7,884.694,86.85,831.75,33.906,937.639,139.794,105.888,0.0213,ms_nir_circle_supported_lattice,No
5,Day 5,Tray 1,1,DJI_20260623123614_0001,8,1,8,1020.86,86.964,967.916,34.02,1073.804,139.908,105.888,0.0167,ms_nir_circle_supported_lattice,No
5,Day 5,Tray 1,1,DJI_20260623123614_0001,9,1,9,1157.025,87.079,1104.081,34.134,1209.969,140.023,105.888,0.0244,ms_nir_circle_supported_lattice,No
5,Day 5,Tray 1,1,DJI_20260623123614_0001,10,1,10,1293.191,87.193,1240.246,34.249,1346.135,140.137,105.888,0.0358,ms_nir_circle_supported_lattice,No
5,Day 5,Tray 1,1,DJI_20260623123614_0001,11,2,1,68.634,203.814,15.69,150.87,121.579,256.758,105.888,0.0105,ms_nir_circle_supported_lattice,No
5,Day 5,Tray 1,1,DJI_20260623123614_0001,12,2,2,204.8,203.929,151.856,150.984,257.744,256.873,105.888,0.0233,ms_nir_circle_supported_lattice,No
5,Day 5,Tray 1,1,DJI_20260623123614_0001,13,2,3,340.965,204.043,288.021,151.099,393.909,256.987,105.888,0.0166,ms_nir_circle_supported_lattice,No
5,Day 5,Tray 1,1,DJI_20260623123614_0001,14,2,4,477.131,204.157,424.186,151.213,530.075,257.101,105.888,0.0373,ms_nir_circle_supported_lattice,No
5,Day 5,Tray 1,1,DJI_20260623123614_0001,15,2,5,613.296,204.271,560.352,151.327,666.24,257.216,105.888,0.0149,ms_nir_circle_supported_lattice,No
5,Day 5,Tray 1,1,DJI_20260623123614_0001,16,2,6,749.461,204.386,696.517,151.442,802.405,257.33,105.888,0.024,ms_nir_circle_supported_lattice,No
5,Day 5,Tray 1,1,DJI_20260623123614_0001,17,2,7,885.627,204.5,832.682,151.556,938.571,257.444,105.888,0.0138,ms_nir_circle_supported_lattice,No
5,Day 5,Tray 1,1,DJI_20260623123614_0001,18,2,8,1021.792,204.614,968.848,151.67,1074.736,257.558,105.888,0.0138,ms_nir_circle_supported_lattice,No
5,Day 5,Tray 1,1,DJI_20260623123614_0001,19,2,9,1157.957,204.729,1105.013,151.784,1210.902,257.673,105.888,0.0329,ms_nir_circle_supported_lattice,No
5,Day 5,Tray 1,1,DJI_20260623123614_0001,20,2,10,1294.123,204.843,1241.179,151.899,1347.067,257.787,105.888,0.029,ms_nir_circle_supported_lattice,No
5,Day 5,Tray 1,1,DJI_20260623123614_0001,21,3,1,69.567,321.464,16.622,268.52,122.511,374.408,105.888,0.0054,ms_nir_circle_supported_lattice,No
5,Day 5,Tray 1,1,DJI_20260623123614_0001,22,3,2,205.732,321.579,152.788,268.634,258.676,374.523,105.888,0.0319,ms_nir_circle_supported_lattice,No
5,Day 5,Tray 1,1,DJI_20260623123614_0001,23,3,3,341.897,321.693,288.953,268.749,394.841,374.637,105.888,0.0096,ms_nir_circle_supported_lattice,No
5,Day 5,Tray 1,1,DJI_20260623123614_0001,24,3,4,478.063,321.807,425.119,268.863,531.007,374.751,105.888,0.0176,ms_nir_circle_supported_lattice,No
5,Day 5,Tray 1,1,DJI_20260623123614_0001,25,3,5,614.228,321.921,561.284,268.977,667.172,374.866,105.888,0.0788,ms_nir_circle_supported_lattice,No
5,Day 5,Tray 1,1,DJI_20260623123614_0001,26,3,6,750.393,322.036,697.449,269.092,803.338,374.98,105.888,0.0118,ms_nir_circle_supported_lattice,No
5,Day 5,Tray 1,1,DJI_20260623123614_0001,27,3,7,886.559,322.15,833.615,269.206,939.503,375.094,105.888,0.0507,ms_nir_circle_supported_lattice,No
5,Day 5,Tray 1,1,DJI_20260623123614_0001,28,3,8,1022.724,322.264,969.78,269.32,1075.668,375.208,105.888,0.0032,ms_nir_circle_supported_lattice,No
5,Day 5,Tray 1,1,DJI_20260623123614_0001,29,3,9,1158.89,322.379,1105.945,269.434,1211.834,375.323,105.888,0.0214,ms_nir_circle_supported_lattice,No
5,Day 5,Tray 1,1,DJI_20260623123614_0001,30,3,10,1295.055,322.493,1242.111,269.549,1347.999,375.437,105.888,0.0338,ms_nir_circle_supported_lattice,No
5,Day 5,Tray 1,1,DJI_20260623123614_0001,31,4,1,70.499,439.114,17.555,386.17,123.443,492.058,105.888,0.0386,ms_nir_circle_supported_lattice,No
5,Day 5,Tray 1,1,DJI_20260623123614_0001,32,4,2,206.664,439.229,153.72,386.284,259.608,492.173,105.888,0.0072,ms_nir_circle_supported_lattice,No
5,Day 5,Tray 1,1,DJI_20260623123614_0001,33,4,3,342.829,439.343,289.885,386.399,395.774,492.287,105.888,0.0413,ms_nir_circle_supported_lattice,No
5,Day 5,Tray 1,1,DJI_20260623123614_0001,34,4,4,478.995,439.457,426.051,386.513,531.939,492.401,105.888,0.0215,ms_nir_circle_supported_lattice,No
5,Day 5,Tray 1,1,DJI_20260623123614_0001,35,4,5,615.16,439.571,562.216,386.627,668.104,492.516,105.888,0.0605,ms_nir_circle_supported_lattice,No
5,Day 5,Tray 1,1,DJI_20260623123614_0001,36,4,6,751.326,439.686,698.381,386.742,804.27,492.63,105.888,0.0145,ms_nir_circle_supported_lattice,No
5,Day 5,Tray 1,1,DJI_20260623123614_0001,37,4,7,887.491,439.8,834.547,386.856,940.435,492.744,105.888,0.0314,ms_nir_circle_supported_lattice,No
5,Day 5,Tray 1,1,DJI_20260623123614_0001,38,4,8,1023.656,439.914,970.712,386.97,1076.6,492.858,105.888,0.0056,ms_nir_circle_supported_lattice,No
5,Day 5,Tray 1,1,DJI_20260623123614_0001,39,4,9,1159.822,440.029,1106.877,387.084,1212.766,492.973,105.888,0.1131,ms_nir_circle_supported_lattice,No
5,Day 5,Tray 1,1,DJI_20260623123614_0001,40,4,10,1295.987,440.143,1243.043,387.199,1348.931,493.087,105.888,0.0256,ms_nir_circle_supported_lattice,No
5,Day 5,Tray 1,1,DJI_20260623123614_0001,41,5,1,71.431,556.764,18.487,503.82,124.375,609.708,105.888,0.0338,ms_nir_circle_supported_lattice,No
5,Day 5,Tray 1,1,DJI_20260623123614_0001,42,5,2,207.596,556.879,154.652,503.934,260.54,609.823,105.888,0.021,ms_nir_circle_supported_lattice,No
5,Day 5,Tray 1,1,DJI_20260623123614_0001,43,5,3,343.762,556.993,290.817,504.049,396.706,609.937,105.888,0.0235,ms_nir_circle_supported_lattice,No
5,Day 5,Tray 1,1,DJI_20260623123614_0001,44,5,4,479.927,557.107,426.983,504.163,532.871,610.051,105.888,0.0686,ms_nir_circle_supported_lattice,No
5,Day 5,Tray 1,1,DJI_20260623123614_0001,45,5,5,616.092,557.221,563.148,504.277,669.036,610.166,105.888,0.0206,ms_nir_circle_supported_lattice,No
5,Day 5,Tray 1,1,DJI_20260623123614_0001,46,5,6,752.258,557.336,699.314,504.392,805.202,610.28,105.888,0.0673,ms_nir_circle_supported_lattice,No
5,Day 5,Tray 1,1,DJI_20260623123614_0001,47,5,7,888.423,557.45,835.479,504.506,941.367,610.394,105.888,0.0173,ms_nir_circle_supported_lattice,No
5,Day 5,Tray 1,1,DJI_20260623123614_0001,48,5,8,1024.588,557.564,971.644,504.62,1077.533,610.508,105.888,0.0852,ms_nir_circle_supported_lattice,No
5,Day 5,Tray 1,1,DJI_20260623123614_0001,49,5,9,1160.754,557.679,1107.81,504.734,1213.698,610.623,105.888,0.0368,ms_nir_circle_supported_lattice,No
5,Day 5,Tray 1,1,DJI_20260623123614_0001,50,5,10,1296.919,557.793,1243.975,504.849,1349.863,610.737,105.888,0.0281,ms_nir_circle_supported_lattice,No
5,Day 5,Tray 1,1,DJI_20260623123614_0001,51,6,1,72.363,674.414,19.419,621.47,125.307,727.358,105.888,0.0702,ms_nir_circle_supported_lattice,No
5,Day 5,Tray 1,1,DJI_20260623123614_0001,52,6,2,208.528,674.529,155.584,621.584,261.473,727.473,105.888,0.006,ms_nir_circle_supported_lattice,No
5,Day 5,Tray 1,1,DJI_20260623123614_0001,53,6,3,344.694,674.643,291.75,621.699,397.638,727.587,105.888,0.0575,ms_nir_circle_supported_lattice,No
5,Day 5,Tray 1,1,DJI_20260623123614_0001,54,6,4,480.859,674.757,427.915,621.813,533.803,727.701,105.888,0.0265,ms_nir_circle_supported_lattice,No
5,Day 5,Tray 1,1,DJI_20260623123614_0001,55,6,5,617.024,674.871,564.08,621.927,669.969,727.816,105.888,0.0754,ms_nir_circle_supported_lattice,No
5,Day 5,Tray 1,1,DJI_20260623123614_0001,56,6,6,753.19,674.986,700.246,622.042,806.134,727.93,105.888,0.0205,ms_nir_circle_supported_lattice,No
5,Day 5,Tray 1,1,DJI_20260623123614_0001,57,6,7,889.355,675.1,836.411,622.156,942.299,728.044,105.888,0.0082,ms_nir_circle_supported_lattice,No
5,Day 5,Tray 1,1,DJI_20260623123614_0001,58,6,8,1025.521,675.214,972.576,622.27,1078.465,728.158,105.888,0.0827,ms_nir_circle_supported_lattice,No
5,Day 5,Tray 1,1,DJI_20260623123614_0001,59,6,9,1161.686,675.329,1108.742,622.384,1214.63,728.273,105.888,0.02,ms_nir_circle_supported_lattice,No
5,Day 5,Tray 1,1,DJI_20260623123614_0001,60,6,10,1297.851,675.443,1244.907,622.499,1350.795,728.387,105.888,0.0272,ms_nir_circle_supported_lattice,No
5,Day 5,Tray 1,1,DJI_20260623123614_0001,61,7,1,73.295,792.064,20.351,739.12,126.239,845.008,105.888,0.0289,ms_nir_circle_supported_lattice,No
5,Day 5,Tray 1,1,DJI_20260623123614_0001,62,7,2,209.46,792.179,156.516,739.234,262.405,845.123,105.888,0.0108,ms_nir_circle_supported_lattice,No
5,Day 5,Tray 1,1,DJI_20260623123614_0001,63,7,3,345.626,792.293,292.682,739.349,398.57,845.237,105.888,0.0114,ms_nir_circle_supported_lattice,No
5,Day 5,Tray 1,1,DJI_20260623123614_0001,64,7,4,481.791,792.407,428.847,739.463,534.735,845.351,105.888,0.0628,ms_nir_circle_supported_lattice,No
5,Day 5,Tray 1,1,DJI_20260623123614_0001,65,7,5,617.957,792.521,565.012,739.577,670.901,845.466,105.888,0.0397,ms_nir_circle_supported_lattice,No
5,Day 5,Tray 1,1,DJI_20260623123614_0001,66,7,6,754.122,792.636,701.178,739.692,807.066,845.58,105.888,0.0634,ms_nir_circle_supported_lattice,No
5,Day 5,Tray 1,1,DJI_20260623123614_0001,67,7,7,890.287,792.75,837.343,739.806,943.231,845.694,105.888,0.0201,ms_nir_circle_supported_lattice,No
5,Day 5,Tray 1,1,DJI_20260623123614_0001,68,7,8,1026.453,792.864,973.509,739.92,1079.397,845.808,105.888,0.022,ms_nir_circle_supported_lattice,No
5,Day 5,Tray 1,1,DJI_20260623123614_0001,69,7,9,1162.618,792.979,1109.674,740.034,1215.562,845.923,105.888,0.0846,ms_nir_circle_supported_lattice,No
5,Day 5,Tray 1,1,DJI_20260623123614_0001,70,7,10,1298.783,793.093,1245.839,740.149,1351.728,846.037,105.888,0.0189,ms_nir_circle_supported_lattice,No
5,Day 5,Tray 2,2,DJI_20260623123731_0002,1,1,1,63.637,78.219,10.937,25.519,116.338,130.919,105.4,0.0239,ms_nir_circle_supported_lattice,No
5,Day 5,Tray 2,2,DJI_20260623123731_0002,2,1,2,200.233,77.892,147.533,25.192,252.933,130.593,105.4,0.0273,ms_nir_circle_supported_lattice,No
5,Day 5,Tray 2,2,DJI_20260623123731_0002,3,1,3,336.829,77.566,284.128,24.866,389.529,130.266,105.4,0.0111,ms_nir_circle_supported_lattice,No
5,Day 5,Tray 2,2,DJI_20260623123731_0002,4,1,4,473.424,77.24,420.724,24.539,526.125,129.94,105.4,0.0291,ms_nir_circle_supported_lattice,No
5,Day 5,Tray 2,2,DJI_20260623123731_0002,5,1,5,610.02,76.913,557.32,24.213,662.72,129.613,105.4,0.0189,ms_nir_circle_supported_lattice,No
5,Day 5,Tray 2,2,DJI_20260623123731_0002,6,1,6,746.616,76.587,693.915,23.887,799.316,129.287,105.4,0.0145,ms_nir_circle_supported_lattice,No
5,Day 5,Tray 2,2,DJI_20260623123731_0002,7,1,7,883.211,76.26,830.511,23.56,935.912,128.961,105.4,0.0246,ms_nir_circle_supported_lattice,No
5,Day 5,Tray 2,2,DJI_20260623123731_0002,8,1,8,1019.807,75.934,967.107,23.234,1072.507,128.634,105.4,0.0179,ms_nir_circle_supported_lattice,No
5,Day 5,Tray 2,2,DJI_20260623123731_0002,9,1,9,1156.403,75.608,1103.703,22.907,1209.103,128.308,105.4,0.0062,ms_nir_circle_supported_lattice,No
5,Day 5,Tray 2,2,DJI_20260623123731_0002,10,1,10,1292.998,75.281,1240.298,22.581,1345.699,127.981,105.4,0.0089,ms_nir_circle_supported_lattice,No
5,Day 5,Tray 2,2,DJI_20260623123731_0002,11,2,1,64.655,195.326,11.955,142.626,117.355,248.026,105.4,0.0041,ms_nir_circle_supported_lattice,No
5,Day 5,Tray 2,2,DJI_20260623123731_0002,12,2,2,201.251,195.0,148.551,142.299,253.951,247.7,105.4,0.0534,ms_nir_circle_supported_lattice,No
5,Day 5,Tray 2,2,DJI_20260623123731_0002,13,2,3,337.847,194.673,285.146,141.973,390.547,247.373,105.4,0.016,ms_nir_circle_supported_lattice,No
5,Day 5,Tray 2,2,DJI_20260623123731_0002,14,2,4,474.442,194.347,421.742,141.647,527.142,247.047,105.4,0.0168,ms_nir_circle_supported_lattice,No
5,Day 5,Tray 2,2,DJI_20260623123731_0002,15,2,5,611.038,194.02,558.338,141.32,663.738,246.721,105.4,0.0308,ms_nir_circle_supported_lattice,No
5,Day 5,Tray 2,2,DJI_20260623123731_0002,16,2,6,747.634,193.694,694.933,140.994,800.334,246.394,105.4,0.0179,ms_nir_circle_supported_lattice,No
5,Day 5,Tray 2,2,DJI_20260623123731_0002,17,2,7,884.229,193.368,831.529,140.667,936.929,246.068,105.4,0.011,ms_nir_circle_supported_lattice,No
5,Day 5,Tray 2,2,DJI_20260623123731_0002,18,2,8,1020.825,193.041,968.125,140.341,1073.525,245.741,105.4,0.0175,ms_nir_circle_supported_lattice,No
5,Day 5,Tray 2,2,DJI_20260623123731_0002,19,2,9,1157.421,192.715,1104.72,140.015,1210.121,245.415,105.4,0.0043,ms_nir_circle_supported_lattice,No
5,Day 5,Tray 2,2,DJI_20260623123731_0002,20,2,10,1294.016,192.388,1241.316,139.688,1346.716,245.089,105.4,0.0353,ms_nir_circle_supported_lattice,No
5,Day 5,Tray 2,2,DJI_20260623123731_0002,21,3,1,65.673,312.433,12.973,259.733,118.373,365.133,105.4,0.0075,ms_nir_circle_supported_lattice,No
5,Day 5,Tray 2,2,DJI_20260623123731_0002,22,3,2,202.269,312.107,149.569,259.407,254.969,364.807,105.4,0.0479,ms_nir_circle_supported_lattice,No
5,Day 5,Tray 2,2,DJI_20260623123731_0002,23,3,3,338.864,311.78,286.164,259.08,391.565,364.481,105.4,0.0128,ms_nir_circle_supported_lattice,No
5,Day 5,Tray 2,2,DJI_20260623123731_0002,24,3,4,475.46,311.454,422.76,258.754,528.16,364.154,105.4,0.013,ms_nir_circle_supported_lattice,No
5,Day 5,Tray 2,2,DJI_20260623123731_0002,25,3,5,612.056,311.127,559.356,258.427,664.756,363.828,105.4,0.0176,ms_nir_circle_supported_lattice,No
5,Day 5,Tray 2,2,DJI_20260623123731_0002,26,3,6,748.651,310.801,695.951,258.101,801.352,363.501,105.4,0.0088,ms_nir_circle_supported_lattice,No
5,Day 5,Tray 2,2,DJI_20260623123731_0002,27,3,7,885.247,310.475,832.547,257.774,937.947,363.175,105.4,0.0116,ms_nir_circle_supported_lattice,No
5,Day 5,Tray 2,2,DJI_20260623123731_0002,28,3,8,1021.843,310.148,969.143,257.448,1074.543,362.848,105.4,0.0244,ms_nir_circle_supported_lattice,No
5,Day 5,Tray 2,2,DJI_20260623123731_0002,29,3,9,1158.438,309.822,1105.738,257.122,1211.139,362.522,105.4,0.005,ms_nir_circle_supported_lattice,No
5,Day 5,Tray 2,2,DJI_20260623123731_0002,30,3,10,1295.034,309.495,1242.334,256.795,1347.734,362.196,105.4,0.0128,ms_nir_circle_supported_lattice,No
5,Day 5,Tray 2,2,DJI_20260623123731_0002,31,4,1,66.691,429.54,13.991,376.84,119.391,482.24,105.4,0.0152,ms_nir_circle_supported_lattice,No
5,Day 5,Tray 2,2,DJI_20260623123731_0002,32,4,2,203.287,429.214,150.586,376.514,255.987,481.914,105.4,0.0071,ms_nir_circle_supported_lattice,No
5,Day 5,Tray 2,2,DJI_20260623123731_0002,33,4,3,339.882,428.887,287.182,376.187,392.582,481.588,105.4,0.0096,ms_nir_circle_supported_lattice,No
5,Day 5,Tray 2,2,DJI_20260623123731_0002,34,4,4,476.478,428.561,423.778,375.861,529.178,481.261,105.4,0.0392,ms_nir_circle_supported_lattice,No
5,Day 5,Tray 2,2,DJI_20260623123731_0002,35,4,5,613.074,428.235,560.373,375.534,665.774,480.935,105.4,0.0178,ms_nir_circle_supported_lattice,No
5,Day 5,Tray 2,2,DJI_20260623123731_0002,36,4,6,749.669,427.908,696.969,375.208,802.369,480.608,105.4,0.0143,ms_nir_circle_supported_lattice,No
5,Day 5,Tray 2,2,DJI_20260623123731_0002,37,4,7,886.265,427.582,833.565,374.882,938.965,480.282,105.4,0.0114,ms_nir_circle_supported_lattice,No
5,Day 5,Tray 2,2,DJI_20260623123731_0002,38,4,8,1022.861,427.255,970.16,374.555,1075.561,479.956,105.4,0.0246,ms_nir_circle_supported_lattice,No
5,Day 5,Tray 2,2,DJI_20260623123731_0002,39,4,9,1159.456,426.929,1106.756,374.229,1212.156,479.629,105.4,0.0283,ms_nir_circle_supported_lattice,No
5,Day 5,Tray 2,2,DJI_20260623123731_0002,40,4,10,1296.052,426.603,1243.352,373.902,1348.752,479.303,105.4,0.0301,ms_nir_circle_supported_lattice,No
5,Day 5,Tray 2,2,DJI_20260623123731_0002,41,5,1,67.709,546.647,15.009,493.947,120.409,599.348,105.4,0.0068,ms_nir_circle_supported_lattice,No
5,Day 5,Tray 2,2,DJI_20260623123731_0002,42,5,2,204.304,546.321,151.604,493.621,257.005,599.021,105.4,0.0126,ms_nir_circle_supported_lattice,No
5,Day 5,Tray 2,2,DJI_20260623123731_0002,43,5,3,340.9,545.995,288.2,493.294,393.6,598.695,105.4,0.0184,ms_nir_circle_supported_lattice,No
5,Day 5,Tray 2,2,DJI_20260623123731_0002,44,5,4,477.496,545.668,424.796,492.968,530.196,598.368,105.4,0.0806,ms_nir_circle_supported_lattice,No
5,Day 5,Tray 2,2,DJI_20260623123731_0002,45,5,5,614.091,545.342,561.391,492.642,666.792,598.042,105.4,0.0098,ms_nir_circle_supported_lattice,No
5,Day 5,Tray 2,2,DJI_20260623123731_0002,46,5,6,750.687,545.015,697.987,492.315,803.387,597.716,105.4,0.0168,ms_nir_circle_supported_lattice,No
5,Day 5,Tray 2,2,DJI_20260623123731_0002,47,5,7,887.283,544.689,834.583,491.989,939.983,597.389,105.4,0.1153,ms_nir_circle_supported_lattice,No
5,Day 5,Tray 2,2,DJI_20260623123731_0002,48,5,8,1023.878,544.363,971.178,491.662,1076.579,597.063,105.4,0.0055,ms_nir_circle_supported_lattice,No
5,Day 5,Tray 2,2,DJI_20260623123731_0002,49,5,9,1160.474,544.036,1107.774,491.336,1213.174,596.736,105.4,0.0712,ms_nir_circle_supported_lattice,No
5,Day 5,Tray 2,2,DJI_20260623123731_0002,50,5,10,1297.07,543.71,1244.37,491.01,1349.77,596.41,105.4,0.0231,ms_nir_circle_supported_lattice,No
5,Day 5,Tray 2,2,DJI_20260623123731_0002,51,6,1,68.727,663.755,16.026,611.054,121.427,716.455,105.4,0.0185,ms_nir_circle_supported_lattice,No
5,Day 5,Tray 2,2,DJI_20260623123731_0002,52,6,2,205.322,663.428,152.622,610.728,258.022,716.128,105.4,0.0309,ms_nir_circle_supported_lattice,No
5,Day 5,Tray 2,2,DJI_20260623123731_0002,53,6,3,341.918,663.102,289.218,610.402,394.618,715.802,105.4,0.0189,ms_nir_circle_supported_lattice,No
5,Day 5,Tray 2,2,DJI_20260623123731_0002,54,6,4,478.514,662.775,425.813,610.075,531.214,715.476,105.4,0.0448,ms_nir_circle_supported_lattice,No
5,Day 5,Tray 2,2,DJI_20260623123731_0002,55,6,5,615.109,662.449,562.409,609.749,667.81,715.149,105.4,0.0184,ms_nir_circle_supported_lattice,No
5,Day 5,Tray 2,2,DJI_20260623123731_0002,56,6,6,751.705,662.123,699.005,609.422,804.405,714.823,105.4,0.0061,ms_nir_circle_supported_lattice,No
5,Day 5,Tray 2,2,DJI_20260623123731_0002,57,6,7,888.301,661.796,835.6,609.096,941.001,714.496,105.4,0.0112,ms_nir_circle_supported_lattice,No
5,Day 5,Tray 2,2,DJI_20260623123731_0002,58,6,8,1024.896,661.47,972.196,608.769,1077.597,714.17,105.4,0.1205,ms_nir_circle_supported_lattice,No
5,Day 5,Tray 2,2,DJI_20260623123731_0002,59,6,9,1161.492,661.143,1108.792,608.443,1214.192,713.843,105.4,0.0084,ms_nir_circle_supported_lattice,No
5,Day 5,Tray 2,2,DJI_20260623123731_0002,60,6,10,1298.088,660.817,1245.387,608.117,1350.788,713.517,105.4,0.0272,ms_nir_circle_supported_lattice,No
5,Day 5,Tray 2,2,DJI_20260623123731_0002,61,7,1,69.744,780.862,17.044,728.161,122.445,833.562,105.4,0.0431,ms_nir_circle_supported_lattice,No
5,Day 5,Tray 2,2,DJI_20260623123731_0002,62,7,2,206.34,780.535,153.64,727.835,259.04,833.235,105.4,0.0134,ms_nir_circle_supported_lattice,No
5,Day 5,Tray 2,2,DJI_20260623123731_0002,63,7,3,342.936,780.209,290.236,727.509,395.636,832.909,105.4,0.0225,ms_nir_circle_supported_lattice,No
5,Day 5,Tray 2,2,DJI_20260623123731_0002,64,7,4,479.531,779.882,426.831,727.182,532.232,832.583,105.4,0.0337,ms_nir_circle_supported_lattice,No
5,Day 5,Tray 2,2,DJI_20260623123731_0002,65,7,5,616.127,779.556,563.427,726.856,668.827,832.256,105.4,0.0277,ms_nir_circle_supported_lattice,No
5,Day 5,Tray 2,2,DJI_20260623123731_0002,66,7,6,752.723,779.23,700.023,726.529,805.423,831.93,105.4,0.0186,ms_nir_circle_supported_lattice,No
5,Day 5,Tray 2,2,DJI_20260623123731_0002,67,7,7,889.319,778.903,836.618,726.203,942.019,831.603,105.4,0.0198,ms_nir_circle_supported_lattice,No
5,Day 5,Tray 2,2,DJI_20260623123731_0002,68,7,8,1025.914,778.577,973.214,725.877,1078.614,831.277,105.4,0.0274,ms_nir_circle_supported_lattice,No
5,Day 5,Tray 2,2,DJI_20260623123731_0002,69,7,9,1162.51,778.25,1109.81,725.55,1215.21,830.951,105.4,0.0144,ms_nir_circle_supported_lattice,No
5,Day 5,Tray 2,2,DJI_20260623123731_0002,70,7,10,1299.106,777.924,1246.405,725.224,1351.806,830.624,105.4,0.0011,ms_nir_circle_supported_lattice,No
5,Day 5,Tray 3,3,DJI_20260623123926_0003,1,1,1,73.184,86.417,20.31,33.543,126.058,139.291,105.748,0.0052,ms_nir_circle_supported_lattice,No
5,Day 5,Tray 3,3,DJI_20260623123926_0003,2,1,2,210.322,85.848,157.448,32.974,263.196,138.721,105.748,0.0173,ms_nir_circle_supported_lattice,No
5,Day 5,Tray 3,3,DJI_20260623123926_0003,3,1,3,347.461,85.278,294.587,32.404,400.335,138.152,105.748,0.0073,ms_nir_circle_supported_lattice,No
5,Day 5,Tray 3,3,DJI_20260623123926_0003,4,1,4,484.599,84.708,431.725,31.834,537.473,137.582,105.748,0.0138,ms_nir_circle_supported_lattice,No
5,Day 5,Tray 3,3,DJI_20260623123926_0003,5,1,5,621.738,84.138,568.864,31.265,674.612,137.012,105.748,0.0165,ms_nir_circle_supported_lattice,No
5,Day 5,Tray 3,3,DJI_20260623123926_0003,6,1,6,758.876,83.569,706.003,30.695,811.75,136.443,105.748,0.005,ms_nir_circle_supported_lattice,No
5,Day 5,Tray 3,3,DJI_20260623123926_0003,7,1,7,896.015,82.999,843.141,30.125,948.889,135.873,105.748,0.0084,ms_nir_circle_supported_lattice,No
5,Day 5,Tray 3,3,DJI_20260623123926_0003,8,1,8,1033.153,82.429,980.28,29.555,1086.027,135.303,105.748,0.0488,ms_nir_circle_supported_lattice,No
5,Day 5,Tray 3,3,DJI_20260623123926_0003,9,1,9,1170.292,81.86,1117.418,28.986,1223.166,134.734,105.748,0.0163,ms_nir_circle_supported_lattice,No
5,Day 5,Tray 3,3,DJI_20260623123926_0003,10,1,10,1307.431,81.29,1254.557,28.416,1360.304,134.164,105.748,0.0361,ms_nir_circle_supported_lattice,No
5,Day 5,Tray 3,3,DJI_20260623123926_0003,11,2,1,72.677,203.914,19.803,151.04,125.551,256.788,105.748,0.0228,ms_nir_circle_supported_lattice,No
5,Day 5,Tray 3,3,DJI_20260623123926_0003,12,2,2,209.815,203.344,156.941,150.47,262.689,256.218,105.748,0.0157,ms_nir_circle_supported_lattice,No
5,Day 5,Tray 3,3,DJI_20260623123926_0003,13,2,3,346.954,202.774,294.08,149.9,399.828,255.648,105.748,0.0439,ms_nir_circle_supported_lattice,No
5,Day 5,Tray 3,3,DJI_20260623123926_0003,14,2,4,484.092,202.205,431.218,149.331,536.966,255.078,105.748,0.0297,ms_nir_circle_supported_lattice,No
5,Day 5,Tray 3,3,DJI_20260623123926_0003,15,2,5,621.231,201.635,568.357,148.761,674.105,254.509,105.748,0.0109,ms_nir_circle_supported_lattice,No
5,Day 5,Tray 3,3,DJI_20260623123926_0003,16,2,6,758.369,201.065,705.495,148.191,811.243,253.939,105.748,0.0086,ms_nir_circle_supported_lattice,No
5,Day 5,Tray 3,3,DJI_20260623123926_0003,17,2,7,895.508,200.495,842.634,147.622,948.382,253.369,105.748,0.0301,ms_nir_circle_supported_lattice,No
5,Day 5,Tray 3,3,DJI_20260623123926_0003,18,2,8,1032.646,199.926,979.772,147.052,1085.52,252.8,105.748,0.014,ms_nir_circle_supported_lattice,No
5,Day 5,Tray 3,3,DJI_20260623123926_0003,19,2,9,1169.785,199.356,1116.911,146.482,1222.659,252.23,105.748,0.0226,ms_nir_circle_supported_lattice,No
5,Day 5,Tray 3,3,DJI_20260623123926_0003,20,2,10,1306.923,198.786,1254.049,145.912,1359.797,251.66,105.748,0.0322,ms_nir_circle_supported_lattice,No
5,Day 5,Tray 3,3,DJI_20260623123926_0003,21,3,1,72.169,321.41,19.296,268.536,125.043,374.284,105.748,0.0302,ms_nir_circle_supported_lattice,No
5,Day 5,Tray 3,3,DJI_20260623123926_0003,22,3,2,209.308,320.84,156.434,267.966,262.182,373.714,105.748,0.0076,ms_nir_circle_supported_lattice,No
5,Day 5,Tray 3,3,DJI_20260623123926_0003,23,3,3,346.447,320.271,293.573,267.397,399.32,373.145,105.748,0.0623,ms_nir_circle_supported_lattice,No
5,Day 5,Tray 3,3,DJI_20260623123926_0003,24,3,4,483.585,319.701,430.711,266.827,536.459,372.575,105.748,0.0044,ms_nir_circle_supported_lattice,No
5,Day 5,Tray 3,3,DJI_20260623123926_0003,25,3,5,620.724,319.131,567.85,266.257,673.597,372.005,105.748,0.0164,ms_nir_circle_supported_lattice,No
5,Day 5,Tray 3,3,DJI_20260623123926_0003,26,3,6,757.862,318.562,704.988,265.688,810.736,371.435,105.748,0.0143,ms_nir_circle_supported_lattice,No
5,Day 5,Tray 3,3,DJI_20260623123926_0003,27,3,7,895.001,317.992,842.127,265.118,947.875,370.866,105.748,0.0121,ms_nir_circle_supported_lattice,No
5,Day 5,Tray 3,3,DJI_20260623123926_0003,28,3,8,1032.139,317.422,979.265,264.548,1085.013,370.296,105.748,0.0162,ms_nir_circle_supported_lattice,No
5,Day 5,Tray 3,3,DJI_20260623123926_0003,29,3,9,1169.278,316.852,1116.404,263.979,1222.152,369.726,105.748,0.0234,ms_nir_circle_supported_lattice,No
5,Day 5,Tray 3,3,DJI_20260623123926_0003,30,3,10,1306.416,316.283,1253.542,263.409,1359.29,369.157,105.748,0.0383,ms_nir_circle_supported_lattice,No
5,Day 5,Tray 3,3,DJI_20260623123926_0003,31,4,1,71.662,438.906,18.788,386.033,124.536,491.78,105.748,0.0287,ms_nir_circle_supported_lattice,No
5,Day 5,Tray 3,3,DJI_20260623123926_0003,32,4,2,208.801,438.337,155.927,385.463,261.675,491.211,105.748,0.0115,ms_nir_circle_supported_lattice,No
5,Day 5,Tray 3,3,DJI_20260623123926_0003,33,4,3,345.939,437.767,293.066,384.893,398.813,490.641,105.748,0.0065,ms_nir_circle_supported_lattice,No
5,Day 5,Tray 3,3,DJI_20260623123926_0003,34,4,4,483.078,437.197,430.204,384.324,535.952,490.071,105.748,0.0179,ms_nir_circle_supported_lattice,No
5,Day 5,Tray 3,3,DJI_20260623123926_0003,35,4,5,620.216,436.628,567.343,383.754,673.09,489.502,105.748,0.081,ms_nir_circle_supported_lattice,No
5,Day 5,Tray 3,3,DJI_20260623123926_0003,36,4,6,757.355,436.058,704.481,383.184,810.229,488.932,105.748,0.0166,ms_nir_circle_supported_lattice,No
5,Day 5,Tray 3,3,DJI_20260623123926_0003,37,4,7,894.494,435.488,841.62,382.614,947.367,488.362,105.748,0.0134,ms_nir_circle_supported_lattice,No
5,Day 5,Tray 3,3,DJI_20260623123926_0003,38,4,8,1031.632,434.919,978.758,382.045,1084.506,487.793,105.748,0.0212,ms_nir_circle_supported_lattice,No
5,Day 5,Tray 3,3,DJI_20260623123926_0003,39,4,9,1168.771,434.349,1115.897,381.475,1221.644,487.223,105.748,0.0132,ms_nir_circle_supported_lattice,No
5,Day 5,Tray 3,3,DJI_20260623123926_0003,40,4,10,1305.909,433.779,1253.035,380.905,1358.783,486.653,105.748,0.0264,ms_nir_circle_supported_lattice,No
5,Day 5,Tray 3,3,DJI_20260623123926_0003,41,5,1,71.155,556.403,18.281,503.529,124.029,609.277,105.748,0.0432,ms_nir_circle_supported_lattice,No
5,Day 5,Tray 3,3,DJI_20260623123926_0003,42,5,2,208.294,555.833,155.42,502.959,261.168,608.707,105.748,0.0416,ms_nir_circle_supported_lattice,No
5,Day 5,Tray 3,3,DJI_20260623123926_0003,43,5,3,345.432,555.264,292.558,502.39,398.306,608.137,105.748,0.0053,ms_nir_circle_supported_lattice,No
5,Day 5,Tray 3,3,DJI_20260623123926_0003,44,5,4,482.571,554.694,429.697,501.82,535.445,607.568,105.748,0.0336,ms_nir_circle_supported_lattice,No
5,Day 5,Tray 3,3,DJI_20260623123926_0003,45,5,5,619.709,554.124,566.835,501.25,672.583,606.998,105.748,0.0267,ms_nir_circle_supported_lattice,No
5,Day 5,Tray 3,3,DJI_20260623123926_0003,46,5,6,756.848,553.554,703.974,500.681,809.722,606.428,105.748,0.0162,ms_nir_circle_supported_lattice,No
5,Day 5,Tray 3,3,DJI_20260623123926_0003,47,5,7,893.986,552.985,841.112,500.111,946.86,605.859,105.748,0.0189,ms_nir_circle_supported_lattice,No
5,Day 5,Tray 3,3,DJI_20260623123926_0003,48,5,8,1031.125,552.415,978.251,499.541,1083.999,605.289,105.748,0.0051,ms_nir_circle_supported_lattice,No
5,Day 5,Tray 3,3,DJI_20260623123926_0003,49,5,9,1168.263,551.845,1115.39,498.971,1221.137,604.719,105.748,0.0354,ms_nir_circle_supported_lattice,No
5,Day 5,Tray 3,3,DJI_20260623123926_0003,50,5,10,1305.402,551.276,1252.528,498.402,1358.276,604.15,105.748,0.02,ms_nir_circle_supported_lattice,No
5,Day 5,Tray 3,3,DJI_20260623123926_0003,51,6,1,70.648,673.899,17.774,621.025,123.522,726.773,105.748,0.055,ms_nir_circle_supported_lattice,No
5,Day 5,Tray 3,3,DJI_20260623123926_0003,52,6,2,207.787,673.33,154.913,620.456,260.66,726.204,105.748,0.036,ms_nir_circle_supported_lattice,No
5,Day 5,Tray 3,3,DJI_20260623123926_0003,53,6,3,344.925,672.76,292.051,619.886,397.799,725.634,105.748,0.0235,ms_nir_circle_supported_lattice,No
5,Day 5,Tray 3,3,DJI_20260623123926_0003,54,6,4,482.064,672.19,429.19,619.316,534.938,725.064,105.748,0.0203,ms_nir_circle_supported_lattice,No
5,Day 5,Tray 3,3,DJI_20260623123926_0003,55,6,5,619.202,671.621,566.328,618.747,672.076,724.494,105.748,0.0139,ms_nir_circle_supported_lattice,No
5,Day 5,Tray 3,3,DJI_20260623123926_0003,56,6,6,756.341,671.051,703.467,618.177,809.215,723.925,105.748,0.0771,ms_nir_circle_supported_lattice,No
5,Day 5,Tray 3,3,DJI_20260623123926_0003,57,6,7,893.479,670.481,840.605,617.607,946.353,723.355,105.748,0.0569,ms_nir_circle_supported_lattice,No
5,Day 5,Tray 3,3,DJI_20260623123926_0003,58,6,8,1030.618,669.911,977.744,617.038,1083.492,722.785,105.748,0.0158,ms_nir_circle_supported_lattice,No
5,Day 5,Tray 3,3,DJI_20260623123926_0003,59,6,9,1167.756,669.342,1114.882,616.468,1220.63,722.216,105.748,0.0071,ms_nir_circle_supported_lattice,No
5,Day 5,Tray 3,3,DJI_20260623123926_0003,60,6,10,1304.895,668.772,1252.021,615.898,1357.769,721.646,105.748,0.0021,ms_nir_circle_supported_lattice,No
5,Day 5,Tray 3,3,DJI_20260623123926_0003,61,7,1,70.141,791.396,17.267,738.522,123.015,844.27,105.748,0.071,ms_nir_circle_supported_lattice,No
5,Day 5,Tray 3,3,DJI_20260623123926_0003,62,7,2,207.279,790.826,154.406,737.952,260.153,843.7,105.748,0.0926,ms_nir_circle_supported_lattice,No
5,Day 5,Tray 3,3,DJI_20260623123926_0003,63,7,3,344.418,790.256,291.544,737.382,397.292,843.13,105.748,0.0435,ms_nir_circle_supported_lattice,No
5,Day 5,Tray 3,3,DJI_20260623123926_0003,64,7,4,481.556,789.687,428.683,736.813,534.43,842.561,105.748,0.0902,ms_nir_circle_supported_lattice,No
5,Day 5,Tray 3,3,DJI_20260623123926_0003,65,7,5,618.695,789.117,565.821,736.243,671.569,841.991,105.748,0.0145,ms_nir_circle_supported_lattice,No
5,Day 5,Tray 3,3,DJI_20260623123926_0003,66,7,6,755.834,788.547,702.96,735.673,808.707,841.421,105.748,0.011,ms_nir_circle_supported_lattice,No
5,Day 5,Tray 3,3,DJI_20260623123926_0003,67,7,7,892.972,787.978,840.098,735.104,945.846,840.851,105.748,0.0087,ms_nir_circle_supported_lattice,No
5,Day 5,Tray 3,3,DJI_20260623123926_0003,68,7,8,1030.111,787.408,977.237,734.534,1082.984,840.282,105.748,0.0994,ms_nir_circle_supported_lattice,No
5,Day 5,Tray 3,3,DJI_20260623123926_0003,69,7,9,1167.249,786.838,1114.375,733.964,1220.123,839.712,105.748,0.0101,ms_nir_circle_supported_lattice,No
5,Day 5,Tray 3,3,DJI_20260623123926_0003,70,7,10,1304.388,786.269,1251.514,733.395,1357.262,839.142,105.748,0.0704,ms_nir_circle_supported_lattice,No
5,Day 5,Tray 4,4,DJI_20260623123956_0004,1,1,1,80.148,88.146,27.554,35.553,132.742,140.74,105.188,0.0244,ms_nir_circle_supported_lattice,No
5,Day 5,Tray 4,4,DJI_20260623123956_0004,2,1,2,216.896,88.185,164.302,35.591,269.49,140.778,105.188,0.0018,ms_nir_circle_supported_lattice,No
5,Day 5,Tray 4,4,DJI_20260623123956_0004,3,1,3,353.644,88.223,301.05,35.629,406.238,140.816,105.188,0.0223,ms_nir_circle_supported_lattice,No
5,Day 5,Tray 4,4,DJI_20260623123956_0004,4,1,4,490.392,88.261,437.798,35.667,542.986,140.854,105.188,0.0196,ms_nir_circle_supported_lattice,No
5,Day 5,Tray 4,4,DJI_20260623123956_0004,5,1,5,627.14,88.299,574.547,35.705,679.734,140.893,105.188,0.0101,ms_nir_circle_supported_lattice,No
5,Day 5,Tray 4,4,DJI_20260623123956_0004,6,1,6,763.888,88.337,711.295,35.743,816.482,140.931,105.188,0.0301,ms_nir_circle_supported_lattice,No
5,Day 5,Tray 4,4,DJI_20260623123956_0004,7,1,7,900.636,88.375,848.043,35.781,953.23,140.969,105.188,0.0121,ms_nir_circle_supported_lattice,No
5,Day 5,Tray 4,4,DJI_20260623123956_0004,8,1,8,1037.384,88.413,984.791,35.819,1089.978,141.007,105.188,0.0143,ms_nir_circle_supported_lattice,No
5,Day 5,Tray 4,4,DJI_20260623123956_0004,9,1,9,1174.132,88.451,1121.539,35.857,1226.726,141.045,105.188,0.0296,ms_nir_circle_supported_lattice,No
5,Day 5,Tray 4,4,DJI_20260623123956_0004,10,1,10,1310.881,88.489,1258.287,35.896,1363.474,141.083,105.188,0.0186,ms_nir_circle_supported_lattice,No
5,Day 5,Tray 4,4,DJI_20260623123956_0004,11,2,1,80.205,205.021,27.611,152.428,132.799,257.615,105.188,0.0278,ms_nir_circle_supported_lattice,No
5,Day 5,Tray 4,4,DJI_20260623123956_0004,12,2,2,216.953,205.06,164.359,152.466,269.547,257.653,105.188,0.0167,ms_nir_circle_supported_lattice,No
5,Day 5,Tray 4,4,DJI_20260623123956_0004,13,2,3,353.701,205.098,301.108,152.504,406.295,257.691,105.188,0.1536,ms_nir_circle_supported_lattice,No
5,Day 5,Tray 4,4,DJI_20260623123956_0004,14,2,4,490.449,205.136,437.856,152.542,543.043,257.729,105.188,0.004,ms_nir_circle_supported_lattice,No
5,Day 5,Tray 4,4,DJI_20260623123956_0004,15,2,5,627.197,205.174,574.604,152.58,679.791,257.768,105.188,0.0187,ms_nir_circle_supported_lattice,No
5,Day 5,Tray 4,4,DJI_20260623123956_0004,16,2,6,763.945,205.212,711.352,152.618,816.539,257.806,105.188,0.027,ms_nir_circle_supported_lattice,No
5,Day 5,Tray 4,4,DJI_20260623123956_0004,17,2,7,900.694,205.25,848.1,152.656,953.287,257.844,105.188,0.0585,ms_nir_circle_supported_lattice,No
5,Day 5,Tray 4,4,DJI_20260623123956_0004,18,2,8,1037.442,205.288,984.848,152.694,1090.035,257.882,105.188,0.0147,ms_nir_circle_supported_lattice,No
5,Day 5,Tray 4,4,DJI_20260623123956_0004,19,2,9,1174.19,205.326,1121.596,152.732,1226.783,257.92,105.188,0.0664,ms_nir_circle_supported_lattice,No
5,Day 5,Tray 4,4,DJI_20260623123956_0004,20,2,10,1310.938,205.364,1258.344,152.771,1363.531,257.958,105.188,0.0906,ms_nir_circle_supported_lattice,No
5,Day 5,Tray 4,4,DJI_20260623123956_0004,21,3,1,80.262,321.896,27.669,269.303,132.856,374.49,105.188,0.0099,ms_nir_circle_supported_lattice,No
5,Day 5,Tray 4,4,DJI_20260623123956_0004,22,3,2,217.01,321.935,164.417,269.341,269.604,374.528,105.188,0.0172,ms_nir_circle_supported_lattice,No
5,Day 5,Tray 4,4,DJI_20260623123956_0004,23,3,3,353.758,321.973,301.165,269.379,406.352,374.566,105.188,0.0172,ms_nir_circle_supported_lattice,No
5,Day 5,Tray 4,4,DJI_20260623123956_0004,24,3,4,490.506,322.011,437.913,269.417,543.1,374.604,105.188,0.0213,ms_nir_circle_supported_lattice,No
5,Day 5,Tray 4,4,DJI_20260623123956_0004,25,3,5,627.255,322.049,574.661,269.455,679.848,374.643,105.188,0.011,ms_nir_circle_supported_lattice,No
5,Day 5,Tray 4,4,DJI_20260623123956_0004,26,3,6,764.003,322.087,711.409,269.493,816.596,374.681,105.188,0.0116,ms_nir_circle_supported_lattice,No
5,Day 5,Tray 4,4,DJI_20260623123956_0004,27,3,7,900.751,322.125,848.157,269.531,953.344,374.719,105.188,0.0829,ms_nir_circle_supported_lattice,No
5,Day 5,Tray 4,4,DJI_20260623123956_0004,28,3,8,1037.499,322.163,984.905,269.569,1090.092,374.757,105.188,0.0129,ms_nir_circle_supported_lattice,No
5,Day 5,Tray 4,4,DJI_20260623123956_0004,29,3,9,1174.247,322.201,1121.653,269.607,1226.841,374.795,105.188,0.0094,ms_nir_circle_supported_lattice,No
5,Day 5,Tray 4,4,DJI_20260623123956_0004,30,3,10,1310.995,322.239,1258.401,269.646,1363.589,374.833,105.188,0.0522,ms_nir_circle_supported_lattice,No
5,Day 5,Tray 4,4,DJI_20260623123956_0004,31,4,1,80.319,438.771,27.726,386.178,132.913,491.365,105.188,0.0061,ms_nir_circle_supported_lattice,No
5,Day 5,Tray 4,4,DJI_20260623123956_0004,32,4,2,217.068,438.81,164.474,386.216,269.661,491.403,105.188,0.0204,ms_nir_circle_supported_lattice,No
5,Day 5,Tray 4,4,DJI_20260623123956_0004,33,4,3,353.816,438.848,301.222,386.254,406.409,491.441,105.188,0.0222,ms_nir_circle_supported_lattice,No
5,Day 5,Tray 4,4,DJI_20260623123956_0004,34,4,4,490.564,438.886,437.97,386.292,543.157,491.479,105.188,0.0754,ms_nir_circle_supported_lattice,No
5,Day 5,Tray 4,4,DJI_20260623123956_0004,35,4,5,627.312,438.924,574.718,386.33,679.905,491.518,105.188,0.0027,ms_nir_circle_supported_lattice,No
5,Day 5,Tray 4,4,DJI_20260623123956_0004,36,4,6,764.06,438.962,711.466,386.368,816.653,491.556,105.188,0.1351,ms_nir_circle_supported_lattice,No
5,Day 5,Tray 4,4,DJI_20260623123956_0004,37,4,7,900.808,439.0,848.214,386.406,953.402,491.594,105.188,0.0231,ms_nir_circle_supported_lattice,No
5,Day 5,Tray 4,4,DJI_20260623123956_0004,38,4,8,1037.556,439.038,984.962,386.444,1090.15,491.632,105.188,0.1751,ms_nir_circle_supported_lattice,No
5,Day 5,Tray 4,4,DJI_20260623123956_0004,39,4,9,1174.304,439.076,1121.71,386.482,1226.898,491.67,105.188,0.0906,ms_nir_circle_supported_lattice,No
5,Day 5,Tray 4,4,DJI_20260623123956_0004,40,4,10,1311.052,439.114,1258.458,386.521,1363.646,491.708,105.188,0.026,ms_nir_circle_supported_lattice,No
5,Day 5,Tray 4,4,DJI_20260623123956_0004,41,5,1,80.377,555.646,27.783,503.053,132.97,608.24,105.188,0.031,ms_nir_circle_supported_lattice,No
5,Day 5,Tray 4,4,DJI_20260623123956_0004,42,5,2,217.125,555.685,164.531,503.091,269.718,608.278,105.188,0.0828,ms_nir_circle_supported_lattice,No
5,Day 5,Tray 4,4,DJI_20260623123956_0004,43,5,3,353.873,555.723,301.279,503.129,406.466,608.316,105.188,0.0078,ms_nir_circle_supported_lattice,No
5,Day 5,Tray 4,4,DJI_20260623123956_0004,44,5,4,490.621,555.761,438.027,503.167,543.215,608.354,105.188,0.0057,ms_nir_circle_supported_lattice,No
5,Day 5,Tray 4,4,DJI_20260623123956_0004,45,5,5,627.369,555.799,574.775,503.205,679.963,608.393,105.188,0.069,ms_nir_circle_supported_lattice,No
5,Day 5,Tray 4,4,DJI_20260623123956_0004,46,5,6,764.117,555.837,711.523,503.243,816.711,608.431,105.188,0.079,ms_nir_circle_supported_lattice,No
5,Day 5,Tray 4,4,DJI_20260623123956_0004,47,5,7,900.865,555.875,848.271,503.281,953.459,608.469,105.188,0.0633,ms_nir_circle_supported_lattice,No
5,Day 5,Tray 4,4,DJI_20260623123956_0004,48,5,8,1037.613,555.913,985.019,503.319,1090.207,608.507,105.188,0.0276,ms_nir_circle_supported_lattice,No
5,Day 5,Tray 4,4,DJI_20260623123956_0004,49,5,9,1174.361,555.951,1121.767,503.357,1226.955,608.545,105.188,0.0299,ms_nir_circle_supported_lattice,No
5,Day 5,Tray 4,4,DJI_20260623123956_0004,50,5,10,1311.109,555.989,1258.515,503.396,1363.703,608.583,105.188,0.0343,ms_nir_circle_supported_lattice,No
5,Day 5,Tray 4,4,DJI_20260623123956_0004,51,6,1,80.434,672.521,27.84,619.928,133.028,725.115,105.188,0.0254,ms_nir_circle_supported_lattice,No
5,Day 5,Tray 4,4,DJI_20260623123956_0004,52,6,2,217.182,672.56,164.588,619.966,269.776,725.153,105.188,0.019,ms_nir_circle_supported_lattice,No
5,Day 5,Tray 4,4,DJI_20260623123956_0004,53,6,3,353.93,672.598,301.336,620.004,406.524,725.191,105.188,0.0144,ms_nir_circle_supported_lattice,No
5,Day 5,Tray 4,4,DJI_20260623123956_0004,54,6,4,490.678,672.636,438.084,620.042,543.272,725.229,105.188,0.0307,ms_nir_circle_supported_lattice,No
5,Day 5,Tray 4,4,DJI_20260623123956_0004,55,6,5,627.426,672.674,574.832,620.08,680.02,725.268,105.188,0.0046,ms_nir_circle_supported_lattice,No
5,Day 5,Tray 4,4,DJI_20260623123956_0004,56,6,6,764.174,672.712,711.58,620.118,816.768,725.306,105.188,0.1027,ms_nir_circle_supported_lattice,No
5,Day 5,Tray 4,4,DJI_20260623123956_0004,57,6,7,900.922,672.75,848.328,620.156,953.516,725.344,105.188,0.1062,ms_nir_circle_supported_lattice,No
5,Day 5,Tray 4,4,DJI_20260623123956_0004,58,6,8,1037.67,672.788,985.076,620.194,1090.264,725.382,105.188,0.0163,ms_nir_circle_supported_lattice,No
5,Day 5,Tray 4,4,DJI_20260623123956_0004,59,6,9,1174.418,672.826,1121.824,620.232,1227.012,725.42,105.188,0.0409,ms_nir_circle_supported_lattice,No
5,Day 5,Tray 4,4,DJI_20260623123956_0004,60,6,10,1311.166,672.864,1258.572,620.271,1363.76,725.458,105.188,0.0445,ms_nir_circle_supported_lattice,No
5,Day 5,Tray 4,4,DJI_20260623123956_0004,61,7,1,80.491,789.396,27.897,736.803,133.085,841.99,105.188,0.0127,ms_nir_circle_supported_lattice,No
5,Day 5,Tray 4,4,DJI_20260623123956_0004,62,7,2,217.239,789.435,164.645,736.841,269.833,842.028,105.188,0.0042,ms_nir_circle_supported_lattice,No
5,Day 5,Tray 4,4,DJI_20260623123956_0004,63,7,3,353.987,789.473,301.393,736.879,406.581,842.066,105.188,0.0094,ms_nir_circle_supported_lattice,No
5,Day 5,Tray 4,4,DJI_20260623123956_0004,64,7,4,490.735,789.511,438.141,736.917,543.329,842.104,105.188,0.0494,ms_nir_circle_supported_lattice,No
5,Day 5,Tray 4,4,DJI_20260623123956_0004,65,7,5,627.483,789.549,574.889,736.955,680.077,842.143,105.188,0.0059,ms_nir_circle_supported_lattice,No
5,Day 5,Tray 4,4,DJI_20260623123956_0004,66,7,6,764.231,789.587,711.637,736.993,816.825,842.181,105.188,0.0657,ms_nir_circle_supported_lattice,No
5,Day 5,Tray 4,4,DJI_20260623123956_0004,67,7,7,900.979,789.625,848.385,737.031,953.573,842.219,105.188,0.0102,ms_nir_circle_supported_lattice,No
5,Day 5,Tray 4,4,DJI_20260623123956_0004,68,7,8,1037.727,789.663,985.134,737.069,1090.321,842.257,105.188,0.0113,ms_nir_circle_supported_lattice,No
5,Day 5,Tray 4,4,DJI_20260623123956_0004,69,7,9,1174.475,789.701,1121.882,737.107,1227.069,842.295,105.188,0.0168,ms_nir_circle_supported_lattice,No
5,Day 5,Tray 4,4,DJI_20260623123956_0004,70,7,10,1311.223,789.739,1258.63,737.146,1363.817,842.333,105.188,0.0066,ms_nir_circle_supported_lattice,No
5,Day 5,Tray 5,5,DJI_20260623124057_0005,1,1,1,71.827,79.936,18.795,26.903,124.86,132.968,106.065,0.0468,ms_nir_circle_supported_lattice,No
5,Day 5,Tray 5,5,DJI_20260623124057_0005,2,1,2,208.345,79.45,155.313,26.417,261.378,132.483,106.065,0.0322,ms_nir_circle_supported_lattice,No
5,Day 5,Tray 5,5,DJI_20260623124057_0005,3,1,3,344.863,78.964,291.83,25.932,397.895,131.997,106.065,0.0173,ms_nir_circle_supported_lattice,No
5,Day 5,Tray 5,5,DJI_20260623124057_0005,4,1,4,481.381,78.479,428.348,25.446,534.413,131.511,106.065,0.03,ms_nir_circle_supported_lattice,No
5,Day 5,Tray 5,5,DJI_20260623124057_0005,5,1,5,617.898,77.993,564.866,24.96,670.931,131.025,106.065,0.0341,ms_nir_circle_supported_lattice,No
5,Day 5,Tray 5,5,DJI_20260623124057_0005,6,1,6,754.416,77.507,701.384,24.475,807.449,130.54,106.065,0.0216,ms_nir_circle_supported_lattice,No
5,Day 5,Tray 5,5,DJI_20260623124057_0005,7,1,7,890.934,77.021,837.901,23.989,943.966,130.054,106.065,0.0237,ms_nir_circle_supported_lattice,No
5,Day 5,Tray 5,5,DJI_20260623124057_0005,8,1,8,1027.452,76.536,974.419,23.503,1080.484,129.568,106.065,0.0138,ms_nir_circle_supported_lattice,No
5,Day 5,Tray 5,5,DJI_20260623124057_0005,9,1,9,1163.969,76.05,1110.937,23.017,1217.002,129.083,106.065,0.0194,ms_nir_circle_supported_lattice,No
5,Day 5,Tray 5,5,DJI_20260623124057_0005,10,1,10,1300.487,75.564,1247.455,22.532,1353.52,128.597,106.065,0.0516,ms_nir_circle_supported_lattice,No
5,Day 5,Tray 5,5,DJI_20260623124057_0005,11,2,1,71.842,197.786,18.809,144.753,124.874,250.818,106.065,0.0368,ms_nir_circle_supported_lattice,No
5,Day 5,Tray 5,5,DJI_20260623124057_0005,12,2,2,208.359,197.3,155.327,144.267,261.392,250.333,106.065,0.0266,ms_nir_circle_supported_lattice,No
5,Day 5,Tray 5,5,DJI_20260623124057_0005,13,2,3,344.877,196.814,291.845,143.782,397.91,249.847,106.065,0.0244,ms_nir_circle_supported_lattice,No
5,Day 5,Tray 5,5,DJI_20260623124057_0005,14,2,4,481.395,196.329,428.362,143.296,534.427,249.361,106.065,0.0205,ms_nir_circle_supported_lattice,No
5,Day 5,Tray 5,5,DJI_20260623124057_0005,15,2,5,617.913,195.843,564.88,142.81,670.945,248.875,106.065,0.034,ms_nir_circle_supported_lattice,No
5,Day 5,Tray 5,5,DJI_20260623124057_0005,16,2,6,754.43,195.357,701.398,142.325,807.463,248.39,106.065,0.0208,ms_nir_circle_supported_lattice,No
5,Day 5,Tray 5,5,DJI_20260623124057_0005,17,2,7,890.948,194.871,837.916,141.839,943.981,247.904,106.065,0.0343,ms_nir_circle_supported_lattice,No
5,Day 5,Tray 5,5,DJI_20260623124057_0005,18,2,8,1027.466,194.386,974.433,141.353,1080.498,247.418,106.065,0.0065,ms_nir_circle_supported_lattice,No
5,Day 5,Tray 5,5,DJI_20260623124057_0005,19,2,9,1163.984,193.9,1110.951,140.867,1217.016,246.933,106.065,0.0127,ms_nir_circle_supported_lattice,No
5,Day 5,Tray 5,5,DJI_20260623124057_0005,20,2,10,1300.501,193.414,1247.469,140.382,1353.534,246.447,106.065,0.0251,ms_nir_circle_supported_lattice,No
5,Day 5,Tray 5,5,DJI_20260623124057_0005,21,3,1,71.856,315.636,18.823,262.603,124.888,368.668,106.065,0.0137,ms_nir_circle_supported_lattice,No
5,Day 5,Tray 5,5,DJI_20260623124057_0005,22,3,2,208.374,315.15,155.341,262.117,261.406,368.183,106.065,0.0117,ms_nir_circle_supported_lattice,No
5,Day 5,Tray 5,5,DJI_20260623124057_0005,23,3,3,344.891,314.664,291.859,261.632,397.924,367.697,106.065,0.0401,ms_nir_circle_supported_lattice,No
5,Day 5,Tray 5,5,DJI_20260623124057_0005,24,3,4,481.409,314.179,428.377,261.146,534.442,367.211,106.065,0.0328,ms_nir_circle_supported_lattice,No
5,Day 5,Tray 5,5,DJI_20260623124057_0005,25,3,5,617.927,313.693,564.894,260.66,670.959,366.725,106.065,0.0242,ms_nir_circle_supported_lattice,No
5,Day 5,Tray 5,5,DJI_20260623124057_0005,26,3,6,754.445,313.207,701.412,260.175,807.477,366.24,106.065,0.0208,ms_nir_circle_supported_lattice,No
5,Day 5,Tray 5,5,DJI_20260623124057_0005,27,3,7,890.962,312.721,837.93,259.689,943.995,365.754,106.065,0.0136,ms_nir_circle_supported_lattice,No
5,Day 5,Tray 5,5,DJI_20260623124057_0005,28,3,8,1027.48,312.236,974.448,259.203,1080.513,365.268,106.065,0.0195,ms_nir_circle_supported_lattice,No
5,Day 5,Tray 5,5,DJI_20260623124057_0005,29,3,9,1163.998,311.75,1110.965,258.717,1217.03,364.783,106.065,0.0289,ms_nir_circle_supported_lattice,No
5,Day 5,Tray 5,5,DJI_20260623124057_0005,30,3,10,1300.516,311.264,1247.483,258.232,1353.548,364.297,106.065,0.0212,ms_nir_circle_supported_lattice,No
5,Day 5,Tray 5,5,DJI_20260623124057_0005,31,4,1,71.87,433.486,18.838,380.453,124.903,486.518,106.065,0.0222,ms_nir_circle_supported_lattice,No
5,Day 5,Tray 5,5,DJI_20260623124057_0005,32,4,2,208.388,433.0,155.355,379.967,261.42,486.033,106.065,0.026,ms_nir_circle_supported_lattice,No
5,Day 5,Tray 5,5,DJI_20260623124057_0005,33,4,3,344.906,432.514,291.873,379.482,397.938,485.547,106.065,0.0042,ms_nir_circle_supported_lattice,No
5,Day 5,Tray 5,5,DJI_20260623124057_0005,34,4,4,481.423,432.029,428.391,378.996,534.456,485.061,106.065,0.0176,ms_nir_circle_supported_lattice,No
5,Day 5,Tray 5,5,DJI_20260623124057_0005,35,4,5,617.941,431.543,564.909,378.51,670.974,484.575,106.065,0.0279,ms_nir_circle_supported_lattice,No
5,Day 5,Tray 5,5,DJI_20260623124057_0005,36,4,6,754.459,431.057,701.426,378.025,807.491,484.09,106.065,0.0039,ms_nir_circle_supported_lattice,No
5,Day 5,Tray 5,5,DJI_20260623124057_0005,37,4,7,890.977,430.571,837.944,377.539,944.009,483.604,106.065,0.0133,ms_nir_circle_supported_lattice,No
5,Day 5,Tray 5,5,DJI_20260623124057_0005,38,4,8,1027.494,430.086,974.462,377.053,1080.527,483.118,106.065,0.0231,ms_nir_circle_supported_lattice,No
5,Day 5,Tray 5,5,DJI_20260623124057_0005,39,4,9,1164.012,429.6,1110.98,376.567,1217.045,482.633,106.065,0.0172,ms_nir_circle_supported_lattice,No
5,Day 5,Tray 5,5,DJI_20260623124057_0005,40,4,10,1300.53,429.114,1247.497,376.082,1353.562,482.147,106.065,0.0276,ms_nir_circle_supported_lattice,No
5,Day 5,Tray 5,5,DJI_20260623124057_0005,41,5,1,71.884,551.336,18.852,498.303,124.917,604.368,106.065,0.0402,ms_nir_circle_supported_lattice,No
5,Day 5,Tray 5,5,DJI_20260623124057_0005,42,5,2,208.402,550.85,155.37,497.817,261.435,603.883,106.065,0.008,ms_nir_circle_supported_lattice,No
5,Day 5,Tray 5,5,DJI_20260623124057_0005,43,5,3,344.92,550.364,291.887,497.332,397.952,603.397,106.065,0.0032,ms_nir_circle_supported_lattice,No
5,Day 5,Tray 5,5,DJI_20260623124057_0005,44,5,4,481.438,549.879,428.405,496.846,534.47,602.911,106.065,0.0247,ms_nir_circle_supported_lattice,No
5,Day 5,Tray 5,5,DJI_20260623124057_0005,45,5,5,617.955,549.393,564.923,496.36,670.988,602.425,106.065,0.0169,ms_nir_circle_supported_lattice,No
5,Day 5,Tray 5,5,DJI_20260623124057_0005,46,5,6,754.473,548.907,701.441,495.875,807.506,601.94,106.065,0.0543,ms_nir_circle_supported_lattice,No
5,Day 5,Tray 5,5,DJI_20260623124057_0005,47,5,7,890.991,548.421,837.958,495.389,944.023,601.454,106.065,0.0097,ms_nir_circle_supported_lattice,No
5,Day 5,Tray 5,5,DJI_20260623124057_0005,48,5,8,1027.509,547.936,974.476,494.903,1080.541,600.968,106.065,0.0042,ms_nir_circle_supported_lattice,No
5,Day 5,Tray 5,5,DJI_20260623124057_0005,49,5,9,1164.026,547.45,1110.994,494.417,1217.059,600.483,106.065,0.0095,ms_nir_circle_supported_lattice,No
5,Day 5,Tray 5,5,DJI_20260623124057_0005,50,5,10,1300.544,546.964,1247.512,493.932,1353.577,599.997,106.065,0.0331,ms_nir_circle_supported_lattice,No
5,Day 5,Tray 5,5,DJI_20260623124057_0005,51,6,1,71.899,669.186,18.866,616.153,124.931,722.218,106.065,0.0322,ms_nir_circle_supported_lattice,No
5,Day 5,Tray 5,5,DJI_20260623124057_0005,52,6,2,208.416,668.7,155.384,615.667,261.449,721.733,106.065,0.0316,ms_nir_circle_supported_lattice,No
5,Day 5,Tray 5,5,DJI_20260623124057_0005,53,6,3,344.934,668.214,291.902,615.182,397.967,721.247,106.065,0.0081,ms_nir_circle_supported_lattice,No
5,Day 5,Tray 5,5,DJI_20260623124057_0005,54,6,4,481.452,667.729,428.419,614.696,534.484,720.761,106.065,0.0952,ms_nir_circle_supported_lattice,No
5,Day 5,Tray 5,5,DJI_20260623124057_0005,55,6,5,617.97,667.243,564.937,614.21,671.002,720.275,106.065,0.0595,ms_nir_circle_supported_lattice,No
5,Day 5,Tray 5,5,DJI_20260623124057_0005,56,6,6,754.487,666.757,701.455,613.725,807.52,719.79,106.065,0.0701,ms_nir_circle_supported_lattice,No
5,Day 5,Tray 5,5,DJI_20260623124057_0005,57,6,7,891.005,666.271,837.973,613.239,944.038,719.304,106.065,0.0108,ms_nir_circle_supported_lattice,No
5,Day 5,Tray 5,5,DJI_20260623124057_0005,58,6,8,1027.523,665.786,974.49,612.753,1080.555,718.818,106.065,0.0319,ms_nir_circle_supported_lattice,No
5,Day 5,Tray 5,5,DJI_20260623124057_0005,59,6,9,1164.041,665.3,1111.008,612.267,1217.073,718.333,106.065,0.0211,ms_nir_circle_supported_lattice,No
5,Day 5,Tray 5,5,DJI_20260623124057_0005,60,6,10,1300.558,664.814,1247.526,611.782,1353.591,717.847,106.065,0.0411,ms_nir_circle_supported_lattice,No
5,Day 5,Tray 5,5,DJI_20260623124057_0005,61,7,1,71.913,787.036,18.88,734.003,124.945,840.068,106.065,0.0367,ms_nir_circle_supported_lattice,No
5,Day 5,Tray 5,5,DJI_20260623124057_0005,62,7,2,208.431,786.55,155.398,733.517,261.463,839.583,106.065,0.0784,ms_nir_circle_supported_lattice,No
5,Day 5,Tray 5,5,DJI_20260623124057_0005,63,7,3,344.948,786.064,291.916,733.032,397.981,839.097,106.065,0.1023,ms_nir_circle_supported_lattice,No
5,Day 5,Tray 5,5,DJI_20260623124057_0005,64,7,4,481.466,785.579,428.434,732.546,534.499,838.611,106.065,0.0063,ms_nir_circle_supported_lattice,No
5,Day 5,Tray 5,5,DJI_20260623124057_0005,65,7,5,617.984,785.093,564.951,732.06,671.016,838.125,106.065,0.0234,ms_nir_circle_supported_lattice,No
5,Day 5,Tray 5,5,DJI_20260623124057_0005,66,7,6,754.502,784.607,701.469,731.575,807.534,837.64,106.065,0.0717,ms_nir_circle_supported_lattice,No
5,Day 5,Tray 5,5,DJI_20260623124057_0005,67,7,7,891.019,784.121,837.987,731.089,944.052,837.154,106.065,0.0075,ms_nir_circle_supported_lattice,No
5,Day 5,Tray 5,5,DJI_20260623124057_0005,68,7,8,1027.537,783.636,974.505,730.603,1080.57,836.668,106.065,0.0122,ms_nir_circle_supported_lattice,No
5,Day 5,Tray 5,5,DJI_20260623124057_0005,69,7,9,1164.055,783.15,1111.022,730.117,1217.087,836.183,106.065,0.0108,ms_nir_circle_supported_lattice,No
5,Day 5,Tray 5,5,DJI_20260623124057_0005,70,7,10,1300.573,782.664,1247.54,729.632,1353.605,835.697,106.065,0.0146,ms_nir_circle_supported_lattice,No
5,Day 5,Tray 6,6,DJI_20260623124159_0006,1,1,1,76.922,86.83,24.417,34.325,129.427,139.335,105.01,0.0071,ms_nir_circle_supported_lattice,No
5,Day 5,Tray 6,6,DJI_20260623124159_0006,2,1,2,212.825,85.598,160.32,33.093,265.33,138.103,105.01,0.0362,ms_nir_circle_supported_lattice,No
5,Day 5,Tray 6,6,DJI_20260623124159_0006,3,1,3,348.727,84.366,296.222,31.861,401.232,136.871,105.01,0.146,ms_nir_circle_supported_lattice,No
5,Day 5,Tray 6,6,DJI_20260623124159_0006,4,1,4,484.629,83.134,432.124,30.629,537.134,135.639,105.01,0.0111,ms_nir_circle_supported_lattice,No
5,Day 5,Tray 6,6,DJI_20260623124159_0006,5,1,5,620.531,81.902,568.026,29.397,673.036,134.407,105.01,0.0279,ms_nir_circle_supported_lattice,No
5,Day 5,Tray 6,6,DJI_20260623124159_0006,6,1,6,756.433,80.67,703.928,28.165,808.938,133.175,105.01,0.0136,ms_nir_circle_supported_lattice,No
5,Day 5,Tray 6,6,DJI_20260623124159_0006,7,1,7,892.335,79.438,839.83,26.933,944.84,131.943,105.01,0.0653,ms_nir_circle_supported_lattice,No
5,Day 5,Tray 6,6,DJI_20260623124159_0006,8,1,8,1028.238,78.206,975.733,25.701,1080.743,130.711,105.01,0.0409,ms_nir_circle_supported_lattice,No
5,Day 5,Tray 6,6,DJI_20260623124159_0006,9,1,9,1164.14,76.974,1111.635,24.469,1216.645,129.479,105.01,0.018,ms_nir_circle_supported_lattice,No
5,Day 5,Tray 6,6,DJI_20260623124159_0006,10,1,10,1300.042,75.742,1247.537,23.237,1352.547,128.247,105.01,0.0293,ms_nir_circle_supported_lattice,No
5,Day 5,Tray 6,6,DJI_20260623124159_0006,11,2,1,78.147,203.501,25.642,150.996,130.652,256.006,105.01,0.0085,ms_nir_circle_supported_lattice,No
5,Day 5,Tray 6,6,DJI_20260623124159_0006,12,2,2,214.05,202.269,161.545,149.764,266.555,254.774,105.01,0.0023,ms_nir_circle_supported_lattice,No
5,Day 5,Tray 6,6,DJI_20260623124159_0006,13,2,3,349.952,201.037,297.447,148.532,402.457,253.542,105.01,0.0089,ms_nir_circle_supported_lattice,No
5,Day 5,Tray 6,6,DJI_20260623124159_0006,14,2,4,485.854,199.805,433.349,147.3,538.359,252.31,105.01,0.012,ms_nir_circle_supported_lattice,No
5,Day 5,Tray 6,6,DJI_20260623124159_0006,15,2,5,621.756,198.573,569.251,146.068,674.261,251.078,105.01,0.0136,ms_nir_circle_supported_lattice,No
5,Day 5,Tray 6,6,DJI_20260623124159_0006,16,2,6,757.658,197.341,705.153,144.836,810.163,249.846,105.01,0.0246,ms_nir_circle_supported_lattice,No
5,Day 5,Tray 6,6,DJI_20260623124159_0006,17,2,7,893.56,196.109,841.055,143.604,946.065,248.614,105.01,0.0134,ms_nir_circle_supported_lattice,No
5,Day 5,Tray 6,6,DJI_20260623124159_0006,18,2,8,1029.463,194.877,976.958,142.372,1081.968,247.382,105.01,0.0878,ms_nir_circle_supported_lattice,No
5,Day 5,Tray 6,6,DJI_20260623124159_0006,19,2,9,1165.365,193.645,1112.86,141.14,1217.87,246.15,105.01,0.0128,ms_nir_circle_supported_lattice,No
5,Day 5,Tray 6,6,DJI_20260623124159_0006,20,2,10,1301.267,192.413,1248.762,139.908,1353.772,244.918,105.01,0.0138,ms_nir_circle_supported_lattice,No
5,Day 5,Tray 6,6,DJI_20260623124159_0006,21,3,1,79.372,320.173,26.867,267.668,131.877,372.678,105.01,0.0114,ms_nir_circle_supported_lattice,No
5,Day 5,Tray 6,6,DJI_20260623124159_0006,22,3,2,215.275,318.941,162.77,266.436,267.78,371.446,105.01,0.0292,ms_nir_circle_supported_lattice,No
5,Day 5,Tray 6,6,DJI_20260623124159_0006,23,3,3,351.177,317.709,298.672,265.204,403.682,370.214,105.01,0.0163,ms_nir_circle_supported_lattice,No
5,Day 5,Tray 6,6,DJI_20260623124159_0006,24,3,4,487.079,316.477,434.574,263.972,539.584,368.982,105.01,0.0766,ms_nir_circle_supported_lattice,No
5,Day 5,Tray 6,6,DJI_20260623124159_0006,25,3,5,622.981,315.245,570.476,262.74,675.486,367.75,105.01,0.0174,ms_nir_circle_supported_lattice,No
5,Day 5,Tray 6,6,DJI_20260623124159_0006,26,3,6,758.883,314.013,706.378,261.508,811.388,366.518,105.01,0.0087,ms_nir_circle_supported_lattice,No
5,Day 5,Tray 6,6,DJI_20260623124159_0006,27,3,7,894.785,312.781,842.28,260.275,947.29,365.286,105.01,0.0924,ms_nir_circle_supported_lattice,No
5,Day 5,Tray 6,6,DJI_20260623124159_0006,28,3,8,1030.688,311.548,978.183,259.043,1083.193,364.054,105.01,0.0204,ms_nir_circle_supported_lattice,No
5,Day 5,Tray 6,6,DJI_20260623124159_0006,29,3,9,1166.59,310.316,1114.085,257.811,1219.095,362.821,105.01,0.0177,ms_nir_circle_supported_lattice,No
5,Day 5,Tray 6,6,DJI_20260623124159_0006,30,3,10,1302.492,309.084,1249.987,256.579,1354.997,361.589,105.01,0.0301,ms_nir_circle_supported_lattice,No
5,Day 5,Tray 6,6,DJI_20260623124159_0006,31,4,1,80.597,436.844,28.092,384.339,133.102,489.349,105.01,0.0249,ms_nir_circle_supported_lattice,No
5,Day 5,Tray 6,6,DJI_20260623124159_0006,32,4,2,216.5,435.612,163.995,383.107,269.005,488.117,105.01,0.0054,ms_nir_circle_supported_lattice,No
5,Day 5,Tray 6,6,DJI_20260623124159_0006,33,4,3,352.402,434.38,299.897,381.875,404.907,486.885,105.01,0.0794,ms_nir_circle_supported_lattice,No
5,Day 5,Tray 6,6,DJI_20260623124159_0006,34,4,4,488.304,433.148,435.799,380.643,540.809,485.653,105.01,0.0061,ms_nir_circle_supported_lattice,No
5,Day 5,Tray 6,6,DJI_20260623124159_0006,35,4,5,624.206,431.916,571.701,379.411,676.711,484.421,105.01,0.013,ms_nir_circle_supported_lattice,No
5,Day 5,Tray 6,6,DJI_20260623124159_0006,36,4,6,760.108,430.684,707.603,378.179,812.613,483.189,105.01,0.0096,ms_nir_circle_supported_lattice,No
5,Day 5,Tray 6,6,DJI_20260623124159_0006,37,4,7,896.01,429.452,843.505,376.947,948.515,481.957,105.01,0.0039,ms_nir_circle_supported_lattice,No
5,Day 5,Tray 6,6,DJI_20260623124159_0006,38,4,8,1031.913,428.22,979.408,375.715,1084.418,480.725,105.01,0.014,ms_nir_circle_supported_lattice,No
5,Day 5,Tray 6,6,DJI_20260623124159_0006,39,4,9,1167.815,426.988,1115.31,374.483,1220.32,479.493,105.01,0.0102,ms_nir_circle_supported_lattice,No
5,Day 5,Tray 6,6,DJI_20260623124159_0006,40,4,10,1303.717,425.756,1251.212,373.251,1356.222,478.261,105.01,0.0153,ms_nir_circle_supported_lattice,No
5,Day 5,Tray 6,6,DJI_20260623124159_0006,41,5,1,81.822,553.516,29.317,501.011,134.327,606.021,105.01,0.0393,ms_nir_circle_supported_lattice,No
5,Day 5,Tray 6,6,DJI_20260623124159_0006,42,5,2,217.725,552.284,165.22,499.779,270.23,604.789,105.01,0.0258,ms_nir_circle_supported_lattice,No
5,Day 5,Tray 6,6,DJI_20260623124159_0006,43,5,3,353.627,551.052,301.122,498.546,406.132,603.557,105.01,0.0287,ms_nir_circle_supported_lattice,No
5,Day 5,Tray 6,6,DJI_20260623124159_0006,44,5,4,489.529,549.819,437.024,497.314,542.034,602.325,105.01,0.0081,ms_nir_circle_supported_lattice,No
5,Day 5,Tray 6,6,DJI_20260623124159_0006,45,5,5,625.431,548.587,572.926,496.082,677.936,601.092,105.01,0.007,ms_nir_circle_supported_lattice,No
5,Day 5,Tray 6,6,DJI_20260623124159_0006,46,5,6,761.333,547.355,708.828,494.85,813.838,599.86,105.01,0.0062,ms_nir_circle_supported_lattice,No
5,Day 5,Tray 6,6,DJI_20260623124159_0006,47,5,7,897.235,546.123,844.73,493.618,949.74,598.628,105.01,0.112,ms_nir_circle_supported_lattice,No
5,Day 5,Tray 6,6,DJI_20260623124159_0006,48,5,8,1033.138,544.891,980.633,492.386,1085.643,597.396,105.01,0.1069,ms_nir_circle_supported_lattice,No
5,Day 5,Tray 6,6,DJI_20260623124159_0006,49,5,9,1169.04,543.659,1116.535,491.154,1221.545,596.164,105.01,0.0142,ms_nir_circle_supported_lattice,No
5,Day 5,Tray 6,6,DJI_20260623124159_0006,50,5,10,1304.942,542.427,1252.437,489.922,1357.447,594.932,105.01,0.0098,ms_nir_circle_supported_lattice,No
5,Day 5,Tray 6,6,DJI_20260623124159_0006,51,6,1,83.047,670.187,30.542,617.682,135.552,722.692,105.01,0.0114,ms_nir_circle_supported_lattice,No
5,Day 5,Tray 6,6,DJI_20260623124159_0006,52,6,2,218.95,668.955,166.445,616.45,271.455,721.46,105.01,0.0176,ms_nir_circle_supported_lattice,No
5,Day 5,Tray 6,6,DJI_20260623124159_0006,53,6,3,354.852,667.723,302.347,615.218,407.357,720.228,105.01,0.0214,ms_nir_circle_supported_lattice,No
5,Day 5,Tray 6,6,DJI_20260623124159_0006,54,6,4,490.754,666.491,438.249,613.986,543.259,718.996,105.01,0.0143,ms_nir_circle_supported_lattice,No
5,Day 5,Tray 6,6,DJI_20260623124159_0006,55,6,5,626.656,665.259,574.151,612.754,679.161,717.764,105.01,0.0037,ms_nir_circle_supported_lattice,No
5,Day 5,Tray 6,6,DJI_20260623124159_0006,56,6,6,762.558,664.027,710.053,611.522,815.063,716.532,105.01,0.0638,ms_nir_circle_supported_lattice,No
5,Day 5,Tray 6,6,DJI_20260623124159_0006,57,6,7,898.46,662.795,845.955,610.29,950.965,715.3,105.01,0.0079,ms_nir_circle_supported_lattice,No
5,Day 5,Tray 6,6,DJI_20260623124159_0006,58,6,8,1034.363,661.563,981.858,609.058,1086.868,714.068,105.01,0.0073,ms_nir_circle_supported_lattice,No
5,Day 5,Tray 6,6,DJI_20260623124159_0006,59,6,9,1170.265,660.331,1117.76,607.826,1222.77,712.836,105.01,0.013,ms_nir_circle_supported_lattice,No
5,Day 5,Tray 6,6,DJI_20260623124159_0006,60,6,10,1306.167,659.099,1253.662,606.594,1358.672,711.604,105.01,0.0072,ms_nir_circle_supported_lattice,No
5,Day 5,Tray 6,6,DJI_20260623124159_0006,61,7,1,84.272,786.858,31.767,734.353,136.777,839.363,105.01,0.0384,ms_nir_circle_supported_lattice,No
5,Day 5,Tray 6,6,DJI_20260623124159_0006,62,7,2,220.175,785.626,167.67,733.121,272.68,838.131,105.01,0.0461,ms_nir_circle_supported_lattice,No
5,Day 5,Tray 6,6,DJI_20260623124159_0006,63,7,3,356.077,784.394,303.572,731.889,408.582,836.899,105.01,0.0034,ms_nir_circle_supported_lattice,No
5,Day 5,Tray 6,6,DJI_20260623124159_0006,64,7,4,491.979,783.162,439.474,730.657,544.484,835.667,105.01,0.0639,ms_nir_circle_supported_lattice,No
5,Day 5,Tray 6,6,DJI_20260623124159_0006,65,7,5,627.881,781.93,575.376,729.425,680.386,834.435,105.01,0.0092,ms_nir_circle_supported_lattice,No
5,Day 5,Tray 6,6,DJI_20260623124159_0006,66,7,6,763.783,780.698,711.278,728.193,816.288,833.203,105.01,0.0032,ms_nir_circle_supported_lattice,No
5,Day 5,Tray 6,6,DJI_20260623124159_0006,67,7,7,899.685,779.466,847.18,726.961,952.19,831.971,105.01,0.012,ms_nir_circle_supported_lattice,No
5,Day 5,Tray 6,6,DJI_20260623124159_0006,68,7,8,1035.588,778.234,983.083,725.729,1088.093,830.739,105.01,0.1178,ms_nir_circle_supported_lattice,No
5,Day 5,Tray 6,6,DJI_20260623124159_0006,69,7,9,1171.49,777.002,1118.985,724.497,1223.995,829.507,105.01,0.1287,ms_nir_circle_supported_lattice,No
5,Day 5,Tray 6,6,DJI_20260623124159_0006,70,7,10,1307.392,775.77,1254.887,723.265,1359.897,828.275,105.01,0.0111,ms_nir_circle_supported_lattice,No
5,Day 5,Tray 7,7,DJI_20260623124307_0007,1,1,1,71.561,90.208,18.465,37.112,124.658,143.305,106.194,0.0309,ms_nir_circle_supported_lattice,No
5,Day 5,Tray 7,7,DJI_20260623124307_0007,2,1,2,207.979,89.376,154.882,36.28,261.076,142.473,106.194,0.0541,ms_nir_circle_supported_lattice,No
5,Day 5,Tray 7,7,DJI_20260623124307_0007,3,1,3,344.396,88.544,291.299,35.448,397.493,141.641,106.194,0.0124,ms_nir_circle_supported_lattice,No
5,Day 5,Tray 7,7,DJI_20260623124307_0007,4,1,4,480.813,87.712,427.716,34.615,533.91,140.809,106.194,0.0146,ms_nir_circle_supported_lattice,No
5,Day 5,Tray 7,7,DJI_20260623124307_0007,5,1,5,617.231,86.88,564.134,33.783,670.327,139.977,106.194,0.0105,ms_nir_circle_supported_lattice,No
5,Day 5,Tray 7,7,DJI_20260623124307_0007,6,1,6,753.648,86.048,700.551,32.951,806.745,139.145,106.194,0.0055,ms_nir_circle_supported_lattice,No
5,Day 5,Tray 7,7,DJI_20260623124307_0007,7,1,7,890.065,85.216,836.968,32.119,943.162,138.313,106.194,0.0204,ms_nir_circle_supported_lattice,No
5,Day 5,Tray 7,7,DJI_20260623124307_0007,8,1,8,1026.483,84.384,973.386,31.287,1079.579,137.481,106.194,0.0294,ms_nir_circle_supported_lattice,No
5,Day 5,Tray 7,7,DJI_20260623124307_0007,9,1,9,1162.9,83.552,1109.803,30.455,1215.997,136.649,106.194,0.0294,ms_nir_circle_supported_lattice,No
5,Day 5,Tray 7,7,DJI_20260623124307_0007,10,1,10,1299.317,82.72,1246.22,29.623,1352.414,135.817,106.194,0.0716,ms_nir_circle_supported_lattice,No
5,Day 5,Tray 7,7,DJI_20260623124307_0007,11,2,1,71.386,208.201,18.29,155.104,124.483,261.298,106.194,0.0325,ms_nir_circle_supported_lattice,No
5,Day 5,Tray 7,7,DJI_20260623124307_0007,12,2,2,207.804,207.369,154.707,154.272,260.901,260.466,106.194,0.0212,ms_nir_circle_supported_lattice,No
5,Day 5,Tray 7,7,DJI_20260623124307_0007,13,2,3,344.221,206.537,291.124,153.44,397.318,259.634,106.194,0.0132,ms_nir_circle_supported_lattice,No
5,Day 5,Tray 7,7,DJI_20260623124307_0007,14,2,4,480.638,205.705,427.541,152.608,533.735,258.802,106.194,0.0398,ms_nir_circle_supported_lattice,No
5,Day 5,Tray 7,7,DJI_20260623124307_0007,15,2,5,617.056,204.873,563.959,151.776,670.152,257.97,106.194,0.0361,ms_nir_circle_supported_lattice,No
5,Day 5,Tray 7,7,DJI_20260623124307_0007,16,2,6,753.473,204.041,700.376,150.944,806.57,257.138,106.194,0.0097,ms_nir_circle_supported_lattice,No
5,Day 5,Tray 7,7,DJI_20260623124307_0007,17,2,7,889.89,203.209,836.793,150.112,942.987,256.306,106.194,0.0266,ms_nir_circle_supported_lattice,No
5,Day 5,Tray 7,7,DJI_20260623124307_0007,18,2,8,1026.308,202.377,973.211,149.28,1079.404,255.474,106.194,0.021,ms_nir_circle_supported_lattice,No
5,Day 5,Tray 7,7,DJI_20260623124307_0007,19,2,9,1162.725,201.545,1109.628,148.448,1215.822,254.642,106.194,0.0294,ms_nir_circle_supported_lattice,No
5,Day 5,Tray 7,7,DJI_20260623124307_0007,20,2,10,1299.142,200.713,1246.045,147.616,1352.239,253.81,106.194,0.0159,ms_nir_circle_supported_lattice,No
5,Day 5,Tray 7,7,DJI_20260623124307_0007,21,3,1,71.211,326.194,18.115,273.097,124.308,379.291,106.194,0.0515,ms_nir_circle_supported_lattice,No
5,Day 5,Tray 7,7,DJI_20260623124307_0007,22,3,2,207.629,325.362,154.532,272.265,260.726,378.459,106.194,0.0141,ms_nir_circle_supported_lattice,No
5,Day 5,Tray 7,7,DJI_20260623124307_0007,23,3,3,344.046,324.53,290.949,271.433,397.143,377.627,106.194,0.021,ms_nir_circle_supported_lattice,No
5,Day 5,Tray 7,7,DJI_20260623124307_0007,24,3,4,480.463,323.698,427.366,270.601,533.56,376.795,106.194,0.0151,ms_nir_circle_supported_lattice,No
5,Day 5,Tray 7,7,DJI_20260623124307_0007,25,3,5,616.881,322.866,563.784,269.769,669.977,375.963,106.194,0.0753,ms_nir_circle_supported_lattice,No
5,Day 5,Tray 7,7,DJI_20260623124307_0007,26,3,6,753.298,322.034,700.201,268.937,806.395,375.131,106.194,0.0091,ms_nir_circle_supported_lattice,No
5,Day 5,Tray 7,7,DJI_20260623124307_0007,27,3,7,889.715,321.202,836.618,268.105,942.812,374.299,106.194,0.0595,ms_nir_circle_supported_lattice,No
5,Day 5,Tray 7,7,DJI_20260623124307_0007,28,3,8,1026.133,320.37,973.036,267.273,1079.229,373.467,106.194,0.0161,ms_nir_circle_supported_lattice,No
5,Day 5,Tray 7,7,DJI_20260623124307_0007,29,3,9,1162.55,319.538,1109.453,266.441,1215.647,372.635,106.194,0.0055,ms_nir_circle_supported_lattice,No
5,Day 5,Tray 7,7,DJI_20260623124307_0007,30,3,10,1298.967,318.706,1245.87,265.609,1352.064,371.803,106.194,0.0169,ms_nir_circle_supported_lattice,No
5,Day 5,Tray 7,7,DJI_20260623124307_0007,31,4,1,71.036,444.187,17.94,391.09,124.133,497.284,106.194,0.0194,ms_nir_circle_supported_lattice,No
5,Day 5,Tray 7,7,DJI_20260623124307_0007,32,4,2,207.454,443.355,154.357,390.258,260.551,496.452,106.194,0.0205,ms_nir_circle_supported_lattice,No
5,Day 5,Tray 7,7,DJI_20260623124307_0007,33,4,3,343.871,442.523,290.774,389.426,396.968,495.62,106.194,0.0214,ms_nir_circle_supported_lattice,No
5,Day 5,Tray 7,7,DJI_20260623124307_0007,34,4,4,480.288,441.691,427.191,388.594,533.385,494.788,106.194,0.0203,ms_nir_circle_supported_lattice,No
5,Day 5,Tray 7,7,DJI_20260623124307_0007,35,4,5,616.706,440.859,563.609,387.762,669.802,493.956,106.194,0.1133,ms_nir_circle_supported_lattice,No
5,Day 5,Tray 7,7,DJI_20260623124307_0007,36,4,6,753.123,440.027,700.026,386.93,806.22,493.124,106.194,0.0537,ms_nir_circle_supported_lattice,No
5,Day 5,Tray 7,7,DJI_20260623124307_0007,37,4,7,889.54,439.195,836.443,386.098,942.637,492.292,106.194,0.0896,ms_nir_circle_supported_lattice,No
5,Day 5,Tray 7,7,DJI_20260623124307_0007,38,4,8,1025.958,438.363,972.861,385.266,1079.054,491.46,106.194,0.0319,ms_nir_circle_supported_lattice,No
5,Day 5,Tray 7,7,DJI_20260623124307_0007,39,4,9,1162.375,437.531,1109.278,384.434,1215.472,490.628,106.194,0.0069,ms_nir_circle_supported_lattice,No
5,Day 5,Tray 7,7,DJI_20260623124307_0007,40,4,10,1298.792,436.699,1245.695,383.602,1351.889,489.796,106.194,0.0196,ms_nir_circle_supported_lattice,No
5,Day 5,Tray 7,7,DJI_20260623124307_0007,41,5,1,70.861,562.18,17.765,509.083,123.958,615.277,106.194,0.073,ms_nir_circle_supported_lattice,No
5,Day 5,Tray 7,7,DJI_20260623124307_0007,42,5,2,207.279,561.348,154.182,508.251,260.376,614.445,106.194,0.0157,ms_nir_circle_supported_lattice,No
5,Day 5,Tray 7,7,DJI_20260623124307_0007,43,5,3,343.696,560.516,290.599,507.419,396.793,613.613,106.194,0.0304,ms_nir_circle_supported_lattice,No
5,Day 5,Tray 7,7,DJI_20260623124307_0007,44,5,4,480.113,559.684,427.016,506.587,533.21,612.781,106.194,0.029,ms_nir_circle_supported_lattice,No
5,Day 5,Tray 7,7,DJI_20260623124307_0007,45,5,5,616.531,558.852,563.434,505.755,669.627,611.949,106.194,0.0385,ms_nir_circle_supported_lattice,No
5,Day 5,Tray 7,7,DJI_20260623124307_0007,46,5,6,752.948,558.02,699.851,504.923,806.045,611.117,106.194,0.0268,ms_nir_circle_supported_lattice,No
5,Day 5,Tray 7,7,DJI_20260623124307_0007,47,5,7,889.365,557.188,836.268,504.091,942.462,610.285,106.194,0.0356,ms_nir_circle_supported_lattice,No
5,Day 5,Tray 7,7,DJI_20260623124307_0007,48,5,8,1025.783,556.356,972.686,503.259,1078.879,609.452,106.194,0.0478,ms_nir_circle_supported_lattice,No
5,Day 5,Tray 7,7,DJI_20260623124307_0007,49,5,9,1162.2,555.524,1109.103,502.427,1215.297,608.62,106.194,0.0241,ms_nir_circle_supported_lattice,No
5,Day 5,Tray 7,7,DJI_20260623124307_0007,50,5,10,1298.617,554.692,1245.52,501.595,1351.714,607.788,106.194,0.023,ms_nir_circle_supported_lattice,No
5,Day 5,Tray 7,7,DJI_20260623124307_0007,51,6,1,70.686,680.173,17.59,627.076,123.783,733.27,106.194,0.027,ms_nir_circle_supported_lattice,No
5,Day 5,Tray 7,7,DJI_20260623124307_0007,52,6,2,207.104,679.341,154.007,626.244,260.201,732.438,106.194,0.0419,ms_nir_circle_supported_lattice,No
5,Day 5,Tray 7,7,DJI_20260623124307_0007,53,6,3,343.521,678.509,290.424,625.412,396.618,731.606,106.194,0.1561,ms_nir_circle_supported_lattice,No
5,Day 5,Tray 7,7,DJI_20260623124307_0007,54,6,4,479.938,677.677,426.841,624.58,533.035,730.773,106.194,0.0669,ms_nir_circle_supported_lattice,No
5,Day 5,Tray 7,7,DJI_20260623124307_0007,55,6,5,616.356,676.845,563.259,623.748,669.452,729.941,106.194,0.1264,ms_nir_circle_supported_lattice,No
5,Day 5,Tray 7,7,DJI_20260623124307_0007,56,6,6,752.773,676.013,699.676,622.916,805.87,729.109,106.194,0.0183,ms_nir_circle_supported_lattice,No
5,Day 5,Tray 7,7,DJI_20260623124307_0007,57,6,7,889.19,675.181,836.093,622.084,942.287,728.277,106.194,0.0101,ms_nir_circle_supported_lattice,No
5,Day 5,Tray 7,7,DJI_20260623124307_0007,58,6,8,1025.608,674.348,972.511,621.252,1078.704,727.445,106.194,0.0482,ms_nir_circle_supported_lattice,No
5,Day 5,Tray 7,7,DJI_20260623124307_0007,59,6,9,1162.025,673.516,1108.928,620.42,1215.122,726.613,106.194,0.0392,ms_nir_circle_supported_lattice,No
5,Day 5,Tray 7,7,DJI_20260623124307_0007,60,6,10,1298.442,672.684,1245.345,619.588,1351.539,725.781,106.194,0.0173,ms_nir_circle_supported_lattice,No
5,Day 5,Tray 7,7,DJI_20260623124307_0007,61,7,1,70.511,798.166,17.415,745.069,123.608,851.262,106.194,0.05,ms_nir_circle_supported_lattice,No
5,Day 5,Tray 7,7,DJI_20260623124307_0007,62,7,2,206.929,797.334,153.832,744.237,260.026,850.43,106.194,0.0486,ms_nir_circle_supported_lattice,No
5,Day 5,Tray 7,7,DJI_20260623124307_0007,63,7,3,343.346,796.502,290.249,743.405,396.443,849.598,106.194,0.0357,ms_nir_circle_supported_lattice,No
5,Day 5,Tray 7,7,DJI_20260623124307_0007,64,7,4,479.763,795.669,426.666,742.573,532.86,848.766,106.194,0.0805,ms_nir_circle_supported_lattice,No
5,Day 5,Tray 7,7,DJI_20260623124307_0007,65,7,5,616.181,794.837,563.084,741.741,669.277,847.934,106.194,0.0422,ms_nir_circle_supported_lattice,No
5,Day 5,Tray 7,7,DJI_20260623124307_0007,66,7,6,752.598,794.005,699.501,740.909,805.695,847.102,106.194,0.1102,ms_nir_circle_supported_lattice,No
5,Day 5,Tray 7,7,DJI_20260623124307_0007,67,7,7,889.015,793.173,835.918,740.077,942.112,846.27,106.194,0.0393,ms_nir_circle_supported_lattice,No
5,Day 5,Tray 7,7,DJI_20260623124307_0007,68,7,8,1025.433,792.341,972.336,739.244,1078.529,845.438,106.194,0.0337,ms_nir_circle_supported_lattice,No
5,Day 5,Tray 7,7,DJI_20260623124307_0007,69,7,9,1161.85,791.509,1108.753,738.412,1214.947,844.606,106.194,0.0129,ms_nir_circle_supported_lattice,No
5,Day 5,Tray 7,7,DJI_20260623124307_0007,70,7,10,1298.267,790.677,1245.17,737.58,1351.364,843.774,106.194,0.0158,ms_nir_circle_supported_lattice,No
5,Day 5,Tray 8,8,DJI_20260623124403_0008,1,1,1,74.416,78.32,21.77,25.675,127.061,130.966,105.29,0.0481,ms_nir_circle_supported_lattice,No
5,Day 5,Tray 8,8,DJI_20260623124403_0008,2,1,2,211.088,78.675,158.443,26.03,263.734,131.321,105.29,0.0273,ms_nir_circle_supported_lattice,No
5,Day 5,Tray 8,8,DJI_20260623124403_0008,3,1,3,347.761,79.03,295.116,26.385,400.406,131.676,105.29,0.0448,ms_nir_circle_supported_lattice,No
5,Day 5,Tray 8,8,DJI_20260623124403_0008,4,1,4,484.434,79.385,431.789,26.74,537.079,132.031,105.29,0.005,ms_nir_circle_supported_lattice,No
5,Day 5,Tray 8,8,DJI_20260623124403_0008,5,1,5,621.106,79.74,568.461,27.095,673.752,132.386,105.29,0.008,ms_nir_circle_supported_lattice,No
5,Day 5,Tray 8,8,DJI_20260623124403_0008,6,1,6,757.779,80.095,705.134,27.45,810.424,132.741,105.29,0.013,ms_nir_circle_supported_lattice,No
5,Day 5,Tray 8,8,DJI_20260623124403_0008,7,1,7,894.452,80.45,841.807,27.805,947.097,133.096,105.29,0.0255,ms_nir_circle_supported_lattice,No
5,Day 5,Tray 8,8,DJI_20260623124403_0008,8,1,8,1031.125,80.805,978.479,28.16,1083.77,133.45,105.29,0.0208,ms_nir_circle_supported_lattice,No
5,Day 5,Tray 8,8,DJI_20260623124403_0008,9,1,9,1167.797,81.16,1115.152,28.515,1220.443,133.805,105.29,0.0582,ms_nir_circle_supported_lattice,No
5,Day 5,Tray 8,8,DJI_20260623124403_0008,10,1,10,1304.47,81.515,1251.825,28.87,1357.115,134.16,105.29,0.0485,ms_nir_circle_supported_lattice,No
5,Day 5,Tray 8,8,DJI_20260623124403_0008,11,2,1,74.33,195.31,21.685,142.665,126.975,247.955,105.29,0.0063,ms_nir_circle_supported_lattice,No
5,Day 5,Tray 8,8,DJI_20260623124403_0008,12,2,2,211.003,195.665,158.357,143.02,263.648,248.31,105.29,0.0258,ms_nir_circle_supported_lattice,No
5,Day 5,Tray 8,8,DJI_20260623124403_0008,13,2,3,347.675,196.02,295.03,143.375,400.321,248.665,105.29,0.0105,ms_nir_circle_supported_lattice,No
5,Day 5,Tray 8,8,DJI_20260623124403_0008,14,2,4,484.348,196.375,431.703,143.729,536.993,249.02,105.29,0.012,ms_nir_circle_supported_lattice,No
5,Day 5,Tray 8,8,DJI_20260623124403_0008,15,2,5,621.021,196.73,568.376,144.084,673.666,249.375,105.29,0.0087,ms_nir_circle_supported_lattice,No
5,Day 5,Tray 8,8,DJI_20260623124403_0008,16,2,6,757.694,197.085,705.048,144.439,810.339,249.73,105.29,0.018,ms_nir_circle_supported_lattice,No
5,Day 5,Tray 8,8,DJI_20260623124403_0008,17,2,7,894.366,197.44,841.721,144.794,947.011,250.085,105.29,0.0177,ms_nir_circle_supported_lattice,No
5,Day 5,Tray 8,8,DJI_20260623124403_0008,18,2,8,1031.039,197.795,978.394,145.149,1083.684,250.44,105.29,0.0153,ms_nir_circle_supported_lattice,No
5,Day 5,Tray 8,8,DJI_20260623124403_0008,19,2,9,1167.712,198.15,1115.066,145.504,1220.357,250.795,105.29,0.0215,ms_nir_circle_supported_lattice,No
5,Day 5,Tray 8,8,DJI_20260623124403_0008,20,2,10,1304.384,198.505,1251.739,145.859,1357.03,251.15,105.29,0.0174,ms_nir_circle_supported_lattice,No
5,Day 5,Tray 8,8,DJI_20260623124403_0008,21,3,1,74.244,312.299,21.599,259.654,126.889,364.944,105.29,0.0088,ms_nir_circle_supported_lattice,No
5,Day 5,Tray 8,8,DJI_20260623124403_0008,22,3,2,210.917,312.654,158.272,260.009,263.562,365.299,105.29,0.0678,ms_nir_circle_supported_lattice,No
5,Day 5,Tray 8,8,DJI_20260623124403_0008,23,3,3,347.59,313.009,294.944,260.364,400.235,365.654,105.29,0.0147,ms_nir_circle_supported_lattice,No
5,Day 5,Tray 8,8,DJI_20260623124403_0008,24,3,4,484.262,313.364,431.617,260.719,536.908,366.009,105.29,0.0974,ms_nir_circle_supported_lattice,No
5,Day 5,Tray 8,8,DJI_20260623124403_0008,25,3,5,620.935,313.719,568.29,261.074,673.58,366.364,105.29,0.115,ms_nir_circle_supported_lattice,No
5,Day 5,Tray 8,8,DJI_20260623124403_0008,26,3,6,757.608,314.074,704.963,261.429,810.253,366.719,105.29,0.0767,ms_nir_circle_supported_lattice,No
5,Day 5,Tray 8,8,DJI_20260623124403_0008,27,3,7,894.281,314.429,841.635,261.784,946.926,367.074,105.29,0.0471,ms_nir_circle_supported_lattice,No
5,Day 5,Tray 8,8,DJI_20260623124403_0008,28,3,8,1030.953,314.784,978.308,262.139,1083.598,367.429,105.29,0.0323,ms_nir_circle_supported_lattice,No
5,Day 5,Tray 8,8,DJI_20260623124403_0008,29,3,9,1167.626,315.139,1114.981,262.494,1220.271,367.784,105.29,0.0225,ms_nir_circle_supported_lattice,No
5,Day 5,Tray 8,8,DJI_20260623124403_0008,30,3,10,1304.299,315.494,1251.654,262.849,1356.944,368.139,105.29,0.0587,ms_nir_circle_supported_lattice,No
5,Day 5,Tray 8,8,DJI_20260623124403_0008,31,4,1,74.158,429.288,21.513,376.643,126.804,481.934,105.29,0.0028,ms_nir_circle_supported_lattice,No
5,Day 5,Tray 8,8,DJI_20260623124403_0008,32,4,2,210.831,429.643,158.186,376.998,263.476,482.288,105.29,0.058,ms_nir_circle_supported_lattice,No
5,Day 5,Tray 8,8,DJI_20260623124403_0008,33,4,3,347.504,429.998,294.859,377.353,400.149,482.643,105.29,0.0286,ms_nir_circle_supported_lattice,No
5,Day 5,Tray 8,8,DJI_20260623124403_0008,34,4,4,484.177,430.353,431.531,377.708,536.822,482.998,105.29,0.0077,ms_nir_circle_supported_lattice,No
5,Day 5,Tray 8,8,DJI_20260623124403_0008,35,4,5,620.849,430.708,568.204,378.063,673.495,483.353,105.29,0.0232,ms_nir_circle_supported_lattice,No
5,Day 5,Tray 8,8,DJI_20260623124403_0008,36,4,6,757.522,431.063,704.877,378.418,810.167,483.708,105.29,0.0291,ms_nir_circle_supported_lattice,No
5,Day 5,Tray 8,8,DJI_20260623124403_0008,37,4,7,894.195,431.418,841.55,378.773,946.84,484.063,105.29,0.0482,ms_nir_circle_supported_lattice,No
5,Day 5,Tray 8,8,DJI_20260623124403_0008,38,4,8,1030.868,431.773,978.222,379.128,1083.513,484.418,105.29,0.0626,ms_nir_circle_supported_lattice,No
5,Day 5,Tray 8,8,DJI_20260623124403_0008,39,4,9,1167.54,432.128,1114.895,379.483,1220.185,484.773,105.29,0.027,ms_nir_circle_supported_lattice,No
5,Day 5,Tray 8,8,DJI_20260623124403_0008,40,4,10,1304.213,432.483,1251.568,379.838,1356.858,485.128,105.29,0.0131,ms_nir_circle_supported_lattice,No
5,Day 5,Tray 8,8,DJI_20260623124403_0008,41,5,1,74.073,546.278,21.428,493.632,126.718,598.923,105.29,0.0696,ms_nir_circle_supported_lattice,No
5,Day 5,Tray 8,8,DJI_20260623124403_0008,42,5,2,210.745,546.633,158.1,493.987,263.391,599.278,105.29,0.019,ms_nir_circle_supported_lattice,No
5,Day 5,Tray 8,8,DJI_20260623124403_0008,43,5,3,347.418,546.988,294.773,494.342,400.063,599.633,105.29,0.0149,ms_nir_circle_supported_lattice,No
5,Day 5,Tray 8,8,DJI_20260623124403_0008,44,5,4,484.091,547.343,431.446,494.697,536.736,599.988,105.29,0.003,ms_nir_circle_supported_lattice,No
5,Day 5,Tray 8,8,DJI_20260623124403_0008,45,5,5,620.764,547.698,568.118,495.052,673.409,600.343,105.29,0.02,ms_nir_circle_supported_lattice,No
5,Day 5,Tray 8,8,DJI_20260623124403_0008,46,5,6,757.436,548.052,704.791,495.407,810.082,600.698,105.29,0.0519,ms_nir_circle_supported_lattice,No
5,Day 5,Tray 8,8,DJI_20260623124403_0008,47,5,7,894.109,548.407,841.464,495.762,946.754,601.053,105.29,0.051,ms_nir_circle_supported_lattice,No
5,Day 5,Tray 8,8,DJI_20260623124403_0008,48,5,8,1030.782,548.762,978.137,496.117,1083.427,601.408,105.29,0.0775,ms_nir_circle_supported_lattice,No
5,Day 5,Tray 8,8,DJI_20260623124403_0008,49,5,9,1167.455,549.117,1114.809,496.472,1220.1,601.763,105.29,0.1599,ms_nir_circle_supported_lattice,No
5,Day 5,Tray 8,8,DJI_20260623124403_0008,50,5,10,1304.127,549.472,1251.482,496.827,1356.772,602.118,105.29,0.0317,ms_nir_circle_supported_lattice,No
5,Day 5,Tray 8,8,DJI_20260623124403_0008,51,6,1,73.987,663.267,21.342,610.622,126.632,715.912,105.29,0.0256,ms_nir_circle_supported_lattice,No
5,Day 5,Tray 8,8,DJI_20260623124403_0008,52,6,2,210.66,663.622,158.015,610.977,263.305,716.267,105.29,0.0146,ms_nir_circle_supported_lattice,No
5,Day 5,Tray 8,8,DJI_20260623124403_0008,53,6,3,347.332,663.977,294.687,611.332,399.978,716.622,105.29,0.0218,ms_nir_circle_supported_lattice,No
5,Day 5,Tray 8,8,DJI_20260623124403_0008,54,6,4,484.005,664.332,431.36,611.687,536.65,716.977,105.29,0.0263,ms_nir_circle_supported_lattice,No
5,Day 5,Tray 8,8,DJI_20260623124403_0008,55,6,5,620.678,664.687,568.033,612.042,673.323,717.332,105.29,0.02,ms_nir_circle_supported_lattice,No
5,Day 5,Tray 8,8,DJI_20260623124403_0008,56,6,6,757.351,665.042,704.705,612.397,809.996,717.687,105.29,0.1016,ms_nir_circle_supported_lattice,No
5,Day 5,Tray 8,8,DJI_20260623124403_0008,57,6,7,894.023,665.397,841.378,612.752,946.669,718.042,105.29,0.0281,ms_nir_circle_supported_lattice,No
5,Day 5,Tray 8,8,DJI_20260623124403_0008,58,6,8,1030.696,665.752,978.051,613.107,1083.341,718.397,105.29,0.0247,ms_nir_circle_supported_lattice,No
5,Day 5,Tray 8,8,DJI_20260623124403_0008,59,6,9,1167.369,666.107,1114.724,613.462,1220.014,718.752,105.29,0.0159,ms_nir_circle_supported_lattice,No
5,Day 5,Tray 8,8,DJI_20260623124403_0008,60,6,10,1304.042,666.462,1251.396,613.816,1356.687,719.107,105.29,0.0257,ms_nir_circle_supported_lattice,No
5,Day 5,Tray 8,8,DJI_20260623124403_0008,61,7,1,73.901,780.256,21.256,727.611,126.546,832.901,105.29,0.0339,ms_nir_circle_supported_lattice,No
5,Day 5,Tray 8,8,DJI_20260623124403_0008,62,7,2,210.574,780.611,157.929,727.966,263.219,833.256,105.29,0.0903,ms_nir_circle_supported_lattice,No
5,Day 5,Tray 8,8,DJI_20260623124403_0008,63,7,3,347.247,780.966,294.602,728.321,399.892,833.611,105.29,0.0254,ms_nir_circle_supported_lattice,No
5,Day 5,Tray 8,8,DJI_20260623124403_0008,64,7,4,483.919,781.321,431.274,728.676,536.565,833.966,105.29,0.0164,ms_nir_circle_supported_lattice,No
5,Day 5,Tray 8,8,DJI_20260623124403_0008,65,7,5,620.592,781.676,567.947,729.031,673.237,834.321,105.29,0.0631,ms_nir_circle_supported_lattice,No
5,Day 5,Tray 8,8,DJI_20260623124403_0008,66,7,6,757.265,782.031,704.62,729.386,809.91,834.676,105.29,0.1276,ms_nir_circle_supported_lattice,No
5,Day 5,Tray 8,8,DJI_20260623124403_0008,67,7,7,893.938,782.386,841.292,729.741,946.583,835.031,105.29,0.0766,ms_nir_circle_supported_lattice,No
5,Day 5,Tray 8,8,DJI_20260623124403_0008,68,7,8,1030.61,782.741,977.965,730.096,1083.256,835.386,105.29,0.039,ms_nir_circle_supported_lattice,No
5,Day 5,Tray 8,8,DJI_20260623124403_0008,69,7,9,1167.283,783.096,1114.638,730.451,1219.928,835.741,105.29,0.0582,ms_nir_circle_supported_lattice,No
5,Day 5,Tray 8,8,DJI_20260623124403_0008,70,7,10,1303.956,783.451,1251.311,730.806,1356.601,836.096,105.29,0.0479,ms_nir_circle_supported_lattice,No
9,Day 9,Tray 1,1,DJI_20260627101229_0001,1,1,1,74.541,88.75,21.822,36.031,127.26,141.469,105.438,0.0194,ms_nir_circle_supported_lattice,No
9,Day 9,Tray 1,1,DJI_20260627101229_0001,2,1,2,210.498,89.284,157.779,36.565,263.217,142.003,105.438,0.0456,ms_nir_circle_supported_lattice,No
9,Day 9,Tray 1,1,DJI_20260627101229_0001,3,1,3,346.455,89.818,293.736,37.099,399.174,142.537,105.438,0.0274,ms_nir_circle_supported_lattice,No
9,Day 9,Tray 1,1,DJI_20260627101229_0001,4,1,4,482.411,90.352,429.692,37.633,535.13,143.071,105.438,0.0323,ms_nir_circle_supported_lattice,No
9,Day 9,Tray 1,1,DJI_20260627101229_0001,5,1,5,618.368,90.886,565.649,38.167,671.087,143.606,105.438,0.0055,ms_nir_circle_supported_lattice,No
9,Day 9,Tray 1,1,DJI_20260627101229_0001,6,1,6,754.325,91.421,701.606,38.702,807.044,144.14,105.438,0.0205,ms_nir_circle_supported_lattice,No
9,Day 9,Tray 1,1,DJI_20260627101229_0001,7,1,7,890.281,91.955,837.562,39.236,943.001,144.674,105.438,0.0365,ms_nir_circle_supported_lattice,No
9,Day 9,Tray 1,1,DJI_20260627101229_0001,8,1,8,1026.238,92.489,973.519,39.77,1078.957,145.208,105.438,0.0077,ms_nir_circle_supported_lattice,No
9,Day 9,Tray 1,1,DJI_20260627101229_0001,9,1,9,1162.195,93.023,1109.476,40.304,1214.914,145.742,105.438,0.0174,ms_nir_circle_supported_lattice,No
9,Day 9,Tray 1,1,DJI_20260627101229_0001,10,1,10,1298.152,93.557,1245.433,40.838,1350.871,146.277,105.438,0.0517,ms_nir_circle_supported_lattice,No
9,Day 9,Tray 1,1,DJI_20260627101229_0001,11,2,1,74.588,205.903,21.869,153.184,127.307,258.622,105.438,0.0623,ms_nir_circle_supported_lattice,No
9,Day 9,Tray 1,1,DJI_20260627101229_0001,12,2,2,210.544,206.437,157.825,153.718,263.263,259.157,105.438,0.0411,ms_nir_circle_supported_lattice,No
9,Day 9,Tray 1,1,DJI_20260627101229_0001,13,2,3,346.501,206.972,293.782,154.253,399.22,259.691,105.438,0.0698,ms_nir_circle_supported_lattice,No
9,Day 9,Tray 1,1,DJI_20260627101229_0001,14,2,4,482.458,207.506,429.739,154.787,535.177,260.225,105.438,0.0132,ms_nir_circle_supported_lattice,No
9,Day 9,Tray 1,1,DJI_20260627101229_0001,15,2,5,618.415,208.04,565.695,155.321,671.134,260.759,105.438,0.0135,ms_nir_circle_supported_lattice,No
9,Day 9,Tray 1,1,DJI_20260627101229_0001,16,2,6,754.371,208.574,701.652,155.855,807.09,261.293,105.438,0.0206,ms_nir_circle_supported_lattice,No
9,Day 9,Tray 1,1,DJI_20260627101229_0001,17,2,7,890.328,209.108,837.609,156.389,943.047,261.828,105.438,0.0376,ms_nir_circle_supported_lattice,No
9,Day 9,Tray 1,1,DJI_20260627101229_0001,18,2,8,1026.285,209.643,973.566,156.924,1079.004,262.362,105.438,0.0123,ms_nir_circle_supported_lattice,No
9,Day 9,Tray 1,1,DJI_20260627101229_0001,19,2,9,1162.241,210.177,1109.522,157.458,1214.96,262.896,105.438,0.0263,ms_nir_circle_supported_lattice,No
9,Day 9,Tray 1,1,DJI_20260627101229_0001,20,2,10,1298.198,210.711,1245.479,157.992,1350.917,263.43,105.438,0.0516,ms_nir_circle_supported_lattice,No
9,Day 9,Tray 1,1,DJI_20260627101229_0001,21,3,1,74.634,323.057,21.915,270.338,127.353,375.776,105.438,0.0782,ms_nir_circle_supported_lattice,No
9,Day 9,Tray 1,1,DJI_20260627101229_0001,22,3,2,210.591,323.591,157.872,270.872,263.31,376.31,105.438,0.0209,ms_nir_circle_supported_lattice,No
9,Day 9,Tray 1,1,DJI_20260627101229_0001,23,3,3,346.548,324.125,293.828,271.406,399.267,376.844,105.438,0.0279,ms_nir_circle_supported_lattice,No
9,Day 9,Tray 1,1,DJI_20260627101229_0001,24,3,4,482.504,324.659,429.785,271.94,535.223,377.379,105.438,0.0171,ms_nir_circle_supported_lattice,No
9,Day 9,Tray 1,1,DJI_20260627101229_0001,25,3,5,618.461,325.194,565.742,272.475,671.18,377.913,105.438,0.0261,ms_nir_circle_supported_lattice,No
9,Day 9,Tray 1,1,DJI_20260627101229_0001,26,3,6,754.418,325.728,701.699,273.009,807.137,378.447,105.438,0.0311,ms_nir_circle_supported_lattice,No
9,Day 9,Tray 1,1,DJI_20260627101229_0001,27,3,7,890.374,326.262,837.655,273.543,943.093,378.981,105.438,0.0308,ms_nir_circle_supported_lattice,No
9,Day 9,Tray 1,1,DJI_20260627101229_0001,28,3,8,1026.331,326.796,973.612,274.077,1079.05,379.515,105.438,0.0224,ms_nir_circle_supported_lattice,No
9,Day 9,Tray 1,1,DJI_20260627101229_0001,29,3,9,1162.288,327.33,1109.569,274.611,1215.007,380.05,105.438,0.0155,ms_nir_circle_supported_lattice,No
9,Day 9,Tray 1,1,DJI_20260627101229_0001,30,3,10,1298.244,327.865,1245.525,275.145,1350.964,380.584,105.438,0.0172,ms_nir_circle_supported_lattice,No
9,Day 9,Tray 1,1,DJI_20260627101229_0001,31,4,1,74.681,440.21,21.961,387.491,127.4,492.93,105.438,0.0883,ms_nir_circle_supported_lattice,No
9,Day 9,Tray 1,1,DJI_20260627101229_0001,32,4,2,210.637,440.745,157.918,388.025,263.356,493.464,105.438,0.0195,ms_nir_circle_supported_lattice,No
9,Day 9,Tray 1,1,DJI_20260627101229_0001,33,4,3,346.594,441.279,293.875,388.56,399.313,493.998,105.438,0.0071,ms_nir_circle_supported_lattice,No
9,Day 9,Tray 1,1,DJI_20260627101229_0001,34,4,4,482.551,441.813,429.832,389.094,535.27,494.532,105.438,0.0924,ms_nir_circle_supported_lattice,No
9,Day 9,Tray 1,1,DJI_20260627101229_0001,35,4,5,618.507,442.347,565.788,389.628,671.226,495.066,105.438,0.0216,ms_nir_circle_supported_lattice,No
9,Day 9,Tray 1,1,DJI_20260627101229_0001,36,4,6,754.464,442.881,701.745,390.162,807.183,495.6,105.438,0.0125,ms_nir_circle_supported_lattice,No
9,Day 9,Tray 1,1,DJI_20260627101229_0001,37,4,7,890.421,443.416,837.702,390.696,943.14,496.135,105.438,0.0357,ms_nir_circle_supported_lattice,No
9,Day 9,Tray 1,1,DJI_20260627101229_0001,38,4,8,1026.377,443.95,973.658,391.231,1079.097,496.669,105.438,0.0222,ms_nir_circle_supported_lattice,No
9,Day 9,Tray 1,1,DJI_20260627101229_0001,39,4,9,1162.334,444.484,1109.615,391.765,1215.053,497.203,105.438,0.0122,ms_nir_circle_supported_lattice,No
9,Day 9,Tray 1,1,DJI_20260627101229_0001,40,4,10,1298.291,445.018,1245.572,392.299,1351.01,497.737,105.438,0.0103,ms_nir_circle_supported_lattice,No
9,Day 9,Tray 1,1,DJI_20260627101229_0001,41,5,1,74.727,557.364,22.008,504.645,127.446,610.083,105.438,0.0132,ms_nir_circle_supported_lattice,No
9,Day 9,Tray 1,1,DJI_20260627101229_0001,42,5,2,210.684,557.898,157.965,505.179,263.403,610.617,105.438,0.0411,ms_nir_circle_supported_lattice,No
9,Day 9,Tray 1,1,DJI_20260627101229_0001,43,5,3,346.64,558.432,293.921,505.713,399.359,611.151,105.438,0.0256,ms_nir_circle_supported_lattice,No
9,Day 9,Tray 1,1,DJI_20260627101229_0001,44,5,4,482.597,558.967,429.878,506.247,535.316,611.686,105.438,0.0051,ms_nir_circle_supported_lattice,No
9,Day 9,Tray 1,1,DJI_20260627101229_0001,45,5,5,618.554,559.501,565.835,506.782,671.273,612.22,105.438,0.0057,ms_nir_circle_supported_lattice,No
9,Day 9,Tray 1,1,DJI_20260627101229_0001,46,5,6,754.51,560.035,701.791,507.316,807.23,612.754,105.438,0.0272,ms_nir_circle_supported_lattice,No
9,Day 9,Tray 1,1,DJI_20260627101229_0001,47,5,7,890.467,560.569,837.748,507.85,943.186,613.288,105.438,0.0054,ms_nir_circle_supported_lattice,No
9,Day 9,Tray 1,1,DJI_20260627101229_0001,48,5,8,1026.424,561.103,973.705,508.384,1079.143,613.822,105.438,0.0207,ms_nir_circle_supported_lattice,No
9,Day 9,Tray 1,1,DJI_20260627101229_0001,49,5,9,1162.381,561.638,1109.662,508.918,1215.1,614.357,105.438,0.0226,ms_nir_circle_supported_lattice,No
9,Day 9,Tray 1,1,DJI_20260627101229_0001,50,5,10,1298.337,562.172,1245.618,509.453,1351.056,614.891,105.438,0.0228,ms_nir_circle_supported_lattice,No
9,Day 9,Tray 1,1,DJI_20260627101229_0001,51,6,1,74.773,674.518,22.054,621.798,127.492,727.237,105.438,0.0655,ms_nir_circle_supported_lattice,No
9,Day 9,Tray 1,1,DJI_20260627101229_0001,52,6,2,210.73,675.052,158.011,622.333,263.449,727.771,105.438,0.0023,ms_nir_circle_supported_lattice,No
9,Day 9,Tray 1,1,DJI_20260627101229_0001,53,6,3,346.687,675.586,293.968,622.867,399.406,728.305,105.438,0.0487,ms_nir_circle_supported_lattice,No
9,Day 9,Tray 1,1,DJI_20260627101229_0001,54,6,4,482.644,676.12,429.924,623.401,535.363,728.839,105.438,0.0926,ms_nir_circle_supported_lattice,No
9,Day 9,Tray 1,1,DJI_20260627101229_0001,55,6,5,618.6,676.654,565.881,623.935,671.319,729.373,105.438,0.0338,ms_nir_circle_supported_lattice,No
9,Day 9,Tray 1,1,DJI_20260627101229_0001,56,6,6,754.557,677.189,701.838,624.469,807.276,729.908,105.438,0.0349,ms_nir_circle_supported_lattice,No
9,Day 9,Tray 1,1,DJI_20260627101229_0001,57,6,7,890.514,677.723,837.795,625.004,943.233,730.442,105.438,0.0076,ms_nir_circle_supported_lattice,No
9,Day 9,Tray 1,1,DJI_20260627101229_0001,58,6,8,1026.47,678.257,973.751,625.538,1079.189,730.976,105.438,0.0145,ms_nir_circle_supported_lattice,No
9,Day 9,Tray 1,1,DJI_20260627101229_0001,59,6,9,1162.427,678.791,1109.708,626.072,1215.146,731.51,105.438,0.0241,ms_nir_circle_supported_lattice,No
9,Day 9,Tray 1,1,DJI_20260627101229_0001,60,6,10,1298.384,679.325,1245.665,626.606,1351.103,732.044,105.438,0.0584,ms_nir_circle_supported_lattice,No
9,Day 9,Tray 1,1,DJI_20260627101229_0001,61,7,1,74.82,791.671,22.101,738.952,127.539,844.39,105.438,0.0475,ms_nir_circle_supported_lattice,No
9,Day 9,Tray 1,1,DJI_20260627101229_0001,62,7,2,210.777,792.205,158.057,739.486,263.496,844.924,105.438,0.0553,ms_nir_circle_supported_lattice,No
9,Day 9,Tray 1,1,DJI_20260627101229_0001,63,7,3,346.733,792.74,294.014,740.02,399.452,845.459,105.438,0.0352,ms_nir_circle_supported_lattice,No
9,Day 9,Tray 1,1,DJI_20260627101229_0001,64,7,4,482.69,793.274,429.971,740.555,535.409,845.993,105.438,0.0696,ms_nir_circle_supported_lattice,No
9,Day 9,Tray 1,1,DJI_20260627101229_0001,65,7,5,618.647,793.808,565.928,741.089,671.366,846.527,105.438,0.0248,ms_nir_circle_supported_lattice,No
9,Day 9,Tray 1,1,DJI_20260627101229_0001,66,7,6,754.603,794.342,701.884,741.623,807.322,847.061,105.438,0.0263,ms_nir_circle_supported_lattice,No
9,Day 9,Tray 1,1,DJI_20260627101229_0001,67,7,7,890.56,794.876,837.841,742.157,943.279,847.595,105.438,0.0219,ms_nir_circle_supported_lattice,No
9,Day 9,Tray 1,1,DJI_20260627101229_0001,68,7,8,1026.517,795.41,973.798,742.691,1079.236,848.13,105.438,0.0139,ms_nir_circle_supported_lattice,No
9,Day 9,Tray 1,1,DJI_20260627101229_0001,69,7,9,1162.473,795.945,1109.754,743.226,1215.193,848.664,105.438,0.0338,ms_nir_circle_supported_lattice,No
9,Day 9,Tray 1,1,DJI_20260627101229_0001,70,7,10,1298.43,796.479,1245.711,743.76,1351.149,849.198,105.438,0.1114,ms_nir_circle_supported_lattice,No
9,Day 9,Tray 2,2,DJI_20260627101425_0002,1,1,1,81.556,90.084,28.935,37.464,134.176,142.704,105.241,0.0651,ms_nir_circle_supported_lattice,No
9,Day 9,Tray 2,2,DJI_20260627101425_0002,2,1,2,217.959,89.631,165.339,37.011,270.58,142.252,105.241,0.0712,ms_nir_circle_supported_lattice,No
9,Day 9,Tray 2,2,DJI_20260627101425_0002,3,1,3,354.363,89.178,301.742,36.558,406.983,141.799,105.241,0.0194,ms_nir_circle_supported_lattice,No
9,Day 9,Tray 2,2,DJI_20260627101425_0002,4,1,4,490.766,88.726,438.146,36.105,543.387,141.346,105.241,0.0234,ms_nir_circle_supported_lattice,No
9,Day 9,Tray 2,2,DJI_20260627101425_0002,5,1,5,627.17,88.273,574.549,35.652,679.79,140.893,105.241,0.0168,ms_nir_circle_supported_lattice,No
9,Day 9,Tray 2,2,DJI_20260627101425_0002,6,1,6,763.573,87.82,710.953,35.2,816.194,140.44,105.241,0.004,ms_nir_circle_supported_lattice,No
9,Day 9,Tray 2,2,DJI_20260627101425_0002,7,1,7,899.977,87.367,847.356,34.747,952.597,139.988,105.241,0.0089,ms_nir_circle_supported_lattice,No
9,Day 9,Tray 2,2,DJI_20260627101425_0002,8,1,8,1036.38,86.914,983.76,34.294,1089.0,139.535,105.241,0.1027,ms_nir_circle_supported_lattice,No
9,Day 9,Tray 2,2,DJI_20260627101425_0002,9,1,9,1172.784,86.462,1120.163,33.841,1225.404,139.082,105.241,0.005,ms_nir_circle_supported_lattice,No
9,Day 9,Tray 2,2,DJI_20260627101425_0002,10,1,10,1309.187,86.009,1256.567,33.388,1361.807,138.629,105.241,0.0317,ms_nir_circle_supported_lattice,No
9,Day 9,Tray 2,2,DJI_20260627101425_0002,11,2,1,80.87,207.016,28.25,154.396,133.49,259.637,105.241,0.0182,ms_nir_circle_supported_lattice,No
9,Day 9,Tray 2,2,DJI_20260627101425_0002,12,2,2,217.274,206.563,164.653,153.943,269.894,259.184,105.241,0.0072,ms_nir_circle_supported_lattice,No
9,Day 9,Tray 2,2,DJI_20260627101425_0002,13,2,3,353.677,206.111,301.057,153.49,406.297,258.731,105.241,0.0136,ms_nir_circle_supported_lattice,No
9,Day 9,Tray 2,2,DJI_20260627101425_0002,14,2,4,490.081,205.658,437.46,153.037,542.701,258.278,105.241,0.0424,ms_nir_circle_supported_lattice,No
9,Day 9,Tray 2,2,DJI_20260627101425_0002,15,2,5,626.484,205.205,573.864,152.585,679.104,257.825,105.241,0.0047,ms_nir_circle_supported_lattice,No
9,Day 9,Tray 2,2,DJI_20260627101425_0002,16,2,6,762.887,204.752,710.267,152.132,815.508,257.373,105.241,0.0177,ms_nir_circle_supported_lattice,No
9,Day 9,Tray 2,2,DJI_20260627101425_0002,17,2,7,899.291,204.299,846.671,151.679,951.911,256.92,105.241,0.0114,ms_nir_circle_supported_lattice,No
9,Day 9,Tray 2,2,DJI_20260627101425_0002,18,2,8,1035.694,203.847,983.074,151.226,1088.315,256.467,105.241,0.0381,ms_nir_circle_supported_lattice,No
9,Day 9,Tray 2,2,DJI_20260627101425_0002,19,2,9,1172.098,203.394,1119.477,150.773,1224.718,256.014,105.241,0.0267,ms_nir_circle_supported_lattice,No
9,Day 9,Tray 2,2,DJI_20260627101425_0002,20,2,10,1308.501,202.941,1255.881,150.321,1361.122,255.561,105.241,0.0465,ms_nir_circle_supported_lattice,No
9,Day 9,Tray 2,2,DJI_20260627101425_0002,21,3,1,80.184,323.948,27.564,271.328,132.805,376.569,105.241,0.0451,ms_nir_circle_supported_lattice,No
9,Day 9,Tray 2,2,DJI_20260627101425_0002,22,3,2,216.588,323.496,163.968,270.875,269.208,376.116,105.241,0.0225,ms_nir_circle_supported_lattice,No
9,Day 9,Tray 2,2,DJI_20260627101425_0002,23,3,3,352.991,323.043,300.371,270.422,405.612,375.663,105.241,0.0175,ms_nir_circle_supported_lattice,No
9,Day 9,Tray 2,2,DJI_20260627101425_0002,24,3,4,489.395,322.59,436.774,269.97,542.015,375.21,105.241,0.0142,ms_nir_circle_supported_lattice,No
9,Day 9,Tray 2,2,DJI_20260627101425_0002,25,3,5,625.798,322.137,573.178,269.517,678.419,374.757,105.241,0.0103,ms_nir_circle_supported_lattice,No
9,Day 9,Tray 2,2,DJI_20260627101425_0002,26,3,6,762.202,321.684,709.581,269.064,814.822,374.305,105.241,0.009,ms_nir_circle_supported_lattice,No
9,Day 9,Tray 2,2,DJI_20260627101425_0002,27,3,7,898.605,321.231,845.985,268.611,951.226,373.852,105.241,0.016,ms_nir_circle_supported_lattice,No
9,Day 9,Tray 2,2,DJI_20260627101425_0002,28,3,8,1035.009,320.779,982.388,268.158,1087.629,373.399,105.241,0.0171,ms_nir_circle_supported_lattice,No
9,Day 9,Tray 2,2,DJI_20260627101425_0002,29,3,9,1171.412,320.326,1118.792,267.705,1224.032,372.946,105.241,0.0371,ms_nir_circle_supported_lattice,No
9,Day 9,Tray 2,2,DJI_20260627101425_0002,30,3,10,1307.816,319.873,1255.195,267.253,1360.436,372.493,105.241,0.0156,ms_nir_circle_supported_lattice,No
9,Day 9,Tray 2,2,DJI_20260627101425_0002,31,4,1,79.499,440.881,26.878,388.26,132.119,493.501,105.241,0.0476,ms_nir_circle_supported_lattice,No
9,Day 9,Tray 2,2,DJI_20260627101425_0002,32,4,2,215.902,440.428,163.282,387.807,268.523,493.048,105.241,0.017,ms_nir_circle_supported_lattice,No
9,Day 9,Tray 2,2,DJI_20260627101425_0002,33,4,3,352.306,439.975,299.685,387.355,404.926,492.595,105.241,0.0059,ms_nir_circle_supported_lattice,No
9,Day 9,Tray 2,2,DJI_20260627101425_0002,34,4,4,488.709,439.522,436.089,386.902,541.329,492.142,105.241,0.1263,ms_nir_circle_supported_lattice,No
9,Day 9,Tray 2,2,DJI_20260627101425_0002,35,4,5,625.113,439.069,572.492,386.449,677.733,491.69,105.241,0.0076,ms_nir_circle_supported_lattice,No
9,Day 9,Tray 2,2,DJI_20260627101425_0002,36,4,6,761.516,438.616,708.896,385.996,814.136,491.237,105.241,0.0243,ms_nir_circle_supported_lattice,No
9,Day 9,Tray 2,2,DJI_20260627101425_0002,37,4,7,897.919,438.164,845.299,385.543,950.54,490.784,105.241,0.01,ms_nir_circle_supported_lattice,No
9,Day 9,Tray 2,2,DJI_20260627101425_0002,38,4,8,1034.323,437.711,981.703,385.09,1086.943,490.331,105.241,0.0544,ms_nir_circle_supported_lattice,No
9,Day 9,Tray 2,2,DJI_20260627101425_0002,39,4,9,1170.726,437.258,1118.106,384.638,1223.347,489.878,105.241,0.0149,ms_nir_circle_supported_lattice,No
9,Day 9,Tray 2,2,DJI_20260627101425_0002,40,4,10,1307.13,436.805,1254.51,384.185,1359.75,489.426,105.241,0.0183,ms_nir_circle_supported_lattice,No
9,Day 9,Tray 2,2,DJI_20260627101425_0002,41,5,1,78.813,557.813,26.193,505.192,131.433,610.433,105.241,0.0103,ms_nir_circle_supported_lattice,No
9,Day 9,Tray 2,2,DJI_20260627101425_0002,42,5,2,215.216,557.36,162.596,504.739,267.837,609.98,105.241,0.0387,ms_nir_circle_supported_lattice,No
9,Day 9,Tray 2,2,DJI_20260627101425_0002,43,5,3,351.62,556.907,299.0,504.287,404.24,609.527,105.241,0.1325,ms_nir_circle_supported_lattice,No
9,Day 9,Tray 2,2,DJI_20260627101425_0002,44,5,4,488.023,556.454,435.403,503.834,540.644,609.075,105.241,0.0092,ms_nir_circle_supported_lattice,No
9,Day 9,Tray 2,2,DJI_20260627101425_0002,45,5,5,624.427,556.001,571.806,503.381,677.047,608.622,105.241,0.0798,ms_nir_circle_supported_lattice,No
9,Day 9,Tray 2,2,DJI_20260627101425_0002,46,5,6,760.83,555.549,708.21,502.928,813.451,608.169,105.241,0.036,ms_nir_circle_supported_lattice,No
9,Day 9,Tray 2,2,DJI_20260627101425_0002,47,5,7,897.234,555.096,844.613,502.475,949.854,607.716,105.241,0.0191,ms_nir_circle_supported_lattice,No
9,Day 9,Tray 2,2,DJI_20260627101425_0002,48,5,8,1033.637,554.643,981.017,502.023,1086.258,607.263,105.241,0.0293,ms_nir_circle_supported_lattice,No
9,Day 9,Tray 2,2,DJI_20260627101425_0002,49,5,9,1170.041,554.19,1117.42,501.57,1222.661,606.811,105.241,0.0175,ms_nir_circle_supported_lattice,No
9,Day 9,Tray 2,2,DJI_20260627101425_0002,50,5,10,1306.444,553.737,1253.824,501.117,1359.065,606.358,105.241,0.0218,ms_nir_circle_supported_lattice,No
9,Day 9,Tray 2,2,DJI_20260627101425_0002,51,6,1,78.127,674.745,25.507,622.124,130.748,727.365,105.241,0.0703,ms_nir_circle_supported_lattice,No
9,Day 9,Tray 2,2,DJI_20260627101425_0002,52,6,2,214.531,674.292,161.91,621.672,267.151,726.912,105.241,0.0076,ms_nir_circle_supported_lattice,No
9,Day 9,Tray 2,2,DJI_20260627101425_0002,53,6,3,350.934,673.839,298.314,621.219,403.555,726.46,105.241,0.0185,ms_nir_circle_supported_lattice,No
9,Day 9,Tray 2,2,DJI_20260627101425_0002,54,6,4,487.338,673.386,434.717,620.766,539.958,726.007,105.241,0.0198,ms_nir_circle_supported_lattice,No
9,Day 9,Tray 2,2,DJI_20260627101425_0002,55,6,5,623.741,672.934,571.121,620.313,676.361,725.554,105.241,0.0193,ms_nir_circle_supported_lattice,No
9,Day 9,Tray 2,2,DJI_20260627101425_0002,56,6,6,760.145,672.481,707.524,619.86,812.765,725.101,105.241,0.0086,ms_nir_circle_supported_lattice,No
9,Day 9,Tray 2,2,DJI_20260627101425_0002,57,6,7,896.548,672.028,843.928,619.408,949.168,724.648,105.241,0.0316,ms_nir_circle_supported_lattice,No
9,Day 9,Tray 2,2,DJI_20260627101425_0002,58,6,8,1032.952,671.575,980.331,618.955,1085.572,724.195,105.241,0.0162,ms_nir_circle_supported_lattice,No
9,Day 9,Tray 2,2,DJI_20260627101425_0002,59,6,9,1169.355,671.122,1116.735,618.502,1221.975,723.743,105.241,0.035,ms_nir_circle_supported_lattice,No
9,Day 9,Tray 2,2,DJI_20260627101425_0002,60,6,10,1305.758,670.669,1253.138,618.049,1358.379,723.29,105.241,0.0276,ms_nir_circle_supported_lattice,No
9,Day 9,Tray 2,2,DJI_20260627101425_0002,61,7,1,77.442,791.677,24.821,739.057,130.062,844.297,105.241,0.0474,ms_nir_circle_supported_lattice,No
9,Day 9,Tray 2,2,DJI_20260627101425_0002,62,7,2,213.845,791.224,161.225,738.604,266.465,843.845,105.241,0.034,ms_nir_circle_supported_lattice,No
9,Day 9,Tray 2,2,DJI_20260627101425_0002,63,7,3,350.248,790.771,297.628,738.151,402.869,843.392,105.241,0.0242,ms_nir_circle_supported_lattice,No
9,Day 9,Tray 2,2,DJI_20260627101425_0002,64,7,4,486.652,790.319,434.032,737.698,539.272,842.939,105.241,0.0487,ms_nir_circle_supported_lattice,No
9,Day 9,Tray 2,2,DJI_20260627101425_0002,65,7,5,623.055,789.866,570.435,737.245,675.676,842.486,105.241,0.0193,ms_nir_circle_supported_lattice,No
9,Day 9,Tray 2,2,DJI_20260627101425_0002,66,7,6,759.459,789.413,706.839,736.793,812.079,842.033,105.241,0.0305,ms_nir_circle_supported_lattice,No
9,Day 9,Tray 2,2,DJI_20260627101425_0002,67,7,7,895.862,788.96,843.242,736.34,948.483,841.58,105.241,0.0083,ms_nir_circle_supported_lattice,No
9,Day 9,Tray 2,2,DJI_20260627101425_0002,68,7,8,1032.266,788.507,979.645,735.887,1084.886,841.128,105.241,0.0076,ms_nir_circle_supported_lattice,No
9,Day 9,Tray 2,2,DJI_20260627101425_0002,69,7,9,1168.669,788.054,1116.049,735.434,1221.29,840.675,105.241,0.0095,ms_nir_circle_supported_lattice,No
9,Day 9,Tray 2,2,DJI_20260627101425_0002,70,7,10,1305.073,787.602,1252.452,734.981,1357.693,840.222,105.241,0.0511,ms_nir_circle_supported_lattice,No
9,Day 9,Tray 3,3,DJI_20260627101610_0003,1,1,1,81.887,91.956,29.556,39.625,134.217,144.286,104.661,0.1354,ms_nir_circle_supported_lattice,No
9,Day 9,Tray 3,3,DJI_20260627101610_0003,2,1,2,218.56,92.007,166.23,39.677,270.891,144.338,104.661,0.0099,ms_nir_circle_supported_lattice,No
9,Day 9,Tray 3,3,DJI_20260627101610_0003,3,1,3,355.234,92.059,302.904,39.729,407.564,144.39,104.661,0.0093,ms_nir_circle_supported_lattice,No
9,Day 9,Tray 3,3,DJI_20260627101610_0003,4,1,4,491.907,92.111,439.577,39.781,544.238,144.442,104.661,0.0442,ms_nir_circle_supported_lattice,No
9,Day 9,Tray 3,3,DJI_20260627101610_0003,5,1,5,628.581,92.163,576.251,39.833,680.911,144.494,104.661,0.0039,ms_nir_circle_supported_lattice,No
9,Day 9,Tray 3,3,DJI_20260627101610_0003,6,1,6,765.255,92.215,712.924,39.885,817.585,144.546,104.661,0.0109,ms_nir_circle_supported_lattice,No
9,Day 9,Tray 3,3,DJI_20260627101610_0003,7,1,7,901.928,92.267,849.598,39.937,954.259,144.598,104.661,0.0063,ms_nir_circle_supported_lattice,No
9,Day 9,Tray 3,3,DJI_20260627101610_0003,8,1,8,1038.602,92.319,986.272,39.989,1090.932,144.649,104.661,0.014,ms_nir_circle_supported_lattice,No
9,Day 9,Tray 3,3,DJI_20260627101610_0003,9,1,9,1175.275,92.371,1122.945,40.041,1227.606,144.701,104.661,0.0158,ms_nir_circle_supported_lattice,No
9,Day 9,Tray 3,3,DJI_20260627101610_0003,10,1,10,1311.949,92.423,1259.619,40.093,1364.279,144.753,104.661,0.0103,ms_nir_circle_supported_lattice,No
9,Day 9,Tray 3,3,DJI_20260627101610_0003,11,2,1,82.133,208.245,29.803,155.915,134.463,260.575,104.661,0.1294,ms_nir_circle_supported_lattice,No
9,Day 9,Tray 3,3,DJI_20260627101610_0003,12,2,2,218.807,208.297,166.476,155.966,271.137,260.627,104.661,0.0414,ms_nir_circle_supported_lattice,No
9,Day 9,Tray 3,3,DJI_20260627101610_0003,13,2,3,355.48,208.349,303.15,156.018,407.811,260.679,104.661,0.0134,ms_nir_circle_supported_lattice,No
9,Day 9,Tray 3,3,DJI_20260627101610_0003,14,2,4,492.154,208.401,439.824,156.07,544.484,260.731,104.661,0.0081,ms_nir_circle_supported_lattice,No
9,Day 9,Tray 3,3,DJI_20260627101610_0003,15,2,5,628.827,208.453,576.497,156.122,681.158,260.783,104.661,0.0191,ms_nir_circle_supported_lattice,No
9,Day 9,Tray 3,3,DJI_20260627101610_0003,16,2,6,765.501,208.505,713.171,156.174,817.831,260.835,104.661,0.0251,ms_nir_circle_supported_lattice,No
9,Day 9,Tray 3,3,DJI_20260627101610_0003,17,2,7,902.175,208.556,849.844,156.226,954.505,260.887,104.661,0.0135,ms_nir_circle_supported_lattice,No
9,Day 9,Tray 3,3,DJI_20260627101610_0003,18,2,8,1038.848,208.608,986.518,156.278,1091.179,260.939,104.661,0.0139,ms_nir_circle_supported_lattice,No
9,Day 9,Tray 3,3,DJI_20260627101610_0003,19,2,9,1175.522,208.66,1123.192,156.33,1227.852,260.991,104.661,0.0206,ms_nir_circle_supported_lattice,No
9,Day 9,Tray 3,3,DJI_20260627101610_0003,20,2,10,1312.195,208.712,1259.865,156.382,1364.526,261.043,104.661,0.0222,ms_nir_circle_supported_lattice,No
9,Day 9,Tray 3,3,DJI_20260627101610_0003,21,3,1,82.38,324.534,30.049,272.204,134.71,376.864,104.661,0.0243,ms_nir_circle_supported_lattice,No
9,Day 9,Tray 3,3,DJI_20260627101610_0003,22,3,2,219.053,324.586,166.723,272.256,271.383,376.916,104.661,0.0122,ms_nir_circle_supported_lattice,No
9,Day 9,Tray 3,3,DJI_20260627101610_0003,23,3,3,355.727,324.638,303.396,272.308,408.057,376.968,104.661,0.0143,ms_nir_circle_supported_lattice,No
9,Day 9,Tray 3,3,DJI_20260627101610_0003,24,3,4,492.4,324.69,440.07,272.36,544.731,377.02,104.661,0.0124,ms_nir_circle_supported_lattice,No
9,Day 9,Tray 3,3,DJI_20260627101610_0003,25,3,5,629.074,324.742,576.744,272.412,681.404,377.072,104.661,0.0023,ms_nir_circle_supported_lattice,No
9,Day 9,Tray 3,3,DJI_20260627101610_0003,26,3,6,765.748,324.794,713.417,272.464,818.078,377.124,104.661,0.0106,ms_nir_circle_supported_lattice,No
9,Day 9,Tray 3,3,DJI_20260627101610_0003,27,3,7,902.421,324.846,850.091,272.515,954.751,377.176,104.661,0.0192,ms_nir_circle_supported_lattice,No
9,Day 9,Tray 3,3,DJI_20260627101610_0003,28,3,8,1039.095,324.898,986.764,272.567,1091.425,377.228,104.661,0.0164,ms_nir_circle_supported_lattice,No
9,Day 9,Tray 3,3,DJI_20260627101610_0003,29,3,9,1175.768,324.95,1123.438,272.619,1228.099,377.28,104.661,0.0152,ms_nir_circle_supported_lattice,No
9,Day 9,Tray 3,3,DJI_20260627101610_0003,30,3,10,1312.442,325.002,1260.112,272.671,1364.772,377.332,104.661,0.0342,ms_nir_circle_supported_lattice,No
9,Day 9,Tray 3,3,DJI_20260627101610_0003,31,4,1,82.626,440.823,30.296,388.493,134.956,493.154,104.661,0.065,ms_nir_circle_supported_lattice,No
9,Day 9,Tray 3,3,DJI_20260627101610_0003,32,4,2,219.3,440.875,166.969,388.545,271.63,493.206,104.661,0.1094,ms_nir_circle_supported_lattice,No
9,Day 9,Tray 3,3,DJI_20260627101610_0003,33,4,3,355.973,440.927,303.643,388.597,408.303,493.258,104.661,0.0089,ms_nir_circle_supported_lattice,No
9,Day 9,Tray 3,3,DJI_20260627101610_0003,34,4,4,492.647,440.979,440.316,388.649,544.977,493.31,104.661,0.009,ms_nir_circle_supported_lattice,No
9,Day 9,Tray 3,3,DJI_20260627101610_0003,35,4,5,629.32,441.031,576.99,388.701,681.651,493.361,104.661,0.0177,ms_nir_circle_supported_lattice,No
9,Day 9,Tray 3,3,DJI_20260627101610_0003,36,4,6,765.994,441.083,713.664,388.753,818.324,493.413,104.661,0.0357,ms_nir_circle_supported_lattice,No
9,Day 9,Tray 3,3,DJI_20260627101610_0003,37,4,7,902.668,441.135,850.337,388.805,954.998,493.465,104.661,0.0233,ms_nir_circle_supported_lattice,No
9,Day 9,Tray 3,3,DJI_20260627101610_0003,38,4,8,1039.341,441.187,987.011,388.857,1091.671,493.517,104.661,0.0106,ms_nir_circle_supported_lattice,No
9,Day 9,Tray 3,3,DJI_20260627101610_0003,39,4,9,1176.015,441.239,1123.684,388.909,1228.345,493.569,104.661,0.061,ms_nir_circle_supported_lattice,No
9,Day 9,Tray 3,3,DJI_20260627101610_0003,40,4,10,1312.688,441.291,1260.358,388.961,1365.019,493.621,104.661,0.0157,ms_nir_circle_supported_lattice,No
9,Day 9,Tray 3,3,DJI_20260627101610_0003,41,5,1,82.872,557.113,30.542,504.782,135.203,609.443,104.661,0.0944,ms_nir_circle_supported_lattice,No
9,Day 9,Tray 3,3,DJI_20260627101610_0003,42,5,2,219.546,557.165,167.216,504.834,271.876,609.495,104.661,0.0241,ms_nir_circle_supported_lattice,No
9,Day 9,Tray 3,3,DJI_20260627101610_0003,43,5,3,356.22,557.217,303.889,504.886,408.55,609.547,104.661,0.0167,ms_nir_circle_supported_lattice,No
9,Day 9,Tray 3,3,DJI_20260627101610_0003,44,5,4,492.893,557.269,440.563,504.938,545.223,609.599,104.661,0.0183,ms_nir_circle_supported_lattice,No
9,Day 9,Tray 3,3,DJI_20260627101610_0003,45,5,5,629.567,557.32,577.236,504.99,681.897,609.651,104.661,0.0152,ms_nir_circle_supported_lattice,No
9,Day 9,Tray 3,3,DJI_20260627101610_0003,46,5,6,766.24,557.372,713.91,505.042,818.571,609.703,104.661,0.0141,ms_nir_circle_supported_lattice,No
9,Day 9,Tray 3,3,DJI_20260627101610_0003,47,5,7,902.914,557.424,850.584,505.094,955.244,609.755,104.661,0.0087,ms_nir_circle_supported_lattice,No
9,Day 9,Tray 3,3,DJI_20260627101610_0003,48,5,8,1039.588,557.476,987.257,505.146,1091.918,609.807,104.661,0.0408,ms_nir_circle_supported_lattice,No
9,Day 9,Tray 3,3,DJI_20260627101610_0003,49,5,9,1176.261,557.528,1123.931,505.198,1228.591,609.859,104.661,0.0308,ms_nir_circle_supported_lattice,No
9,Day 9,Tray 3,3,DJI_20260627101610_0003,50,5,10,1312.935,557.58,1260.604,505.25,1365.265,609.91,104.661,0.028,ms_nir_circle_supported_lattice,No
9,Day 9,Tray 3,3,DJI_20260627101610_0003,51,6,1,83.119,673.402,30.789,621.072,135.449,725.732,104.661,0.0102,ms_nir_circle_supported_lattice,No
9,Day 9,Tray 3,3,DJI_20260627101610_0003,52,6,2,219.792,673.454,167.462,621.124,272.123,725.784,104.661,0.0149,ms_nir_circle_supported_lattice,No
9,Day 9,Tray 3,3,DJI_20260627101610_0003,53,6,3,356.466,673.506,304.136,621.176,408.796,725.836,104.661,0.0058,ms_nir_circle_supported_lattice,No
9,Day 9,Tray 3,3,DJI_20260627101610_0003,54,6,4,493.14,673.558,440.809,621.227,545.47,725.888,104.661,0.0125,ms_nir_circle_supported_lattice,No
9,Day 9,Tray 3,3,DJI_20260627101610_0003,55,6,5,629.813,673.61,577.483,621.279,682.143,725.94,104.661,0.0139,ms_nir_circle_supported_lattice,No
9,Day 9,Tray 3,3,DJI_20260627101610_0003,56,6,6,766.487,673.662,714.157,621.331,818.817,725.992,104.661,0.0051,ms_nir_circle_supported_lattice,No
9,Day 9,Tray 3,3,DJI_20260627101610_0003,57,6,7,903.16,673.714,850.83,621.383,955.491,726.044,104.661,0.0216,ms_nir_circle_supported_lattice,No
9,Day 9,Tray 3,3,DJI_20260627101610_0003,58,6,8,1039.834,673.766,987.504,621.435,1092.164,726.096,104.661,0.0238,ms_nir_circle_supported_lattice,No
9,Day 9,Tray 3,3,DJI_20260627101610_0003,59,6,9,1176.508,673.818,1124.177,621.487,1228.838,726.148,104.661,0.0129,ms_nir_circle_supported_lattice,No
9,Day 9,Tray 3,3,DJI_20260627101610_0003,60,6,10,1313.181,673.869,1260.851,621.539,1365.511,726.2,104.661,0.0267,ms_nir_circle_supported_lattice,No
9,Day 9,Tray 3,3,DJI_20260627101610_0003,61,7,1,83.365,789.691,31.035,737.361,135.696,842.022,104.661,0.012,ms_nir_circle_supported_lattice,No
9,Day 9,Tray 3,3,DJI_20260627101610_0003,62,7,2,220.039,789.743,167.709,737.413,272.369,842.073,104.661,0.033,ms_nir_circle_supported_lattice,No
9,Day 9,Tray 3,3,DJI_20260627101610_0003,63,7,3,356.712,789.795,304.382,737.465,409.043,842.125,104.661,0.018,ms_nir_circle_supported_lattice,No
9,Day 9,Tray 3,3,DJI_20260627101610_0003,64,7,4,493.386,789.847,441.056,737.517,545.716,842.177,104.661,0.0036,ms_nir_circle_supported_lattice,No
9,Day 9,Tray 3,3,DJI_20260627101610_0003,65,7,5,630.06,789.899,577.729,737.569,682.39,842.229,104.661,0.0193,ms_nir_circle_supported_lattice,No
9,Day 9,Tray 3,3,DJI_20260627101610_0003,66,7,6,766.733,789.951,714.403,737.621,819.064,842.281,104.661,0.0169,ms_nir_circle_supported_lattice,No
9,Day 9,Tray 3,3,DJI_20260627101610_0003,67,7,7,903.407,790.003,851.077,737.673,955.737,842.333,104.661,0.0035,ms_nir_circle_supported_lattice,No
9,Day 9,Tray 3,3,DJI_20260627101610_0003,68,7,8,1040.08,790.055,987.75,737.725,1092.411,842.385,104.661,0.0657,ms_nir_circle_supported_lattice,No
9,Day 9,Tray 3,3,DJI_20260627101610_0003,69,7,9,1176.754,790.107,1124.424,737.777,1229.084,842.437,104.661,0.0108,ms_nir_circle_supported_lattice,No
9,Day 9,Tray 3,3,DJI_20260627101610_0003,70,7,10,1313.428,790.159,1261.097,737.828,1365.758,842.489,104.661,0.0039,ms_nir_circle_supported_lattice,No
9,Day 9,Tray 4,4,DJI_20260627101707_0004,1,1,1,83.68,94.512,31.323,42.155,136.037,146.869,104.714,0.0842,ms_nir_circle_supported_lattice,No
9,Day 9,Tray 4,4,DJI_20260627101707_0004,2,1,2,220.257,94.423,167.9,42.066,272.615,146.78,104.714,0.0124,ms_nir_circle_supported_lattice,No
9,Day 9,Tray 4,4,DJI_20260627101707_0004,3,1,3,356.835,94.334,304.478,41.976,409.192,146.691,104.714,0.0116,ms_nir_circle_supported_lattice,No
9,Day 9,Tray 4,4,DJI_20260627101707_0004,4,1,4,493.412,94.244,441.055,41.887,545.77,146.602,104.714,0.0055,ms_nir_circle_supported_lattice,No
9,Day 9,Tray 4,4,DJI_20260627101707_0004,5,1,5,629.99,94.155,577.633,41.798,682.347,146.513,104.714,0.0259,ms_nir_circle_supported_lattice,No
9,Day 9,Tray 4,4,DJI_20260627101707_0004,6,1,6,766.567,94.066,714.21,41.709,818.925,146.423,104.714,0.0184,ms_nir_circle_supported_lattice,No
9,Day 9,Tray 4,4,DJI_20260627101707_0004,7,1,7,903.145,93.977,850.788,41.62,955.502,146.334,104.714,0.0098,ms_nir_circle_supported_lattice,No
9,Day 9,Tray 4,4,DJI_20260627101707_0004,8,1,8,1039.722,93.888,987.365,41.531,1092.08,146.245,104.714,0.0246,ms_nir_circle_supported_lattice,No
9,Day 9,Tray 4,4,DJI_20260627101707_0004,9,1,9,1176.3,93.799,1123.943,41.441,1228.657,146.156,104.714,0.0297,ms_nir_circle_supported_lattice,No
9,Day 9,Tray 4,4,DJI_20260627101707_0004,10,1,10,1312.877,93.709,1260.52,41.352,1365.235,146.067,104.714,0.0403,ms_nir_circle_supported_lattice,No
9,Day 9,Tray 4,4,DJI_20260627101707_0004,11,2,1,82.144,210.851,29.787,158.494,134.501,263.209,104.714,0.0433,ms_nir_circle_supported_lattice,No
9,Day 9,Tray 4,4,DJI_20260627101707_0004,12,2,2,218.722,210.762,166.364,158.405,271.079,263.119,104.714,0.0065,ms_nir_circle_supported_lattice,No
9,Day 9,Tray 4,4,DJI_20260627101707_0004,13,2,3,355.299,210.673,302.942,158.316,407.656,263.03,104.714,0.0657,ms_nir_circle_supported_lattice,No
9,Day 9,Tray 4,4,DJI_20260627101707_0004,14,2,4,491.877,210.584,439.519,158.227,544.234,262.941,104.714,0.0083,ms_nir_circle_supported_lattice,No
9,Day 9,Tray 4,4,DJI_20260627101707_0004,15,2,5,628.454,210.495,576.097,158.137,680.811,262.852,104.714,0.0219,ms_nir_circle_supported_lattice,No
9,Day 9,Tray 4,4,DJI_20260627101707_0004,16,2,6,765.032,210.405,712.674,158.048,817.389,262.763,104.714,0.0098,ms_nir_circle_supported_lattice,No
9,Day 9,Tray 4,4,DJI_20260627101707_0004,17,2,7,901.609,210.316,849.252,157.959,953.966,262.673,104.714,0.0188,ms_nir_circle_supported_lattice,No
9,Day 9,Tray 4,4,DJI_20260627101707_0004,18,2,8,1038.187,210.227,985.829,157.87,1090.544,262.584,104.714,0.0169,ms_nir_circle_supported_lattice,No
9,Day 9,Tray 4,4,DJI_20260627101707_0004,19,2,9,1174.764,210.138,1122.407,157.781,1227.121,262.495,104.714,0.0161,ms_nir_circle_supported_lattice,No
9,Day 9,Tray 4,4,DJI_20260627101707_0004,20,2,10,1311.342,210.049,1258.984,157.691,1363.699,262.406,104.714,0.0262,ms_nir_circle_supported_lattice,No
9,Day 9,Tray 4,4,DJI_20260627101707_0004,21,3,1,80.608,327.191,28.251,274.833,132.966,379.548,104.714,0.0055,ms_nir_circle_supported_lattice,No
9,Day 9,Tray 4,4,DJI_20260627101707_0004,22,3,2,217.186,327.101,164.829,274.744,269.543,379.459,104.714,0.0104,ms_nir_circle_supported_lattice,No
9,Day 9,Tray 4,4,DJI_20260627101707_0004,23,3,3,353.763,327.012,301.406,274.655,406.121,379.369,104.714,0.0106,ms_nir_circle_supported_lattice,No
9,Day 9,Tray 4,4,DJI_20260627101707_0004,24,3,4,490.341,326.923,437.984,274.566,542.698,379.28,104.714,0.003,ms_nir_circle_supported_lattice,No
9,Day 9,Tray 4,4,DJI_20260627101707_0004,25,3,5,626.918,326.834,574.561,274.477,679.276,379.191,104.714,0.0179,ms_nir_circle_supported_lattice,No
9,Day 9,Tray 4,4,DJI_20260627101707_0004,26,3,6,763.496,326.745,711.139,274.387,815.853,379.102,104.714,0.0225,ms_nir_circle_supported_lattice,No
9,Day 9,Tray 4,4,DJI_20260627101707_0004,27,3,7,900.073,326.656,847.716,274.298,952.431,379.013,104.714,0.0218,ms_nir_circle_supported_lattice,No
9,Day 9,Tray 4,4,DJI_20260627101707_0004,28,3,8,1036.651,326.566,984.294,274.209,1089.008,378.924,104.714,0.0146,ms_nir_circle_supported_lattice,No
9,Day 9,Tray 4,4,DJI_20260627101707_0004,29,3,9,1173.228,326.477,1120.871,274.12,1225.586,378.834,104.714,0.0196,ms_nir_circle_supported_lattice,No
9,Day 9,Tray 4,4,DJI_20260627101707_0004,30,3,10,1309.806,326.388,1257.449,274.031,1362.163,378.745,104.714,0.0247,ms_nir_circle_supported_lattice,No
9,Day 9,Tray 4,4,DJI_20260627101707_0004,31,4,1,79.073,443.53,26.715,391.173,131.43,495.887,104.714,0.0268,ms_nir_circle_supported_lattice,No
9,Day 9,Tray 4,4,DJI_20260627101707_0004,32,4,2,215.65,443.441,163.293,391.083,268.007,495.798,104.714,0.0068,ms_nir_circle_supported_lattice,No
9,Day 9,Tray 4,4,DJI_20260627101707_0004,33,4,3,352.228,443.352,299.87,390.994,404.585,495.709,104.714,0.0827,ms_nir_circle_supported_lattice,No
9,Day 9,Tray 4,4,DJI_20260627101707_0004,34,4,4,488.805,443.262,436.448,390.905,541.162,495.62,104.714,0.074,ms_nir_circle_supported_lattice,No
9,Day 9,Tray 4,4,DJI_20260627101707_0004,35,4,5,625.383,443.173,573.025,390.816,677.74,495.53,104.714,0.0166,ms_nir_circle_supported_lattice,No
9,Day 9,Tray 4,4,DJI_20260627101707_0004,36,4,6,761.96,443.084,709.603,390.727,814.317,495.441,104.714,0.0187,ms_nir_circle_supported_lattice,No
9,Day 9,Tray 4,4,DJI_20260627101707_0004,37,4,7,898.538,442.995,846.18,390.638,950.895,495.352,104.714,0.0178,ms_nir_circle_supported_lattice,No
9,Day 9,Tray 4,4,DJI_20260627101707_0004,38,4,8,1035.115,442.906,982.758,390.548,1087.472,495.263,104.714,0.0109,ms_nir_circle_supported_lattice,No
9,Day 9,Tray 4,4,DJI_20260627101707_0004,39,4,9,1171.693,442.816,1119.335,390.459,1224.05,495.174,104.714,0.0075,ms_nir_circle_supported_lattice,No
9,Day 9,Tray 4,4,DJI_20260627101707_0004,40,4,10,1308.27,442.727,1255.913,390.37,1360.627,495.085,104.714,0.0197,ms_nir_circle_supported_lattice,No
9,Day 9,Tray 4,4,DJI_20260627101707_0004,41,5,1,77.537,559.869,25.18,507.512,129.894,612.226,104.714,0.0319,ms_nir_circle_supported_lattice,No
9,Day 9,Tray 4,4,DJI_20260627101707_0004,42,5,2,214.115,559.78,161.757,507.423,266.472,612.137,104.714,0.0142,ms_nir_circle_supported_lattice,No
9,Day 9,Tray 4,4,DJI_20260627101707_0004,43,5,3,350.692,559.691,298.335,507.334,403.049,612.048,104.714,0.0127,ms_nir_circle_supported_lattice,No
9,Day 9,Tray 4,4,DJI_20260627101707_0004,44,5,4,487.269,559.602,434.912,507.244,539.627,611.959,104.714,0.0668,ms_nir_circle_supported_lattice,No
9,Day 9,Tray 4,4,DJI_20260627101707_0004,45,5,5,623.847,559.512,571.49,507.155,676.204,611.87,104.714,0.036,ms_nir_circle_supported_lattice,No
9,Day 9,Tray 4,4,DJI_20260627101707_0004,46,5,6,760.424,559.423,708.067,507.066,812.782,611.781,104.714,0.0062,ms_nir_circle_supported_lattice,No
9,Day 9,Tray 4,4,DJI_20260627101707_0004,47,5,7,897.002,559.334,844.645,506.977,949.359,611.691,104.714,0.0218,ms_nir_circle_supported_lattice,No
9,Day 9,Tray 4,4,DJI_20260627101707_0004,48,5,8,1033.579,559.245,981.222,506.888,1085.937,611.602,104.714,0.0054,ms_nir_circle_supported_lattice,No
9,Day 9,Tray 4,4,DJI_20260627101707_0004,49,5,9,1170.157,559.156,1117.8,506.798,1222.514,611.513,104.714,0.0123,ms_nir_circle_supported_lattice,No
9,Day 9,Tray 4,4,DJI_20260627101707_0004,50,5,10,1306.734,559.067,1254.377,506.709,1359.092,611.424,104.714,0.0024,ms_nir_circle_supported_lattice,No
9,Day 9,Tray 4,4,DJI_20260627101707_0004,51,6,1,76.001,676.208,23.644,623.851,128.359,728.566,104.714,0.0352,ms_nir_circle_supported_lattice,No
9,Day 9,Tray 4,4,DJI_20260627101707_0004,52,6,2,212.579,676.119,160.222,623.762,264.936,728.477,104.714,0.0401,ms_nir_circle_supported_lattice,No
9,Day 9,Tray 4,4,DJI_20260627101707_0004,53,6,3,349.156,676.03,296.799,623.673,401.514,728.387,104.714,0.1336,ms_nir_circle_supported_lattice,No
9,Day 9,Tray 4,4,DJI_20260627101707_0004,54,6,4,485.734,675.941,433.377,623.584,538.091,728.298,104.714,0.0142,ms_nir_circle_supported_lattice,No
9,Day 9,Tray 4,4,DJI_20260627101707_0004,55,6,5,622.311,675.852,569.954,623.494,674.668,728.209,104.714,0.0251,ms_nir_circle_supported_lattice,No
9,Day 9,Tray 4,4,DJI_20260627101707_0004,56,6,6,758.889,675.763,706.532,623.405,811.246,728.12,104.714,0.0222,ms_nir_circle_supported_lattice,No
9,Day 9,Tray 4,4,DJI_20260627101707_0004,57,6,7,895.466,675.673,843.109,623.316,947.823,728.031,104.714,0.0914,ms_nir_circle_supported_lattice,No
9,Day 9,Tray 4,4,DJI_20260627101707_0004,58,6,8,1032.044,675.584,979.686,623.227,1084.401,727.941,104.714,0.0103,ms_nir_circle_supported_lattice,No
9,Day 9,Tray 4,4,DJI_20260627101707_0004,59,6,9,1168.621,675.495,1116.264,623.138,1220.978,727.852,104.714,0.0221,ms_nir_circle_supported_lattice,No
9,Day 9,Tray 4,4,DJI_20260627101707_0004,60,6,10,1305.199,675.406,1252.841,623.049,1357.556,727.763,104.714,0.0159,ms_nir_circle_supported_lattice,No
9,Day 9,Tray 4,4,DJI_20260627101707_0004,61,7,1,74.466,792.548,22.108,740.19,126.823,844.905,104.714,0.0216,ms_nir_circle_supported_lattice,No
9,Day 9,Tray 4,4,DJI_20260627101707_0004,62,7,2,211.043,792.459,158.686,740.101,263.4,844.816,104.714,0.041,ms_nir_circle_supported_lattice,No
9,Day 9,Tray 4,4,DJI_20260627101707_0004,63,7,3,347.621,792.369,295.263,740.012,399.978,844.727,104.714,0.0319,ms_nir_circle_supported_lattice,No
9,Day 9,Tray 4,4,DJI_20260627101707_0004,64,7,4,484.198,792.28,431.841,739.923,536.555,844.637,104.714,0.018,ms_nir_circle_supported_lattice,No
9,Day 9,Tray 4,4,DJI_20260627101707_0004,65,7,5,620.776,792.191,568.418,739.834,673.133,844.548,104.714,0.025,ms_nir_circle_supported_lattice,No
9,Day 9,Tray 4,4,DJI_20260627101707_0004,66,7,6,757.353,792.102,704.996,739.745,809.71,844.459,104.714,0.0255,ms_nir_circle_supported_lattice,No
9,Day 9,Tray 4,4,DJI_20260627101707_0004,67,7,7,893.931,792.013,841.573,739.655,946.288,844.37,104.714,0.0125,ms_nir_circle_supported_lattice,No
9,Day 9,Tray 4,4,DJI_20260627101707_0004,68,7,8,1030.508,791.923,978.151,739.566,1082.865,844.281,104.714,0.0255,ms_nir_circle_supported_lattice,No
9,Day 9,Tray 4,4,DJI_20260627101707_0004,69,7,9,1167.085,791.834,1114.728,739.477,1219.443,844.192,104.714,0.0118,ms_nir_circle_supported_lattice,No
9,Day 9,Tray 4,4,DJI_20260627101707_0004,70,7,10,1303.663,791.745,1251.306,739.388,1356.02,844.102,104.714,0.0967,ms_nir_circle_supported_lattice,No
9,Day 9,Tray 5,5,DJI_20260627101808_0005,1,1,1,73.151,92.651,20.146,39.647,126.155,145.656,106.009,0.1581,ms_nir_circle_supported_lattice,No
9,Day 9,Tray 5,5,DJI_20260627101808_0005,2,1,2,210.082,92.295,157.078,39.291,263.087,145.3,106.009,0.0187,ms_nir_circle_supported_lattice,No
9,Day 9,Tray 5,5,DJI_20260627101808_0005,3,1,3,347.014,91.94,294.009,38.935,400.018,144.944,106.009,0.0256,ms_nir_circle_supported_lattice,No
9,Day 9,Tray 5,5,DJI_20260627101808_0005,4,1,4,483.945,91.584,430.941,38.579,536.95,144.588,106.009,0.0234,ms_nir_circle_supported_lattice,No
9,Day 9,Tray 5,5,DJI_20260627101808_0005,5,1,5,620.877,91.228,567.872,38.223,673.882,144.232,106.009,0.0428,ms_nir_circle_supported_lattice,No
9,Day 9,Tray 5,5,DJI_20260627101808_0005,6,1,6,757.809,90.872,704.804,37.868,810.813,143.877,106.009,0.036,ms_nir_circle_supported_lattice,No
9,Day 9,Tray 5,5,DJI_20260627101808_0005,7,1,7,894.74,90.516,841.736,37.512,947.745,143.521,106.009,0.0436,ms_nir_circle_supported_lattice,No
9,Day 9,Tray 5,5,DJI_20260627101808_0005,8,1,8,1031.672,90.16,978.667,37.156,1084.676,143.165,106.009,0.039,ms_nir_circle_supported_lattice,No
9,Day 9,Tray 5,5,DJI_20260627101808_0005,9,1,9,1168.603,89.805,1115.599,36.8,1221.608,142.809,106.009,0.0494,ms_nir_circle_supported_lattice,No
9,Day 9,Tray 5,5,DJI_20260627101808_0005,10,1,10,1305.535,89.449,1252.53,36.444,1358.54,142.453,106.009,0.0622,ms_nir_circle_supported_lattice,No
9,Day 9,Tray 5,5,DJI_20260627101808_0005,11,2,1,71.665,210.43,18.66,157.425,124.67,263.434,106.009,0.0324,ms_nir_circle_supported_lattice,No
9,Day 9,Tray 5,5,DJI_20260627101808_0005,12,2,2,208.597,210.074,155.592,157.069,261.601,263.079,106.009,0.0251,ms_nir_circle_supported_lattice,No
9,Day 9,Tray 5,5,DJI_20260627101808_0005,13,2,3,345.528,209.718,292.524,156.714,398.533,262.723,106.009,0.0241,ms_nir_circle_supported_lattice,No
9,Day 9,Tray 5,5,DJI_20260627101808_0005,14,2,4,482.46,209.362,429.455,156.358,535.464,262.367,106.009,0.0403,ms_nir_circle_supported_lattice,No
9,Day 9,Tray 5,5,DJI_20260627101808_0005,15,2,5,619.391,209.006,566.387,156.002,672.396,262.011,106.009,0.1287,ms_nir_circle_supported_lattice,No
9,Day 9,Tray 5,5,DJI_20260627101808_0005,16,2,6,756.323,208.651,703.318,155.646,809.328,261.655,106.009,0.0065,ms_nir_circle_supported_lattice,No
9,Day 9,Tray 5,5,DJI_20260627101808_0005,17,2,7,893.255,208.295,840.25,155.29,946.259,261.299,106.009,0.0033,ms_nir_circle_supported_lattice,No
9,Day 9,Tray 5,5,DJI_20260627101808_0005,18,2,8,1030.186,207.939,977.182,154.934,1083.191,260.944,106.009,0.0922,ms_nir_circle_supported_lattice,No
9,Day 9,Tray 5,5,DJI_20260627101808_0005,19,2,9,1167.118,207.583,1114.113,154.579,1220.122,260.588,106.009,0.0271,ms_nir_circle_supported_lattice,No
9,Day 9,Tray 5,5,DJI_20260627101808_0005,20,2,10,1304.049,207.227,1251.045,154.223,1357.054,260.232,106.009,0.0683,ms_nir_circle_supported_lattice,No
9,Day 9,Tray 5,5,DJI_20260627101808_0005,21,3,1,70.179,328.208,17.175,275.204,123.184,381.213,106.009,0.0337,ms_nir_circle_supported_lattice,No
9,Day 9,Tray 5,5,DJI_20260627101808_0005,22,3,2,207.111,327.853,154.106,274.848,260.115,380.857,106.009,0.1239,ms_nir_circle_supported_lattice,No
9,Day 9,Tray 5,5,DJI_20260627101808_0005,23,3,3,344.042,327.497,291.038,274.492,397.047,380.501,106.009,0.043,ms_nir_circle_supported_lattice,No
9,Day 9,Tray 5,5,DJI_20260627101808_0005,24,3,4,480.974,327.141,427.969,274.136,533.979,380.145,106.009,0.0429,ms_nir_circle_supported_lattice,No
9,Day 9,Tray 5,5,DJI_20260627101808_0005,25,3,5,617.906,326.785,564.901,273.78,670.91,379.79,106.009,0.0267,ms_nir_circle_supported_lattice,No
9,Day 9,Tray 5,5,DJI_20260627101808_0005,26,3,6,754.837,326.429,701.833,273.425,807.842,379.434,106.009,0.008,ms_nir_circle_supported_lattice,No
9,Day 9,Tray 5,5,DJI_20260627101808_0005,27,3,7,891.769,326.073,838.764,273.069,944.773,379.078,106.009,0.0405,ms_nir_circle_supported_lattice,No
9,Day 9,Tray 5,5,DJI_20260627101808_0005,28,3,8,1028.7,325.718,975.696,272.713,1081.705,378.722,106.009,0.0124,ms_nir_circle_supported_lattice,No
9,Day 9,Tray 5,5,DJI_20260627101808_0005,29,3,9,1165.632,325.362,1112.627,272.357,1218.637,378.366,106.009,0.0063,ms_nir_circle_supported_lattice,No
9,Day 9,Tray 5,5,DJI_20260627101808_0005,30,3,10,1302.564,325.006,1249.559,272.001,1355.568,378.01,106.009,0.0819,ms_nir_circle_supported_lattice,No
9,Day 9,Tray 5,5,DJI_20260627101808_0005,31,4,1,68.694,445.987,15.689,392.982,121.698,498.992,106.009,0.0376,ms_nir_circle_supported_lattice,No
9,Day 9,Tray 5,5,DJI_20260627101808_0005,32,4,2,205.625,445.631,152.621,392.627,258.63,498.636,106.009,0.0128,ms_nir_circle_supported_lattice,No
9,Day 9,Tray 5,5,DJI_20260627101808_0005,33,4,3,342.557,445.275,289.552,392.271,395.561,498.28,106.009,0.0072,ms_nir_circle_supported_lattice,No
9,Day 9,Tray 5,5,DJI_20260627101808_0005,34,4,4,479.488,444.919,426.484,391.915,532.493,497.924,106.009,0.0275,ms_nir_circle_supported_lattice,No
9,Day 9,Tray 5,5,DJI_20260627101808_0005,35,4,5,616.42,444.564,563.415,391.559,669.424,497.568,106.009,0.0239,ms_nir_circle_supported_lattice,No
9,Day 9,Tray 5,5,DJI_20260627101808_0005,36,4,6,753.352,444.208,700.347,391.203,806.356,497.212,106.009,0.0191,ms_nir_circle_supported_lattice,No
9,Day 9,Tray 5,5,DJI_20260627101808_0005,37,4,7,890.283,443.852,837.279,390.847,943.288,496.857,106.009,0.0184,ms_nir_circle_supported_lattice,No
9,Day 9,Tray 5,5,DJI_20260627101808_0005,38,4,8,1027.215,443.496,974.21,390.492,1080.219,496.501,106.009,0.0129,ms_nir_circle_supported_lattice,No
9,Day 9,Tray 5,5,DJI_20260627101808_0005,39,4,9,1164.146,443.14,1111.142,390.136,1217.151,496.145,106.009,0.0185,ms_nir_circle_supported_lattice,No
9,Day 9,Tray 5,5,DJI_20260627101808_0005,40,4,10,1301.078,442.784,1248.073,389.78,1354.082,495.789,106.009,0.0431,ms_nir_circle_supported_lattice,No
9,Day 9,Tray 5,5,DJI_20260627101808_0005,41,5,1,67.208,563.766,14.203,510.761,120.212,616.77,106.009,0.0339,ms_nir_circle_supported_lattice,No
9,Day 9,Tray 5,5,DJI_20260627101808_0005,42,5,2,204.139,563.41,151.135,510.405,257.144,616.414,106.009,0.0162,ms_nir_circle_supported_lattice,No
9,Day 9,Tray 5,5,DJI_20260627101808_0005,43,5,3,341.071,563.054,288.066,510.049,394.076,616.058,106.009,0.0761,ms_nir_circle_supported_lattice,No
9,Day 9,Tray 5,5,DJI_20260627101808_0005,44,5,4,478.003,562.698,424.998,509.693,531.007,615.703,106.009,0.0262,ms_nir_circle_supported_lattice,No
9,Day 9,Tray 5,5,DJI_20260627101808_0005,45,5,5,614.934,562.342,561.93,509.338,667.939,615.347,106.009,0.0339,ms_nir_circle_supported_lattice,No
9,Day 9,Tray 5,5,DJI_20260627101808_0005,46,5,6,751.866,561.986,698.861,508.982,804.87,614.991,106.009,0.0416,ms_nir_circle_supported_lattice,No
9,Day 9,Tray 5,5,DJI_20260627101808_0005,47,5,7,888.797,561.631,835.793,508.626,941.802,614.635,106.009,0.0424,ms_nir_circle_supported_lattice,No
9,Day 9,Tray 5,5,DJI_20260627101808_0005,48,5,8,1025.729,561.275,972.724,508.27,1078.734,614.279,106.009,0.0349,ms_nir_circle_supported_lattice,No
9,Day 9,Tray 5,5,DJI_20260627101808_0005,49,5,9,1162.661,560.919,1109.656,507.914,1215.665,613.923,106.009,0.0226,ms_nir_circle_supported_lattice,No
9,Day 9,Tray 5,5,DJI_20260627101808_0005,50,5,10,1299.592,560.563,1246.588,507.558,1352.597,613.568,106.009,0.0475,ms_nir_circle_supported_lattice,No
9,Day 9,Tray 5,5,DJI_20260627101808_0005,51,6,1,65.722,681.544,12.718,628.54,118.727,734.549,106.009,0.0899,ms_nir_circle_supported_lattice,No
9,Day 9,Tray 5,5,DJI_20260627101808_0005,52,6,2,202.654,681.188,149.649,628.184,255.658,734.193,106.009,0.0301,ms_nir_circle_supported_lattice,No
9,Day 9,Tray 5,5,DJI_20260627101808_0005,53,6,3,339.585,680.832,286.581,627.828,392.59,733.837,106.009,0.0121,ms_nir_circle_supported_lattice,No
9,Day 9,Tray 5,5,DJI_20260627101808_0005,54,6,4,476.517,680.477,423.512,627.472,529.521,733.481,106.009,0.006,ms_nir_circle_supported_lattice,No
9,Day 9,Tray 5,5,DJI_20260627101808_0005,55,6,5,613.448,680.121,560.444,627.116,666.453,733.125,106.009,0.0302,ms_nir_circle_supported_lattice,No
9,Day 9,Tray 5,5,DJI_20260627101808_0005,56,6,6,750.38,679.765,697.376,626.76,803.385,732.77,106.009,0.0134,ms_nir_circle_supported_lattice,No
9,Day 9,Tray 5,5,DJI_20260627101808_0005,57,6,7,887.312,679.409,834.307,626.405,940.316,732.414,106.009,0.0295,ms_nir_circle_supported_lattice,No
9,Day 9,Tray 5,5,DJI_20260627101808_0005,58,6,8,1024.243,679.053,971.239,626.049,1077.248,732.058,106.009,0.0785,ms_nir_circle_supported_lattice,No
9,Day 9,Tray 5,5,DJI_20260627101808_0005,59,6,9,1161.175,678.697,1108.17,625.693,1214.179,731.702,106.009,0.0103,ms_nir_circle_supported_lattice,No
9,Day 9,Tray 5,5,DJI_20260627101808_0005,60,6,10,1298.106,678.342,1245.102,625.337,1351.111,731.346,106.009,0.0169,ms_nir_circle_supported_lattice,No
9,Day 9,Tray 5,5,DJI_20260627101808_0005,61,7,1,64.236,799.323,11.232,746.318,117.241,852.327,106.009,0.0731,ms_nir_circle_supported_lattice,No
9,Day 9,Tray 5,5,DJI_20260627101808_0005,62,7,2,201.168,798.967,148.163,745.962,254.173,851.971,106.009,0.0262,ms_nir_circle_supported_lattice,No
9,Day 9,Tray 5,5,DJI_20260627101808_0005,63,7,3,338.1,798.611,285.095,745.606,391.104,851.616,106.009,0.0571,ms_nir_circle_supported_lattice,No
9,Day 9,Tray 5,5,DJI_20260627101808_0005,64,7,4,475.031,798.255,422.027,745.251,528.036,851.26,106.009,0.0627,ms_nir_circle_supported_lattice,No
9,Day 9,Tray 5,5,DJI_20260627101808_0005,65,7,5,611.963,797.899,558.958,744.895,664.967,850.904,106.009,0.0117,ms_nir_circle_supported_lattice,No
9,Day 9,Tray 5,5,DJI_20260627101808_0005,66,7,6,748.894,797.544,695.89,744.539,801.899,850.548,106.009,0.0167,ms_nir_circle_supported_lattice,No
9,Day 9,Tray 5,5,DJI_20260627101808_0005,67,7,7,885.826,797.188,832.821,744.183,938.831,850.192,106.009,0.0285,ms_nir_circle_supported_lattice,No
9,Day 9,Tray 5,5,DJI_20260627101808_0005,68,7,8,1022.758,796.832,969.753,743.827,1075.762,849.836,106.009,0.0277,ms_nir_circle_supported_lattice,No
9,Day 9,Tray 5,5,DJI_20260627101808_0005,69,7,9,1159.689,796.476,1106.685,743.471,1212.694,849.481,106.009,0.0305,ms_nir_circle_supported_lattice,No
9,Day 9,Tray 5,5,DJI_20260627101808_0005,70,7,10,1296.621,796.12,1243.616,743.116,1349.625,849.125,106.009,0.0215,ms_nir_circle_supported_lattice,No
9,Day 9,Tray 6,6,DJI_20260627101858_0006,1,1,1,79.051,94.185,26.753,41.887,131.35,146.484,104.597,0.0435,ms_nir_circle_supported_lattice,No
9,Day 9,Tray 6,6,DJI_20260627101858_0006,2,1,2,215.267,93.748,162.969,41.45,267.565,146.046,104.597,0.0754,ms_nir_circle_supported_lattice,No
9,Day 9,Tray 6,6,DJI_20260627101858_0006,3,1,3,351.482,93.311,299.184,41.013,403.781,145.609,104.597,0.0437,ms_nir_circle_supported_lattice,No
9,Day 9,Tray 6,6,DJI_20260627101858_0006,4,1,4,487.698,92.874,435.4,40.575,539.996,145.172,104.597,0.0163,ms_nir_circle_supported_lattice,No
9,Day 9,Tray 6,6,DJI_20260627101858_0006,5,1,5,623.914,92.436,571.615,40.138,676.212,144.735,104.597,0.0087,ms_nir_circle_supported_lattice,No
9,Day 9,Tray 6,6,DJI_20260627101858_0006,6,1,6,760.129,91.999,707.831,39.701,812.428,144.298,104.597,0.0087,ms_nir_circle_supported_lattice,No
9,Day 9,Tray 6,6,DJI_20260627101858_0006,7,1,7,896.345,91.562,844.046,39.264,948.643,143.86,104.597,0.0262,ms_nir_circle_supported_lattice,No
9,Day 9,Tray 6,6,DJI_20260627101858_0006,8,1,8,1032.56,91.125,980.262,38.826,1084.859,143.423,104.597,0.0272,ms_nir_circle_supported_lattice,No
9,Day 9,Tray 6,6,DJI_20260627101858_0006,9,1,9,1168.776,90.688,1116.478,38.389,1221.074,142.986,104.597,0.016,ms_nir_circle_supported_lattice,No
9,Day 9,Tray 6,6,DJI_20260627101858_0006,10,1,10,1304.992,90.25,1252.693,37.952,1357.29,142.549,104.597,0.0108,ms_nir_circle_supported_lattice,No
9,Day 9,Tray 6,6,DJI_20260627101858_0006,11,2,1,79.43,210.403,27.132,158.105,131.728,262.702,104.597,0.057,ms_nir_circle_supported_lattice,No
9,Day 9,Tray 6,6,DJI_20260627101858_0006,12,2,2,215.645,209.966,163.347,157.668,267.944,262.264,104.597,0.0105,ms_nir_circle_supported_lattice,No
9,Day 9,Tray 6,6,DJI_20260627101858_0006,13,2,3,351.861,209.529,299.563,157.23,404.159,261.827,104.597,0.0147,ms_nir_circle_supported_lattice,No
9,Day 9,Tray 6,6,DJI_20260627101858_0006,14,2,4,488.077,209.092,435.778,156.793,540.375,261.39,104.597,0.0189,ms_nir_circle_supported_lattice,No
9,Day 9,Tray 6,6,DJI_20260627101858_0006,15,2,5,624.292,208.654,571.994,156.356,676.591,260.953,104.597,0.0068,ms_nir_circle_supported_lattice,No
9,Day 9,Tray 6,6,DJI_20260627101858_0006,16,2,6,760.508,208.217,708.209,155.919,812.806,260.515,104.597,0.0479,ms_nir_circle_supported_lattice,No
9,Day 9,Tray 6,6,DJI_20260627101858_0006,17,2,7,896.723,207.78,844.425,155.482,949.022,260.078,104.597,0.0108,ms_nir_circle_supported_lattice,No
9,Day 9,Tray 6,6,DJI_20260627101858_0006,18,2,8,1032.939,207.343,980.641,155.044,1085.237,259.641,104.597,0.0228,ms_nir_circle_supported_lattice,No
9,Day 9,Tray 6,6,DJI_20260627101858_0006,19,2,9,1169.155,206.905,1116.856,154.607,1221.453,259.204,104.597,0.0079,ms_nir_circle_supported_lattice,No
9,Day 9,Tray 6,6,DJI_20260627101858_0006,20,2,10,1305.37,206.468,1253.072,154.17,1357.668,258.766,104.597,0.0126,ms_nir_circle_supported_lattice,No
9,Day 9,Tray 6,6,DJI_20260627101858_0006,21,3,1,79.808,326.621,27.51,274.323,132.107,378.919,104.597,0.0116,ms_nir_circle_supported_lattice,No
9,Day 9,Tray 6,6,DJI_20260627101858_0006,22,3,2,216.024,326.184,163.726,273.886,268.322,378.482,104.597,0.03,ms_nir_circle_supported_lattice,No
9,Day 9,Tray 6,6,DJI_20260627101858_0006,23,3,3,352.24,325.747,299.941,273.448,404.538,378.045,104.597,0.011,ms_nir_circle_supported_lattice,No
9,Day 9,Tray 6,6,DJI_20260627101858_0006,24,3,4,488.455,325.309,436.157,273.011,540.754,377.608,104.597,0.0203,ms_nir_circle_supported_lattice,No
9,Day 9,Tray 6,6,DJI_20260627101858_0006,25,3,5,624.671,324.872,572.372,272.574,676.969,377.17,104.597,0.0185,ms_nir_circle_supported_lattice,No
9,Day 9,Tray 6,6,DJI_20260627101858_0006,26,3,6,760.886,324.435,708.588,272.137,813.185,376.733,104.597,0.005,ms_nir_circle_supported_lattice,No
9,Day 9,Tray 6,6,DJI_20260627101858_0006,27,3,7,897.102,323.998,844.804,271.699,949.4,376.296,104.597,0.0275,ms_nir_circle_supported_lattice,No
9,Day 9,Tray 6,6,DJI_20260627101858_0006,28,3,8,1033.318,323.56,981.019,271.262,1085.616,375.859,104.597,0.0137,ms_nir_circle_supported_lattice,No
9,Day 9,Tray 6,6,DJI_20260627101858_0006,29,3,9,1169.533,323.123,1117.235,270.825,1221.831,375.422,104.597,0.0209,ms_nir_circle_supported_lattice,No
9,Day 9,Tray 6,6,DJI_20260627101858_0006,30,3,10,1305.749,322.686,1253.45,270.388,1358.047,374.984,104.597,0.007,ms_nir_circle_supported_lattice,No
9,Day 9,Tray 6,6,DJI_20260627101858_0006,31,4,1,80.187,442.839,27.889,390.541,132.485,495.137,104.597,0.118,ms_nir_circle_supported_lattice,No
9,Day 9,Tray 6,6,DJI_20260627101858_0006,32,4,2,216.403,442.402,164.104,390.103,268.701,494.7,104.597,0.0213,ms_nir_circle_supported_lattice,No
9,Day 9,Tray 6,6,DJI_20260627101858_0006,33,4,3,352.618,441.965,300.32,389.666,404.916,494.263,104.597,0.0162,ms_nir_circle_supported_lattice,No
9,Day 9,Tray 6,6,DJI_20260627101858_0006,34,4,4,488.834,441.527,436.535,389.229,541.132,493.826,104.597,0.0085,ms_nir_circle_supported_lattice,No
9,Day 9,Tray 6,6,DJI_20260627101858_0006,35,4,5,625.049,441.09,572.751,388.792,677.348,493.388,104.597,0.0168,ms_nir_circle_supported_lattice,No
9,Day 9,Tray 6,6,DJI_20260627101858_0006,36,4,6,761.265,440.653,708.967,388.355,813.563,492.951,104.597,0.0227,ms_nir_circle_supported_lattice,No
9,Day 9,Tray 6,6,DJI_20260627101858_0006,37,4,7,897.481,440.216,845.182,387.917,949.779,492.514,104.597,0.0144,ms_nir_circle_supported_lattice,No
9,Day 9,Tray 6,6,DJI_20260627101858_0006,38,4,8,1033.696,439.778,981.398,387.48,1085.994,492.077,104.597,0.0199,ms_nir_circle_supported_lattice,No
9,Day 9,Tray 6,6,DJI_20260627101858_0006,39,4,9,1169.912,439.341,1117.613,387.043,1222.21,491.639,104.597,0.0282,ms_nir_circle_supported_lattice,No
9,Day 9,Tray 6,6,DJI_20260627101858_0006,40,4,10,1306.127,438.904,1253.829,386.606,1358.426,491.202,104.597,0.0095,ms_nir_circle_supported_lattice,No
9,Day 9,Tray 6,6,DJI_20260627101858_0006,41,5,1,80.566,559.057,28.267,506.759,132.864,611.355,104.597,0.0619,ms_nir_circle_supported_lattice,No
9,Day 9,Tray 6,6,DJI_20260627101858_0006,42,5,2,216.781,558.62,164.483,506.321,269.079,610.918,104.597,0.0206,ms_nir_circle_supported_lattice,No
9,Day 9,Tray 6,6,DJI_20260627101858_0006,43,5,3,352.997,558.182,300.698,505.884,405.295,610.481,104.597,0.0242,ms_nir_circle_supported_lattice,No
9,Day 9,Tray 6,6,DJI_20260627101858_0006,44,5,4,489.212,557.745,436.914,505.447,541.511,610.043,104.597,0.0379,ms_nir_circle_supported_lattice,No
9,Day 9,Tray 6,6,DJI_20260627101858_0006,45,5,5,625.428,557.308,573.13,505.01,677.726,609.606,104.597,0.0176,ms_nir_circle_supported_lattice,No
9,Day 9,Tray 6,6,DJI_20260627101858_0006,46,5,6,761.644,556.871,709.345,504.572,813.942,609.169,104.597,0.0056,ms_nir_circle_supported_lattice,No
9,Day 9,Tray 6,6,DJI_20260627101858_0006,47,5,7,897.859,556.433,845.561,504.135,950.157,608.732,104.597,0.0039,ms_nir_circle_supported_lattice,No
9,Day 9,Tray 6,6,DJI_20260627101858_0006,48,5,8,1034.075,555.996,981.776,503.698,1086.373,608.295,104.597,0.0086,ms_nir_circle_supported_lattice,No
9,Day 9,Tray 6,6,DJI_20260627101858_0006,49,5,9,1170.29,555.559,1117.992,503.261,1222.589,607.857,104.597,0.0247,ms_nir_circle_supported_lattice,No
9,Day 9,Tray 6,6,DJI_20260627101858_0006,50,5,10,1306.506,555.122,1254.208,502.823,1358.804,607.42,104.597,0.0387,ms_nir_circle_supported_lattice,No
9,Day 9,Tray 6,6,DJI_20260627101858_0006,51,6,1,80.944,675.275,28.646,622.976,133.242,727.573,104.597,0.0102,ms_nir_circle_supported_lattice,No
9,Day 9,Tray 6,6,DJI_20260627101858_0006,52,6,2,217.16,674.837,164.861,622.539,269.458,727.136,104.597,0.0467,ms_nir_circle_supported_lattice,No
9,Day 9,Tray 6,6,DJI_20260627101858_0006,53,6,3,353.375,674.4,301.077,622.102,405.674,726.699,104.597,0.0141,ms_nir_circle_supported_lattice,No
9,Day 9,Tray 6,6,DJI_20260627101858_0006,54,6,4,489.591,673.963,437.293,621.665,541.889,726.261,104.597,0.0307,ms_nir_circle_supported_lattice,No
9,Day 9,Tray 6,6,DJI_20260627101858_0006,55,6,5,625.806,673.526,573.508,621.227,678.105,725.824,104.597,0.0048,ms_nir_circle_supported_lattice,No
9,Day 9,Tray 6,6,DJI_20260627101858_0006,56,6,6,762.022,673.089,709.724,620.79,814.32,725.387,104.597,0.0118,ms_nir_circle_supported_lattice,No
9,Day 9,Tray 6,6,DJI_20260627101858_0006,57,6,7,898.238,672.651,845.939,620.353,950.536,724.95,104.597,0.0111,ms_nir_circle_supported_lattice,No
9,Day 9,Tray 6,6,DJI_20260627101858_0006,58,6,8,1034.453,672.214,982.155,619.916,1086.752,724.512,104.597,0.0281,ms_nir_circle_supported_lattice,No
9,Day 9,Tray 6,6,DJI_20260627101858_0006,59,6,9,1170.669,671.777,1118.371,619.479,1222.967,724.075,104.597,0.0073,ms_nir_circle_supported_lattice,No
9,Day 9,Tray 6,6,DJI_20260627101858_0006,60,6,10,1306.884,671.34,1254.586,619.041,1359.183,723.638,104.597,0.0258,ms_nir_circle_supported_lattice,No
9,Day 9,Tray 6,6,DJI_20260627101858_0006,61,7,1,81.323,791.493,29.024,739.194,133.621,843.791,104.597,0.074,ms_nir_circle_supported_lattice,No
9,Day 9,Tray 6,6,DJI_20260627101858_0006,62,7,2,217.538,791.055,165.24,738.757,269.837,843.354,104.597,0.0538,ms_nir_circle_supported_lattice,No
9,Day 9,Tray 6,6,DJI_20260627101858_0006,63,7,3,353.754,790.618,301.456,738.32,406.052,842.916,104.597,0.0112,ms_nir_circle_supported_lattice,No
9,Day 9,Tray 6,6,DJI_20260627101858_0006,64,7,4,489.969,790.181,437.671,737.883,542.268,842.479,104.597,0.0243,ms_nir_circle_supported_lattice,No
9,Day 9,Tray 6,6,DJI_20260627101858_0006,65,7,5,626.185,789.744,573.887,737.445,678.483,842.042,104.597,0.0074,ms_nir_circle_supported_lattice,No
9,Day 9,Tray 6,6,DJI_20260627101858_0006,66,7,6,762.401,789.306,710.102,737.008,814.699,841.605,104.597,0.039,ms_nir_circle_supported_lattice,No
9,Day 9,Tray 6,6,DJI_20260627101858_0006,67,7,7,898.616,788.869,846.318,736.571,950.915,841.167,104.597,0.0218,ms_nir_circle_supported_lattice,No
9,Day 9,Tray 6,6,DJI_20260627101858_0006,68,7,8,1034.832,788.432,982.534,736.134,1087.13,840.73,104.597,0.0087,ms_nir_circle_supported_lattice,No
9,Day 9,Tray 6,6,DJI_20260627101858_0006,69,7,9,1171.047,787.995,1118.749,735.696,1223.346,840.293,104.597,0.0082,ms_nir_circle_supported_lattice,No
9,Day 9,Tray 6,6,DJI_20260627101858_0006,70,7,10,1307.263,787.557,1254.965,735.259,1359.561,839.856,104.597,0.0198,ms_nir_circle_supported_lattice,No
9,Day 9,Tray 7,7,DJI_20260627101933_0007,1,1,1,81.165,93.255,28.801,40.891,133.529,145.619,104.728,0.0066,ms_nir_circle_supported_lattice,No
9,Day 9,Tray 7,7,DJI_20260627101933_0007,2,1,2,217.192,93.26,164.828,40.896,269.556,145.624,104.728,0.019,ms_nir_circle_supported_lattice,No
9,Day 9,Tray 7,7,DJI_20260627101933_0007,3,1,3,353.22,93.266,300.856,40.902,405.584,145.63,104.728,0.0273,ms_nir_circle_supported_lattice,No
9,Day 9,Tray 7,7,DJI_20260627101933_0007,4,1,4,489.248,93.271,436.884,40.907,541.612,145.635,104.728,0.0196,ms_nir_circle_supported_lattice,No
9,Day 9,Tray 7,7,DJI_20260627101933_0007,5,1,5,625.275,93.276,572.911,40.912,677.639,145.64,104.728,0.0416,ms_nir_circle_supported_lattice,No
9,Day 9,Tray 7,7,DJI_20260627101933_0007,6,1,6,761.303,93.281,708.939,40.917,813.667,145.645,104.728,0.0637,ms_nir_circle_supported_lattice,No
9,Day 9,Tray 7,7,DJI_20260627101933_0007,7,1,7,897.331,93.286,844.967,40.922,949.695,145.65,104.728,0.0146,ms_nir_circle_supported_lattice,No
9,Day 9,Tray 7,7,DJI_20260627101933_0007,8,1,8,1033.359,93.292,980.995,40.928,1085.723,145.656,104.728,0.0157,ms_nir_circle_supported_lattice,No
9,Day 9,Tray 7,7,DJI_20260627101933_0007,9,1,9,1169.386,93.297,1117.022,40.933,1221.75,145.661,104.728,0.0251,ms_nir_circle_supported_lattice,No
9,Day 9,Tray 7,7,DJI_20260627101933_0007,10,1,10,1305.414,93.302,1253.05,40.938,1357.778,145.666,104.728,0.0395,ms_nir_circle_supported_lattice,No
9,Day 9,Tray 7,7,DJI_20260627101933_0007,11,2,1,81.011,209.619,28.647,157.256,133.375,261.983,104.728,0.0267,ms_nir_circle_supported_lattice,No
9,Day 9,Tray 7,7,DJI_20260627101933_0007,12,2,2,217.039,209.625,164.675,157.261,269.403,261.989,104.728,0.0211,ms_nir_circle_supported_lattice,No
9,Day 9,Tray 7,7,DJI_20260627101933_0007,13,2,3,353.066,209.63,300.702,157.266,405.43,261.994,104.728,0.0106,ms_nir_circle_supported_lattice,No
9,Day 9,Tray 7,7,DJI_20260627101933_0007,14,2,4,489.094,209.635,436.73,157.271,541.458,261.999,104.728,0.015,ms_nir_circle_supported_lattice,No
9,Day 9,Tray 7,7,DJI_20260627101933_0007,15,2,5,625.122,209.64,572.758,157.276,677.486,262.004,104.728,0.0274,ms_nir_circle_supported_lattice,No
9,Day 9,Tray 7,7,DJI_20260627101933_0007,16,2,6,761.15,209.645,708.786,157.281,813.514,262.009,104.728,0.0057,ms_nir_circle_supported_lattice,No
9,Day 9,Tray 7,7,DJI_20260627101933_0007,17,2,7,897.177,209.651,844.813,157.287,949.541,262.015,104.728,0.0136,ms_nir_circle_supported_lattice,No
9,Day 9,Tray 7,7,DJI_20260627101933_0007,18,2,8,1033.205,209.656,980.841,157.292,1085.569,262.02,104.728,0.0213,ms_nir_circle_supported_lattice,No
9,Day 9,Tray 7,7,DJI_20260627101933_0007,19,2,9,1169.233,209.661,1116.869,157.297,1221.597,262.025,104.728,0.0117,ms_nir_circle_supported_lattice,No
9,Day 9,Tray 7,7,DJI_20260627101933_0007,20,2,10,1305.26,209.666,1252.896,157.302,1357.624,262.03,104.728,0.0188,ms_nir_circle_supported_lattice,No
9,Day 9,Tray 7,7,DJI_20260627101933_0007,21,3,1,80.857,325.984,28.493,273.62,133.221,378.348,104.728,0.0466,ms_nir_circle_supported_lattice,No
9,Day 9,Tray 7,7,DJI_20260627101933_0007,22,3,2,216.885,325.989,164.521,273.625,269.249,378.353,104.728,0.0129,ms_nir_circle_supported_lattice,No
9,Day 9,Tray 7,7,DJI_20260627101933_0007,23,3,3,352.913,325.994,300.549,273.63,405.277,378.358,104.728,0.0087,ms_nir_circle_supported_lattice,No
9,Day 9,Tray 7,7,DJI_20260627101933_0007,24,3,4,488.941,325.999,436.577,273.635,541.305,378.363,104.728,0.0005,ms_nir_circle_supported_lattice,No
9,Day 9,Tray 7,7,DJI_20260627101933_0007,25,3,5,624.968,326.005,572.604,273.641,677.332,378.369,104.728,0.0003,ms_nir_circle_supported_lattice,No
9,Day 9,Tray 7,7,DJI_20260627101933_0007,26,3,6,760.996,326.01,708.632,273.646,813.36,378.374,104.728,0.0192,ms_nir_circle_supported_lattice,No
9,Day 9,Tray 7,7,DJI_20260627101933_0007,27,3,7,897.024,326.015,844.66,273.651,949.388,378.379,104.728,0.0119,ms_nir_circle_supported_lattice,No
9,Day 9,Tray 7,7,DJI_20260627101933_0007,28,3,8,1033.051,326.02,980.687,273.656,1085.415,378.384,104.728,0.0167,ms_nir_circle_supported_lattice,No
9,Day 9,Tray 7,7,DJI_20260627101933_0007,29,3,9,1169.079,326.025,1116.715,273.661,1221.443,378.389,104.728,0.0199,ms_nir_circle_supported_lattice,No
9,Day 9,Tray 7,7,DJI_20260627101933_0007,30,3,10,1305.107,326.031,1252.743,273.667,1357.471,378.394,104.728,0.0077,ms_nir_circle_supported_lattice,No
9,Day 9,Tray 7,7,DJI_20260627101933_0007,31,4,1,80.704,442.348,28.34,389.984,133.068,494.712,104.728,0.0271,ms_nir_circle_supported_lattice,No
9,Day 9,Tray 7,7,DJI_20260627101933_0007,32,4,2,216.732,442.353,164.368,389.989,269.096,494.717,104.728,0.0241,ms_nir_circle_supported_lattice,No
9,Day 9,Tray 7,7,DJI_20260627101933_0007,33,4,3,352.759,442.358,300.395,389.994,405.123,494.722,104.728,0.0161,ms_nir_circle_supported_lattice,No
9,Day 9,Tray 7,7,DJI_20260627101933_0007,34,4,4,488.787,442.364,436.423,390.0,541.151,494.728,104.728,0.0087,ms_nir_circle_supported_lattice,No
9,Day 9,Tray 7,7,DJI_20260627101933_0007,35,4,5,624.815,442.369,572.451,390.005,677.179,494.733,104.728,0.0115,ms_nir_circle_supported_lattice,No
9,Day 9,Tray 7,7,DJI_20260627101933_0007,36,4,6,760.842,442.374,708.478,390.01,813.206,494.738,104.728,0.0055,ms_nir_circle_supported_lattice,No
9,Day 9,Tray 7,7,DJI_20260627101933_0007,37,4,7,896.87,442.379,844.506,390.015,949.234,494.743,104.728,0.0639,ms_nir_circle_supported_lattice,No
9,Day 9,Tray 7,7,DJI_20260627101933_0007,38,4,8,1032.898,442.384,980.534,390.02,1085.262,494.748,104.728,0.0054,ms_nir_circle_supported_lattice,No
9,Day 9,Tray 7,7,DJI_20260627101933_0007,39,4,9,1168.926,442.39,1116.562,390.026,1221.29,494.754,104.728,0.0034,ms_nir_circle_supported_lattice,No
9,Day 9,Tray 7,7,DJI_20260627101933_0007,40,4,10,1304.953,442.395,1252.589,390.031,1357.317,494.759,104.728,0.0238,ms_nir_circle_supported_lattice,No
9,Day 9,Tray 7,7,DJI_20260627101933_0007,41,5,1,80.55,558.712,28.186,506.348,132.914,611.076,104.728,0.0155,ms_nir_circle_supported_lattice,No
9,Day 9,Tray 7,7,DJI_20260627101933_0007,42,5,2,216.578,558.718,164.214,506.354,268.942,611.082,104.728,0.0044,ms_nir_circle_supported_lattice,No
9,Day 9,Tray 7,7,DJI_20260627101933_0007,43,5,3,352.606,558.723,300.242,506.359,404.97,611.087,104.728,0.0115,ms_nir_circle_supported_lattice,No
9,Day 9,Tray 7,7,DJI_20260627101933_0007,44,5,4,488.633,558.728,436.269,506.364,540.997,611.092,104.728,0.0231,ms_nir_circle_supported_lattice,No
9,Day 9,Tray 7,7,DJI_20260627101933_0007,45,5,5,624.661,558.733,572.297,506.369,677.025,611.097,104.728,0.0037,ms_nir_circle_supported_lattice,No
9,Day 9,Tray 7,7,DJI_20260627101933_0007,46,5,6,760.689,558.738,708.325,506.374,813.053,611.102,104.728,0.0124,ms_nir_circle_supported_lattice,No
9,Day 9,Tray 7,7,DJI_20260627101933_0007,47,5,7,896.717,558.744,844.353,506.38,949.081,611.107,104.728,0.0065,ms_nir_circle_supported_lattice,No
9,Day 9,Tray 7,7,DJI_20260627101933_0007,48,5,8,1032.744,558.749,980.38,506.385,1085.108,611.113,104.728,0.0151,ms_nir_circle_supported_lattice,No
9,Day 9,Tray 7,7,DJI_20260627101933_0007,49,5,9,1168.772,558.754,1116.408,506.39,1221.136,611.118,104.728,0.007,ms_nir_circle_supported_lattice,No
9,Day 9,Tray 7,7,DJI_20260627101933_0007,50,5,10,1304.8,558.759,1252.436,506.395,1357.164,611.123,104.728,0.0188,ms_nir_circle_supported_lattice,No
9,Day 9,Tray 7,7,DJI_20260627101933_0007,51,6,1,80.397,675.077,28.033,622.713,132.761,727.441,104.728,0.079,ms_nir_circle_supported_lattice,No
9,Day 9,Tray 7,7,DJI_20260627101933_0007,52,6,2,216.424,675.082,164.06,622.718,268.788,727.446,104.728,0.0213,ms_nir_circle_supported_lattice,No
9,Day 9,Tray 7,7,DJI_20260627101933_0007,53,6,3,352.452,675.087,300.088,622.723,404.816,727.451,104.728,0.004,ms_nir_circle_supported_lattice,No
9,Day 9,Tray 7,7,DJI_20260627101933_0007,54,6,4,488.48,675.092,436.116,622.728,540.844,727.456,104.728,0.009,ms_nir_circle_supported_lattice,No
9,Day 9,Tray 7,7,DJI_20260627101933_0007,55,6,5,624.508,675.097,572.144,622.733,676.872,727.461,104.728,0.0088,ms_nir_circle_supported_lattice,No
9,Day 9,Tray 7,7,DJI_20260627101933_0007,56,6,6,760.535,675.103,708.171,622.739,812.899,727.467,104.728,0.0087,ms_nir_circle_supported_lattice,No
9,Day 9,Tray 7,7,DJI_20260627101933_0007,57,6,7,896.563,675.108,844.199,622.744,948.927,727.472,104.728,0.0107,ms_nir_circle_supported_lattice,No
9,Day 9,Tray 7,7,DJI_20260627101933_0007,58,6,8,1032.591,675.113,980.227,622.749,1084.955,727.477,104.728,0.0137,ms_nir_circle_supported_lattice,No
9,Day 9,Tray 7,7,DJI_20260627101933_0007,59,6,9,1168.618,675.118,1116.254,622.754,1220.982,727.482,104.728,0.011,ms_nir_circle_supported_lattice,No
9,Day 9,Tray 7,7,DJI_20260627101933_0007,60,6,10,1304.646,675.123,1252.282,622.759,1357.01,727.487,104.728,0.0473,ms_nir_circle_supported_lattice,No
9,Day 9,Tray 7,7,DJI_20260627101933_0007,61,7,1,80.243,791.441,27.879,739.077,132.607,843.805,104.728,0.0309,ms_nir_circle_supported_lattice,No
9,Day 9,Tray 7,7,DJI_20260627101933_0007,62,7,2,216.271,791.446,163.907,739.082,268.635,843.81,104.728,0.0932,ms_nir_circle_supported_lattice,No
9,Day 9,Tray 7,7,DJI_20260627101933_0007,63,7,3,352.299,791.451,299.935,739.087,404.663,843.815,104.728,0.0146,ms_nir_circle_supported_lattice,No
9,Day 9,Tray 7,7,DJI_20260627101933_0007,64,7,4,488.326,791.456,435.962,739.093,540.69,843.82,104.728,0.0149,ms_nir_circle_supported_lattice,No
9,Day 9,Tray 7,7,DJI_20260627101933_0007,65,7,5,624.354,791.462,571.99,739.098,676.718,843.826,104.728,0.0143,ms_nir_circle_supported_lattice,No
9,Day 9,Tray 7,7,DJI_20260627101933_0007,66,7,6,760.382,791.467,708.018,739.103,812.746,843.831,104.728,0.0052,ms_nir_circle_supported_lattice,No
9,Day 9,Tray 7,7,DJI_20260627101933_0007,67,7,7,896.409,791.472,844.045,739.108,948.773,843.836,104.728,0.0143,ms_nir_circle_supported_lattice,No
9,Day 9,Tray 7,7,DJI_20260627101933_0007,68,7,8,1032.437,791.477,980.073,739.113,1084.801,843.841,104.728,0.013,ms_nir_circle_supported_lattice,No
9,Day 9,Tray 7,7,DJI_20260627101933_0007,69,7,9,1168.465,791.482,1116.101,739.118,1220.829,843.846,104.728,0.044,ms_nir_circle_supported_lattice,No
9,Day 9,Tray 7,7,DJI_20260627101933_0007,70,7,10,1304.493,791.488,1252.129,739.124,1356.857,843.852,104.728,0.0251,ms_nir_circle_supported_lattice,No
9,Day 9,Tray 8,8,DJI_20260627102037_0008,1,1,1,72.694,96.407,19.872,43.584,125.517,149.229,105.645,0.0267,ms_nir_circle_supported_lattice,No
9,Day 9,Tray 8,8,DJI_20260627102037_0008,2,1,2,209.138,95.655,156.315,42.833,261.96,148.478,105.645,0.0575,ms_nir_circle_supported_lattice,No
9,Day 9,Tray 8,8,DJI_20260627102037_0008,3,1,3,345.581,94.904,292.759,42.081,398.404,147.726,105.645,0.121,ms_nir_circle_supported_lattice,No
9,Day 9,Tray 8,8,DJI_20260627102037_0008,4,1,4,482.024,94.152,429.202,41.33,534.847,146.975,105.645,0.0258,ms_nir_circle_supported_lattice,No
9,Day 9,Tray 8,8,DJI_20260627102037_0008,5,1,5,618.468,93.401,565.645,40.578,671.29,146.223,105.645,0.0185,ms_nir_circle_supported_lattice,No
9,Day 9,Tray 8,8,DJI_20260627102037_0008,6,1,6,754.911,92.649,702.088,39.827,807.733,145.472,105.645,0.0273,ms_nir_circle_supported_lattice,No
9,Day 9,Tray 8,8,DJI_20260627102037_0008,7,1,7,891.354,91.898,838.532,39.075,944.177,144.72,105.645,0.0213,ms_nir_circle_supported_lattice,No
9,Day 9,Tray 8,8,DJI_20260627102037_0008,8,1,8,1027.798,91.146,974.975,38.324,1080.62,143.969,105.645,0.0562,ms_nir_circle_supported_lattice,No
9,Day 9,Tray 8,8,DJI_20260627102037_0008,9,1,9,1164.241,90.395,1111.418,37.572,1217.063,143.217,105.645,0.0151,ms_nir_circle_supported_lattice,No
9,Day 9,Tray 8,8,DJI_20260627102037_0008,10,1,10,1300.684,89.643,1247.862,36.821,1353.507,142.466,105.645,0.0229,ms_nir_circle_supported_lattice,No
9,Day 9,Tray 8,8,DJI_20260627102037_0008,11,2,1,72.141,213.789,19.318,160.966,124.963,266.612,105.645,0.0287,ms_nir_circle_supported_lattice,No
9,Day 9,Tray 8,8,DJI_20260627102037_0008,12,2,2,208.584,213.037,155.762,160.215,261.407,265.86,105.645,0.0096,ms_nir_circle_supported_lattice,No
9,Day 9,Tray 8,8,DJI_20260627102037_0008,13,2,3,345.027,212.286,292.205,159.463,397.85,265.108,105.645,0.0168,ms_nir_circle_supported_lattice,No
9,Day 9,Tray 8,8,DJI_20260627102037_0008,14,2,4,481.471,211.534,428.648,158.712,534.293,264.357,105.645,0.0064,ms_nir_circle_supported_lattice,No
9,Day 9,Tray 8,8,DJI_20260627102037_0008,15,2,5,617.914,210.783,565.092,157.96,670.737,263.605,105.645,0.0204,ms_nir_circle_supported_lattice,No
9,Day 9,Tray 8,8,DJI_20260627102037_0008,16,2,6,754.357,210.031,701.535,157.209,807.18,262.854,105.645,0.0176,ms_nir_circle_supported_lattice,No
9,Day 9,Tray 8,8,DJI_20260627102037_0008,17,2,7,890.801,209.28,837.978,156.457,943.623,262.102,105.645,0.05,ms_nir_circle_supported_lattice,No
9,Day 9,Tray 8,8,DJI_20260627102037_0008,18,2,8,1027.244,208.528,974.421,155.706,1080.066,261.351,105.645,0.0352,ms_nir_circle_supported_lattice,No
9,Day 9,Tray 8,8,DJI_20260627102037_0008,19,2,9,1163.687,207.777,1110.865,154.954,1216.51,260.599,105.645,0.1001,ms_nir_circle_supported_lattice,No
9,Day 9,Tray 8,8,DJI_20260627102037_0008,20,2,10,1300.131,207.025,1247.308,154.203,1352.953,259.848,105.645,0.0428,ms_nir_circle_supported_lattice,No
9,Day 9,Tray 8,8,DJI_20260627102037_0008,21,3,1,71.587,331.171,18.765,278.349,124.41,383.994,105.645,0.014,ms_nir_circle_supported_lattice,No
9,Day 9,Tray 8,8,DJI_20260627102037_0008,22,3,2,208.031,330.42,155.208,277.597,260.853,383.242,105.645,0.0269,ms_nir_circle_supported_lattice,No
9,Day 9,Tray 8,8,DJI_20260627102037_0008,23,3,3,344.474,329.668,291.651,276.846,397.296,382.491,105.645,0.0122,ms_nir_circle_supported_lattice,No
9,Day 9,Tray 8,8,DJI_20260627102037_0008,24,3,4,480.917,328.917,428.095,276.094,533.74,381.739,105.645,0.0093,ms_nir_circle_supported_lattice,No
9,Day 9,Tray 8,8,DJI_20260627102037_0008,25,3,5,617.36,328.165,564.538,275.342,670.183,380.988,105.645,0.0077,ms_nir_circle_supported_lattice,No
9,Day 9,Tray 8,8,DJI_20260627102037_0008,26,3,6,753.804,327.414,700.981,274.591,806.626,380.236,105.645,0.0162,ms_nir_circle_supported_lattice,No
9,Day 9,Tray 8,8,DJI_20260627102037_0008,27,3,7,890.247,326.662,837.425,273.839,943.07,379.485,105.645,0.0299,ms_nir_circle_supported_lattice,No
9,Day 9,Tray 8,8,DJI_20260627102037_0008,28,3,8,1026.69,325.91,973.868,273.088,1079.513,378.733,105.645,0.0287,ms_nir_circle_supported_lattice,No
9,Day 9,Tray 8,8,DJI_20260627102037_0008,29,3,9,1163.134,325.159,1110.311,272.336,1215.956,377.982,105.645,0.016,ms_nir_circle_supported_lattice,No
9,Day 9,Tray 8,8,DJI_20260627102037_0008,30,3,10,1299.577,324.407,1246.754,271.585,1352.399,377.23,105.645,0.0144,ms_nir_circle_supported_lattice,No
9,Day 9,Tray 8,8,DJI_20260627102037_0008,31,4,1,71.034,448.553,18.211,395.731,123.856,501.376,105.645,0.0047,ms_nir_circle_supported_lattice,No
9,Day 9,Tray 8,8,DJI_20260627102037_0008,32,4,2,207.477,447.802,154.655,394.979,260.3,500.624,105.645,0.0082,ms_nir_circle_supported_lattice,No
9,Day 9,Tray 8,8,DJI_20260627102037_0008,33,4,3,343.92,447.05,291.098,394.228,396.743,499.873,105.645,0.0079,ms_nir_circle_supported_lattice,No
9,Day 9,Tray 8,8,DJI_20260627102037_0008,34,4,4,480.364,446.299,427.541,393.476,533.186,499.121,105.645,0.0715,ms_nir_circle_supported_lattice,No
9,Day 9,Tray 8,8,DJI_20260627102037_0008,35,4,5,616.807,445.547,563.984,392.725,669.629,498.37,105.645,0.0079,ms_nir_circle_supported_lattice,No
9,Day 9,Tray 8,8,DJI_20260627102037_0008,36,4,6,753.25,444.796,700.428,391.973,806.073,497.618,105.645,0.0108,ms_nir_circle_supported_lattice,No
9,Day 9,Tray 8,8,DJI_20260627102037_0008,37,4,7,889.694,444.044,836.871,391.222,942.516,496.867,105.645,0.0101,ms_nir_circle_supported_lattice,No
9,Day 9,Tray 8,8,DJI_20260627102037_0008,38,4,8,1026.137,443.293,973.314,390.47,1078.959,496.115,105.645,0.0147,ms_nir_circle_supported_lattice,No
9,Day 9,Tray 8,8,DJI_20260627102037_0008,39,4,9,1162.58,442.541,1109.758,389.719,1215.403,495.364,105.645,0.0063,ms_nir_circle_supported_lattice,No
9,Day 9,Tray 8,8,DJI_20260627102037_0008,40,4,10,1299.023,441.79,1246.201,388.967,1351.846,494.612,105.645,0.0107,ms_nir_circle_supported_lattice,No
9,Day 9,Tray 8,8,DJI_20260627102037_0008,41,5,1,70.48,565.935,17.658,513.113,123.303,618.758,105.645,0.033,ms_nir_circle_supported_lattice,No
9,Day 9,Tray 8,8,DJI_20260627102037_0008,42,5,2,206.923,565.184,154.101,512.361,259.746,618.006,105.645,0.055,ms_nir_circle_supported_lattice,No
9,Day 9,Tray 8,8,DJI_20260627102037_0008,43,5,3,343.367,564.432,290.544,511.61,396.189,617.255,105.645,0.0185,ms_nir_circle_supported_lattice,No
9,Day 9,Tray 8,8,DJI_20260627102037_0008,44,5,4,479.81,563.681,426.988,510.858,532.633,616.503,105.645,0.0278,ms_nir_circle_supported_lattice,No
9,Day 9,Tray 8,8,DJI_20260627102037_0008,45,5,5,616.253,562.929,563.431,510.107,669.076,615.752,105.645,0.1055,ms_nir_circle_supported_lattice,No
9,Day 9,Tray 8,8,DJI_20260627102037_0008,46,5,6,752.697,562.178,699.874,509.355,805.519,615.0,105.645,0.0356,ms_nir_circle_supported_lattice,No
9,Day 9,Tray 8,8,DJI_20260627102037_0008,47,5,7,889.14,561.426,836.317,508.604,941.962,614.249,105.645,0.0186,ms_nir_circle_supported_lattice,No
9,Day 9,Tray 8,8,DJI_20260627102037_0008,48,5,8,1025.583,560.675,972.761,507.852,1078.406,613.497,105.645,0.0134,ms_nir_circle_supported_lattice,No
9,Day 9,Tray 8,8,DJI_20260627102037_0008,49,5,9,1162.027,559.923,1109.204,507.101,1214.849,612.746,105.645,0.0195,ms_nir_circle_supported_lattice,No
9,Day 9,Tray 8,8,DJI_20260627102037_0008,50,5,10,1298.47,559.172,1245.647,506.349,1351.292,611.994,105.645,0.0245,ms_nir_circle_supported_lattice,No
9,Day 9,Tray 8,8,DJI_20260627102037_0008,51,6,1,69.927,683.318,17.104,630.495,122.749,736.14,105.645,0.0137,ms_nir_circle_supported_lattice,No
9,Day 9,Tray 8,8,DJI_20260627102037_0008,52,6,2,206.37,682.566,153.547,629.743,259.192,735.389,105.645,0.021,ms_nir_circle_supported_lattice,No
9,Day 9,Tray 8,8,DJI_20260627102037_0008,53,6,3,342.813,681.815,289.991,628.992,395.636,734.637,105.645,0.0155,ms_nir_circle_supported_lattice,No
9,Day 9,Tray 8,8,DJI_20260627102037_0008,54,6,4,479.256,681.063,426.434,628.24,532.079,733.886,105.645,0.014,ms_nir_circle_supported_lattice,No
9,Day 9,Tray 8,8,DJI_20260627102037_0008,55,6,5,615.7,680.311,562.877,627.489,668.522,733.134,105.645,0.0065,ms_nir_circle_supported_lattice,No
9,Day 9,Tray 8,8,DJI_20260627102037_0008,56,6,6,752.143,679.56,699.321,626.737,804.966,732.383,105.645,0.023,ms_nir_circle_supported_lattice,No
9,Day 9,Tray 8,8,DJI_20260627102037_0008,57,6,7,888.586,678.808,835.764,625.986,941.409,731.631,105.645,0.0268,ms_nir_circle_supported_lattice,No
9,Day 9,Tray 8,8,DJI_20260627102037_0008,58,6,8,1025.03,678.057,972.207,625.234,1077.852,730.879,105.645,0.0186,ms_nir_circle_supported_lattice,No
9,Day 9,Tray 8,8,DJI_20260627102037_0008,59,6,9,1161.473,677.305,1108.65,624.483,1214.295,730.128,105.645,0.0472,ms_nir_circle_supported_lattice,No
9,Day 9,Tray 8,8,DJI_20260627102037_0008,60,6,10,1297.916,676.554,1245.094,623.731,1350.739,729.376,105.645,0.0221,ms_nir_circle_supported_lattice,No
9,Day 9,Tray 8,8,DJI_20260627102037_0008,61,7,1,69.373,800.7,16.551,747.877,122.196,853.522,105.645,0.0336,ms_nir_circle_supported_lattice,No
9,Day 9,Tray 8,8,DJI_20260627102037_0008,62,7,2,205.816,799.948,152.994,747.126,258.639,852.771,105.645,0.0533,ms_nir_circle_supported_lattice,No
9,Day 9,Tray 8,8,DJI_20260627102037_0008,63,7,3,342.26,799.197,289.437,746.374,395.082,852.019,105.645,0.0286,ms_nir_circle_supported_lattice,No
9,Day 9,Tray 8,8,DJI_20260627102037_0008,64,7,4,478.703,798.445,425.88,745.623,531.525,851.268,105.645,0.0266,ms_nir_circle_supported_lattice,No
9,Day 9,Tray 8,8,DJI_20260627102037_0008,65,7,5,615.146,797.694,562.324,744.871,667.969,850.516,105.645,0.1404,ms_nir_circle_supported_lattice,No
9,Day 9,Tray 8,8,DJI_20260627102037_0008,66,7,6,751.59,796.942,698.767,744.12,804.412,849.765,105.645,0.0282,ms_nir_circle_supported_lattice,No
9,Day 9,Tray 8,8,DJI_20260627102037_0008,67,7,7,888.033,796.191,835.21,743.368,940.855,849.013,105.645,0.0181,ms_nir_circle_supported_lattice,No
9,Day 9,Tray 8,8,DJI_20260627102037_0008,68,7,8,1024.476,795.439,971.654,742.617,1077.299,848.262,105.645,0.0135,ms_nir_circle_supported_lattice,No
9,Day 9,Tray 8,8,DJI_20260627102037_0008,69,7,9,1160.919,794.688,1108.097,741.865,1213.742,847.51,105.645,0.0519,ms_nir_circle_supported_lattice,No
9,Day 9,Tray 8,8,DJI_20260627102037_0008,70,7,10,1297.363,793.936,1244.54,741.113,1350.185,846.759,105.645,0.0161,ms_nir_circle_supported_lattice,No
