day_order,day,calendar_date,days_since_day1,days_since_planting,days_since_previous_photo,tray,tray_no,capture_id,grid_status,cell_id,row,column,x,y,poly_tl_x,poly_tl_y,poly_tr_x,poly_tr_y,poly_br_x,poly_br_y,poly_bl_x,poly_bl_y,coordinate_source,needs_review,ndvi_zone_pixels,ndvi_valid_pixels,ndvi_valid_fraction,ndvi_mean,ndvi_median,ndvi_std,ndvi_p10,ndvi_p90,ndvi_positive_fraction,ndre_zone_pixels,ndre_valid_pixels,ndre_valid_fraction,ndre_mean,ndre_median,ndre_std,ndre_p10,ndre_p90,ndre_positive_fraction,microbe_status,treatment,fixed_environment,observed_environment,environment_group,heat_phase,moisture_phase,moisture_watered_today,microbe_treatment,treatment_environment,microbe_environment,observed_ndvi_mean,observed_ndre_mean,adjusted_ndvi_mean,adjusted_ndre_mean,day7_imputed,bug_flag_source,imputation_method,ndvi_prior_slope_per_day,ndre_prior_slope_per_day,ndvi_adjustment_difference,ndre_adjustment_difference
7,Day 7,2026-07-07,8,10,3,Tray 1,1,DJI_20260707125025_0001,PASS_AUTO,1,1,1,67.52476932671757,78.29108597870055,6.944104264357015,25.55407169141264,128.88732055090296,26.03064836578812,128.16812653036808,131.0496547268027,6.287366933267642,130.59327379182943,projection_regular_lattice,No,13038,13038,1.0,0.3101431429386139,0.268037736415863,0.2161430418491363,0.0393207520246505,0.575376033782959,0.9252185918085596,13038,13038,1.0,-0.0701933205127716,-0.1236109212040901,0.2170481234788894,-0.3461695909500122,0.2285289168357849,0.3762847062432888,No Microbes,Ideal,Inside,Inside,Inside,Not Heat,Not Moisture,Daily watering,No Microbes | Ideal,Ideal | Inside,No Microbes | Inside,0.3101431429386139,-0.0701933205127716,0.2968725115060807,-0.11713784001767624,Yes,Script 05 possible_day7_bug_eaten_cells.csv,NDVI: Linear projection from the latest valid multispectral trend; NDRE: Linear projection from the latest valid multispectral trend,-0.0050052553415298115,-0.012739622965455048,-0.013270631432533209,-0.046944519504904636
7,Day 7,2026-07-07,8,10,3,Tray 1,1,DJI_20260707125025_0001,PASS_AUTO,2,1,2,203.0425487324129,78.79378450758446,142.4425683075528,26.08204020419885,264.49381164070394,26.53051662121665,263.70522129856295,131.5270832717843,141.71643465485732,131.09880259416877,projection_regular_lattice,No,13038,13038,1.0,0.3292519748210907,0.3885256648063659,0.2158714234828949,0.0420143380761146,0.5707857012748718,0.9202331645957968,13038,13038,1.0,-0.0521510243415832,-0.0753592848777771,0.2140799164772033,-0.3568466603755951,0.2398350238800048,0.3839545942629238,No Microbes,Ideal,Inside,Inside,Inside,Not Heat,Not Moisture,Daily watering,No Microbes | Ideal,Ideal | Inside,No Microbes | Inside,0.3292519748210907,-0.0521510243415832,0.27542538940906525,-0.134360069001559,Yes,Script 05 possible_day7_bug_eaten_cells.csv,NDVI: Linear projection from the latest valid multispectral trend; NDRE: Linear projection from the latest valid multispectral trend,-0.01959647238254545,-0.026933605957310598,-0.05382658541202545,-0.0822090446599758
7,Day 7,2026-07-07,8,10,3,Tray 1,1,DJI_20260707125025_0001,PASS_AUTO,3,1,3,338.6803581898918,79.2652605282932,278.0610624025322,26.57878620880988,400.22033278228855,26.99916236847,399.3623461185414,131.97328930859075,277.26553242823053,131.57310888833285,projection_regular_lattice,No,13038,13038,1.0,0.2939838767051697,0.2504714429378509,0.2210218161344528,0.066188059747219,0.5606737732887268,0.925985580610523,13038,13038,1.0,-0.0485802106559276,-0.0804749354720115,0.2177885472774505,-0.3610128164291382,0.2251313328742981,0.3492100015339776,No Microbes,Ideal,Inside,Inside,Inside,Not Heat,Not Moisture,Daily watering,No Microbes | Ideal,Ideal | Inside,No Microbes | Inside,0.2939838767051697,-0.0485802106559276,0.259331911802292,-0.05892864800989622,Yes,Script 05 possible_day7_bug_eaten_cells.csv,NDVI: Linear projection from the latest valid multispectral trend; NDRE: Linear projection from the latest valid multispectral trend,-0.011167615652084309,-0.0033147875219583425,-0.0346519649028777,-0.01034843735396862
7,Day 7,2026-07-07,8,10,3,Tray 1,1,DJI_20260707125025_0001,PASS_AUTO,4,1,4,474.4381976991544,79.70551404082671,413.79958654929504,27.04430970524569,536.0668839756568,27.43658560754813,535.1395009903035,132.388272837222,412.93466025338734,132.01619267432176,projection_regular_lattice,No,13038,13038,1.0,0.305216372013092,0.2993293404579162,0.2238952666521072,0.0426296554505825,0.5749769806861877,0.9213836477987422,13038,13038,1.0,-0.0402000807225704,-0.0662674158811569,0.2249431610107422,-0.3358106911182403,0.2579266130924225,0.3795060592115355,No Microbes,Ideal,Inside,Inside,Inside,Not Heat,Not Moisture,Daily watering,No Microbes | Ideal,Ideal | Inside,No Microbes | Inside,0.305216372013092,-0.0402000807225704,0.26618379354476956,-0.07017622794955958,Yes,Script 05 possible_day7_bug_eaten_cells.csv,NDVI: Linear projection from the latest valid multispectral trend; NDRE: Linear projection from the latest valid multispectral trend,-0.013255983591079622,-0.00978566054254769,-0.03903257846832242,-0.02997614722698918
7,Day 7,2026-07-07,8,10,3,Tray 1,1,DJI_20260707125025_0001,PASS_AUTO,5,1,5,610.3160672602005,80.11454504518504,549.6581407478416,27.478610693506305,672.0334652208086,27.84278633845107,671.0366859138493,132.772033857678,548.7238181303278,132.42805395213546,projection_regular_lattice,No,13039,13039,1.0,0.3072659373283386,0.2945484220981598,0.2217232435941696,0.0434690341353416,0.5840899348258972,0.9256077920085896,13039,13039,1.0,-0.0446433201432228,-0.0628082007169723,0.2189783751964569,-0.3508757352828979,0.2473562061786651,0.364291740164123,No Microbes,Ideal,Inside,Inside,Inside,Not Heat,Not Moisture,Daily watering,No Microbes | Ideal,Ideal | Inside,No Microbes | Inside,0.3072659373283386,-0.0446433201432228,0.25617279112339025,-0.10020931623876084,Yes,Script 05 possible_day7_bug_eaten_cells.csv,NDVI: Linear projection from the latest valid multispectral trend; NDRE: Linear projection from the latest valid multispectral trend,-0.013261720538139319,-0.011485146358609184,-0.05109314620494837,-0.055565996095538035
7,Day 7,2026-07-07,8,10,3,Tray 1,1,DJI_20260707125025_0001,PASS_AUTO,6,1,6,746.3139668730302,80.49235354136816,685.6367249981719,27.88168917359173,808.120076517744,28.21776456117881,807.0539008891784,133.12457236995886,684.6330060590518,132.80869272177398,projection_regular_lattice,No,13038,13038,1.0,0.3302371799945831,0.3765522241592407,0.2112440019845962,0.0590850114822387,0.5779494643211365,0.9261389783709156,13038,13038,1.0,-0.0355402715504169,-0.0528345555067062,0.2103819847106933,-0.3254840970039367,0.2553037703037262,0.391471084522166,No Microbes,Ideal,Inside,Inside,Inside,Not Heat,Not Moisture,Daily watering,No Microbes | Ideal,Ideal | Inside,No Microbes | Inside,0.3302371799945831,-0.0355402715504169,0.3081714808940888,-0.08065913803875448,Yes,Script 05 possible_day7_bug_eaten_cells.csv,NDVI: Linear projection from the latest valid multispectral trend; NDRE: Linear projection from the latest valid multispectral trend,-0.005008667707443195,-0.009448500350117694,-0.022065699100494274,-0.04511886648833758
7,Day 7,2026-07-07,8,10,3,Tray 1,1,DJI_20260707125025_0001,PASS_AUTO,7,1,7,882.4318965376435,80.8389395293761,821.7353393002855,28.253545145501946,944.3267178664628,28.56152027573136,943.1911459162912,133.44588837406445,820.6622240395594,133.1581089832373,projection_regular_lattice,No,12977,12977,1.0,0.3382781147956848,0.3880434930324554,0.2093760073184967,0.0934988930821418,0.5751001238822937,0.9448254604299916,12977,12977,1.0,-0.0280058141797781,-0.0462999604642391,0.2232721298933029,-0.3371866047382355,0.2419635206460952,0.411959620867689,No Microbes,Ideal,Inside,Inside,Inside,Not Heat,Not Moisture,Daily watering,No Microbes | Ideal,Ideal | Inside,No Microbes | Inside,0.3382781147956848,-0.0280058141797781,0.3212053924798965,-0.07623968459665786,Yes,Script 05 possible_day7_bug_eaten_cells.csv,NDVI: Linear projection from the latest valid multispectral trend; NDRE: Linear projection from the latest valid multispectral trend,-0.0039047151803970346,-0.010823564603924791,-0.017072722315788325,-0.048233870416879765
7,Day 7,2026-07-07,8,10,3,Tray 1,1,DJI_20260707125025_0001,PASS_AUTO,8,1,8,1018.6698562540404,81.15430300920882,957.9539836541828,28.594178609236977,1080.6533892669656,28.874053482108707,1079.4484209951877,133.7359818699949,956.8114720718506,133.47630273652538,projection_regular_lattice,No,13030,13030,1.0,0.3177001476287842,0.3375601172447204,0.1987489014863968,0.087658554315567,0.5581597089767456,0.9448196469685342,13030,13030,1.0,-0.0474257655441761,-0.0680433958768844,0.2097352296113968,-0.3364885449409485,0.2200057506561279,0.3680736761320031,No Microbes,Ideal,Inside,Inside,Inside,Not Heat,Not Moisture,Daily watering,No Microbes | Ideal,Ideal | Inside,No Microbes | Inside,0.3177001476287842,-0.0474257655441761,0.2970587462186815,-0.08540850505232819,Yes,Script 05 possible_day7_bug_eaten_cells.csv,NDVI: Linear projection from the latest valid multispectral trend; NDRE: Linear projection from the latest valid multispectral trend,-0.004635289311408949,-0.008951425552368199,-0.020641401410102678,-0.03798273950815209
7,Day 7,2026-07-07,8,10,3,Tray 1,1,DJI_20260707125025_0001,PASS_AUTO,9,1,9,1155.027846022221,81.43844398086634,1094.2926580598637,28.9035895647968,1217.1000907192515,29.155364180310848,1215.8257261258675,133.99485285775015,1093.0807501559252,133.76327398163832,projection_regular_lattice,No,13144,13144,1.0,0.3242031037807464,0.358826220035553,0.1931669861078262,0.1020545437932014,0.54472416639328,0.9612751065124772,13144,13144,1.0,-0.0534238629043102,-0.075650118291378,0.1911118179559707,-0.3063856363296509,0.186471477150917,0.3824558734023128,No Microbes,Ideal,Inside,Inside,Inside,Not Heat,Not Moisture,Daily watering,No Microbes | Ideal,Ideal | Inside,No Microbes | Inside,0.3242031037807464,-0.0534238629043102,0.31743344664573675,-0.07382279448211188,Yes,Script 05 possible_day7_bug_eaten_cells.csv,NDVI: Linear projection from the latest valid multispectral trend; NDRE: Linear projection from the latest valid multispectral trend,-0.00413170456886288,-0.008112983778119089,-0.006769657135009655,-0.020398931577801677
7,Day 7,2026-07-07,8,10,3,Tray 1,1,DJI_20260707125025_0001,PASS_AUTO,10,1,10,1291.5058658421851,81.69136244434868,1230.7513625173283,29.181778012181432,1353.666822223321,29.405452370337805,1352.3230613083313,134.2225013373302,1229.4700582917842,134.01902271857602,projection_regular_lattice,No,13144,13144,1.0,0.3088408410549164,0.3067407011985779,0.1979076713323593,0.0777228251099586,0.5505502820014954,0.9370815581253804,13144,13144,1.0,-0.0605467110872268,-0.092446394264698,0.2214943319559097,-0.3566135466098785,0.2278820723295211,0.3924223980523433,No Microbes,Ideal,Inside,Inside,Inside,Not Heat,Not Moisture,Daily watering,No Microbes | Ideal,Ideal | Inside,No Microbes | Inside,0.3088408410549164,-0.0605467110872268,0.3233612477779388,-0.054809857159852995,Yes,Script 05 possible_day7_bug_eaten_cells.csv,NDVI: Linear projection from the latest valid multispectral trend; NDRE: Linear projection from the latest valid multispectral trend,0.009805828332901003,0.007667396217584601,0.014520406723022405,0.005736853927373803
7,Day 7,2026-07-07,8,10,3,Tray 1,1,DJI_20260707125025_0001,PASS_AUTO,11,2,1,66.93225042896708,195.0838558360904,6.231584859572901,142.27367276309076,128.1054048245127,142.72780972701935,127.69560813965116,247.91559336990423,5.884244864156868,247.4816521453779,projection_regular_lattice,No,13038,13038,1.0,0.3168726563453674,0.3102084696292877,0.2240725010633468,0.0493840165436267,0.5773026347160339,0.924835097407578,13038,13038,1.0,-0.0542443692684173,-0.0831332504749298,0.2257115691900253,-0.3480680584907532,0.2445249557495117,0.3959196195735542,No Microbes,Ideal,Inside,Inside,Inside,Not Heat,Not Moisture,Daily watering,No Microbes | Ideal,Ideal | Inside,No Microbes | Inside,0.3168726563453674,-0.0542443692684173,0.2906598150730133,-0.07522462308406835,Yes,Script 05 possible_day7_bug_eaten_cells.csv,NDVI: Linear projection from the latest valid multispectral trend; NDRE: Linear projection from the latest valid multispectral trend,-0.007745414972305297,-0.006967153400182749,-0.02621284127235407,-0.02098025381565105
7,Day 7,2026-07-07,8,10,3,Tray 1,1,DJI_20260707125025_0001,PASS_AUTO,12,2,2,202.3729228106556,195.56162135336663,141.65294187876188,142.7767082642693,263.6347888903069,143.2027449708402,263.1555958838393,248.3680889032782,141.23620556173972,247.96224793610952,projection_regular_lattice,No,13038,13038,1.0,0.3210931718349457,0.3676890134811401,0.2287981361150741,0.0111029129475355,0.5796355605125427,0.9075778493633992,13038,13038,1.0,-0.0509780906140804,-0.0889661908149719,0.2271434813737869,-0.3566708564758301,0.262186199426651,0.393005062126093,No Microbes,Ideal,Inside,Inside,Inside,Not Heat,Not Moisture,Daily watering,No Microbes | Ideal,Ideal | Inside,No Microbes | Inside,0.3210931718349457,-0.0509780906140804,0.2511340975761416,-0.12572541460394854,Yes,Script 05 possible_day7_bug_eaten_cells.csv,NDVI: Linear projection from the latest valid multispectral trend; NDRE: Linear projection from the latest valid multispectral trend,-0.01939052343368521,-0.02068355306982994,-0.0699590742588041,-0.07474732398986814
7,Day 7,2026-07-07,8,10,3,Tray 1,1,DJI_20260707125025_0001,PASS_AUTO,13,2,3,337.9336252441277,196.00816436246765,277.1943289497344,143.24852125727264,399.2842030078848,143.64645770648585,398.7356136798109,248.7893619284769,276.7081963111062,248.411621218666,projection_regular_lattice,No,13038,13038,1.0,0.3121539950370788,0.2981687784194946,0.2320655137300491,0.0190976466983556,0.5867197513580322,0.912103083294984,13038,13038,1.0,-0.0506730787456035,-0.0809027329087257,0.2329349666833877,-0.3488692343235016,0.2622759938240051,0.3641662831722657,No Microbes,Ideal,Inside,Inside,Inside,Not Heat,Not Moisture,Daily watering,No Microbes | Ideal,Ideal | Inside,No Microbes | Inside,0.3121539950370788,-0.0506730787456035,0.25461001694202434,-0.13065058365464216,Yes,Script 05 possible_day7_bug_eaten_cells.csv,NDVI: Linear projection from the latest valid multispectral trend; NDRE: Linear projection from the latest valid multispectral trend,-0.015052601695060699,-0.01927968487143519,-0.05754397809505446,-0.07997750490903865
7,Day 7,2026-07-07,8,10,3,Tray 1,1,DJI_20260707125025_0001,PASS_AUTO,14,2,4,473.6143577293834,196.42348486339355,412.85574607249055,143.6891117421008,535.0536471772461,144.05894793395632,534.4356615275663,249.17941244550047,412.3002171122562,248.8297719930472,projection_regular_lattice,No,13038,13038,1.0,0.3174377083778381,0.3330143988132477,0.2198900431394577,0.0443941093981266,0.5797075033187866,0.9216137444393312,13038,13038,1.0,-0.039163127541542,-0.0578696653246879,0.2103967815637588,-0.3332899212837219,0.2430189847946167,0.3619420156465716,No Microbes,Ideal,Inside,Inside,Inside,Not Heat,Not Moisture,Daily watering,No Microbes | Ideal,Ideal | Inside,No Microbes | Inside,0.3174377083778381,-0.039163127541542,0.2787384688854218,-0.11305628716945651,Yes,Script 05 possible_day7_bug_eaten_cells.csv,NDVI: Linear projection from the latest valid multispectral trend; NDRE: Linear projection from the latest valid multispectral trend,-0.011890441179275487,-0.016068272292614,-0.03869923949241627,-0.07389315962791451
7,Day 7,2026-07-07,8,10,3,Tray 1,1,DJI_20260707125025_0001,PASS_AUTO,15,2,5,609.4151202664228,196.80758285614417,548.6371932470304,144.09847971875374,670.9431213983912,144.44021565325158,670.2557394271051,249.53824045434885,548.0122679651898,249.21670025925323,projection_regular_lattice,No,13099,13099,1.0,0.3128893077373504,0.3497046828269958,0.2283951044082641,0.0764807686209678,0.5740320682525635,0.9248034201084052,13099,13099,1.0,-0.0326138213276863,-0.0394912995398044,0.20168536901474,-0.332382321357727,0.2145018875598907,0.3900297732651347,No Microbes,Ideal,Inside,Inside,Inside,Not Heat,Not Moisture,Daily watering,No Microbes | Ideal,Ideal | Inside,No Microbes | Inside,0.3128893077373504,-0.0326138213276863,0.2597258388996126,-0.08628980908542877,Yes,Script 05 possible_day7_bug_eaten_cells.csv,NDVI: Linear projection from the latest valid multispectral trend; NDRE: Linear projection from the latest valid multispectral trend,-0.01767084002494806,-0.014984517358243488,-0.053163468837737815,-0.05367598775774247
7,Day 7,2026-07-07,8,10,3,Tray 1,1,DJI_20260707125025_0001,PASS_AUTO,16,2,6,745.3359128552456,197.16045834071963,684.5386704733537,144.47662518723146,806.9526256713198,144.79026086437165,806.1958473784276,249.865845955022,683.8443488699071,249.57240601728404,projection_regular_lattice,No,13101,13101,1.0,0.2974780797958374,0.2699509263038635,0.2283386439085006,0.0414012745022773,0.5717592835426331,0.9218380276314784,13101,13101,1.0,-0.0312207713723182,-0.048252910375595,0.2268479764461517,-0.3592278659343719,0.2504779994487762,0.3755438516143806,No Microbes,Ideal,Inside,Inside,Inside,Not Heat,Not Moisture,Daily watering,No Microbes | Ideal,Ideal | Inside,No Microbes | Inside,0.2974780797958374,-0.0312207713723182,0.25719182193279266,-0.05440697632729992,Yes,Script 05 possible_day7_bug_eaten_cells.csv,NDVI: Linear projection from the latest valid multispectral trend; NDRE: Linear projection from the latest valid multispectral trend,-0.010069027543067904,-0.0031326320022344403,-0.04028625786304474,-0.02318620495498172
7,Day 7,2026-07-07,8,10,3,Tray 1,1,DJI_20260707125025_0001,PASS_AUTO,18,2,8,1017.5375881882424,197.7725417853449,956.7017150813512,145.13924859966136,1079.3317243725278,145.39668376208618,1078.4361534364234,250.4273894318427,955.8686008346924,250.19015000882013,projection_regular_lattice,No,13038,13038,1.0,0.3271237313747406,0.3656252026557922,0.2041876465082168,0.0853077620267868,0.5638258457183838,0.9399447768062588,13038,13038,1.0,-0.0361953862011432,-0.0465116277337074,0.2155198156833648,-0.3602391481399536,0.237259104847908,0.4035895075931891,No Microbes,Ideal,Inside,Inside,Inside,Not Heat,Not Moisture,Daily watering,No Microbes | Ideal,Ideal | Inside,No Microbes | Inside,0.3271237313747406,-0.0361953862011432,0.2579004168510441,-0.138389241416007,Yes,Script 05 possible_day7_bug_eaten_cells.csv,NDVI: Linear projection from the latest valid multispectral trend; NDRE: Linear projection from the latest valid multispectral trend,-0.022498786449432245,-0.029650957789271994,-0.06922331452369651,-0.1021938552148638
7,Day 7,2026-07-07,8,10,3,Tray 1,1,DJI_20260707125025_0001,PASS_AUTO,20,2,10,1290.2193837283733,198.2597351972694,1229.344879896483,145.67698197939046,1352.1909432808698,145.8782166270999,1351.1565797015533,250.8640428759626,1228.3729730066125,250.68300396765537,projection_regular_lattice,No,13144,13144,1.0,0.3214084506034851,0.3604735732078552,0.1973584443330764,0.0911640301346778,0.5438083410263062,0.9411138161898964,13144,13144,1.0,-0.0626606196165084,-0.061080664396286,0.2038285583257675,-0.3497033715248108,0.1936054974794387,0.4025410833840535,No Microbes,Ideal,Inside,Inside,Inside,Not Heat,Not Moisture,Daily watering,No Microbes | Ideal,Ideal | Inside,No Microbes | Inside,0.3214084506034851,-0.0626606196165084,0.3336627483367921,-0.052568633109331096,Yes,Script 05 possible_day7_bug_eaten_cells.csv,NDVI: Linear projection from the latest valid multispectral trend; NDRE: Linear projection from the latest valid multispectral trend,0.007066279649734541,0.0029006116092204996,0.012254297733306996,0.010091986507177304
7,Day 7,2026-07-07,8,10,3,Tray 1,1,DJI_20260707125025_0001,PASS_AUTO,21,3,1,66.68350634863138,312.06415600666946,5.862840272203611,259.18080414795816,127.66726391553732,259.6125014014398,127.56686456634912,364.9690623261951,5.824897612460924,364.5575608121157,projection_regular_lattice,No,13100,13100,1.0,0.299173891544342,0.2545984089374542,0.2197362184524536,0.0103699155151844,0.583755612373352,0.90793893129771,13100,13100,1.0,-0.0699881464242935,-0.1108326017856597,0.2269398719072342,-0.3736706674098968,0.2542583048343658,0.357175572519084,No Microbes,Ideal,Inside,Inside,Inside,Not Heat,Not Moisture,Daily watering,No Microbes | Ideal,Ideal | Inside,No Microbes | Inside,0.299173891544342,-0.0699881464242935,0.2746072858572005,-0.10422872751951225,Yes,Script 05 possible_day7_bug_eaten_cells.csv,NDVI: Linear projection from the latest valid multispectral trend; NDRE: Linear projection from the latest valid multispectral trend,-0.007027581334114084,-0.009279474616050748,-0.024566605687141474,-0.03424058109521874
7,Day 7,2026-07-07,8,10,3,Tray 1,1,DJI_20260707125025_0001,PASS_AUTO,22,3,2,202.04707170631312,312.51698851233806,141.20709026738578,259.658906637529,263.1195409573247,260.06250363365297,262.9497452865304,365.3966248479613,141.099751286037,365.0132235912396,projection_regular_lattice,No,13038,13038,1.0,0.3051382601261139,0.2964856624603271,0.2338264137506485,0.0056679216213524,0.5819562077522278,0.9032827120724036,13038,13038,1.0,-0.0532534122467041,-0.0947734266519546,0.2460614442825317,-0.3652592599391937,0.2926451563835144,0.3742138364779874,No Microbes,Ideal,Inside,Inside,Inside,Not Heat,Not Moisture,Daily watering,No Microbes | Ideal,Ideal | Inside,No Microbes | Inside,0.3051382601261139,-0.0532534122467041,0.2536715418100357,-0.138500215485692,Yes,Script 05 possible_day7_bug_eaten_cells.csv,NDVI: Linear projection from the latest valid multispectral trend; NDRE: Linear projection from the latest valid multispectral trend,-0.014090016484260568,-0.020565344020724297,-0.051466718316078186,-0.0852468032389879
7,Day 7,2026-07-07,8,10,3,Tray 1,1,DJI_20260707125025_0001,PASS_AUTO,23,3,3,337.53066711577844,312.9385985098314,276.6713703143516,260.10578661892464,398.6918480508957,260.4812833576909,398.4526560584953,365.7929648615524,276.4946350113966,365.43766386218834,projection_regular_lattice,No,13099,13099,1.0,0.3179030418395996,0.3457400500774383,0.2369669824838638,0.0096533801406621,0.5929153561592102,0.9035804259867164,13099,13099,1.0,-0.0337398685514926,-0.0596863925457,0.2345260828733444,-0.3797634840011596,0.2938197553157806,0.3837697534162913,No Microbes,Ideal,Inside,Inside,Inside,Not Heat,Not Moisture,Daily watering,No Microbes | Ideal,Ideal | Inside,No Microbes | Inside,0.3179030418395996,-0.0337398685514926,0.24179875850677524,-0.09631481813266876,Yes,Script 05 possible_day7_bug_eaten_cells.csv,NDVI: Linear projection from the latest valid multispectral trend; NDRE: Linear projection from the latest valid multispectral trend,-0.022260725498199355,-0.01758634438738229,-0.07610428333282437,-0.06257494958117615
7,Day 7,2026-07-07,8,10,3,Tray 1,1,DJI_20260707125025_0001,PASS_AUTO,24,3,4,473.1342925770274,313.3289859991496,412.2556804131009,260.52144409214515,534.3841851962503,260.86884057355377,534.0755968822438,366.1580823669682,412.0095487885398,365.8308816249619,projection_regular_lattice,No,13038,13038,1.0,0.3396229445934295,0.4151027202606201,0.2348360419273376,0.0415728688240051,0.5883638262748718,0.9121797821751804,13038,13038,1.0,-0.0276611354202032,-0.0412561222910881,0.2244881242513656,-0.388606309890747,0.2408817410469055,0.4154778340236232,No Microbes,Ideal,Inside,Inside,Inside,Not Heat,Not Moisture,Daily watering,No Microbes | Ideal,Ideal | Inside,No Microbes | Inside,0.3396229445934295,-0.0276611354202032,0.2771910279989244,-0.10424409969709791,Yes,Script 05 possible_day7_bug_eaten_cells.csv,NDVI: Linear projection from the latest valid multispectral trend; NDRE: Linear projection from the latest valid multispectral trend,-0.018587723374366684,-0.02178656239993864,-0.06243191659450509,-0.07658296427689472
7,Day 7,2026-07-07,8,10,3,Tray 1,1,DJI_20260707125025_0001,PASS_AUTO,26,3,6,744.701633654876,314.01609345326034,683.7843907659504,261.25909151406046,806.1289496423103,261.5502874807537,805.6815686850915,366.7946498532744,683.3994664981772,366.52364962598335,projection_regular_lattice,No,13154,13154,1.0,0.3220620155334472,0.368083119392395,0.220930203795433,0.0547869503498077,0.5780905485153198,0.9207845522274594,13154,13154,1.0,-0.0326855480670928,-0.0455764085054397,0.2132436037063598,-0.3575335741043091,0.2458826303482055,0.3837615934316558,No Microbes,Ideal,Inside,Inside,Inside,Not Heat,Not Moisture,Daily watering,No Microbes | Ideal,Ideal | Inside,No Microbes | Inside,0.3220620155334472,-0.0326855480670928,0.2735727578401567,-0.0909478357061744,Yes,Script 05 possible_day7_bug_eaten_cells.csv,NDVI: Linear projection from the latest valid multispectral trend; NDRE: Linear projection from the latest valid multispectral trend,-0.014083489775657595,-0.016256545670330535,-0.04848925769329049,-0.0582622876390816
7,Day 7,2026-07-07,8,10,3,Tray 1,1,DJI_20260707125025_0001,PASS_AUTO,27,3,7,880.6653492714757,314.3128134180529,819.7287910200505,261.5810814627553,942.1813769430156,261.8441771720909,941.6645996641907,367.0660998341647,819.2744704306712,366.82319986423136,projection_regular_lattice,No,13091,13091,1.0,0.300331711769104,0.265538603067398,0.2229389995336532,0.0277434177696704,0.5804597735404968,0.9147505920097776,13091,13091,1.0,-0.0426343455910682,-0.050000000745058,0.2223816215991974,-0.3327820003032684,0.2634680271148681,0.3307615919333893,No Microbes,Ideal,Inside,Inside,Inside,Not Heat,Not Moisture,Daily watering,No Microbes | Ideal,Ideal | Inside,No Microbes | Inside,0.300331711769104,-0.0426343455910682,0.24266390502452856,-0.12982999067753553,Yes,Script 05 possible_day7_bug_eaten_cells.csv,NDVI: Linear projection from the latest valid multispectral trend; NDRE: Linear projection from the latest valid multispectral trend,-0.016810074448585476,-0.022146635688841343,-0.057667806744575445,-0.08719564508646734
7,Day 7,2026-07-07,8,10,3,Tray 1,1,DJI_20260707125025_0001,PASS_AUTO,28,3,8,1016.749094939859,314.57831087467025,955.7932213259344,261.8718489032749,1078.3538342955046,262.10684435525286,1077.7676606950736,367.3063273068798,955.2695044149486,367.0915275943041,projection_regular_lattice,No,13091,13091,1.0,0.320484310388565,0.3680250644683838,0.2219569683074951,0.0883527174592018,0.5668912529945374,0.9309449239935834,13091,13091,1.0,-0.030416764318943,-0.0305775757879018,0.2116728127002716,-0.3620488941669464,0.2181877642869949,0.4296081277213353,No Microbes,Ideal,Inside,Inside,Inside,Not Heat,Not Moisture,Daily watering,No Microbes | Ideal,Ideal | Inside,No Microbes | Inside,0.320484310388565,-0.030416764318943,0.2488328963518144,-0.12140908464789366,Yes,Script 05 possible_day7_bug_eaten_cells.csv,NDVI: Linear projection from the latest valid multispectral trend; NDRE: Linear projection from the latest valid multispectral trend,-0.023508325219154295,-0.027283545583486488,-0.0716514140367506,-0.09099232032895066
7,Day 7,2026-07-07,8,10,3,Tray 1,1,DJI_20260707125025_0001,PASS_AUTO,29,3,9,1152.9528706600258,314.8125858231124,1091.9776816836015,262.13139383561946,1214.646321699777,262.3382890302397,1213.99075177774,367.51533227141965,1091.38456845101,367.32863281620166,projection_regular_lattice,No,13206,13206,1.0,0.3172717094421386,0.3436858057975769,0.2255584895610809,0.0734905898571014,0.5717888474464417,0.9270028774799334,13206,13206,1.0,-0.0366495139896869,-0.0571834258735179,0.2364002168178558,-0.3859040737152099,0.2536651492118835,0.3963349992427684,No Microbes,Ideal,Inside,Inside,Inside,Not Heat,Not Moisture,Daily watering,No Microbes | Ideal,Ideal | Inside,No Microbes | Inside,0.3172717094421386,-0.0366495139896869,0.24363440275192283,-0.12666079346672604,Yes,Script 05 possible_day7_bug_eaten_cells.csv,NDVI: Linear projection from the latest valid multispectral trend; NDRE: Linear projection from the latest valid multispectral trend,-0.023456096649169846,-0.02540916061843738,-0.07363730669021579,-0.09001127947703914
7,Day 7,2026-07-07,8,10,3,Tray 1,1,DJI_20260707125025_0001,PASS_AUTO,30,3,10,1289.2766764319765,315.0156382633794,1228.2821720930526,262.3597162597887,1351.058839155833,262.53851119705126,1350.33387291219,367.6931147277843,1227.619662538855,367.534515529924,projection_regular_lattice,No,13153,13153,1.0,0.2907273173332214,0.2320620566606521,0.219753623008728,0.0348544865846633,0.5711191296577454,0.919181935680073,13153,13153,1.0,-0.0608075633645057,-0.0862068980932235,0.2309762984514236,-0.374226450920105,0.2485558092594146,0.3471451379913328,No Microbes,Ideal,Inside,Inside,Inside,Not Heat,Not Moisture,Daily watering,No Microbes | Ideal,Ideal | Inside,No Microbes | Inside,0.2907273173332214,-0.0608075633645057,0.2818384170532229,-0.08058873564004887,Yes,Script 05 possible_day7_bug_eaten_cells.csv,NDVI: Linear projection from the latest valid multispectral trend; NDRE: Linear projection from the latest valid multispectral trend,9.149312973102467e-06,0.0005839541554451067,-0.008888900279998502,-0.01978117227554317
7,Day 7,2026-07-07,8,10,3,Tray 1,1,DJI_20260707125025_0001,PASS_AUTO,32,4,2,202.06499541938547,429.6598859844987,141.10501347342452,376.7286353239779,262.9480678417573,377.1097926096551,263.0876695066364,482.6126911058338,141.30707182774907,482.2517295595589,projection_regular_lattice,No,13099,13099,1.0,0.3215233385562897,0.3990610241889953,0.2459627240896225,-0.0388122871518135,0.5731707811355591,0.8886174517138713,13099,13099,1.0,-0.0502305515110492,-0.0645914375782013,0.2341319620609283,-0.4227839112281799,0.2203968167304992,0.4090388579280861,No Microbes,Ideal,Inside,Inside,Inside,Not Heat,Not Moisture,Daily watering,No Microbes | Ideal,Ideal | Inside,No Microbes | Inside,0.3215233385562897,-0.0502305515110492,0.24396617710590368,-0.13938756333664062,Yes,Script 05 possible_day7_bug_eaten_cells.csv,NDVI: Linear projection from the latest valid multispectral trend; NDRE: Linear projection from the latest valid multispectral trend,-0.022317364811897243,-0.02546677505597474,-0.07755716145038599,-0.08915701182559142
7,Day 7,2026-07-07,8,10,3,Tray 1,1,DJI_20260707125025_0001,PASS_AUTO,33,4,3,337.471483804844,430.0565629703845,276.49218649638345,377.1505822937659,398.4432679113216,377.5036393220853,398.5134732545945,482.9840981078171,276.62484852910194,482.6512368189,projection_regular_lattice,No,13100,13100,1.0,0.2861525416374206,0.2233355641365051,0.2410137802362442,-0.0053958678618073,0.5919678807258606,0.8964885496183206,13100,13100,1.0,-0.0593781396746635,-0.0830468162894249,0.2418376207351684,-0.3787878751754761,0.2793942093849182,0.3449618320610687,No Microbes,Ideal,Inside,Inside,Inside,Not Heat,Not Moisture,Daily watering,No Microbes | Ideal,Ideal | Inside,No Microbes | Inside,0.2861525416374206,-0.0593781396746635,0.2370924204587937,-0.12217402644455416,Yes,Script 05 possible_day7_bug_eaten_cells.csv,NDVI: Linear projection from the latest valid multispectral trend; NDRE: Linear projection from the latest valid multispectral trend,-0.014413371682167036,-0.014709783717989887,-0.0490601211786269,-0.06279588676989066
7,Day 7,2026-07-07,8,10,3,Tray 1,1,DJI_20260707125025_0001,PASS_AUTO,34,4,4,472.99800224208616,430.42201744809495,411.999389571126,377.54130675537874,534.0584980326694,377.8662635263404,534.0593070543362,483.3242826016253,412.0626552822383,483.0195215700659,projection_regular_lattice,No,13038,13038,1.0,0.328617662191391,0.3929945826530456,0.2359082400798797,0.0230882335454225,0.5898231863975525,0.906197269519865,13038,13038,1.0,-0.0335133634507656,-0.0367088615894317,0.2257596850395202,-0.398851603269577,0.2515861690044403,0.4165516183463721,No Microbes,Ideal,Inside,Inside,Inside,Not Heat,Not Moisture,Daily watering,No Microbes | Ideal,Ideal | Inside,No Microbes | Inside,0.328617662191391,-0.0335133634507656,0.25201991200447105,-0.12011522403918186,Yes,Script 05 possible_day7_bug_eaten_cells.csv,NDVI: Linear projection from the latest valid multispectral trend; NDRE: Linear projection from the latest valid multispectral trend,-0.02256760001182549,-0.024493218632414885,-0.07659775018691994,-0.08660186058841626
7,Day 7,2026-07-07,8,10,3,Tray 1,1,DJI_20260707125025_0001,PASS_AUTO,35,4,5,608.6445507311118,430.7562494176302,547.6266226976522,377.9008087088163,669.7937582058007,378.1976652224203,669.7251709058615,483.63324458725833,547.6204920871584,483.35658381305655,projection_regular_lattice,No,13099,13099,1.0,0.2923509180545807,0.2517420053482055,0.2356855571269989,0.0084890453144907,0.5867085456848145,0.9048018932742956,13099,13099,1.0,-0.0343383438885211,-0.0399897806346416,0.2385957539081573,-0.3739305436611175,0.2782246470451355,0.3564394228567066,No Microbes,Ideal,Inside,Inside,Inside,Not Heat,Not Moisture,Daily watering,No Microbes | Ideal,Ideal | Inside,No Microbes | Inside,0.2923509180545807,-0.0343383438885211,0.23009459674358387,-0.08253429085016241,Yes,Script 05 possible_day7_bug_eaten_cells.csv,NDVI: Linear projection from the latest valid multispectral trend; NDRE: Linear projection from the latest valid multispectral trend,-0.01743875443935388,-0.010153729468584036,-0.062256321310996815,-0.04819594696164131
7,Day 7,2026-07-07,8,10,3,Tray 1,1,DJI_20260707125025_0001,PASS_AUTO,36,4,6,744.411129271921,431.0592588789903,683.373885875962,378.2290881540787,805.6490484307157,378.497844410325,805.5110648091703,483.9109840647161,683.298358943862,483.662423547872,projection_regular_lattice,No,13268,13268,1.0,0.3379302322864532,0.4098156094551086,0.2289470732212066,0.0402574948966503,0.5882118940353394,0.9118932770575822,13268,13268,1.0,-0.02104302495718,-0.0303182788193225,0.2163465619087219,-0.3697942793369293,0.2651750743389129,0.4239523665963219,No Microbes,Ideal,Inside,Inside,Inside,Not Heat,Not Moisture,Daily watering,No Microbes | Ideal,Ideal | Inside,No Microbes | Inside,0.3379302322864532,-0.02104302495718,0.26232992112636583,-0.08855733298696564,Yes,Script 05 possible_day7_bug_eaten_cells.csv,NDVI: Linear projection from the latest valid multispectral trend; NDRE: Linear projection from the latest valid multispectral trend,-0.01838485896587366,-0.016544597921892983,-0.07560031116008736,-0.06751430802978564
7,Day 7,2026-07-07,8,10,3,Tray 1,1,DJI_20260707125025_0001,PASS_AUTO,37,4,7,880.297737864514,431.3310458321752,819.2411791060553,378.52614509116586,941.6243687074142,378.76680109005457,941.4169887642628,484.1575010339987,819.0962558523493,483.9370407745123,projection_regular_lattice,No,13091,13091,1.0,0.3247304856777191,0.4029468297958374,0.2463651001453399,0.0169613864272832,0.5858812928199768,0.9046673286991064,13091,13091,1.0,-0.0218168795108795,-0.0222166758030653,0.232880562543869,-0.4053946137428283,0.2606284618377685,0.4605454128790772,No Microbes,Ideal,Inside,Inside,Inside,Not Heat,Not Moisture,Daily watering,No Microbes | Ideal,Ideal | Inside,No Microbes | Inside,0.3247304856777191,-0.0218168795108795,0.26753936707973497,-0.09276715107262132,Yes,Script 05 possible_day7_bug_eaten_cells.csv,NDVI: Linear projection from the latest valid multispectral trend; NDRE: Linear projection from the latest valid multispectral trend,-0.015298113226890507,-0.01689271442592144,-0.05719111859798415,-0.07095027156174182
7,Day 7,2026-07-07,8,10,3,Tray 1,1,DJI_20260707125025_0001,PASS_AUTO,38,4,8,1016.3043765088904,431.5716102771849,955.228502387932,378.79197952007786,1077.7197190358963,379.0045352616089,1077.4429427711389,484.3727954951061,955.01418281262,484.1804354929774,projection_regular_lattice,No,13091,13091,1.0,0.3331059515476227,0.3889875710010528,0.2170664817094802,0.0579621717333793,0.5657657384872437,0.9268199526392178,13091,13091,1.0,-0.0317463018000125,-0.0445096306502819,0.2240551710128784,-0.3710736334323883,0.2491509765386581,0.3921778320983882,No Microbes,Ideal,Inside,Inside,Inside,Not Heat,Not Moisture,Daily watering,No Microbes | Ideal,Ideal | Inside,No Microbes | Inside,0.3331059515476227,-0.0317463018000125,0.2685188353061677,-0.12794325128197637,Yes,Script 05 possible_day7_bug_eaten_cells.csv,NDVI: Linear projection from the latest valid multispectral trend; NDRE: Linear projection from the latest valid multispectral trend,-0.020037829875946,-0.027072064578533093,-0.06458711624145497,-0.09619694948196386
7,Day 7,2026-07-07,8,10,3,Tray 1,1,DJI_20260707125025_0001,PASS_AUTO,39,4,9,1152.4310452050506,431.7809522140194,1091.335855721593,379.0265914408146,1213.935099416162,379.211046924988,1213.5889268297983,484.5568674480383,1091.0521398246742,484.3926077032672,projection_regular_lattice,No,13206,13206,1.0,0.2890281975269317,0.2572125792503357,0.2292298674583435,0.0491736084222793,0.5589730739593506,0.917007420869302,13206,13206,1.0,-0.0483066923916339,-0.0627986788749694,0.2301698178052902,-0.3843935132026672,0.2358737289905548,0.3425715583825534,No Microbes,Ideal,Inside,Inside,Inside,Not Heat,Not Moisture,Daily watering,No Microbes | Ideal,Ideal | Inside,No Microbes | Inside,0.2890281975269317,-0.0483066923916339,0.23824660480022458,-0.08225124701857561,Yes,Script 05 possible_day7_bug_eaten_cells.csv,NDVI: Linear projection from the latest valid multispectral trend; NDRE: Linear projection from the latest valid multispectral trend,-0.015100166201591403,-0.008495394140481938,-0.050781592726707125,-0.033944554626941716
7,Day 7,2026-07-07,8,10,3,Tray 1,1,DJI_20260707125025_0001,PASS_AUTO,40,4,10,1288.6777439529944,431.95907164267874,1227.563239107037,379.2299808533762,1350.2705098482115,379.3863360801919,1349.8549409402417,484.7097168927953,1227.2101268885126,484.5735574053819,projection_regular_lattice,No,13215,13215,1.0,0.2818015813827514,0.2297467291355133,0.2348963320255279,0.0171964764595031,0.5735635161399841,0.907377979568672,13215,13215,1.0,-0.057461779564619,-0.080332413315773,0.2406793534755706,-0.3752415776252746,0.2606931626796722,0.3393113885735906,No Microbes,Ideal,Inside,Inside,Inside,Not Heat,Not Moisture,Daily watering,No Microbes | Ideal,Ideal | Inside,No Microbes | Inside,0.2818015813827514,-0.057461779564619,0.2630486637353898,-0.05232567340135573,Yes,Script 05 possible_day7_bug_eaten_cells.csv,NDVI: Linear projection from the latest valid multispectral trend; NDRE: Linear projection from the latest valid multispectral trend,-0.002992585301399186,0.005624070763587956,-0.01875291764736159,0.005136106163263272
7,Day 7,2026-07-07,8,10,3,Tray 1,1,DJI_20260707125025_0001,PASS_AUTO,41,5,1,67.21734264020452,546.5873472873955,6.156675549709517,493.5576578572607,127.82230654983096,493.94447568984856,128.34070187198947,599.6385911783445,6.73752756131352,599.2719690851588,projection_regular_lattice,No,13046,13046,1.0,0.3069791197776794,0.3398894071578979,0.2389619797468185,-0.0245018415153026,0.5753868818283081,0.8888548214011958,13046,13046,1.0,-0.0561508648097515,-0.0581707805395126,0.2511716485023498,-0.438103586435318,0.2677183151245117,0.427947263529051,No Microbes,Ideal,Inside,Inside,Inside,Not Heat,Not Moisture,Daily watering,No Microbes | Ideal,Ideal | Inside,No Microbes | Inside,0.3069791197776794,-0.0561508648097515,0.2644699662923815,-0.09293547272682175,Yes,Script 05 possible_day7_bug_eaten_cells.csv,NDVI: Linear projection from the latest valid multispectral trend; NDRE: Linear projection from the latest valid multispectral trend,-0.01397977769374839,-0.011287454515695548,-0.04250915348529788,-0.03678460791707025
7,Day 7,2026-07-07,8,10,3,Tray 1,1,DJI_20260707125025_0001,PASS_AUTO,42,5,2,202.42669394987263,546.9903137698487,141.3467114968781,493.9858943236162,263.12036954360474,494.3446118988464,263.5693685441572,600.0162876768956,141.858167186876,599.6777658410675,projection_regular_lattice,No,13161,13161,1.0,0.2974888980388641,0.3384543657302856,0.2424156367778778,-0.0398257635533809,0.5712187886238098,0.8892181445178938,13161,13161,1.0,-0.0544791296124458,-0.075727567076683,0.2351303100585937,-0.4290968477725982,0.2562041282653808,0.3796064128865588,No Microbes,Ideal,Inside,Inside,Inside,Not Heat,Not Moisture,Daily watering,No Microbes | Ideal,Ideal | Inside,No Microbes | Inside,0.2974888980388641,-0.0544791296124458,0.22371694445610057,-0.10648574493825433,Yes,Script 05 possible_day7_bug_eaten_cells.csv,NDVI: Linear projection from the latest valid multispectral trend; NDRE: Linear projection from the latest valid multispectral trend,-0.023106694221496544,-0.017223538830876343,-0.0737719535827635,-0.05200661532580853
7,Day 7,2026-07-07,8,10,3,Tray 1,1,DJI_20260707125025_0001,PASS_AUTO,43,5,3,337.7560753113243,547.3620577441267,276.6567774958302,494.3829082817965,398.5384625891621,494.71352559966897,398.9180652681085,600.3627616672712,277.09883686422205,600.052340088801,projection_regular_lattice,No,13100,13100,1.0,0.3091341257095337,0.3547123074531555,0.2557361423969269,-0.0579826086759567,0.6021649241447449,0.8815267175572519,13100,13100,1.0,-0.0394087694585323,-0.0665799230337143,0.2446832209825515,-0.4154856503009796,0.2829527258872986,0.4189312977099236,No Microbes,Ideal,Inside,Inside,Inside,Not Heat,Not Moisture,Daily watering,No Microbes | Ideal,Ideal | Inside,No Microbes | Inside,0.3091341257095337,-0.0394087694585323,0.21642623841762548,-0.11148274689912804,Yes,Script 05 possible_day7_bug_eaten_cells.csv,NDVI: Linear projection from the latest valid multispectral trend; NDRE: Linear projection from the latest valid multispectral trend,-0.02592779695987698,-0.01817415282130245,-0.09270788729190821,-0.07207397744059574
7,Day 7,2026-07-07,8,10,3,Tray 1,1,DJI_20260707125025_0001,PASS_AUTO,44,5,4,473.2054867245597,547.7025792102295,412.0868735465659,494.7486997318017,534.0765856865031,495.0512167923164,534.3867920438433,600.6780131494718,412.4595365933516,600.3956918283592,projection_regular_lattice,No,13099,13099,1.0,0.2821134626865387,0.2379116415977478,0.2470998018980026,-0.0378158912062644,0.5890638828277588,0.8747232613176579,13099,13099,1.0,-0.0548212751746177,-0.0679358467459678,0.2530635893344879,-0.3846153914928436,0.3059397637844085,0.3423162073440721,No Microbes,Ideal,Inside,Inside,Inside,Not Heat,Not Moisture,Daily watering,No Microbes | Ideal,Ideal | Inside,No Microbes | Inside,0.2821134626865387,-0.0548212751746177,0.19962957501411455,-0.11321597918868068,Yes,Script 05 possible_day7_bug_eaten_cells.csv,NDVI: Linear projection from the latest valid multispectral trend; NDRE: Linear projection from the latest valid multispectral trend,-0.021433979272842355,-0.012439351528882992,-0.08248388767242415,-0.05839470401406298
7,Day 7,2026-07-07,8,10,3,Tray 1,1,DJI_20260707125025_0001,PASS_AUTO,45,5,5,608.7749281895786,548.0118781681571,547.6369996490853,495.0832686736316,669.7347388356278,495.3576854767887,669.9755488713618,600.962042123497,547.9402663742649,600.7078210597422,projection_regular_lattice,No,13161,13161,1.0,0.3228819072246551,0.377483457326889,0.2438866794109344,0.0053780451416969,0.5953963994979858,0.9025909885267076,13161,13161,1.0,-0.0274430830031633,-0.041651576757431,0.2330156862735748,-0.3597811162471771,0.2564935088157654,0.3827976597522984,No Microbes,Ideal,Inside,Inside,Inside,Not Heat,Not Moisture,Daily watering,No Microbes | Ideal,Ideal | Inside,No Microbes | Inside,0.3228819072246551,-0.0274430830031633,0.2624694406986236,-0.09404028113931415,Yes,Script 05 possible_day7_bug_eaten_cells.csv,NDVI: Linear projection from the latest valid multispectral trend; NDRE: Linear projection from the latest valid multispectral trend,-0.014864563941955572,-0.014827405102550985,-0.060412466526031494,-0.06659719813615085
7,Day 7,2026-07-07,8,10,3,Tray 1,1,DJI_20260707125025_0001,PASS_AUTO,46,5,6,744.4643997063811,548.2899546179095,683.3071558033882,495.3866151072862,805.5129220365359,495.6329316530857,805.6843357506638,601.2148485893472,683.5410262069616,600.9887277829499,projection_regular_lattice,No,13153,13153,1.0,0.3319664001464844,0.4186973869800567,0.2491399496793747,-0.0129942987114191,0.5963551998138428,0.8971337337489547,13153,13153,1.0,-0.0183009151369333,-0.0190773494541645,0.2298129796981811,-0.4149965345859527,0.2687132656574249,0.4541169314985174,No Microbes,Ideal,Inside,Inside,Inside,Not Heat,Not Moisture,Daily watering,No Microbes | Ideal,Ideal | Inside,No Microbes | Inside,0.3319664001464844,-0.0183009151369333,0.25992876291275036,-0.07473171310266447,Yes,Script 05 possible_day7_bug_eaten_cells.csv,NDVI: Linear projection from the latest valid multispectral trend; NDRE: Linear projection from the latest valid multispectral trend,-0.019096970558166452,-0.01525346311973399,-0.07203763723373402,-0.056430797965731166
7,Day 7,2026-07-07,8,10,3,Tray 1,1,DJI_20260707125025_0001,PASS_AUTO,47,5,7,880.2739012749672,548.5368085594868,819.0973420094748,495.6587390327657,941.4111352892276,495.8769553212075,941.5131526817494,601.436432547022,819.261816091442,601.2384119979826,projection_regular_lattice,No,13091,13091,1.0,0.3177087306976318,0.3773534893989563,0.2389765530824661,0.0088852988556027,0.5759999752044678,0.9022992895882668,13091,13091,1.0,-0.0327346175909042,-0.0299295783042907,0.2251981645822525,-0.4052848219871521,0.2391618490219116,0.4299136811549919,No Microbes,Ideal,Inside,Inside,Inside,Not Heat,Not Moisture,Daily watering,No Microbes | Ideal,Ideal | Inside,No Microbes | Inside,0.3177087306976318,-0.0327346175909042,0.23777247965335863,-0.09742819285020216,Yes,Script 05 possible_day7_bug_eaten_cells.csv,NDVI: Linear projection from the latest valid multispectral trend; NDRE: Linear projection from the latest valid multispectral trend,-0.02129252254962916,-0.017030902672558985,-0.07993625104427315,-0.06469357525929795
7,Day 7,2026-07-07,8,10,3,Tray 1,1,DJI_20260707125025_0001,PASS_AUTO,48,5,8,1016.2034328953368,548.7524399928888,955.0075582673448,495.89964045007,1077.429378593703,496.08975648115415,1077.4619996646186,601.6267939965218,955.102636027706,601.45687370484,projection_regular_lattice,No,13099,13099,1.0,0.3189172446727752,0.3640856742858886,0.2257315516471862,0.034260407090187,0.5665071606636047,0.913886556225666,13099,13099,1.0,-0.0345357470214366,-0.0414297319948673,0.2258192598819732,-0.3925380110740661,0.2405525296926498,0.389190014504924,No Microbes,Ideal,Inside,Inside,Inside,Not Heat,Not Moisture,Daily watering,No Microbes | Ideal,Ideal | Inside,No Microbes | Inside,0.3189172446727752,-0.0345357470214366,0.3027074933052065,-0.06005084700882429,Yes,Script 05 possible_day7_bug_eaten_cells.csv,NDVI: Linear projection from the latest valid multispectral trend; NDRE: Linear projection from the latest valid multispectral trend,-0.0036477446556090636,-0.0028496216982602978,-0.016209751367568692,-0.025515099987387692
7,Day 7,2026-07-07,8,10,3,Tray 1,1,DJI_20260707125025_0001,PASS_AUTO,49,5,9,1152.2529945674903,548.9368489181155,1091.0378045769985,496.1093193591992,1213.567651949962,496.2713351329256,1213.5308766992714,601.7859329378463,1091.0634860157536,601.6441129035221,projection_regular_lattice,No,13268,13268,1.0,0.3072488009929657,0.3355455994606018,0.2266530394554138,0.0236164834350347,0.5636363625526428,0.9080494422671088,13268,13268,1.0,-0.0378095433115959,-0.0512216351926326,0.2289066016674041,-0.4105125367641449,0.2301056236028671,0.3859662345492915,No Microbes,Ideal,Inside,Inside,Inside,Not Heat,Not Moisture,Daily watering,No Microbes | Ideal,Ideal | Inside,No Microbes | Inside,0.3072488009929657,-0.0378095433115959,0.2767899632453918,-0.05974152497947204,Yes,Script 05 possible_day7_bug_eaten_cells.csv,NDVI: Linear projection from the latest valid multispectral trend; NDRE: Linear projection from the latest valid multispectral trend,-0.008963197469711297,-0.004523830488324147,-0.030458837747573908,-0.02193198166787614
7,Day 7,2026-07-07,8,10,3,Tray 1,1,DJI_20260707125025_0001,PASS_AUTO,50,5,10,1288.4225862914273,549.0900353351672,1227.1880809384363,496.28777576015307,1349.8259553580046,496.4216912765218,1349.719783785708,601.9138493709956,1227.1443660555851,601.8001295940292,projection_regular_lattice,No,13268,13268,1.0,0.2902046740055084,0.2827863991260528,0.2315922975540161,0.0358915142714977,0.5550240874290466,0.9119686463671992,13268,13268,1.0,-0.0485288798809051,-0.0679358467459678,0.2283675968647003,-0.3917446732521057,0.2251910418272018,0.3641845040699427,No Microbes,Ideal,Inside,Inside,Inside,Not Heat,Not Moisture,Daily watering,No Microbes | Ideal,Ideal | Inside,No Microbes | Inside,0.2902046740055084,-0.0485288798809051,0.2686336189508438,-0.05006298050284368,Yes,Script 05 possible_day7_bug_eaten_cells.csv,NDVI: Linear projection from the latest valid multispectral trend; NDRE: Linear projection from the latest valid multispectral trend,-0.0050900131464004265,0.0021147429943085055,-0.021571055054664612,-0.0015341006219385805
7,Day 7,2026-07-07,8,10,3,Tray 1,1,DJI_20260707125025_0001,PASS_AUTO,51,6,1,67.99992301211333,664.1302383975424,6.819255414584712,611.027380181696,128.41549009310003,611.3917583038368,129.24328275093188,717.2546510742031,7.709504761862061,716.9104686914645,projection_regular_lattice,No,13054,13054,1.0,0.2794197499752044,0.2480547726154327,0.2420731335878372,-0.0468702092766761,0.5908625721931458,0.8608089474490578,13054,13054,1.0,-0.0821452811360359,-0.1223437041044235,0.2616211771965027,-0.4235561490058899,0.3022925555706024,0.3510035238241152,No Microbes,Ideal,Inside,Inside,Inside,Not Heat,Not Moisture,Daily watering,No Microbes | Ideal,Ideal | Inside,No Microbes | Inside,0.2794197499752044,-0.0821452811360359,0.23794929683208468,-0.11528476327657694,Yes,Script 05 possible_day7_bug_eaten_cells.csv,NDVI: Linear projection from the latest valid multispectral trend; NDRE: Linear projection from the latest valid multispectral trend,-0.011424228549003573,-0.008351057767868047,-0.04147045314311973,-0.033139482140541035
7,Day 7,2026-07-07,8,10,3,Tray 1,1,DJI_20260707125025_0001,PASS_AUTO,54,6,4,473.7567460244481,665.1706712855533,412.51813233942073,612.1436230214138,534.438448157752,612.4237003714817,535.0580518507653,718.2192740105073,413.2001927218798,717.9593923998416,projection_regular_lattice,No,13107,13107,1.0,0.2877882421016693,0.3208747506141662,0.2648494243621826,-0.0922006741166114,0.5921898484230042,0.8769359884031434,13107,13107,1.0,-0.0430015884339809,-0.0523338057100772,0.2524767518043518,-0.4457193315029144,0.2931639552116394,0.37949187457084,No Microbes,Ideal,Inside,Inside,Inside,Not Heat,Not Moisture,Daily watering,No Microbes | Ideal,Ideal | Inside,No Microbes | Inside,0.2877882421016693,-0.0430015884339809,0.23467138409614569,-0.06886391062289464,Yes,Script 05 possible_day7_bug_eaten_cells.csv,NDVI: Linear projection from the latest valid multispectral trend; NDRE: Linear projection from the latest valid multispectral trend,-0.017587840557098375,-0.008806406520307047,-0.053116858005523626,-0.02586232218891374
7,Day 7,2026-07-07,8,10,3,Tray 1,1,DJI_20260707125025_0001,PASS_AUTO,56,6,6,744.8614449582558,665.708180670018,683.5842005482294,612.7316723736831,805.7205704597709,612.9555492090356,806.2013815095722,718.7062434271674,684.1274682874763,718.502562331217,projection_regular_lattice,No,13161,13161,1.0,0.2782869338989258,0.2338274866342544,0.2553846538066864,-0.0394944697618484,0.5814696550369263,0.883139579059342,13161,13161,1.0,-0.0318357087671756,-0.0419847331941127,0.2625957727432251,-0.3976109325885772,0.3166485428810119,0.3643340171719474,No Microbes,Ideal,Inside,Inside,Inside,Not Heat,Not Moisture,Daily watering,No Microbes | Ideal,Ideal | Inside,No Microbes | Inside,0.2782869338989258,-0.0318357087671756,0.23788410425186163,-0.056920947507023784,Yes,Script 05 possible_day7_bug_eaten_cells.csv,NDVI: Linear projection from the latest valid multispectral trend; NDRE: Linear projection from the latest valid multispectral trend,-0.010961204767227152,-0.0031419787555932955,-0.040402829647064153,-0.025085238739848185
7,Day 7,2026-07-07,8,10,3,Tray 1,1,DJI_20260707125025_0001,PASS_AUTO,57,6,7,880.5938395028352,665.9301015999876,819.2972797303091,612.9788632875549,941.5416766884558,613.1746398655498,941.9530914166512,718.9028943732345,819.7711511479498,718.7273135346419,projection_regular_lattice,No,13215,13215,1.0,0.2700814008712768,0.2371663302183151,0.2695361375808716,-0.0384662710130214,0.5736548900604248,0.8837684449489217,13215,13215,1.0,-0.0392764844000339,-0.0445096306502819,0.2627592086791992,-0.4184266030788421,0.2926757335662842,0.3694286795308362,No Microbes,Ideal,Inside,Inside,Inside,Not Heat,Not Moisture,Daily watering,No Microbes | Ideal,Ideal | Inside,No Microbes | Inside,0.2700814008712768,-0.0392764844000339,0.2208164930343629,-0.05486734583973872,Yes,Script 05 possible_day7_bug_eaten_cells.csv,NDVI: Linear projection from the latest valid multispectral trend; NDRE: Linear projection from the latest valid multispectral trend,-0.013394713401794395,-0.00020330026745794125,-0.049264907836913896,-0.015590861439704819
7,Day 7,2026-07-07,8,10,3,Tray 1,1,DJI_20260707125025_0001,PASS_AUTO,58,6,8,1016.446264099198,666.1208000217819,955.1303889641724,613.1948316932514,1077.4828129689245,613.3625080138886,1077.8248313755134,719.0683228111266,955.534864060207,718.9208422298916,projection_regular_lattice,No,13161,13161,1.0,0.29486083984375,0.3087108135223388,0.2453657239675521,-0.0124792009592056,0.575350821018219,0.8938530506800395,13161,13161,1.0,-0.0423622466623783,-0.051274623721838,0.2448548674583435,-0.375314861536026,0.2721681296825409,0.3777828432489932,No Microbes,Ideal,Inside,Inside,Inside,Not Heat,Not Moisture,Daily watering,No Microbes | Ideal,Ideal | Inside,No Microbes | Inside,0.29486083984375,-0.0423622466623783,0.25241206586360937,-0.06805942952632894,Yes,Script 05 possible_day7_bug_eaten_cells.csv,NDVI: Linear projection from the latest valid multispectral trend; NDRE: Linear projection from the latest valid multispectral trend,-0.009720936417579611,-0.002222329378128047,-0.04244877398014063,-0.025697182863950646
7,Day 7,2026-07-07,8,10,3,Tray 1,1,DJI_20260707125025_0001,PASS_AUTO,59,6,9,1152.4187187473449,666.280275935401,1091.0835282498194,613.3795775907729,1213.5439793011765,613.5191536540525,1213.8166013861594,719.2025287408434,1091.418607024248,719.0831484169661,projection_regular_lattice,No,13206,13206,1.0,0.2688246965408325,0.22548308968544,0.2418261766433715,-0.0450147464871406,0.570874810218811,0.8782371649250341,13206,13206,1.0,-0.0595376826822757,-0.0674575269222259,0.242378294467926,-0.3988108932971954,0.2686768174171448,0.3347720733000151,No Microbes,Ideal,Inside,Inside,Inside,Not Heat,Not Moisture,Daily watering,No Microbes | Ideal,Ideal | Inside,No Microbes | Inside,0.2688246965408325,-0.0595376826822757,0.21975435316562653,-0.08695098012685783,Yes,Script 05 possible_day7_bug_eaten_cells.csv,NDVI: Linear projection from the latest valid multispectral trend; NDRE: Linear projection from the latest valid multispectral trend,-0.01034988462924955,-0.0005972385406494432,-0.049070343375205994,-0.027413297444582124
7,Day 7,2026-07-07,8,10,3,Tray 1,1,DJI_20260707125025_0001,PASS_AUTO,60,6,10,1288.511203447275,666.408529340845,1227.15669758725,613.5331009801191,1349.7251756852122,613.644576786041,1349.928401448589,719.3055121623851,1227.4223800400723,719.2142320958656,projection_regular_lattice,No,13144,13144,1.0,0.3087343871593475,0.3253132700920105,0.2315150201320648,0.0091692050918936,0.5821877717971802,0.9029214850882532,13144,13144,1.0,-0.0480875223875045,-0.0817593485116958,0.2342594861984253,-0.3776330053806305,0.2619026303291321,0.3743152769324406,No Microbes,Ideal,Inside,Inside,Inside,Not Heat,Not Moisture,Daily watering,No Microbes | Ideal,Ideal | Inside,No Microbes | Inside,0.3087343871593475,-0.0480875223875045,0.3236643373966218,-0.03863608837127687,Yes,Script 05 possible_day7_bug_eaten_cells.csv,NDVI: Linear projection from the latest valid multispectral trend; NDRE: Linear projection from the latest valid multispectral trend,0.003427624702453667,0.0023952238261699455,0.014929950237274336,0.009451434016227632
7,Day 7,2026-07-07,8,10,3,Tray 1,1,DJI_20260707125025_0001,PASS_AUTO,61,7,1,69.12627820143696,781.8606598208786,7.8256100968747315,728.6846328193204,129.35244845378395,729.0265712310144,130.48963844728914,835.0582412832509,9.025256779825426,834.7364986109592,projection_regular_lattice,No,13054,13054,1.0,0.2529339492321014,0.210583359003067,0.2493564039468765,-0.0704276487231254,0.5987676978111267,0.8400490271181247,13054,13054,1.0,-0.0897895991802215,-0.1276332139968872,0.2725552916526794,-0.4400679767131805,0.3332644701004028,0.329783974260763,No Microbes,Ideal,Inside,Inside,Inside,Not Heat,Not Moisture,Daily watering,No Microbes | Ideal,Ideal | Inside,No Microbes | Inside,0.2529339492321014,-0.0897895991802215,0.22830075025558477,-0.12144046276807784,Yes,Script 05 possible_day7_bug_eaten_cells.csv,NDVI: Linear projection from the latest valid multispectral trend; NDRE: Linear projection from the latest valid multispectral trend,-0.008055895566940275,-0.007340125739574446,-0.024633198976516613,-0.031650863587856334
7,Day 7,2026-07-07,8,10,3,Tray 1,1,DJI_20260707125025_0001,PASS_AUTO,62,7,2,204.18141546309147,782.2137602801164,142.86143199602972,729.0630032624605,264.4962973995441,729.3768414167969,265.5640910714432,835.3860717585865,143.9916823573743,835.0924293436524,projection_regular_lattice,No,13108,13108,1.0,0.2903081476688385,0.3533364534378052,0.2673196792602539,-0.0875613167881965,0.5885417461395264,0.8591699725358559,13108,13108,1.0,-0.0566182360053062,-0.0726668089628219,0.2579286396503448,-0.4387604594230652,0.2696624100208282,0.4082239853524565,No Microbes,Ideal,Inside,Inside,Inside,Not Heat,Not Moisture,Daily watering,No Microbes | Ideal,Ideal | Inside,No Microbes | Inside,0.2903081476688385,-0.0566182360053062,0.22334352135658259,-0.10846975166350609,Yes,Script 05 possible_day7_bug_eaten_cells.csv,NDVI: Linear projection from the latest valid multispectral trend; NDRE: Linear projection from the latest valid multispectral trend,-0.022727102041244507,-0.017430755309760595,-0.06696462631225591,-0.051851515658199884
7,Day 7,2026-07-07,8,10,3,Tray 1,1,DJI_20260707125025_0001,PASS_AUTO,63,7,3,339.3565827765296,782.5356382311792,278.01728394696823,729.4101511974254,399.7601763970879,729.695889094404,400.7585737473809,835.6826797257469,279.07813798670674,835.4171375681705,projection_regular_lattice,No,13160,13160,1.0,0.2677012085914612,0.215984433889389,0.2496716976165771,-0.0538571774959564,0.5871416926383972,0.8548632218844985,13160,13160,1.0,-0.0704708993434906,-0.075650118291378,0.2432452887296676,-0.3907284736633301,0.2578736543655395,0.3268996960486322,No Microbes,Ideal,Inside,Inside,Inside,Not Heat,Not Moisture,Daily watering,No Microbes | Ideal,Ideal | Inside,No Microbes | Inside,0.2677012085914612,-0.0704708993434906,0.19116394221782682,-0.12383262254297735,Yes,Script 05 possible_day7_bug_eaten_cells.csv,NDVI: Linear projection from the latest valid multispectral trend; NDRE: Linear projection from the latest valid multispectral trend,-0.023360058665275567,-0.01696490310132505,-0.07653726637363437,-0.053361723199486746
7,Day 7,2026-07-07,8,10,3,Tray 1,1,DJI_20260707125025_0001,PASS_AUTO,64,7,4,474.6517801417513,782.8262936740666,413.2931659496903,729.7260766242152,535.1440854464154,729.9837142638362,536.0730864751022,835.9480651847321,414.2846236678227,835.7106232845133,projection_regular_lattice,No,13161,13161,1.0,0.2446004301309585,0.2245943695306778,0.255359023809433,-0.0852090045809745,0.5750707983970642,0.8312438264569562,13161,13161,1.0,-0.062863290309906,-0.0567741952836513,0.2504537105560303,-0.4328248500823974,0.2827140688896179,0.3109946052731555,No Microbes,Ideal,Inside,Inside,Inside,Not Heat,Not Moisture,Daily watering,No Microbes | Ideal,Ideal | Inside,No Microbes | Inside,0.2446004301309585,-0.062863290309906,0.1773974150419234,-0.076255101710558,Yes,Script 05 possible_day7_bug_eaten_cells.csv,NDVI: Linear projection from the latest valid multispectral trend; NDRE: Linear projection from the latest valid multispectral trend,-0.019784465432167064,-0.003471087664365798,-0.06720301508903509,-0.013391811400651987
7,Day 7,2026-07-07,8,10,3,Tray 1,1,DJI_20260707125025_0001,PASS_AUTO,66,7,6,745.6022650275455,783.3139370353159,684.2050201104855,730.2642599532692,806.2719937004209,730.4656970781747,807.0622020858955,836.3851685781768,685.0576851854055,836.2039271926734,projection_regular_lattice,No,13161,13161,1.0,0.2822832763195038,0.3152676820755005,0.2553989291191101,-0.0850963816046714,0.5846917033195496,0.8532786262442064,13161,13161,1.0,-0.032040499150753,-0.0256410259753465,0.2518002986907959,-0.4057672619819641,0.3039832413196563,0.4037687105843021,No Microbes,Ideal,Inside,Inside,Inside,Not Heat,Not Moisture,Daily watering,No Microbes | Ideal,Ideal | Inside,No Microbes | Inside,0.2822832763195038,-0.032040499150753,0.18125410377979295,-0.047545544803142575,Yes,Script 05 possible_day7_bug_eaten_cells.csv,NDVI: Linear projection from the latest valid multispectral trend; NDRE: Linear projection from the latest valid multispectral trend,-0.027606710791587778,-0.0030106529593467925,-0.10102917253971083,-0.015505045652389575
7,Day 7,2026-07-07,8,10,3,Tray 1,1,DJI_20260707125025_0001,PASS_AUTO,68,7,8,1017.032870120474,783.6766903638644,955.5969944784148,730.6775532496222,1077.8800221615606,730.8227898598124,1078.531437903823,836.6973819389207,956.3108669101229,836.5723410681327,projection_regular_lattice,No,13214,13214,1.0,0.292212039232254,0.3554800152778625,0.2585830092430115,-0.0572016090154647,0.5782952904701233,0.880959588315423,13214,13214,1.0,-0.0362952165305614,-0.0317992344498634,0.2420060485601425,-0.4128946363925934,0.2766256630420685,0.3820190706826094,No Microbes,Ideal,Inside,Inside,Inside,Not Heat,Not Moisture,Daily watering,No Microbes | Ideal,Ideal | Inside,No Microbes | Inside,0.292212039232254,-0.0362952165305614,0.20702911913394934,-0.057077866047620725,Yes,Script 05 possible_day7_bug_eaten_cells.csv,NDVI: Linear projection from the latest valid multispectral trend; NDRE: Linear projection from the latest valid multispectral trend,-0.020711347460746744,-0.0036205798387527414,-0.08518292009830464,-0.020782649517059326
7,Day 7,2026-07-07,8,10,3,Tray 1,1,DJI_20260707125025_0001,PASS_AUTO,70,7,10,1288.9435954205371,783.9145536597122,1227.4690890534791,730.9659565132745,1349.9681708298351,731.0549926087494,1350.480793928885,836.8847052669639,1228.0441688419746,836.8158649108912,projection_regular_lattice,No,13215,13215,1.0,0.2603901624679565,0.2095144987106323,0.2203381061553955,-0.0151595100760459,0.5423414707183838,0.8888384411653424,13215,13215,1.0,-0.0798129513859748,-0.0763569474220275,0.2221520990133285,-0.3952299952507019,0.1997696161270141,0.3130533484676503,No Microbes,Ideal,Inside,Inside,Inside,Not Heat,Not Moisture,Daily watering,No Microbes | Ideal,Ideal | Inside,No Microbes | Inside,0.2603901624679565,-0.0798129513859748,0.18541989475488663,-0.08956645056605338,Yes,Script 05 possible_day7_bug_eaten_cells.csv,NDVI: Linear projection from the latest valid multispectral trend; NDRE: Linear projection from the latest valid multispectral trend,-0.01523714512586593,0.003348555415868742,-0.07497026771306986,-0.009753499180078576
7,Day 7,2026-07-07,8,10,3,Tray 3,3,DJI_20260707125152_0003,PASS_AUTO,60,6,10,1286.8784547779578,672.6274750744099,1225.9716286366677,619.6074463488857,1348.1951087091118,620.0443458258748,1347.8131402948047,725.6439869980525,1225.5735366180422,725.1983812918164,projection_regular_lattice,No,13099,13099,1.0,0.2662926614284515,0.243097648024559,0.2384501546621322,0.0117975557222962,0.5366807579994202,0.9035040842812428,13099,13099,1.0,-0.0759028941392898,-0.0801899209618568,0.2299754470586776,-0.4019783139228821,0.2128141820430755,0.3281166501259638,No Microbes,Moisture,Outside,Outside,Outside,Not Heat,Final unwatered interval,No,No Microbes | Moisture,Moisture | Outside,No Microbes | Outside,0.2662926614284515,-0.0759028941392898,0.2963516861200334,-0.035225272178650034,Yes,Script 05 possible_day7_bug_eaten_cells.csv,NDVI: Linear projection from the latest valid multispectral trend; NDRE: Linear projection from the latest valid multispectral trend,0.0026728957891464632,0.008281074464321088,0.030059024691581893,0.040677621960639766
7,Day 7,2026-07-07,8,10,3,Tray 3,3,DJI_20260707125152_0003,PASS_AUTO,62,7,2,201.0370008599328,784.193879801477,140.30379487488852,731.0022508142616,262.26979120437335,731.8451732539139,261.7980662205338,837.3819919868108,139.8159462867306,836.5303633179116,projection_regular_lattice,No,13100,13100,1.0,0.2527225315570831,0.2406488060951233,0.2417163997888565,-0.0670520439743995,0.5338666439056396,0.871145038167939,13100,13100,1.0,-0.0951177552342414,-0.1225328966975212,0.2490551471710205,-0.4391143918037414,0.2627710402011871,0.3107633587786259,No Microbes,Moisture,Outside,Outside,Outside,Not Heat,Final unwatered interval,No,No Microbes | Moisture,Moisture | Outside,No Microbes | Outside,0.2527225315570831,-0.0951177552342414,0.2602079063653945,-0.13543554302304966,Yes,Script 05 possible_day7_bug_eaten_cells.csv,NDVI: Linear projection from the latest valid multispectral trend; NDRE: Linear projection from the latest valid multispectral trend,-0.0057617276906967285,-0.022672598250210247,0.007485374808311407,-0.04031778778880826
7,Day 7,2026-07-07,8,10,3,Tray 4,4,DJI_20260707125241_0004,PASS_AUTO,19,2,9,1168.3015336199512,204.03836171571947,1107.4950622924976,150.87753691317516,1231.2717229603352,151.39431174586628,1229.1740585502444,257.1061301590271,1105.5275377201367,256.64866865208296,projection_regular_lattice,No,13322,13322,1.0,0.2838310301303863,0.2155007570981979,0.2070235013961792,0.0559199899435043,0.564613401889801,0.9352199369464044,13322,13322,1.0,-0.0657569169998169,-0.0815218687057495,0.2231764793395996,-0.34080770611763,0.2232464402914047,0.3254015913526497,No Microbes,Heat,Dynamic Heat,Inside,Dynamic Heat,Inside recovery,Not Moisture,Daily watering,No Microbes | Heat,Heat | Dynamic Heat,No Microbes | Dynamic Heat,0.2838310301303863,-0.0657569169998169,0.22827713191509247,-0.11499710381031024,Yes,Script 05 possible_day7_bug_eaten_cells.csv,NDVI: Linear projection from the latest valid multispectral trend; NDRE: Linear projection from the latest valid multispectral trend,-0.01883153617382047,-0.014080807566642747,-0.05555389821529383,-0.049240186810493344
7,Day 7,2026-07-07,8,10,3,Tray 4,4,DJI_20260707125241_0004,PASS_AUTO,32,4,2,211.12114932660185,438.40565444788047,150.44921493637793,385.8615151590948,272.2585306629477,385.46922076442655,271.8591373196654,490.8567373774294,150.1799614308259,491.3083450978446,projection_regular_lattice,No,13099,13099,1.0,0.2883873283863067,0.2279325276613235,0.2378736734390258,-0.0118725392967462,0.5903293490409851,0.891747461638293,13099,13099,1.0,-0.0719061121344566,-0.1076548546552658,0.2486307024955749,-0.3750839531421661,0.2717978954315185,0.3519352622337583,No Microbes,Heat,Dynamic Heat,Inside,Dynamic Heat,Inside recovery,Not Moisture,Daily watering,No Microbes | Heat,Heat | Dynamic Heat,No Microbes | Dynamic Heat,0.2883873283863067,-0.0719061121344566,0.2661737650632858,-0.07926271669566616,Yes,Script 05 possible_day7_bug_eaten_cells.csv,NDVI: Linear projection from the latest valid multispectral trend; NDRE: Linear projection from the latest valid multispectral trend,-0.005868688225746155,-0.0038657356053590558,-0.02221356332302088,-0.007356604561209554
7,Day 7,2026-07-07,8,10,3,Tray 4,4,DJI_20260707125241_0004,PASS_AUTO,42,5,2,210.94025450194573,555.3176170691099,150.16910193934532,503.0028365447312,271.83381784621486,502.54463845478864,271.77746066738604,607.5393412342519,150.24288459824672,608.0568526499416,projection_regular_lattice,No,13038,13038,1.0,0.2892608046531677,0.2510117590427398,0.2366768717765808,-0.0200355350971221,0.5845003724098206,0.886408958429207,13038,13038,1.0,-0.0766750499606132,-0.1087044775485992,0.2440595477819442,-0.3964421153068542,0.2860282659530639,0.3338702254947078,No Microbes,Heat,Dynamic Heat,Inside,Dynamic Heat,Inside recovery,Not Moisture,Daily watering,No Microbes | Heat,Heat | Dynamic Heat,No Microbes | Dynamic Heat,0.2892608046531677,-0.0766750499606132,0.26179441809654236,-0.09322479367256158,Yes,Script 05 possible_day7_bug_eaten_cells.csv,NDVI: Linear projection from the latest valid multispectral trend; NDRE: Linear projection from the latest valid multispectral trend,-0.0127579867839813,-0.011928852647542957,-0.027466386556625366,-0.01654974371194838
7,Day 7,2026-07-07,8,10,3,Tray 4,4,DJI_20260707125241_0004,PASS_AUTO,44,5,4,481.6944345711199,554.4802451856489,420.8281467850957,502.120330951286,542.9723327782133,501.8842076718605,542.626775959984,606.747103060775,420.6127298045967,607.0425396659473,projection_regular_lattice,No,13038,13038,1.0,0.2837929427623749,0.2402225732803344,0.2414633631706237,-0.0387104786932468,0.5805231332778931,0.8777419849670195,13038,13038,1.0,-0.0510918796062469,-0.0640509277582168,0.2517760992050171,-0.4130937755107879,0.2978256344795227,0.352584752262617,No Microbes,Heat,Dynamic Heat,Inside,Dynamic Heat,Inside recovery,Not Moisture,Daily watering,No Microbes | Heat,Heat | Dynamic Heat,No Microbes | Dynamic Heat,0.2837929427623749,-0.0510918796062469,0.2564632445573806,-0.0513758603483438,Yes,Script 05 possible_day7_bug_eaten_cells.csv,NDVI: Linear projection from the latest valid multispectral trend; NDRE: Linear projection from the latest valid multispectral trend,-0.009908452630043025,-0.0006998684257269004,-0.027329698204994257,-0.00028398074209690094
7,Day 7,2026-07-07,8,10,3,Tray 4,4,DJI_20260707125241_0004,PASS_AUTO,49,5,9,1163.2413994714657,554.5458761348027,1102.1372736268825,502.07312762547934,1225.4801348356193,502.3921913723471,1224.4115789188888,606.9255682848892,1101.198857547882,606.6658178637684,projection_regular_lattice,No,13144,13144,1.0,0.2872916162014007,0.2373482137918472,0.2263706922531128,-0.0036493500228971,0.5652035474777222,0.8981284236153378,13144,13144,1.0,-0.0620973259210586,-0.0592343509197235,0.2282696813344955,-0.3759387135505676,0.2308628410100937,0.3303408399269629,No Microbes,Heat,Dynamic Heat,Inside,Dynamic Heat,Inside recovery,Not Moisture,Daily watering,No Microbes | Heat,Heat | Dynamic Heat,No Microbes | Dynamic Heat,0.2872916162014007,-0.0620973259210586,0.27379894256591825,-0.014851093292236314,Yes,Script 05 possible_day7_bug_eaten_cells.csv,NDVI: Linear projection from the latest valid multispectral trend; NDRE: Linear projection from the latest valid multispectral trend,-0.007088750600814734,0.009704582393169396,-0.013492673635482455,0.047246232628822285
7,Day 7,2026-07-07,8,10,3,Tray 4,4,DJI_20260707125241_0004,PASS_AUTO,51,6,1,76.32364580808,672.4700944872066,15.500842684814762,620.407239582227,136.7812237288601,619.7721003917512,137.21250253418503,724.4398930329494,16.062261327869887,725.134345549172,projection_regular_lattice,No,12871,12871,1.0,0.2793385982513428,0.2382489442825317,0.2412852495908737,-0.0567731708288192,0.5889502763748169,0.8508274415352343,12871,12871,1.0,-0.0896332561969757,-0.1356073170900344,0.2630510330200195,-0.4391143918037414,0.3000412583351135,0.352264781291275,No Microbes,Heat,Dynamic Heat,Inside,Dynamic Heat,Inside recovery,Not Moisture,Daily watering,No Microbes | Heat,Heat | Dynamic Heat,No Microbes | Dynamic Heat,0.2793385982513428,-0.0896332561969757,0.26383161544799794,-0.08446401730179776,Yes,Script 05 possible_day7_bug_eaten_cells.csv,NDVI: Linear projection from the latest valid multispectral trend; NDRE: Linear projection from the latest valid multispectral trend,-0.005021125078201318,-0.0038625039160251505,-0.015506982803344838,0.005169238895177938
7,Day 7,2026-07-07,8,10,3,Tray 4,4,DJI_20260707125241_0004,PASS_AUTO,52,6,2,211.14051097112693,671.7931198752956,150.27014023614984,619.7076981153239,271.7902563233191,619.1835963301068,272.0769353089438,723.7854852760304,150.68695905950472,724.3689003869946,projection_regular_lattice,No,12924,12924,1.0,0.2689161300659179,0.2126855552196502,0.2560777366161346,-0.0580807439982891,0.5973469018936157,0.8464871556793563,12924,12924,1.0,-0.0722098350524902,-0.1087044775485992,0.2789179980754852,-0.4253393709659576,0.3376538157463074,0.3554627050448777,No Microbes,Heat,Dynamic Heat,Inside,Dynamic Heat,Inside recovery,Not Moisture,Daily watering,No Microbes | Heat,Heat | Dynamic Heat,No Microbes | Dynamic Heat,0.2689161300659179,-0.0722098350524902,0.23971414566040042,-0.07453990355133999,Yes,Script 05 possible_day7_bug_eaten_cells.csv,NDVI: Linear projection from the latest valid multispectral trend; NDRE: Linear projection from the latest valid multispectral trend,-0.008346766233444186,-0.0005127228796481983,-0.029201984405517495,-0.0023300684988497855
7,Day 7,2026-07-07,8,10,3,Tray 4,4,DJI_20260707125241_0004,PASS_AUTO,54,6,4,481.5733581076339,670.8092953356689,420.6078521492331,618.678739865713,542.6074383226504,618.3767128910133,542.6049176688746,722.846794446388,420.7354713331875,723.208134746835,projection_regular_lattice,No,12976,12976,1.0,0.2770762741565704,0.2176204025745391,0.238759696483612,-0.0283669959753751,0.5827686786651611,0.8726109741060419,12976,12976,1.0,-0.0703635886311531,-0.0704483091831207,0.240245372056961,-0.3888094425201416,0.2787114083766937,0.3265258939580764,No Microbes,Heat,Dynamic Heat,Inside,Dynamic Heat,Inside recovery,Not Moisture,Daily watering,No Microbes | Heat,Heat | Dynamic Heat,No Microbes | Dynamic Heat,0.2770762741565704,-0.0703635886311531,0.2415268868207931,-0.06614901870489123,Yes,Script 05 possible_day7_bug_eaten_cells.csv,NDVI: Linear projection from the latest valid multispectral trend; NDRE: Linear projection from the latest valid multispectral trend,-0.011832520365715027,-0.0035059303045273087,-0.03554938733577728,0.004214569926261874
7,Day 7,2026-07-07,8,10,3,Tray 4,4,DJI_20260707125241_0004,PASS_AUTO,55,6,5,617.189340081094,670.5024454079535,556.1762665109813,618.3493230830054,678.4155877275226,618.1583335135642,678.2684672540466,722.5625113736646,556.1592858752356,722.8128142688528,projection_regular_lattice,No,13038,13038,1.0,0.2732526361942291,0.2265572249889373,0.2429482340812683,-0.0409689210355281,0.5779454708099365,0.8662371529375671,13038,13038,1.0,-0.0581907704472541,-0.0502692982554435,0.2428498417139053,-0.3837498128414154,0.2773880362510681,0.3353275042184384,No Microbes,Heat,Dynamic Heat,Inside,Dynamic Heat,Inside recovery,Not Moisture,Daily watering,No Microbes | Heat,Heat | Dynamic Heat,No Microbes | Dynamic Heat,0.2732526361942291,-0.0581907704472541,0.2514982223510742,-0.027258627116680072,Yes,Script 05 possible_day7_bug_eaten_cells.csv,NDVI: Linear projection from the latest valid multispectral trend; NDRE: Linear projection from the latest valid multispectral trend,-0.007545888423919661,0.007389515638351441,-0.021754413843154907,0.030932143330574025
7,Day 7,2026-07-07,8,10,3,Tray 4,4,DJI_20260707125241_0004,PASS_AUTO,57,6,7,889.2204208384273,670.2588702367177,828.1122120448911,618.0606142017855,950.8310033476802,618.0916994428616,950.3946832348036,722.364069912413,827.8060317697448,722.3922979970839,projection_regular_lattice,No,12967,12967,1.0,0.2939364314079284,0.3192110955715179,0.2481683790683746,-0.0461757220327854,0.5751473307609558,0.8901056528109818,12967,12967,1.0,-0.041935209184885,-0.0330474264919757,0.2403614372014999,-0.4443033933639526,0.2568711936473846,0.3887560731086604,No Microbes,Heat,Dynamic Heat,Inside,Dynamic Heat,Inside recovery,Not Moisture,Daily watering,No Microbes | Heat,Heat | Dynamic Heat,No Microbes | Dynamic Heat,0.2939364314079284,-0.041935209184885,0.27594234049320226,0.005463461391627886,Yes,Script 05 possible_day7_bug_eaten_cells.csv,NDVI: Linear projection from the latest valid multispectral trend; NDRE: Linear projection from the latest valid multispectral trend,-0.012667551636695838,0.006440046243369596,-0.017994090914726146,0.04739867057651288
7,Day 7,2026-07-07,8,10,3,Tray 4,4,DJI_20260707125241_0004,PASS_AUTO,58,6,8,1025.6355196223008,670.3221449931975,964.4797432170526,618.1013221032733,1087.4382695629656,618.243444749608,1086.8573496303889,722.4499115238849,964.028963122206,722.3671022032972,projection_regular_lattice,No,13020,13020,1.0,0.2859621345996856,0.26302370429039,0.2373656183481216,-0.0391152650117874,0.5741352438926697,0.878494623655914,13020,13020,1.0,-0.0531792901456356,-0.0520231202244758,0.2425436377525329,-0.4154856503009796,0.2738266885280609,0.3468509984639017,No Microbes,Heat,Dynamic Heat,Inside,Dynamic Heat,Inside recovery,Not Moisture,Daily watering,No Microbes | Heat,Heat | Dynamic Heat,No Microbes | Dynamic Heat,0.2859621345996856,-0.0531792901456356,0.26329997181892406,-0.014208344742655858,Yes,Script 05 possible_day7_bug_eaten_cells.csv,NDVI: Linear projection from the latest valid multispectral trend; NDRE: Linear projection from the latest valid multispectral trend,-0.008301407098770114,0.009962933138012846,-0.022662162780761552,0.03897094540297974
7,Day 7,2026-07-07,8,10,3,Tray 4,4,DJI_20260707125241_0004,PASS_AUTO,59,6,9,1162.316990676312,670.5087946444091,1101.1136466593516,618.2654048994929,1224.3119080483884,618.5185649510862,1223.5863882961114,722.6591280300887,1100.5182667448048,722.4652813042424,projection_regular_lattice,No,13020,13020,1.0,0.2822692096233368,0.2350375652313232,0.2317377924919128,-0.0070177353918552,0.575003981590271,0.8966973886328725,13020,13020,1.0,-0.0670941770076751,-0.0773480683565139,0.2363214939832687,-0.3973724544048309,0.2371398359537124,0.3299539170506912,No Microbes,Heat,Dynamic Heat,Inside,Dynamic Heat,Inside recovery,Not Moisture,Daily watering,No Microbes | Heat,Heat | Dynamic Heat,No Microbes | Dynamic Heat,0.2822692096233368,-0.0670941770076751,0.266525700688362,-0.023617487400770226,Yes,Script 05 possible_day7_bug_eaten_cells.csv,NDVI: Linear projection from the latest valid multispectral trend; NDRE: Linear projection from the latest valid multispectral trend,-0.005932107567787183,0.009161066263914091,-0.01574350893497478,0.04347668960690487
7,Day 7,2026-07-07,8,10,3,Tray 4,4,DJI_20260707125241_0004,PASS_AUTO,61,7,1,77.06572003743193,788.5823638064309,16.143698741790093,736.7488676658583,137.2794799661352,736.0478247801082,138.05379493591357,840.3228035877668,17.048153549298675,841.083159799264,projection_regular_lattice,No,12811,12811,1.0,0.272649198770523,0.2217103987932205,0.2366505265235901,-0.0286722537130117,0.6042278409004211,0.8676918273358832,12811,12811,1.0,-0.0980367735028266,-0.1512510478496551,0.268153041601181,-0.4152585864067077,0.3408794105052948,0.3183982515026149,No Microbes,Heat,Dynamic Heat,Inside,Dynamic Heat,Inside recovery,Not Moisture,Daily watering,No Microbes | Heat,Heat | Dynamic Heat,No Microbes | Dynamic Heat,0.272649198770523,-0.0980367735028266,0.24906036257743847,-0.10079714097082612,Yes,Script 05 possible_day7_bug_eaten_cells.csv,NDVI: Linear projection from the latest valid multispectral trend; NDRE: Linear projection from the latest valid multispectral trend,-0.00871032476425167,-0.008580898866057408,-0.02358883619308455,-0.0027603674679995277
7,Day 7,2026-07-07,8,10,3,Tray 4,4,DJI_20260707125241_0004,PASS_AUTO,62,7,2,211.72191873414525,787.8321628664372,150.75232982679157,735.9760998708725,272.12784609426063,735.3860943903809,272.7575612443388,839.5951695027651,151.51218481459992,840.2444883090037,projection_regular_lattice,No,12872,12872,1.0,0.267625629901886,0.2069898545742035,0.2481578290462494,-0.0458310768008232,0.5954111814498901,0.8495183343691733,12872,12872,1.0,-0.0802017226815223,-0.1082543954253196,0.2659486830234527,-0.4300581216812134,0.2900731265544891,0.3373213175885643,No Microbes,Heat,Dynamic Heat,Inside,Dynamic Heat,Inside recovery,Not Moisture,Daily watering,No Microbes | Heat,Heat | Dynamic Heat,No Microbes | Dynamic Heat,0.267625629901886,-0.0802017226815223,0.23425121605396285,-0.07725474610924725,Yes,Script 05 possible_day7_bug_eaten_cells.csv,NDVI: Linear projection from the latest valid multispectral trend; NDRE: Linear projection from the latest valid multispectral trend,-0.010471716523170428,-0.0033798627555370513,-0.03337441384792314,0.0029469765722750507
7,Day 7,2026-07-07,8,10,3,Tray 4,4,DJI_20260707125241_0004,PASS_AUTO,64,7,4,481.833432937985,786.7018856706451,420.7687088072077,734.8006889650962,542.6236951609246,734.432758295122,542.9642106716024,838.5100260169572,421.2393641556155,838.9372700126786,projection_regular_lattice,No,12976,12976,1.0,0.2643302083015442,0.2180226892232895,0.2407116591930389,-0.0569909512996673,0.5791069269180298,0.8410141800246609,12976,12976,1.0,-0.0716379880905151,-0.0718492344021797,0.2416880875825882,-0.3889721632003784,0.2636245787143707,0.3259864364981504,No Microbes,Heat,Dynamic Heat,Inside,Dynamic Heat,Inside recovery,Not Moisture,Daily watering,No Microbes | Heat,Heat | Dynamic Heat,No Microbes | Dynamic Heat,0.2643302083015442,-0.0716379880905151,0.22279208898544328,-0.05805815383791916,Yes,Script 05 possible_day7_bug_eaten_cells.csv,NDVI: Linear projection from the latest valid multispectral trend; NDRE: Linear projection from the latest valid multispectral trend,-0.013045877218246408,0.0013643689453601807,-0.04153811931610091,0.013579834252595936
7,Day 7,2026-07-07,8,10,3,Tray 4,4,DJI_20260707125241_0004,PASS_AUTO,65,7,5,617.2887484451115,786.3218094148468,556.1764567026223,734.3980458543058,678.2711780994633,734.1411525895901,678.4670937904407,838.1525166161512,556.5025122313299,838.4687232066137,projection_regular_lattice,No,12863,12863,1.0,0.2732979953289032,0.225457563996315,0.2547470331192016,-0.0598026253283023,0.5906649231910706,0.8526004820026433,12863,12863,1.0,-0.0576362796127796,-0.0680827870965004,0.263327956199646,-0.4153112769126892,0.3109723329544067,0.3502293399673482,No Microbes,Heat,Dynamic Heat,Inside,Dynamic Heat,Inside recovery,Not Moisture,Daily watering,No Microbes | Heat,Heat | Dynamic Heat,No Microbes | Dynamic Heat,0.2732979953289032,-0.0576362796127796,0.23379310965538047,-0.04446812346577637,Yes,Script 05 possible_day7_bug_eaten_cells.csv,NDVI: Linear projection from the latest valid multispectral trend; NDRE: Linear projection from the latest valid multispectral trend,-0.014054656028747487,0.001058798283338544,-0.03950488567352273,0.013168156147003236
7,Day 7,2026-07-07,8,10,3,Tray 4,4,DJI_20260707125241_0004,PASS_AUTO,66,7,6,753.0104362223759,786.0651080537804,691.8505768681747,734.1187776382473,814.1850333081396,733.9729217787902,814.2363491794167,837.9183821100767,692.032032577182,838.1235512952807,projection_regular_lattice,No,12915,12915,1.0,0.2886613309383392,0.2932409048080444,0.2570897042751312,-0.0548897162079811,0.5895094871520996,0.865040650406504,12915,12915,1.0,-0.0503872223198413,-0.048252910375595,0.2542665898799896,-0.4121648371219635,0.3060758411884308,0.356794425087108,No Microbes,Heat,Dynamic Heat,Inside,Dynamic Heat,Inside recovery,Not Moisture,Daily watering,No Microbes | Heat,Heat | Dynamic Heat,No Microbes | Dynamic Heat,0.2886613309383392,-0.0503872223198413,0.2592308670282365,-0.022021419368684424,Yes,Script 05 possible_day7_bug_eaten_cells.csv,NDVI: Linear projection from the latest valid multispectral trend; NDRE: Linear projection from the latest valid multispectral trend,-0.013146653771400398,0.0025793137028812915,-0.029430463910102678,0.028365802951156878
7,Day 7,2026-07-07,8,10,3,Tray 4,4,DJI_20260707125241_0004,PASS_AUTO,67,7,7,888.9984962697778,785.9317815874457,827.7910693038648,733.9628843169205,950.3652607869536,733.9280658627221,950.2719768385306,837.8076224987341,827.827925193172,837.9017542786794,projection_regular_lattice,No,12915,12915,1.0,0.2707369923591614,0.2268263399600982,0.2382293492555618,-0.0343478918075561,0.5619197487831116,0.8797522260936895,12915,12915,1.0,-0.0659893825650215,-0.0516178719699382,0.2382129877805709,-0.3967483043670654,0.2263199985027313,0.3262872628726287,No Microbes,Heat,Dynamic Heat,Inside,Dynamic Heat,Inside recovery,Not Moisture,Daily watering,No Microbes | Heat,Heat | Dynamic Heat,No Microbes | Dynamic Heat,0.2707369923591614,-0.0659893825650215,0.23708839714527152,-0.026384547352790867,Yes,Script 05 possible_day7_bug_eaten_cells.csv,NDVI: Linear projection from the latest valid multispectral trend; NDRE: Linear projection from the latest valid multispectral trend,-0.014431580901145866,0.006701838225126243,-0.033648595213889854,0.039604835212230634
7,Day 7,2026-07-07,8,10,3,Tray 5,5,DJI_20260707125327_0005,PASS_AUTO,1,1,1,68.94115102334027,87.96796712623774,8.16728610056505,35.26618376018665,129.1821367482741,35.44301676572613,129.65527125960313,140.67233523266458,8.735101414122099,140.45327395713178,projection_regular_lattice,No,12992,12992,1.0,0.3126838207244873,0.3679633140563965,0.235442116856575,-0.006576785352081,0.5712684392929077,0.8968596059113301,12992,12992,1.0,-0.0386574380099773,-0.0418601743876934,0.2671433091163635,-0.4037463068962097,0.3034979701042175,0.4603602216748768,Microbes,Moisture,Inside,Inside,Inside,Not Heat,Final unwatered interval,No,Microbes | Moisture,Moisture | Inside,Microbes | Inside,0.3126838207244873,-0.0386574380099773,0.2733585089445116,-0.0921731228008865,Yes,Script 05 possible_day7_bug_eaten_cells.csv,NDVI: Linear projection from the latest valid multispectral trend; NDRE: Linear projection from the latest valid multispectral trend,-0.01090089976787561,-0.012514646165072902,-0.039325311779975725,-0.05351568479090921
7,Day 7,2026-07-07,8,10,3,Tray 5,5,DJI_20260707125327_0005,PASS_AUTO,4,1,4,474.2713865099101,88.58046659089591,413.0237625248056,35.82250007599462,535.3017339712666,35.97093847925669,535.4592658085022,141.34101784617295,413.27597516426925,141.15035117291754,projection_regular_lattice,No,13038,13038,1.0,0.2723071575164795,0.2074657082557678,0.2368522137403488,-0.0173746682703495,0.5577423572540283,0.8907040957202025,13038,13038,1.0,-0.0562169663608074,-0.0782775431871414,0.2344893366098404,-0.3673472702503204,0.2334768772125244,0.3469857340082835,Microbes,Moisture,Inside,Inside,Inside,Not Heat,Final unwatered interval,No,Microbes | Moisture,Moisture | Inside,Microbes | Inside,0.2723071575164795,-0.0562169663608074,0.20803347229957594,-0.13687000051140785,Yes,Script 05 possible_day7_bug_eaten_cells.csv,NDVI: Linear projection from the latest valid multispectral trend; NDRE: Linear projection from the latest valid multispectral trend,-0.018859565258026078,-0.01811249181628229,-0.06427368521690355,-0.08065303415060046
7,Day 7,2026-07-07,8,10,3,Tray 5,5,DJI_20260707125327_0005,PASS_AUTO,6,1,6,746.8306560912379,88.9362169705247,685.2671927312472,36.1407950230566,808.3872447102095,36.270303691467085,808.3343747647162,141.7342236583685,685.309003587982,141.5624867199647,projection_regular_lattice,No,13268,13268,1.0,0.2851031720638275,0.2659461796283722,0.2377824038267135,-0.0091462098062038,0.5735645890235901,0.8947844437744951,13268,13268,1.0,-0.0506240800023078,-0.0593713633716106,0.2384561002254486,-0.3772344291210174,0.2522871196269989,0.3708170033162496,Microbes,Moisture,Inside,Inside,Inside,Not Heat,Final unwatered interval,No,Microbes | Moisture,Moisture | Inside,Microbes | Inside,0.2851031720638275,-0.0506240800023078,0.25774213671684265,-0.11557902023196219,Yes,Script 05 possible_day7_bug_eaten_cells.csv,NDVI: Linear projection from the latest valid multispectral trend; NDRE: Linear projection from the latest valid multispectral trend,-0.010317921638488747,-0.013575751334428798,-0.027361035346984863,-0.0649549402296544
7,Day 7,2026-07-07,8,10,3,Tray 5,5,DJI_20260707125327_0005,PASS_AUTO,8,1,8,1021.2612157447908,89.2499012727055,959.3819130099138,36.41702389267059,1083.3440455213774,36.52760282622948,1083.0807737931552,142.08536339311615,959.2133220839196,141.9325561895639,projection_regular_lattice,No,13313,13313,1.0,0.2929359376430511,0.258523941040039,0.2180629074573516,0.0544063299894332,0.5689343810081482,0.927514459550815,13313,13313,1.0,-0.0478637181222438,-0.0700287446379661,0.2229994982481002,-0.3443860709667206,0.2538176476955414,0.3734695410501014,Microbes,Moisture,Inside,Inside,Inside,Not Heat,Final unwatered interval,No,Microbes | Moisture,Moisture | Inside,Microbes | Inside,0.2929359376430511,-0.0478637181222438,0.31956322491169,-0.026019455865025458,Yes,Script 05 possible_day7_bug_eaten_cells.csv,NDVI: Linear projection from the latest valid multispectral trend; NDRE: Linear projection from the latest valid multispectral trend,0.002342298626899794,0.0064760427922010465,0.02662728726863889,0.02184426225721834
7,Day 7,2026-07-07,8,10,3,Tray 5,5,DJI_20260707125327_0005,PASS_AUTO,9,1,9,1159.1782293486517,89.3909686447529,1097.141006926331,36.539363548434594,1221.5241797040453,36.6404776145677,1221.1557070844588,142.24515848144694,1096.867215108973,142.10181614532053,projection_regular_lattice,No,13303,13303,1.0,0.2899067103862762,0.2625607848167419,0.2103943973779678,0.0459566079080104,0.5559776425361633,0.930166127941066,13303,13303,1.0,-0.0499012060463428,-0.079335793852806,0.2268600463867187,-0.3316252529621124,0.2750467360019684,0.3629256558670976,Microbes,Moisture,Inside,Inside,Inside,Not Heat,Final unwatered interval,No,Microbes | Moisture,Moisture | Inside,Microbes | Inside,0.2899067103862762,-0.0499012060463428,0.26861412823200237,-0.08292284235358244,Yes,Script 05 possible_day7_bug_eaten_cells.csv,NDVI: Linear projection from the latest valid multispectral trend; NDRE: Linear projection from the latest valid multispectral trend,-0.005921736359596215,-0.005223292857408546,-0.02129258215427382,-0.03302163630723964
7,Day 7,2026-07-07,8,10,3,Tray 5,5,DJI_20260707125327_0005,PASS_AUTO,10,1,10,1297.5630654705683,89.5215194974383,1235.3679233608054,36.6511866848366,1360.1721364047698,36.7428358835439,1359.698462893819,142.39443705041575,1234.988930652083,142.2605595817151,projection_regular_lattice,No,13356,13356,1.0,0.3030691146850586,0.2919498980045318,0.2011886984109878,0.0792920589447021,0.5535198450088501,0.9435459718478586,13356,13356,1.0,-0.0469699539244174,-0.0934744849801063,0.2190282493829727,-0.3247068524360657,0.2480954229831695,0.3888140161725067,Microbes,Moisture,Inside,Inside,Inside,Not Heat,Final unwatered interval,No,Microbes | Moisture,Moisture | Inside,Microbes | Inside,0.3030691146850586,-0.0469699539244174,0.35008054971694946,-0.02995334938168511,Yes,Script 05 possible_day7_bug_eaten_cells.csv,NDVI: Linear projection from the latest valid multispectral trend; NDRE: Linear projection from the latest valid multispectral trend,0.010544955730438257,0.004666332155466095,0.04701143503189087,0.017016604542732287
7,Day 7,2026-07-07,8,10,3,Tray 5,5,DJI_20260707125327_0005,PASS_AUTO,12,2,2,203.78028345557428,205.09229528177065,143.13918450282654,152.3847680482179,264.4698745254217,152.59905648632414,264.3616377218096,257.8024072556991,143.12562850144246,257.54589054759947,projection_regular_lattice,No,12993,12993,1.0,0.2644751369953155,0.2003684937953949,0.2341178953647613,-0.0245344750583171,0.5645930767059326,0.8832448241360733,12993,12993,1.0,-0.0725558474659919,-0.0938960835337638,0.2397905588150024,-0.3783588707447052,0.252742052078247,0.3160932809974601,Microbes,Moisture,Inside,Inside,Inside,Not Heat,Final unwatered interval,No,Microbes | Moisture,Moisture | Inside,Microbes | Inside,0.2644751369953155,-0.0725558474659919,0.24982424080371846,-0.15227731317281715,Yes,Script 05 possible_day7_bug_eaten_cells.csv,NDVI: Linear projection from the latest valid multispectral trend; NDRE: Linear projection from the latest valid multispectral trend,-0.012469753623008752,-0.021680526435375214,-0.01465089619159704,-0.07972146570682524
7,Day 7,2026-07-07,8,10,3,Tray 5,5,DJI_20260707125327_0005,PASS_AUTO,13,2,3,338.7734720718037,205.34859543664845,277.9744534316129,152.6223404868123,399.7261837204587,152.82716405749278,399.5127460254822,258.07743512686034,277.8556965388643,257.83038328618653,projection_regular_lattice,No,13038,13038,1.0,0.2895506024360657,0.2635161578655243,0.24196657538414,-0.021654475480318,0.581981360912323,0.8891701181162756,13038,13038,1.0,-0.0391563698649406,-0.0586866587400436,0.2413980662822723,-0.3925255835056305,0.2729369103908539,0.3849516797054763,Microbes,Moisture,Inside,Inside,Inside,Not Heat,Final unwatered interval,No,Microbes | Moisture,Moisture | Inside,Microbes | Inside,0.2895506024360657,-0.0391563698649406,0.2964093238115312,-0.0507618689443913,Yes,Script 05 possible_day7_bug_eaten_cells.csv,NDVI: Linear projection from the latest valid multispectral trend; NDRE: Linear projection from the latest valid multispectral trend,-0.011736556887626606,-0.011702147545292899,0.006858721375465504,-0.011605499079450701
7,Day 7,2026-07-07,8,10,3,Tray 5,5,DJI_20260707125327_0005,PASS_AUTO,15,2,5,610.1633168584314,205.8296461883181,549.0484588433542,153.06593580591516,671.6422696647014,153.25182964174405,671.2184301869961,258.5959413110968,548.7193001678769,258.3678192052746,projection_regular_lattice,No,13152,13152,1.0,0.2721580564975738,0.241953507065773,0.2460079789161682,-0.0320677608251571,0.5577882528305054,0.8853406326034063,13152,13152,1.0,-0.0286667253822088,-0.0282485876232385,0.2321788370609283,-0.3584116995334625,0.2445319145917892,0.3904349148418491,Microbes,Moisture,Inside,Inside,Inside,Not Heat,Final unwatered interval,No,Microbes | Moisture,Moisture | Inside,Microbes | Inside,0.2721580564975738,-0.0286667253822088,0.24272306263446822,-0.047285951673984535,Yes,Script 05 possible_day7_bug_eaten_cells.csv,NDVI: Linear projection from the latest valid multispectral trend; NDRE: Linear projection from the latest valid multispectral trend,-0.009264811873435929,0.0006489492952823553,-0.02943499386310558,-0.018619226291775735
7,Day 7,2026-07-07,8,10,3,Tray 5,5,DJI_20260707125327_0005,PASS_AUTO,17,2,7,883.424451717284,206.2686308625398,821.9937543273207,153.46746504757004,945.4296456811692,153.63442914854733,944.7954044207348,259.0723814178853,821.4541938691145,258.86318904691467,projection_regular_lattice,No,13260,13260,1.0,0.314828097820282,0.3617323338985443,0.2336868047714233,0.0545432791113853,0.5743999481201172,0.9236802413273002,13260,13260,1.0,-0.014540484175086,-0.0211984142661094,0.2203054279088974,-0.3229401707649231,0.2471964359283447,0.4343891402714932,Microbes,Moisture,Inside,Inside,Inside,Not Heat,Final unwatered interval,No,Microbes | Moisture,Moisture | Inside,Microbes | Inside,0.314828097820282,-0.014540484175086,0.30846318602561973,-0.014009240549057755,Yes,Script 05 possible_day7_bug_eaten_cells.csv,NDVI: Linear projection from the latest valid multispectral trend; NDRE: Linear projection from the latest valid multispectral trend,-0.005634486675262358,8.725794032214882e-05,-0.0063649117946622535,0.0005312436260282456
7,Day 7,2026-07-07,8,10,3,Tray 5,5,DJI_20260707125327_0005,PASS_AUTO,21,3,1,69.03960544304333,321.60200342487263,8.84711183520922,268.92618775638505,129.65156070018935,269.1968613619097,129.17235436436508,374.2804038337361,8.462586301612932,373.967501958218,projection_regular_lattice,No,12932,12932,1.0,0.2986509799957275,0.3193387687206268,0.2413562387228012,-0.0087330853566527,0.5790673494338989,0.8929013300340242,12932,12932,1.0,-0.0561397969722747,-0.1075050681829452,0.2509505152702331,-0.3932918608188629,0.2832218408584595,0.3959171048561707,Microbes,Moisture,Inside,Inside,Inside,Not Heat,Final unwatered interval,No,Microbes | Moisture,Moisture | Inside,Microbes | Inside,0.2986509799957275,-0.0561397969722747,0.25966362655162833,-0.10836349800229078,Yes,Script 05 possible_day7_bug_eaten_cells.csv,NDVI: Linear projection from the latest valid multispectral trend; NDRE: Linear projection from the latest valid multispectral trend,-0.01431621611118309,-0.018596172332763696,-0.03898735344409915,-0.052223701030016084
7,Day 7,2026-07-07,8,10,3,Tray 5,5,DJI_20260707125327_0005,PASS_AUTO,22,3,2,203.4480816619227,321.92095376577095,143.09766836664554,269.22641038099994,264.32315749787625,269.4876191190988,263.73875027068755,374.61808189091767,142.60794194168477,374.3146448828255,projection_regular_lattice,No,12993,12993,1.0,0.2698611617088318,0.2141453772783279,0.2443285435438156,-0.0337856076657772,0.5817375183105469,0.8741630108519972,12993,12993,1.0,-0.0612349659204483,-0.0936039537191391,0.253537654876709,-0.4003506600856781,0.3005970120429992,0.3378742399753713,Microbes,Moisture,Inside,Inside,Inside,Not Heat,Final unwatered interval,No,Microbes | Moisture,Moisture | Inside,Microbes | Inside,0.2698611617088318,-0.0612349659204483,0.21874469518661516,-0.1317530795931815,Yes,Script 05 possible_day7_bug_eaten_cells.csv,NDVI: Linear projection from the latest valid multispectral trend; NDRE: Linear projection from the latest valid multispectral trend,-0.017501801252365053,-0.0190828889608383,-0.05111646652221663,-0.0705181136727332
7,Day 7,2026-07-07,8,10,3,Tray 5,5,DJI_20260707125327_0005,PASS_AUTO,23,3,3,338.32438039885835,322.2293875873072,277.8160474161381,269.5161164862528,399.4625768136194,269.7678603569259,398.7729686950663,374.9452434287374,277.22112009981294,374.6512712880709,projection_regular_lattice,No,12985,12985,1.0,0.3278983533382416,0.3930405080318451,0.247507095336914,-0.0323487482964992,0.5988664031028748,0.8868694647670389,12985,12985,1.0,-0.02525569871068,-0.0420112460851669,0.2532714307308197,-0.4267144501209259,0.2866893410682678,0.4637658837119753,Microbes,Moisture,Inside,Inside,Inside,Not Heat,Final unwatered interval,No,Microbes | Moisture,Moisture | Inside,Microbes | Inside,0.3278983533382416,-0.02525569871068,0.3175989240407944,-0.027815429202746496,Yes,Script 05 possible_day7_bug_eaten_cells.csv,NDVI: Linear projection from the latest valid multispectral trend; NDRE: Linear projection from the latest valid multispectral trend,-0.01385922729969024,-0.0056658625253475986,-0.010299429297447205,-0.002559730492066495
7,Day 7,2026-07-07,8,10,3,Tray 5,5,DJI_20260707125327_0005,PASS_AUTO,24,3,4,473.66850165385017,322.52730488948146,413.00224898368674,269.79530607214366,535.0698186474189,270.0375850753909,534.2750096375012,375.2618884471951,412.30212077599714,374.9773811739544,projection_regular_lattice,No,13038,13038,1.0,0.2658259570598602,0.1909941583871841,0.2391045838594436,-0.022493815049529,0.5621224045753479,0.8841079920233165,13038,13038,1.0,-0.0485927239060401,-0.0520231202244758,0.2379471808671951,-0.3590683043003082,0.2302861958742141,0.3428439944776806,Microbes,Moisture,Inside,Inside,Inside,Not Heat,Final unwatered interval,No,Microbes | Moisture,Moisture | Inside,Microbes | Inside,0.2658259570598602,-0.0485927239060401,0.25092728435993206,-0.0701972618699075,Yes,Script 05 possible_day7_bug_eaten_cells.csv,NDVI: Linear projection from the latest valid multispectral trend; NDRE: Linear projection from the latest valid multispectral trend,-0.011324331164360012,-0.006801158189773601,-0.014898672699928117,-0.021604537963867403
7,Day 7,2026-07-07,8,10,3,Tray 5,5,DJI_20260707125327_0005,PASS_AUTO,25,3,5,609.4804454268984,322.81470567229377,548.6562730692917,270.0639791386725,671.1448829992745,270.296793274494,670.2448730979925,375.5680169462908,547.8509439702378,375.292974540476,projection_regular_lattice,No,13099,13099,1.0,0.2973762452602386,0.3535108864307403,0.2528063058853149,-0.0553867481648922,0.5787186622619629,0.8770135124818689,13099,13099,1.0,-0.0326030291616916,-0.0295411683619022,0.2365456372499466,-0.4069741666316986,0.2513825893402099,0.4195740132834567,Microbes,Moisture,Inside,Inside,Inside,Not Heat,Final unwatered interval,No,Microbes | Moisture,Moisture | Inside,Microbes | Inside,0.2973762452602386,-0.0326030291616916,0.29583902657032035,-0.020132266916334653,Yes,Script 05 possible_day7_bug_eaten_cells.csv,NDVI: Linear projection from the latest valid multispectral trend; NDRE: Linear projection from the latest valid multispectral trend,-0.004801139235496455,0.003326079808175549,-0.0015372186899182405,0.01247076224535695
7,Day 7,2026-07-07,8,10,3,Tray 5,5,DJI_20260707125327_0005,PASS_AUTO,26,3,6,745.7602117180027,323.091589935744,684.778119672953,270.32213568583944,807.6877698691865,270.5454849542351,806.68255907654,375.8636289260244,683.8675896825346,375.5980513876354,projection_regular_lattice,No,13207,13207,1.0,0.3248768448829651,0.3959938287734985,0.2319095134735107,0.044753897935152,0.5687987208366394,0.9172408571212236,13207,13207,1.0,-0.0252304282039403,-0.0217065867036581,0.2222307324409485,-0.3893578946590423,0.2170693725347519,0.4136442795487242,Microbes,Moisture,Inside,Inside,Inside,Not Heat,Final unwatered interval,No,Microbes | Moisture,Moisture | Inside,Microbes | Inside,0.3248768448829651,-0.0252304282039403,0.32164438068866735,-0.01924915378913286,Yes,Script 05 possible_day7_bug_eaten_cells.csv,NDVI: Linear projection from the latest valid multispectral trend; NDRE: Linear projection from the latest valid multispectral trend,-0.005976125597953772,-0.0014181449078023536,-0.003232464194297735,0.00598127441480744
7,Day 7,2026-07-07,8,10,3,Tray 5,5,DJI_20260707125327_0005,PASS_AUTO,27,3,7,882.5078005271633,323.35795767983234,821.3677887946706,270.5697757136443,944.6984792571544,270.78366011461424,943.5880675731436,376.14872438639617,820.3520579128876,375.8926117154329,projection_regular_lattice,No,13250,13250,1.0,0.3193990290164947,0.3832741677761078,0.2365942299365997,0.0289837997406721,0.5823124051094055,0.9119245283018867,13250,13250,1.0,-0.0122100114822387,-0.0196713153272867,0.234550729393959,-0.3541666567325592,0.2743401229381561,0.4465660377358491,Microbes,Moisture,Inside,Inside,Inside,Not Heat,Final unwatered interval,No,Microbes | Moisture,Moisture | Inside,Microbes | Inside,0.3193990290164947,-0.0122100114822387,0.326564073562622,-0.020594227127730753,Yes,Script 05 possible_day7_bug_eaten_cells.csv,NDVI: Linear projection from the latest valid multispectral trend; NDRE: Linear projection from the latest valid multispectral trend,-0.0028704404830932582,-0.0004770411178469511,0.007165044546127319,-0.008384215645492053
7,Day 7,2026-07-07,8,10,3,Tray 5,5,DJI_20260707125327_0005,PASS_AUTO,28,3,8,1019.7232118543802,323.6138089045586,958.4252804344444,270.8068992220872,1082.177011163179,271.0113187556313,1080.9613985878036,376.4233033274058,957.304348661297,376.1766555238684,projection_regular_lattice,No,13250,13250,1.0,0.2946696579456329,0.2625280916690826,0.2180951684713363,0.0293053407222032,0.5488481521606445,0.9157735849056604,13250,13250,1.0,-0.0358511134982109,-0.0465116277337074,0.2292389720678329,-0.3681924343109131,0.237689733505249,0.3950943396226415,Microbes,Moisture,Inside,Inside,Inside,Not Heat,Final unwatered interval,No,Microbes | Moisture,Moisture | Inside,Microbes | Inside,0.2946696579456329,-0.0358511134982109,0.22894106805324577,-0.08570603758562333,Yes,Script 05 possible_day7_bug_eaten_cells.csv,NDVI: Linear projection from the latest valid multispectral trend; NDRE: Linear projection from the latest valid multispectral trend,-0.02364622056484215,-0.017871585092507244,-0.06572858989238711,-0.049854924087412426
7,Day 7,2026-07-07,8,10,3,Tray 5,5,DJI_20260707125327_0005,PASS_AUTO,30,3,10,1295.5575020629826,324.0939617959252,1233.9437312681607,271.2495966808869,1358.5375425293964,271.43508647957947,1357.111528171292,376.9409116513392,1232.6123977122843,376.7131935826534,projection_regular_lattice,No,13429,13429,1.0,0.3358223736286163,0.3719893097877502,0.2077438831329345,0.0622037313878536,0.574059247970581,0.9387891875791198,13429,13429,1.0,-0.0272469334304332,-0.0481187626719474,0.2413482218980789,-0.3639332950115204,0.2876999676227569,0.4402412688956735,Microbes,Moisture,Inside,Inside,Inside,Not Heat,Final unwatered interval,No,Microbes | Moisture,Moisture | Inside,Microbes | Inside,0.3358223736286163,-0.0272469334304332,0.3559267669916156,-0.022719286032952257,Yes,Script 05 possible_day7_bug_eaten_cells.csv,NDVI: Linear projection from the latest valid multispectral trend; NDRE: Linear projection from the latest valid multispectral trend,0.0013589411973954162,-0.0038211912615224524,0.020104393362999295,0.004527647397480943
7,Day 7,2026-07-07,8,10,3,Tray 5,5,DJI_20260707125327_0005,PASS_AUTO,31,4,1,68.29521528026707,438.29754157826335,8.393407329903527,385.6347097585575,129.09265530351922,385.9523036640747,128.13727854411826,490.962958138345,7.532711372730563,490.6031359628344,projection_regular_lattice,No,12879,12879,1.0,0.2896070182323456,0.302236407995224,0.2508187294006347,-0.0608996897935867,0.5890491008758545,0.8570541191086265,12879,12879,1.0,-0.0592910647392272,-0.1005106121301651,0.2669268846511841,-0.4208957552909851,0.2929624617099762,0.3844242565416569,Microbes,Moisture,Inside,Inside,Inside,Not Heat,Final unwatered interval,No,Microbes | Moisture,Moisture | Inside,Microbes | Inside,0.2896070182323456,-0.0592910647392272,0.2668854892253876,-0.08703344780951736,Yes,Script 05 possible_day7_bug_eaten_cells.csv,NDVI: Linear projection from the latest valid multispectral trend; NDRE: Linear projection from the latest valid multispectral trend,-0.011664360761642437,-0.01209484692662955,-0.022721529006958008,-0.027742383070290158
7,Day 7,2026-07-07,8,10,3,Tray 5,5,DJI_20260707125327_0005,PASS_AUTO,33,4,3,337.3462104774944,439.0291930740148,277.12856315224474,386.32890582174207,398.6698916583617,386.62756999240776,397.5041131162318,491.73206506666327,276.0574654123429,491.39117262600416,projection_regular_lattice,No,13039,13039,1.0,0.274537980556488,0.2662518918514251,0.2615042924880981,-0.0375981442630291,0.5768061876296997,0.8884116880128844,13039,13039,1.0,-0.0379514656960964,-0.0606505759060382,0.2603572309017181,-0.4152903854846954,0.3040272891521454,0.3731881279239205,Microbes,Moisture,Inside,Inside,Inside,Not Heat,Final unwatered interval,No,Microbes | Moisture,Moisture | Inside,Microbes | Inside,0.274537980556488,-0.0379514656960964,0.23939362168312087,-0.10059658251702772,Yes,Script 05 possible_day7_bug_eaten_cells.csv,NDVI: Linear projection from the latest valid multispectral trend; NDRE: Linear projection from the latest valid multispectral trend,-0.014619231224060013,-0.013356098905205702,-0.035144358873367115,-0.06264511682093132
7,Day 7,2026-07-07,8,10,3,Tray 5,5,DJI_20260707125327_0005,PASS_AUTO,34,4,4,472.5734418531925,439.37924404284746,412.1978748404996,386.6602290742914,534.1602436128672,386.94942837753126,532.889264179373,492.10084375177934,411.0215762092333,491.7694161785461,projection_regular_lattice,No,13038,13038,1.0,0.2776506841182709,0.2722896933555603,0.2380617409944534,-0.0361620672047138,0.5732495188713074,0.8714526767909189,13038,13038,1.0,-0.0520020052790641,-0.0520231202244758,0.2373558133840561,-0.3671493530273437,0.2637608349323272,0.3337168277343151,Microbes,Moisture,Inside,Inside,Inside,Not Heat,Final unwatered interval,No,Microbes | Moisture,Moisture | Inside,Microbes | Inside,0.2776506841182709,-0.0520020052790641,0.2771289348602297,-0.04396518319845184,Yes,Script 05 possible_day7_bug_eaten_cells.csv,NDVI: Linear projection from the latest valid multispectral trend; NDRE: Linear projection from the latest valid multispectral trend,-0.012179434299468923,-0.003948930650949448,-0.0005217492580411598,0.008036822080612259
7,Day 7,2026-07-07,8,10,3,Tray 5,5,DJI_20260707125327_0005,PASS_AUTO,35,4,5,608.2684957469468,439.7187784923182,547.7350090468108,386.9810358074786,670.1184180854291,387.2607702432928,668.7422377605703,492.4591059175335,546.45350952418,492.1371432117261,projection_regular_lattice,No,13091,13091,1.0,0.3089375793933868,0.3510520458221435,0.2507630884647369,-0.0274656675755977,0.5909376740455627,0.8858757925292186,13091,13091,1.0,-0.0147289587184786,-0.0246465653181076,0.2474654614925384,-0.3762392997741699,0.3062840104103088,0.4089832709495073,Microbes,Moisture,Inside,Inside,Inside,Not Heat,Final unwatered interval,No,Microbes | Moisture,Moisture | Inside,Microbes | Inside,0.3089375793933868,-0.0147289587184786,0.26277385652065294,-0.06503856228664519,Yes,Script 05 possible_day7_bug_eaten_cells.csv,NDVI: Linear projection from the latest valid multispectral trend; NDRE: Linear projection from the latest valid multispectral trend,-0.014929994940757696,-0.010928647127002495,-0.04616372287273385,-0.05030960356816659
7,Day 7,2026-07-07,8,10,3,Tray 5,5,DJI_20260707125327_0005,PASS_AUTO,36,4,6,744.4313721587572,440.0477964224269,683.7399657711783,387.291326021304,806.5444150760472,387.5615955896923,805.063033859824,492.8068515639256,682.3532653571831,492.494353725544,projection_regular_lattice,No,13146,13146,1.0,0.3250678479671478,0.399571806192398,0.2592961192131042,-0.0035466304980218,0.609444260597229,0.8990567472995588,13146,13146,1.0,0.0029214834794402,-0.0055248620919883,0.2478230595588684,-0.4140193462371826,0.3152689933776855,0.4671382930168872,Microbes,Moisture,Inside,Inside,Inside,Not Heat,Final unwatered interval,No,Microbes | Moisture,Moisture | Inside,Microbes | Inside,0.3250678479671478,0.0029214834794402,0.30638043582439406,-0.00788030214607721,Yes,Script 05 possible_day7_bug_eaten_cells.csv,NDVI: Linear projection from the latest valid multispectral trend; NDRE: Linear projection from the latest valid multispectral trend,-0.006192132830619842,0.0034157484769820963,-0.018687412142753768,-0.01080178562551741
7,Day 7,2026-07-07,8,10,3,Tray 5,5,DJI_20260707125327_0005,PASS_AUTO,37,4,7,881.0620710886241,440.3662978331736,820.212745013602,387.5910997157673,943.4382345847216,387.8519044167298,941.8516524771338,493.1440806909558,818.7208437082423,492.8410477199999,projection_regular_lattice,No,13144,13144,1.0,0.3147619068622589,0.3817614316940307,0.2518273591995239,-0.0051887901499867,0.5849520564079285,0.8985088253195375,13144,13144,1.0,-0.007190307136625,-0.0103499200195074,0.2560068964958191,-0.4079422354698181,0.3026612997055053,0.4602099817407182,Microbes,Moisture,Inside,Inside,Inside,Not Heat,Final unwatered interval,No,Microbes | Moisture,Moisture | Inside,Microbes | Inside,0.3147619068622589,-0.007190307136625,0.31817823648452764,-0.0145746991038322,Yes,Script 05 possible_day7_bug_eaten_cells.csv,NDVI: Linear projection from the latest valid multispectral trend; NDRE: Linear projection from the latest valid multispectral trend,-0.0029262900352477763,0.0011434480547905,0.0034163296222687323,-0.0073843919672071994
7,Day 7,2026-07-07,8,10,3,Tray 5,5,DJI_20260707125327_0005,PASS_AUTO,38,4,8,1018.160592536547,440.6742827245584,957.153346774082,387.8803568908687,1080.7998766114522,388.1316967244054,1079.1080936125,493.4707932986239,955.5562445773578,493.1772251950938,projection_regular_lattice,No,13197,13197,1.0,0.3353006243705749,0.4204204082489013,0.241361990571022,0.0260833408683538,0.5722476840019226,0.9097522164128212,13197,13197,1.0,0.0011938554234802,0.0041186162270605,0.2557818293571472,-0.4259349703788757,0.2662000060081482,0.5054936728044253,Microbes,Moisture,Inside,Inside,Inside,Not Heat,Final unwatered interval,No,Microbes | Moisture,Moisture | Inside,Microbes | Inside,0.3353006243705749,0.0011938554234802,0.3425162881612777,0.02637995919212692,Yes,Script 05 possible_day7_bug_eaten_cells.csv,NDVI: Linear projection from the latest valid multispectral trend; NDRE: Linear projection from the latest valid multispectral trend,-0.0023827403783798226,0.01034833630546924,0.00721566379070282,0.02518610376864672
7,Day 7,2026-07-07,8,10,3,Tray 5,5,DJI_20260707125327_0005,PASS_AUTO,39,4,9,1155.7269365025263,440.9717510965812,1094.561771052618,388.159097546608,1218.6293411562383,388.4009725127189,1216.8323572659222,493.78698938693,1092.8594679645296,493.50288615082576,projection_regular_lattice,No,13375,13375,1.0,0.2836170494556427,0.2606232166290283,0.2289101779460907,-0.0053444784134626,0.5599214434623718,0.8972710280373831,13375,13375,1.0,-0.0441650226712226,-0.0501346327364444,0.2341714948415756,-0.3814173638820648,0.2504710257053375,0.3805607476635514,Microbes,Moisture,Inside,Inside,Inside,Not Heat,Final unwatered interval,No,Microbes | Moisture,Moisture | Inside,Microbes | Inside,0.2836170494556427,-0.0441650226712226,0.3296088427305222,-0.0025775553658605246,Yes,Script 05 possible_day7_bug_eaten_cells.csv,NDVI: Linear projection from the latest valid multispectral trend; NDRE: Linear projection from the latest valid multispectral trend,0.002631828188896198,0.009261141531169392,0.04599179327487951,0.04158746730536207
7,Day 7,2026-07-07,8,10,3,Tray 5,5,DJI_20260707125327_0005,PASS_AUTO,40,4,10,1293.761102986562,441.25870294924187,1232.4380178492106,388.4273216829853,1356.9266282190815,388.6597317816705,1355.0244434374008,494.0926689558741,1230.6305138697578,493.81803058719566,projection_regular_lattice,No,13367,13367,1.0,0.2894808948040008,0.2902787327766418,0.2057538777589798,0.0349091738462448,0.5352697372436523,0.9221216428517992,13367,13367,1.0,-0.0680772587656974,-0.0621190518140792,0.2057381272315979,-0.3628653287887573,0.181508332490921,0.353108401286751,Microbes,Moisture,Inside,Inside,Inside,Not Heat,Final unwatered interval,No,Microbes | Moisture,Moisture | Inside,Microbes | Inside,0.2894808948040008,-0.0680772587656974,0.33779355883598333,-0.025163976475596588,Yes,Script 05 possible_day7_bug_eaten_cells.csv,NDVI: Linear projection from the latest valid multispectral trend; NDRE: Linear projection from the latest valid multispectral trend,0.006466895341873204,0.008309887722134536,0.04831266403198253,0.04291328229010081
7,Day 7,2026-07-07,8,10,3,Tray 5,5,DJI_20260707125327_0005,PASS_AUTO,43,5,3,335.838962307712,555.7480118967711,275.91200063993284,503.0607084932802,397.3481282546853,503.4062929639384,395.7061792889788,608.4379000406378,274.3647324764543,608.0500872999862,projection_regular_lattice,No,12985,12985,1.0,0.2886072099208832,0.356334239244461,0.2869195640087127,-0.0958738103508949,0.6015096306800842,0.8701578744705429,12985,12985,1.0,-0.02906428091228,-0.0385964922606945,0.277235209941864,-0.4588528573513031,0.329721063375473,0.4234116288024643,Microbes,Moisture,Inside,Inside,Inside,Not Heat,Final unwatered interval,No,Microbes | Moisture,Moisture | Inside,Microbes | Inside,0.2886072099208832,-0.02906428091228,0.2582762837409972,-0.03897384647279986,Yes,Script 05 possible_day7_bug_eaten_cells.csv,NDVI: Linear projection from the latest valid multispectral trend; NDRE: Linear projection from the latest valid multispectral trend,-0.01380038261413577,-0.003850665874779253,-0.030330926179885975,-0.009909565560519862
7,Day 7,2026-07-07,8,10,3,Tray 5,5,DJI_20260707125327_0005,PASS_AUTO,45,5,5,606.5274678185766,556.5418646483915,546.2846667759113,503.8171058123337,668.5628749231652,504.14376054814034,666.7105241747297,609.269208224825,544.5269968297039,608.9003252190249,projection_regular_lattice,No,13091,13091,1.0,0.3126943707466125,0.3909774422645569,0.2583908140659332,-0.0372448973357677,0.5773694515228271,0.8909174241845542,13091,13091,1.0,-0.017662551254034,-0.0173913035541772,0.2430378943681717,-0.3992815613746643,0.2608806192874908,0.4293789626460927,Microbes,Moisture,Inside,Inside,Inside,Not Heat,Final unwatered interval,No,Microbes | Moisture,Moisture | Inside,Microbes | Inside,0.3126943707466125,-0.017662551254034,0.3046487420797348,-0.009894982678815594,Yes,Script 05 possible_day7_bug_eaten_cells.csv,NDVI: Linear projection from the latest valid multispectral trend; NDRE: Linear projection from the latest valid multispectral trend,-0.00966127216815947,-0.0025823500473051977,-0.008045628666877691,0.007767568575218407
7,Day 7,2026-07-07,8,10,3,Tray 5,5,DJI_20260707125327_0005,PASS_AUTO,46,5,6,742.5734543510933,556.9230162451586,682.1727336209849,504.1795296928175,804.8719820344894,504.4967195611984,802.9144303946895,609.6690875378755,680.309862783413,609.3096693995012,projection_regular_lattice,No,13207,13207,1.0,0.331147164106369,0.4213197827339172,0.2631717026233673,-0.0388309694826602,0.6092534065246582,0.8904368895282805,13207,13207,1.0,0.0048139439895749,0.0,0.2555460333824157,-0.4320685565471649,0.3198182880878448,0.4827742863632921,Microbes,Moisture,Inside,Inside,Inside,Not Heat,Final unwatered interval,No,Microbes | Moisture,Moisture | Inside,Microbes | Inside,0.331147164106369,0.0048139439895749,0.32254239916801464,-0.0014596302062273954,Yes,Script 05 possible_day7_bug_eaten_cells.csv,NDVI: Linear projection from the latest valid multispectral trend; NDRE: Linear projection from the latest valid multispectral trend,-0.006121128797531089,0.0011766203679144016,-0.008604764938354381,-0.006273574195802295
7,Day 7,2026-07-07,8,10,3,Tray 5,5,DJI_20260707125327_0005,PASS_AUTO,47,5,7,879.0872634016663,557.2936513225638,818.5286229841148,504.5314370539392,941.64891166387,504.8391620548943,939.5861591327056,610.058450331564,816.5605512551784,609.7084970606156,projection_regular_lattice,No,13144,13144,1.0,0.2985651195049286,0.3418126404285431,0.2550798654556274,-0.0488372854888439,0.5765432715415955,0.8831405964698722,13144,13144,1.0,-0.0218368135392665,-0.0194174759089946,0.2528627216815948,-0.4149231910705566,0.2976095974445343,0.4220176506390748,Microbes,Moisture,Inside,Inside,Inside,Not Heat,Final unwatered interval,No,Microbes | Moisture,Moisture | Inside,Microbes | Inside,0.2985651195049286,-0.0218368135392665,0.2947085052728654,-0.011781613342464015,Yes,Script 05 possible_day7_bug_eaten_cells.csv,NDVI: Linear projection from the latest valid multispectral trend; NDRE: Linear projection from the latest valid multispectral trend,-0.007376775145530654,0.003019335679709895,-0.0038566142320631824,0.010055200196802484
7,Day 7,2026-07-07,8,10,3,Tray 5,5,DJI_20260707125327_0005,PASS_AUTO,48,5,8,1016.0688949702954,557.653769880607,955.3523348653008,504.872827895699,1078.8936638113066,505.1710880292283,1076.7257103887778,610.4372966058907,953.279062245,610.096808202368,projection_regular_lattice,No,13250,13250,1.0,0.3322248756885528,0.4064382314682007,0.2362130731344223,0.036265842616558,0.5756650567054749,0.9150943396226416,13250,13250,1.0,-0.0037346053868532,-0.0137398913502693,0.2573937177658081,-0.3943125009536743,0.2796849608421325,0.4596226415094339,Microbes,Moisture,Inside,Inside,Inside,Not Heat,Final unwatered interval,No,Microbes | Moisture,Moisture | Inside,Microbes | Inside,0.3322248756885528,-0.0037346053868532,0.33319042623043077,-0.008570629172027052,Yes,Script 05 possible_day7_bug_eaten_cells.csv,NDVI: Linear projection from the latest valid multispectral trend; NDRE: Linear projection from the latest valid multispectral trend,-0.0033141523599624144,0.000656657852232449,0.0009655505418779686,-0.004836023785173852
7,Day 7,2026-07-07,8,10,3,Tray 5,5,DJI_20260707125327_0005,PASS_AUTO,49,5,9,1153.518349056981,558.0033719192882,1092.6438692645431,505.2037022180968,1216.6062384767993,505.4924974842002,1214.3330841629063,610.8056263608553,1090.465395752878,610.4746028247584,projection_regular_lattice,No,13313,13313,1.0,0.3144958913326263,0.3927188217639923,0.2521772682666778,-0.0067156781442463,0.5854729413986206,0.8972432960264404,13313,13313,1.0,-0.0054852464236319,0.0012717252830043,0.256843239068985,-0.4653784334659576,0.3030531406402588,0.5014647337189213,Microbes,Moisture,Inside,Inside,Inside,Not Heat,Final unwatered interval,No,Microbes | Moisture,Moisture | Inside,Microbes | Inside,0.3144958913326263,-0.0054852464236319,0.3094603270292284,-0.0032173814252016986,Yes,Script 05 possible_day7_bug_eaten_cells.csv,NDVI: Linear projection from the latest valid multispectral trend; NDRE: Linear projection from the latest valid multispectral trend,-0.0028395801782607486,0.007605566643178499,-0.00503556430339791,0.002267864998430201
7,Day 7,2026-07-07,8,10,3,Tray 5,5,DJI_20260707125327_0005,PASS_AUTO,50,5,10,1291.4356256617227,558.3424574386074,1230.403226181842,505.5240600211325,1354.7866356603486,505.8033904198103,1352.408280455091,611.1634395964578,1228.119551778812,610.8418809277867,projection_regular_lattice,No,13303,13303,1.0,0.3020803034305572,0.3449999988079071,0.2282639890909195,0.0063233743421733,0.5547375082969666,0.903781102007066,13303,13303,1.0,-0.0488267317414283,-0.0629461407661438,0.2348337024450302,-0.3684940934181213,0.2628454267978668,0.3769826354957528,Microbes,Moisture,Inside,Inside,Inside,Not Heat,Final unwatered interval,No,Microbes | Moisture,Moisture | Inside,Microbes | Inside,0.3020803034305572,-0.0488267317414283,0.322919487953186,-0.05269327480345955,Yes,Script 05 possible_day7_bug_eaten_cells.csv,NDVI: Linear projection from the latest valid multispectral trend; NDRE: Linear projection from the latest valid multispectral trend,-0.0031044781208038304,-0.00495053734630345,0.020839184522628784,-0.0038665430620312483
7,Day 7,2026-07-07,8,10,3,Tray 5,5,DJI_20260707125327_0005,PASS_AUTO,54,6,4,468.7960875066214,672.8401623577261,409.0018918088697,620.1471150867333,530.7538587985084,620.5301549899584,528.5305385178608,725.5357943690943,406.8732523304501,725.1105261958759,projection_regular_lattice,No,13040,13040,1.0,0.2940284311771393,0.3456819951534271,0.26158207654953,-0.0972915589809417,0.587838888168335,0.8684049079754601,13040,13040,1.0,-0.0323157757520675,-0.0409252680838108,0.2603095471858978,-0.4265807271003723,0.2990635931491852,0.4058282208588957,Microbes,Moisture,Inside,Inside,Inside,Not Heat,Final unwatered interval,No,Microbes | Moisture,Moisture | Inside,Microbes | Inside,0.2940284311771393,-0.0323157757520675,0.26464314758777635,-0.07252317201346145,Yes,Script 05 possible_day7_bug_eaten_cells.csv,NDVI: Linear projection from the latest valid multispectral trend; NDRE: Linear projection from the latest valid multispectral trend,-0.01211418211460108,-0.01166379544883965,-0.02938528358936293,-0.04020739626139395
7,Day 7,2026-07-07,8,10,3,Tray 5,5,DJI_20260707125327_0005,PASS_AUTO,56,6,6,740.1864582950109,673.7172494039391,680.076423222373,620.9867467003796,802.6704707445131,621.3508568687531,800.2367486811365,726.4503368478744,677.7373819612245,726.0439984095075,projection_regular_lattice,No,13091,13091,1.0,0.3259346783161163,0.4304723739624023,0.2804906070232391,-0.0696031600236892,0.6060869693756104,0.8817508211748529,13091,13091,1.0,0.0029229689389467,0.0,0.2726853191852569,-0.4194107353687286,0.3442167341709137,0.4885799404170804,Microbes,Moisture,Inside,Inside,Inside,Not Heat,Final unwatered interval,No,Microbes | Moisture,Moisture | Inside,Microbes | Inside,0.3259346783161163,0.0029229689389467,0.29150059819221497,-0.010492575587704805,Yes,Script 05 possible_day7_bug_eaten_cells.csv,NDVI: Linear projection from the latest valid multispectral trend; NDRE: Linear projection from the latest valid multispectral trend,-0.012476235628128045,-0.0007329450454563016,-0.03443408012390131,-0.013415544526651505
7,Day 7,2026-07-07,8,10,3,Tray 5,5,DJI_20260707125327_0005,PASS_AUTO,57,6,7,876.58337746629,674.1400181480028,816.3154227062091,621.3907877281599,939.3305104945996,621.7454330291076,936.7915875398588,726.8918333082213,813.8711805536961,726.4949597372804,projection_regular_lattice,No,13146,13146,1.0,0.3147107362747192,0.4124682545661926,0.269645482301712,-0.078693002462387,0.5691028833389282,0.8793549368629241,13146,13146,1.0,-0.0137710748240351,-0.0065134572796523,0.2608225047588348,-0.4495575129985809,0.2646076679229736,0.4833409402099498,Microbes,Moisture,Inside,Inside,Inside,Not Heat,Final unwatered interval,No,Microbes | Moisture,Moisture | Inside,Microbes | Inside,0.3147107362747192,-0.0137710748240351,0.30605395138263713,-0.017622157000005155,Yes,Script 05 possible_day7_bug_eaten_cells.csv,NDVI: Linear projection from the latest valid multispectral trend; NDRE: Linear projection from the latest valid multispectral trend,-0.00950188934803005,-7.680524140595139e-05,-0.008656784892082048,-0.003851082175970055
7,Day 7,2026-07-07,8,10,3,Tray 5,5,DJI_20260707125327_0005,PASS_AUTO,58,6,8,1013.4481191556254,674.5522703727045,953.0222447081012,621.7843122365781,1076.4583727627426,622.1294926701,1073.814248916637,727.3228132492064,950.472801664224,726.9354045456912,projection_regular_lattice,No,13197,13197,1.0,0.3142332434654236,0.3796680569648742,0.2442796379327774,-0.0084679229184985,0.5719733834266663,0.8962643024929908,13197,13197,1.0,-0.0218506827950477,-0.0286360215395689,0.2520094811916351,-0.406974732875824,0.28412926197052,0.4432067894218383,Microbes,Moisture,Inside,Inside,Inside,Not Heat,Final unwatered interval,No,Microbes | Moisture,Moisture | Inside,Microbes | Inside,0.3142332434654236,-0.0218506827950477,0.2836378514766693,-0.04536068160086876,Yes,Script 05 possible_day7_bug_eaten_cells.csv,NDVI: Linear projection from the latest valid multispectral trend; NDRE: Linear projection from the latest valid multispectral trend,-0.01577281951904297,-0.006524699740111851,-0.030595391988754272,-0.023509998805821056
7,Day 7,2026-07-07,8,10,3,Tray 5,5,DJI_20260707125327_0005,PASS_AUTO,60,6,10,1288.5810700884651,675.3452252640217,1227.839356266055,622.5398116953286,1352.117564853197,622.866062393999,1349.2630392243627,728.1532235730904,1225.0795114394484,727.7847446044268,projection_regular_lattice,No,13250,13250,1.0,0.3237112462520599,0.3830048441886902,0.2298748791217804,0.0277101937681436,0.5773841738700867,0.9114716981132076,13250,13250,1.0,-0.0262393932789564,-0.033404141664505,0.2454352676868438,-0.4255172908306122,0.287062793970108,0.4486792452830189,Microbes,Moisture,Inside,Inside,Inside,Not Heat,Final unwatered interval,No,Microbes | Moisture,Moisture | Inside,Microbes | Inside,0.3237112462520599,-0.0262393932789564,0.32190276682376867,-0.03116564173251397,Yes,Script 05 possible_day7_bug_eaten_cells.csv,NDVI: Linear projection from the latest valid multispectral trend; NDRE: Linear projection from the latest valid multispectral trend,-0.002095744013786275,-0.0006871214136481563,-0.0018084794282912098,-0.004926248453557571
7,Day 7,2026-07-07,8,10,3,Tray 5,5,DJI_20260707125327_0005,PASS_AUTO,62,7,2,196.8284920031312,788.4257210622603,137.64082133773627,735.7831130726162,258.4455069035093,736.2320030106855,255.95641798201385,841.0709137922801,135.24641321846886,840.5797955842174,projection_regular_lattice,No,12879,12879,1.0,0.2428146749734878,0.1922544986009597,0.2609829008579254,-0.103104718029499,0.5705512762069702,0.8086807981986179,12879,12879,1.0,-0.08027184009552,-0.1038607954978942,0.270161360502243,-0.4210852980613708,0.2883883118629455,0.3175712400031058,Microbes,Moisture,Inside,Inside,Inside,Not Heat,Final unwatered interval,No,Microbes | Moisture,Moisture | Inside,Microbes | Inside,0.2428146749734878,-0.08027184009552,0.23364062607288358,-0.08439917489886266,Yes,Script 05 possible_day7_bug_eaten_cells.csv,NDVI: Linear projection from the latest valid multispectral trend; NDRE: Linear projection from the latest valid multispectral trend,-0.015556350350379937,-0.008069992065429653,-0.00917404890060422,-0.004127334803342653
7,Day 7,2026-07-07,8,10,3,Tray 5,5,DJI_20260707125327_0005,PASS_AUTO,63,7,3,331.2372312228916,788.9426895504303,271.89164087005355,736.2813538445029,393.1173667020771,736.7207789151463,390.5230768892173,841.6066099967336,269.39203185942165,841.1249566560967,projection_regular_lattice,No,12987,12987,1.0,0.2681716084480285,0.3343465030193329,0.2742770314216614,-0.1499726772308349,0.5716858506202698,0.8328328328328328,12987,12987,1.0,-0.0622528605163097,-0.0650044530630111,0.2613014280796051,-0.4752057194709778,0.2680292725563049,0.3942403942403942,Microbes,Moisture,Inside,Inside,Inside,Not Heat,Final unwatered interval,No,Microbes | Moisture,Moisture | Inside,Microbes | Inside,0.2681716084480285,-0.0622528605163097,0.21348883211612707,-0.11103648785501724,Yes,Script 05 possible_day7_bug_eaten_cells.csv,NDVI: Linear projection from the latest valid multispectral trend; NDRE: Linear projection from the latest valid multispectral trend,-0.02240245044231411,-0.01798114832490685,-0.05468277633190144,-0.04878362733870754
7,Day 7,2026-07-07,8,10,3,Tray 5,5,DJI_20260707125327_0005,PASS_AUTO,65,7,5,601.4581772165809,789.9450769686844,541.7967474888566,737.2462858301901,663.8645538533816,737.6667811659821,661.0598622577928,842.6464528475544,539.0867366954959,842.1837292417692,projection_regular_lattice,No,13041,13041,1.0,0.2802253663539886,0.3736762404441833,0.2779872417449951,-0.1806370466947555,0.5708954930305481,0.846484165324745,13041,13041,1.0,-0.0318544805049896,-0.0192380230873823,0.2609026134014129,-0.4682681858539581,0.2795538902282715,0.4438309945556322,Microbes,Moisture,Inside,Inside,Inside,Not Heat,Final unwatered interval,No,Microbes | Moisture,Moisture | Inside,Microbes | Inside,0.2802253663539886,-0.0318544805049896,0.2809093445539475,-0.006279481109231648,Yes,Script 05 possible_day7_bug_eaten_cells.csv,NDVI: Linear projection from the latest valid multispectral trend; NDRE: Linear projection from the latest valid multispectral trend,-0.01059277355670927,0.0012300866656005504,0.0006839781999589123,0.025574999395757955
7,Day 7,2026-07-07,8,10,3,Tray 5,5,DJI_20260707125327_0005,PASS_AUTO,66,7,6,737.2703839905099,790.4304958987685,677.4510345753426,737.7129770439908,799.9398812061182,738.1240075123569,797.0299887191651,843.1505994939218,674.6358228906174,842.6973407555624,projection_regular_lattice,No,13091,13091,1.0,0.2914994060993194,0.3743807375431061,0.2784842848777771,-0.1138755977153778,0.5763546824455261,0.866320372775189,13091,13091,1.0,-0.0170915592461824,-0.008248183876276,0.2614615559577942,-0.4179362952709198,0.2919999957084656,0.4427469253685738,Microbes,Moisture,Inside,Inside,Inside,Not Heat,Final unwatered interval,No,Microbes | Moisture,Moisture | Inside,Microbes | Inside,0.2914994060993194,-0.0170915592461824,0.2772441059350968,-0.013255978934466756,Yes,Script 05 possible_day7_bug_eaten_cells.csv,NDVI: Linear projection from the latest valid multispectral trend; NDRE: Linear projection from the latest valid multispectral trend,-0.012299761176109293,2.0646490156648507e-05,-0.014255300164222606,0.0038355803117156445
7,Day 7,2026-07-07,8,10,3,Tray 5,5,DJI_20260707125327_0005,PASS_AUTO,68,7,8,1010.2982650925368,791.3697842008506,950.1630763024832,738.6148099135062,1073.4940034657602,739.0069106470207,1070.373709196078,844.1273432285708,947.1374628350292,843.6930142250629,projection_regular_lattice,No,13144,13144,1.0,0.2969363033771515,0.3763087391853332,0.2700708210468292,-0.109534204006195,0.5874550342559814,0.8681527693244065,13144,13144,1.0,-0.0174348335713148,-0.0156424771994352,0.2654376327991485,-0.4664279222488403,0.2996165454387665,0.4666007303712721,Microbes,Moisture,Inside,Inside,Inside,Not Heat,Final unwatered interval,No,Microbes | Moisture,Moisture | Inside,Microbes | Inside,0.2969363033771515,-0.0174348335713148,0.29159192740917195,-0.0048813512548803555,Yes,Script 05 possible_day7_bug_eaten_cells.csv,NDVI: Linear projection from the latest valid multispectral trend; NDRE: Linear projection from the latest valid multispectral trend,-0.007874831557273884,0.0041510900482535475,-0.005344375967979542,0.012553482316434446
7,Day 7,2026-07-07,8,10,3,Tray 7,7,DJI_20260707125452_0007,PASS_AUTO,1,1,1,74.42965557748254,90.22399798510062,12.506256672887012,36.91254142703002,135.0609266028748,37.111122542419054,136.2288903392268,143.56326778425114,13.67468122151373,143.29754998074904,projection_regular_lattice,No,13222,13222,1.0,0.3031843602657318,0.3184402585029602,0.2256723642349243,0.0074208131991326,0.5708044767379761,0.9019815459083346,13222,13222,1.0,-0.0594399608671665,-0.0992423221468925,0.2309080958366394,-0.3940425515174866,0.2564495205879211,0.3902586598094085,Microbes,Ideal,Outside,Outside,Outside,Not Heat,Not Moisture,Daily watering,Microbes | Ideal,Ideal | Outside,Microbes | Outside,0.3031843602657318,-0.0594399608671665,0.30300964415073395,-0.0602551139891146,Yes,Script 05 possible_day7_bug_eaten_cells.csv,NDVI: Linear projection from the latest valid multispectral trend; NDRE: Linear projection from the latest valid multispectral trend,-0.005985096096992484,-0.0079429782927036,-0.00017471611499786377,-0.0008151531219481034
7,Day 7,2026-07-07,8,10,3,Tray 7,7,DJI_20260707125452_0007,PASS_AUTO,64,7,4,482.3387384621848,802.0946660504474,421.80680384710894,748.4583312059785,543.8318225058548,748.9726311377456,542.7465089344093,855.758814135996,420.7219510879381,855.177377516116,projection_regular_lattice,No,13285,13285,1.0,0.2457179874181747,0.2013683766126632,0.2569176256656647,-0.0981849357485771,0.5633397102355957,0.8402709823108769,13285,13285,1.0,-0.0559700094163417,-0.0468299724161624,0.257756233215332,-0.4193883836269378,0.2784649133682251,0.3290176891230711,Microbes,Ideal,Outside,Outside,Outside,Not Heat,Not Moisture,Daily watering,Microbes | Ideal,Ideal | Outside,Microbes | Outside,0.2457179874181747,-0.0559700094163417,0.23004661500453955,-0.06999038206413369,Yes,Script 05 possible_day7_bug_eaten_cells.csv,NDVI: Linear projection from the latest valid multispectral trend; NDRE: Linear projection from the latest valid multispectral trend,-0.01687051355838772,-0.015945968683808997,-0.015671372413635143,-0.01402037264779199
7,Day 7,2026-07-07,8,10,3,Tray 8,8,DJI_20260707125545_0008,PASS_AUTO,9,1,9,1177.5464168715284,86.91398099996415,1115.7167287994098,35.061076871886925,1238.4616178067663,36.28535487822823,1239.4537650721322,138.9666629971391,1116.5238295954737,137.74179639767794,projection_regular_lattice,No,12791,12791,1.0,0.3145590722560882,0.3577392399311065,0.1927694380283355,0.0703946053981781,0.5362678170204163,0.9383160034399188,12791,12791,1.0,-0.0639845728874206,-0.0770625546574592,0.2195353358983993,-0.3727790713310241,0.2255660593509674,0.3765147369243999,Microbes,Heat,Dynamic Heat,Inside,Dynamic Heat,Inside recovery,Not Moisture,Daily watering,Microbes | Heat,Heat | Dynamic Heat,Microbes | Dynamic Heat,0.3145590722560882,-0.0639845728874206,0.28865867853164684,-0.09237679652869699,Yes,Script 05 possible_day7_bug_eaten_cells.csv,NDVI: Linear projection from the latest valid multispectral trend; NDRE: Linear projection from the latest valid multispectral trend,-0.007688045501708939,-0.013434896245598798,-0.025900393724441362,-0.028392223641276387
7,Day 7,2026-07-07,8,10,3,Tray 8,8,DJI_20260707125545_0008,PASS_AUTO,19,2,9,1178.576681466397,201.31303718718644,1116.6165756955547,149.1816693167824,1239.5670718910246,150.40660131547912,1240.6144473657243,253.64418292668825,1117.4789047009524,252.41866233487164,projection_regular_lattice,No,13008,13008,1.0,0.3140050172805786,0.3502172231674194,0.2067809402942657,0.0435104556381702,0.5554865002632141,0.9223554735547356,13008,13008,1.0,-0.0582458712160587,-0.0651580169796943,0.2240934520959854,-0.3883709013462066,0.2353985607624054,0.4019833948339483,Microbes,Heat,Dynamic Heat,Inside,Dynamic Heat,Inside recovery,Not Moisture,Daily watering,Microbes | Heat,Heat | Dynamic Heat,Microbes | Dynamic Heat,0.3140050172805786,-0.0582458712160587,0.28469885885715485,-0.0699863843619822,Yes,Script 05 possible_day7_bug_eaten_cells.csv,NDVI: Linear projection from the latest valid multispectral trend; NDRE: Linear projection from the latest valid multispectral trend,-0.00759468972682952,-0.006964493542909603,-0.029306158423423767,-0.011740513145923503
7,Day 7,2026-07-07,8,10,3,Tray 8,8,DJI_20260707125545_0008,PASS_AUTO,29,3,9,1179.668310738303,316.3301750325178,1117.5777872687372,263.920343419787,1240.7338906523205,265.1459294108392,1241.836494336354,368.9397845143464,1118.4953444834684,367.71360993017447,projection_regular_lattice,No,13071,13071,1.0,0.2976282238960266,0.3222441375255584,0.2154958695173263,0.0245674010366201,0.539561927318573,0.9114834366154082,13071,13071,1.0,-0.0605633221566677,-0.0745025426149368,0.2323128432035446,-0.3887627720832824,0.2204155325889587,0.3705913855099074,Microbes,Heat,Dynamic Heat,Inside,Dynamic Heat,Inside recovery,Not Moisture,Daily watering,Microbes | Heat,Heat | Dynamic Heat,Microbes | Dynamic Heat,0.2976282238960266,-0.0605633221566677,0.30036452412605297,-0.05687929876148706,Yes,Script 05 possible_day7_bug_eaten_cells.csv,NDVI: Linear projection from the latest valid multispectral trend; NDRE: Linear projection from the latest valid multispectral trend,-0.00470361113548275,-0.004840975627303154,0.002736300230026356,0.0036840233951806398
7,Day 7,2026-07-07,8,10,3,Tray 8,8,DJI_20260707125545_0008,PASS_AUTO,40,4,10,1317.9252942170997,433.51172160449175,1255.6621926842338,380.6579391715437,1378.9026167969712,382.2144993183766,1380.2660558784512,486.5652819065375,1256.840585296412,485.0081331665848,projection_regular_lattice,No,13081,13081,1.0,0.3246177136898041,0.3860182464122772,0.2285408973693847,0.0795565098524093,0.5568934082984924,0.9246234997324364,13081,13081,1.0,-0.0397950746119022,-0.0310670863837003,0.2393151670694351,-0.3700873255729675,0.2561183869838714,0.4530999159085697,Microbes,Heat,Dynamic Heat,Inside,Dynamic Heat,Inside recovery,Not Moisture,Daily watering,Microbes | Heat,Heat | Dynamic Heat,Microbes | Dynamic Heat,0.3246177136898041,-0.0397950746119022,0.33083367347717296,-0.03299476765096191,Yes,Script 05 possible_day7_bug_eaten_cells.csv,NDVI: Linear projection from the latest valid multispectral trend; NDRE: Linear projection from the latest valid multispectral trend,-0.0016098022460937118,-0.003020411357283603,0.0062159597873688854,0.006800306960940292
7,Day 7,2026-07-07,8,10,3,Tray 8,8,DJI_20260707125545_0008,PASS_AUTO,50,5,10,1319.3681052743177,549.765749424214,1256.974586042728,496.6335032489392,1380.420617343579,498.1907173881275,1381.8392846343925,603.0977734685865,1258.2082068642396,601.5399707362784,projection_regular_lattice,No,13195,13195,1.0,0.3253908157348633,0.3898809552192688,0.2290504872798919,0.0397463999688625,0.5596701502799988,0.911178476695718,13195,13195,1.0,-0.0307732503861188,-0.0322580635547637,0.2480182349681854,-0.427724689245224,0.2783711552619934,0.4468359226979916,Microbes,Heat,Dynamic Heat,Inside,Dynamic Heat,Inside recovery,Not Moisture,Daily watering,Microbes | Heat,Heat | Dynamic Heat,Microbes | Dynamic Heat,0.3253908157348633,-0.0307732503861188,0.29935017228126537,-0.049932753201573955,Yes,Script 05 possible_day7_bug_eaten_cells.csv,NDVI: Linear projection from the latest valid multispectral trend; NDRE: Linear projection from the latest valid multispectral trend,-0.012820422649383514,-0.011289343703538152,-0.02604064345359791,-0.019159502815455157
7,Day 7,2026-07-07,8,10,3,Tray 8,8,DJI_20260707125545_0008,PASS_AUTO,60,6,10,1320.8722810085724,666.6378589020453,1258.3483440782595,613.2271489844436,1381.9999825672237,614.7850171159873,1383.0,720.2483466887447,1259.6371931091046,718.6898899640812,projection_regular_lattice,No,13258,13258,1.0,0.3201150000095367,0.3797506093978882,0.2330640107393264,0.0210681688040494,0.5452775955200195,0.9033790918690602,13258,13258,1.0,-0.0307337529957294,-0.0257506296038627,0.254239559173584,-0.4440878927707672,0.2613686323165893,0.45044501433097,Microbes,Heat,Dynamic Heat,Inside,Dynamic Heat,Inside recovery,Not Moisture,Daily watering,Microbes | Heat,Heat | Dynamic Heat,Microbes | Dynamic Heat,0.3201150000095367,-0.0307337529957294,0.30851869285106664,-0.04410400474444022,Yes,Script 05 possible_day7_bug_eaten_cells.csv,NDVI: Linear projection from the latest valid multispectral trend; NDRE: Linear projection from the latest valid multispectral trend,-0.007049098610877959,-0.005808876361697905,-0.011596307158470043,-0.013370251748710819
7,Day 7,2026-07-07,8,10,3,Tray 8,8,DJI_20260707125545_0008,PASS_AUTO,69,7,9,1184.6484745963,782.5795429949344,1122.03628033184,729.0558564128963,1246.0148124678772,730.2840583733699,1247.3383289892447,836.3030074460701,1123.1747503839058,835.0742168924766,projection_regular_lattice,No,13374,13374,1.0,0.3060928583145141,0.3509086370468139,0.2295500785112381,-0.0188528224825859,0.5749017000198364,0.8865709585763422,13374,13374,1.0,-0.0397093668580055,-0.0506138503551483,0.2411399632692337,-0.3748493194580078,0.2820394337177276,0.3858980110662479,Microbes,Heat,Dynamic Heat,Inside,Dynamic Heat,Inside recovery,Not Moisture,Daily watering,Microbes | Heat,Heat | Dynamic Heat,Microbes | Dynamic Heat,0.3060928583145141,-0.0397093668580055,0.20598457753658314,-0.10051317264151267,Yes,Script 05 possible_day7_bug_eaten_cells.csv,NDVI: Linear projection from the latest valid multispectral trend; NDRE: Linear projection from the latest valid multispectral trend,-0.029358491301536494,-0.020124676739214857,-0.10010828077793096,-0.06080380578350717
7,Day 7,2026-07-07,8,10,3,Tray 8,8,DJI_20260707125545_0008,PASS_AUTO,70,7,10,1322.4378214198648,784.1280500379858,1259.7834667908282,730.4388763780573,1383.0,731.9973985019565,1383.0,838.0170015670118,1261.1275440310071,836.457890849993,projection_regular_lattice,No,13214,13214,1.0,0.3072117865085602,0.371747761964798,0.2451458722352981,-0.0566100180149078,0.5679031610488892,0.8867110640230059,13214,13214,1.0,-0.0367756597697734,-0.0291733406484127,0.2509930431842804,-0.4591239094734192,0.2640377283096313,0.4482367186317542,Microbes,Heat,Dynamic Heat,Inside,Dynamic Heat,Inside recovery,Not Moisture,Daily watering,Microbes | Heat,Heat | Dynamic Heat,Microbes | Dynamic Heat,0.3072117865085602,-0.0367756597697734,0.2606288790702822,-0.04962606541812401,Yes,Script 05 possible_day7_bug_eaten_cells.csv,NDVI: Linear projection from the latest valid multispectral trend; NDRE: Linear projection from the latest valid multispectral trend,-0.010503828525543149,-0.0029948707669973052,-0.046582907438277976,-0.012850405648350612
7,Day 7,2026-07-07,8,10,3,Tray 9,9,DJI_20260707125629_0009,PASS_AUTO,1,1,1,65.55121596640006,76.16253692149333,4.164506634473182,23.389528692838937,125.67462325547264,22.93859882518035,126.92431591527684,128.95660491473168,5.466965572174973,129.34005381486088,projection_regular_lattice,No,13161,13161,1.0,0.2836287021636963,0.2659660577774048,0.2137128263711929,0.0124746160581707,0.554959774017334,0.9110249981004483,13161,13161,1.0,-0.0625477880239486,-0.1115635186433792,0.226094052195549,-0.3388916254043579,0.2425127774477005,0.3544563483018008,Microbes,Ideal,Inside,Inside,Inside,Not Heat,Not Moisture,Daily watering,Microbes | Ideal,Ideal | Inside,Microbes | Inside,0.2836287021636963,-0.0625477880239486,0.24535375833511347,-0.0601427666842938,Yes,Script 05 possible_day7_bug_eaten_cells.csv,NDVI: Linear projection from the latest valid multispectral trend; NDRE: Linear projection from the latest valid multispectral trend,-0.015676796436309818,-0.0036454461514950015,-0.03827494382858282,0.0024050213396547976
7,Day 7,2026-07-07,8,10,3,Tray 9,9,DJI_20260707125629_0009,PASS_AUTO,4,1,4,471.7845480141575,75.3415603994016,410.09951634645,22.28518746426515,532.3821652320026,22.176050451139297,533.4559702988148,128.41899309912202,411.2260876911598,128.46064914471845,projection_regular_lattice,No,13161,13161,1.0,0.295135349035263,0.3569079041481018,0.2385581582784652,-0.0044354838319122,0.5595595836639404,0.8979560823645619,13161,13161,1.0,-0.0483756363391876,-0.0659898445010185,0.211852565407753,-0.3617211878299713,0.2039716243743896,0.3914596155307348,Microbes,Ideal,Inside,Inside,Inside,Not Heat,Not Moisture,Daily watering,Microbes | Ideal,Ideal | Inside,Microbes | Inside,0.295135349035263,-0.0483756363391876,0.27439366281032557,-0.04942871956154697,Yes,Script 05 possible_day7_bug_eaten_cells.csv,NDVI: Linear projection from the latest valid multispectral trend; NDRE: Linear projection from the latest valid multispectral trend,-0.014395877718925478,-0.00718551734462379,-0.02074168622493744,-0.0010530832223593703
7,Day 7,2026-07-07,8,10,3,Tray 9,9,DJI_20260707125629_0009,PASS_AUTO,5,1,5,607.7679048186345,75.32108145095083,545.9834323723335,22.170253613653685,668.5235920127371,22.17504755203874,669.5387678818853,128.49296905283194,547.0513745193794,128.42069414691747,projection_regular_lattice,No,13268,13268,1.0,0.2824113965034485,0.3032041788101196,0.2252960205078125,-0.0140513898804783,0.5526705980300903,0.891694302080193,13268,13268,1.0,-0.0590408109128475,-0.0683537721633911,0.2060806304216385,-0.3420289158821106,0.1951481997966766,0.3667470605969249,Microbes,Ideal,Inside,Inside,Inside,Not Heat,Not Moisture,Daily watering,Microbes | Ideal,Ideal | Inside,Microbes | Inside,0.2824113965034485,-0.0590408109128475,0.257419526576996,-0.08753438666462884,Yes,Script 05 possible_day7_bug_eaten_cells.csv,NDVI: Linear projection from the latest valid multispectral trend; NDRE: Linear projection from the latest valid multispectral trend,-0.014889866113662664,-0.01341156661510465,-0.02499186992645247,-0.028493575751781346
7,Day 7,2026-07-07,8,10,3,Tray 9,9,DJI_20260707125629_0009,PASS_AUTO,6,1,6,744.0373846840572,75.42719244862329,682.1534714591625,22.181909709165467,804.9511418544173,22.300634599061432,805.9076885259014,128.6935349526651,683.1627844085443,128.5073290952397,projection_regular_lattice,No,13392,13392,1.0,0.3183953166007995,0.3921360373497009,0.2221485674381256,0.0310238599777221,0.5579828023910522,0.9118130227001194,13392,13392,1.0,-0.0420529767870903,-0.0510544031858444,0.2042901813983917,-0.3366413414478302,0.2008552104234695,0.4000149342891278,Microbes,Ideal,Inside,Inside,Inside,Not Heat,Not Moisture,Daily watering,Microbes | Ideal,Ideal | Inside,Microbes | Inside,0.3183953166007995,-0.0420529767870903,0.3314925581216812,-0.020694372244179277,Yes,Script 05 possible_day7_bug_eaten_cells.csv,NDVI: Linear projection from the latest valid multispectral trend; NDRE: Linear projection from the latest valid multispectral trend,-0.003219977021217324,-0.0017642676830291917,0.013097241520881708,0.021358604542911025
7,Day 7,2026-07-07,8,10,3,Tray 9,9,DJI_20260707125629_0009,PASS_AUTO,7,1,7,880.5929876104253,75.659893392419,818.6096336069372,22.32015575080048,941.664814757043,22.552811592207355,942.5627322308632,129.02069079862147,819.5603173586551,128.7205539896852,projection_regular_lattice,No,13329,13329,1.0,0.3053536117076874,0.3589743673801422,0.219691976904869,0.0495522320270538,0.5543652772903442,0.9255007877560208,13329,13329,1.0,-0.034256987273693,-0.0574564225971698,0.2134208381175995,-0.3330512046813965,0.222379595041275,0.4121089354040063,Microbes,Ideal,Inside,Inside,Inside,Not Heat,Not Moisture,Daily watering,Microbes | Ideal,Ideal | Inside,Microbes | Inside,0.3053536117076874,-0.034256987273693,0.26577696204185486,-0.03224595636129384,Yes,Script 05 possible_day7_bug_eaten_cells.csv,NDVI: Linear projection from the latest valid multispectral trend; NDRE: Linear projection from the latest valid multispectral trend,-0.013008475303649878,-0.0012308172881603464,-0.03957664966583252,0.00201103091239916
7,Day 7,2026-07-07,8,10,3,Tray 9,9,DJI_20260707125629_0009,PASS_AUTO,12,2,2,201.9174006412433,193.51128769787772,140.56093438276116,140.69147999237015,262.26993256094767,140.42945992903293,263.2602575166754,246.3521551679694,141.6040256163865,246.54669426377723,projection_regular_lattice,No,13055,13055,1.0,0.3083495199680328,0.3994134962558746,0.2453188598155975,-0.02995415776968,0.570254385471344,0.890846418996553,13055,13055,1.0,-0.0438953191041946,-0.0329972505569458,0.227115511894226,-0.4152410626411438,0.2180323004722595,0.4599004212945232,Microbes,Ideal,Inside,Inside,Inside,Not Heat,Not Moisture,Daily watering,Microbes | Ideal,Ideal | Inside,Microbes | Inside,0.3083495199680328,-0.0438953191041946,0.27445051074028026,-0.04670930397696778,Yes,Script 05 possible_day7_bug_eaten_cells.csv,NDVI: Linear projection from the latest valid multispectral trend; NDRE: Linear projection from the latest valid multispectral trend,-0.017360389232635443,-0.008277019253000593,-0.03389900922775252,-0.0028139848727731787
7,Day 7,2026-07-07,8,10,3,Tray 9,9,DJI_20260707125629_0009,PASS_AUTO,13,2,3,337.26336777086914,193.3209386936366,275.80746073379345,140.4066760859683,397.7739696668311,140.25858697414196,398.7056654248948,246.2562610658889,276.7919227697548,246.3368692101858,projection_regular_lattice,No,13161,13161,1.0,0.2989658117294311,0.3599101603031158,0.2648780047893524,-0.0244424622505903,0.5919629335403442,0.8878504672897196,13161,13161,1.0,-0.0279032420367002,-0.0570469796657562,0.2566295266151428,-0.3744985163211822,0.2997976243495941,0.4501177722057594,Microbes,Ideal,Inside,Inside,Inside,Not Heat,Not Moisture,Daily watering,Microbes | Ideal,Ideal | Inside,Microbes | Inside,0.2989658117294311,-0.0279032420367002,0.2730437368154528,-0.06618031114339828,Yes,Script 05 possible_day7_bug_eaten_cells.csv,NDVI: Linear projection from the latest valid multispectral trend; NDRE: Linear projection from the latest valid multispectral trend,-0.011566385626792842,-0.009332343935966495,-0.0259220749139783,-0.038277069106698085
7,Day 7,2026-07-07,8,10,3,Tray 9,9,DJI_20260707125629_0009,PASS_AUTO,14,2,4,472.8954579614405,193.25717963551867,411.3401101457713,140.24846212568966,533.56412983366,140.21430396537426,534.4371963940597,246.2869569099317,412.2659429840686,246.25363410271763,projection_regular_lattice,No,13215,13215,1.0,0.3103448450565338,0.3819918036460876,0.2375852912664413,0.0198998916894197,0.5712790489196777,0.9051835035944004,13215,13215,1.0,-0.0312234945595264,-0.0505387373268604,0.2139163613319397,-0.3497033715248108,0.2319674789905548,0.4040862656072644,Microbes,Ideal,Inside,Inside,Inside,Not Heat,Not Moisture,Daily watering,Microbes | Ideal,Ideal | Inside,Microbes | Inside,0.3103448450565338,-0.0312234945595264,0.32062587141990667,-0.02293386537348833,Yes,Script 05 possible_day7_bug_eaten_cells.csv,NDVI: Linear projection from the latest valid multispectral trend; NDRE: Linear projection from the latest valid multispectral trend,-0.006450563669204681,-0.004820908245164842,0.010281026363372858,0.00828962918603807
7,Day 7,2026-07-07,8,10,3,Tray 9,9,DJI_20260707125629_0009,PASS_AUTO,15,2,5,608.8136712129577,193.320010523524,547.1588826186949,140.21683811153426,669.6404130614345,140.29661090272978,670.4548504241702,246.44424270009765,548.026086259328,246.29698894137272,projection_regular_lattice,No,13215,13215,1.0,0.3232011795043945,0.4047058820724487,0.2397861182689666,0.0040347697213292,0.5690585374832153,0.901551267499054,13215,13215,1.0,-0.026180924847722,-0.0351114124059677,0.2249371856451034,-0.3860213160514831,0.2397439926862716,0.4360953461975028,Microbes,Ideal,Inside,Inside,Inside,Not Heat,Not Moisture,Daily watering,Microbes | Ideal,Ideal | Inside,Microbes | Inside,0.3232011795043945,-0.026180924847722,0.283431202173233,-0.026284124469384426,Yes,Script 05 possible_day7_bug_eaten_cells.csv,NDVI: Linear projection from the latest valid multispectral trend; NDRE: Linear projection from the latest valid multispectral trend,-0.018886417150497443,-0.007906539132818543,-0.0397699773311615,-0.00010319962166242466
7,Day 7,2026-07-07,8,10,3,Tray 9,9,DJI_20260707125629_0009,PASS_AUTO,17,2,7,881.5084668988285,193.82544213790425,819.6547967473787,140.53335992159322,942.6513486998203,140.84099461581053,943.3485276672282,247.1385841187993,820.404741992684,246.76346845705257,projection_regular_lattice,No,13268,13268,1.0,0.3077878057956695,0.3873518109321594,0.218793511390686,0.0557439364492893,0.538675844669342,0.9198070545673802,13268,13268,1.0,-0.0378134474158287,-0.0379627607762813,0.1989624798297882,-0.3773965835571289,0.2036029398441314,0.4218420259270425,Microbes,Ideal,Inside,Inside,Inside,Not Heat,Not Moisture,Daily watering,Microbes | Ideal,Ideal | Inside,Microbes | Inside,0.3077878057956695,-0.0378134474158287,0.28819535672664653,-0.03541889507323497,Yes,Script 05 possible_day7_bug_eaten_cells.csv,NDVI: Linear projection from the latest valid multispectral trend; NDRE: Linear projection from the latest valid multispectral trend,-0.010685548186302152,-0.005650187842547892,-0.019592449069022966,0.0023945523425937254
7,Day 7,2026-07-07,8,10,3,Tray 9,9,DJI_20260707125629_0009,PASS_AUTO,18,2,8,1018.2850493331824,194.26804286427927,956.331938403139,140.88150574580752,1079.586001110432,141.30307139153575,1080.2245508801757,247.67563974733503,957.0232544507804,247.18659313407736,projection_regular_lattice,No,13384,13384,1.0,0.3207651674747467,0.3813559412956238,0.2119506895542144,0.0753668099641799,0.5607634782791138,0.9322325164375374,13384,13384,1.0,-0.0202437136322259,-0.0314600244164466,0.21517413854599,-0.3754363656044006,0.2469690144062042,0.4594291691572026,Microbes,Ideal,Inside,Inside,Inside,Not Heat,Not Moisture,Daily watering,Microbes | Ideal,Ideal | Inside,Microbes | Inside,0.3207651674747467,-0.0202437136322259,0.3126047104597094,-0.0011761782225221864,Yes,Script 05 possible_day7_bug_eaten_cells.csv,NDVI: Linear projection from the latest valid multispectral trend; NDRE: Linear projection from the latest valid multispectral trend,-0.007822081446647576,0.0012089672964066044,-0.008160457015037315,0.019067535409703712
7,Day 7,2026-07-07,8,10,3,Tray 9,9,DJI_20260707125629_0009,PASS_AUTO,19,2,9,1155.3477548284818,194.83723353677752,1093.295203119845,141.35624151614508,1216.8067765819887,141.89173811338424,1217.3866971540683,248.339285321994,1093.9278899698222,247.73630775722532,projection_regular_lattice,No,13384,13384,1.0,0.2948139011859894,0.3046333193778991,0.2123233377933502,0.0624260865151882,0.5555249452590942,0.937089061566049,13384,13384,1.0,-0.046118889003992,-0.0736237317323684,0.214977815747261,-0.3301460146903991,0.2289220094680786,0.3769426180514046,Microbes,Ideal,Inside,Inside,Inside,Not Heat,Not Moisture,Daily watering,Microbes | Ideal,Ideal | Inside,Microbes | Inside,0.2948139011859894,-0.046118889003992,0.19320596754550945,-0.10441848449409008,Yes,Script 05 possible_day7_bug_eaten_cells.csv,NDVI: Linear projection from the latest valid multispectral trend; NDRE: Linear projection from the latest valid multispectral trend,-0.03259183466434475,-0.019307376816868796,-0.10160793364047993,-0.05829959549009808
7,Day 7,2026-07-07,8,10,3,Tray 9,9,DJI_20260707125629_0009,PASS_AUTO,24,3,4,473.7833251238209,310.9835880900521,412.3576611601898,258.0225260055305,534.5230516504146,258.06334669802555,535.1953797044018,363.9657099391577,413.0827554920747,363.8574082791332,projection_regular_lattice,No,13215,13215,1.0,0.2873427271842956,0.3034170567989349,0.2509110867977142,-0.0429516918957233,0.5930001735687256,0.8758229284903519,13215,13215,1.0,-0.0339204408228397,-0.0453095100820064,0.236605167388916,-0.3664833903312683,0.2784509062767029,0.4065077563374952,Microbes,Ideal,Inside,Inside,Inside,Not Heat,Not Moisture,Daily watering,Microbes | Ideal,Ideal | Inside,Microbes | Inside,0.2873427271842956,-0.0339204408228397,0.2947934716939925,-0.055622562766074995,Yes,Script 05 possible_day7_bug_eaten_cells.csv,NDVI: Linear projection from the latest valid multispectral trend; NDRE: Linear projection from the latest valid multispectral trend,-0.0032698065042495823,-0.0077036917209624975,0.007450744509696905,-0.021702121943235293
7,Day 7,2026-07-07,8,10,3,Tray 9,9,DJI_20260707125629_0009,PASS_AUTO,25,3,5,609.636394822378,311.12972881451344,548.1112900801534,258.0742118278312,670.5341913252291,258.2289634718371,671.1478901815524,364.2063055657797,548.7777552143742,363.9840729542443,projection_regular_lattice,No,13215,13215,1.0,0.3145425319671631,0.4015840291976928,0.2591507732868194,-0.0078658200800418,0.5857284665107727,0.8961785849413545,13215,13215,1.0,-0.0163878314197063,-0.0265730768442153,0.2359184026718139,-0.3594026565551758,0.2804385721683502,0.4466136965569429,Microbes,Ideal,Inside,Inside,Inside,Not Heat,Not Moisture,Daily watering,Microbes | Ideal,Ideal | Inside,Microbes | Inside,0.3145425319671631,-0.0163878314197063,0.30798946321010584,-0.015376149793155491,Yes,Script 05 possible_day7_bug_eaten_cells.csv,NDVI: Linear projection from the latest valid multispectral trend; NDRE: Linear projection from the latest valid multispectral trend,-0.008971706032752984,-0.002728805760852997,-0.0065530687570572455,0.0010116816265508081
7,Day 7,2026-07-07,8,10,3,Tray 9,9,DJI_20260707125629_0009,PASS_AUTO,29,3,9,1155.9099042260625,312.98019117359127,1093.9870363694636,259.5468545782662,1217.4399806339432,260.15733002831587,1217.8191626996106,366.4345875335004,1094.4189847130283,365.7566311159212,projection_regular_lattice,No,13321,13321,1.0,0.2900125384330749,0.3118726313114166,0.2243860512971878,0.0152178443968296,0.5619158744812012,0.90856542301629,13321,13321,1.0,-0.04989455640316,-0.0728320702910423,0.226705864071846,-0.3652275502681732,0.2529281377792358,0.3906613617596277,Microbes,Ideal,Inside,Inside,Inside,Not Heat,Not Moisture,Daily watering,Microbes | Ideal,Ideal | Inside,Microbes | Inside,0.2900125384330749,-0.04989455640316,0.19879366457462322,-0.08402171637862901,Yes,Script 05 possible_day7_bug_eaten_cells.csv,NDVI: Linear projection from the latest valid multispectral trend; NDRE: Linear projection from the latest valid multispectral trend,-0.02970628440380093,-0.01323905307799574,-0.09121887385845168,-0.034127159975469015
7,Day 7,2026-07-07,8,10,3,Tray 9,9,DJI_20260707125629_0009,PASS_AUTO,30,3,10,1293.1935892293473,313.7592816286688,1231.1712805941552,260.2314901311831,1354.881735613486,260.9558965327436,1355.2022884814892,367.3081328907385,1231.544599740056,366.5162455216486,projection_regular_lattice,No,13384,13384,1.0,0.3211559057235718,0.3909958302974701,0.2258879244327545,0.0444851443171501,0.5675818920135498,0.9226688583383144,13384,13384,1.0,-0.0381008051335811,-0.0311098508536815,0.2366719096899032,-0.3722007870674133,0.2533498406410217,0.4618200836820084,Microbes,Ideal,Inside,Inside,Inside,Not Heat,Not Moisture,Daily watering,Microbes | Ideal,Ideal | Inside,Microbes | Inside,0.3211559057235718,-0.0381008051335811,0.29370290040969876,-0.021907986607402577,Yes,Script 05 possible_day7_bug_eaten_cells.csv,NDVI: Linear projection from the latest valid multispectral trend; NDRE: Linear projection from the latest valid multispectral trend,-0.012595504522323522,-0.002943068277090792,-0.027453005313873013,0.016192818526178522
7,Day 7,2026-07-07,8,10,3,Tray 9,9,DJI_20260707125629_0009,PASS_AUTO,31,4,1,68.80110943018097,428.5919737569889,7.8034516543687955,375.9619318042568,129.13768068237627,375.7359384950296,129.78515782294303,481.243075474305,8.50369507283314,481.40158781600286,projection_regular_lattice,No,12932,12932,1.0,0.2758162021636963,0.2755389213562011,0.2380782216787338,-0.0309543441981077,0.5681988596916199,0.8766625425301577,12932,12932,1.0,-0.0756167024374008,-0.1078747063875198,0.2295240759849548,-0.3840780854225158,0.2234640568494796,0.3701670275286112,Microbes,Ideal,Inside,Inside,Inside,Not Heat,Not Moisture,Daily watering,Microbes | Ideal,Ideal | Inside,Microbes | Inside,0.2758162021636963,-0.0756167024374008,0.24376526474952687,-0.1271414142102003,Yes,Script 05 possible_day7_bug_eaten_cells.csv,NDVI: Linear projection from the latest valid multispectral trend; NDRE: Linear projection from the latest valid multispectral trend,-0.0190139412879944,-0.019498581066727638,-0.03205093741416942,-0.051524711772799506
7,Day 7,2026-07-07,8,10,3,Tray 9,9,DJI_20260707125629_0009,PASS_AUTO,32,4,2,203.7306663929412,428.4416544795367,142.63356783853553,375.7171576246439,264.225307621394,375.6050952669275,264.8141555642968,481.18721109901344,143.27518205933586,481.2317924892003,projection_regular_lattice,No,12985,12985,1.0,0.2905395925045013,0.3673913180828094,0.2589823007583618,-0.0699562281370163,0.5737269520759583,0.8663072776280324,12985,12985,1.0,-0.0538607127964496,-0.0710427910089492,0.2497014999389648,-0.4093959629535675,0.2610253095626831,0.4206391990758568,Microbes,Ideal,Inside,Inside,Inside,Not Heat,Not Moisture,Daily watering,Microbes | Ideal,Ideal | Inside,Microbes | Inside,0.2905395925045013,-0.0538607127964496,0.2719955295324325,-0.0946839354000984,Yes,Script 05 possible_day7_bug_eaten_cells.csv,NDVI: Linear projection from the latest valid multispectral trend; NDRE: Linear projection from the latest valid multispectral trend,-0.01271630823612213,-0.017288741189986436,-0.018544062972068787,-0.0408232226036488
7,Day 7,2026-07-07,8,10,3,Tray 9,9,DJI_20260707125629_0009,PASS_AUTO,33,4,3,338.94634641664703,428.4179251482077,277.7498070836478,375.59897339115406,399.5990576213575,375.6008419849487,400.1292763665962,481.2579366698451,278.3327921067842,481.18858710852106,projection_regular_lattice,No,13038,13038,1.0,0.2762323021888733,0.3229350447654724,0.2527508735656738,-0.0708707198500633,0.5653263926506042,0.8640128854118729,13038,13038,1.0,-0.0579646527767181,-0.0683228448033332,0.2272707223892212,-0.3956990242004394,0.2235784530639648,0.3882497315539193,Microbes,Ideal,Inside,Inside,Inside,Not Heat,Not Moisture,Daily watering,Microbes | Ideal,Ideal | Inside,Microbes | Inside,0.2762323021888733,-0.0579646527767181,0.1799893975257874,-0.13732049893587805,Yes,Script 05 possible_day7_bug_eaten_cells.csv,NDVI: Linear projection from the latest valid multispectral trend; NDRE: Linear projection from the latest valid multispectral trend,-0.03187966346740719,-0.02568815741688008,-0.09624290466308588,-0.07935584615915996
7,Day 7,2026-07-07,8,10,3,Tray 9,9,DJI_20260707125629_0009,PASS_AUTO,34,4,4,474.4481495012984,428.5207857630018,413.1521693897057,375.6073791037876,535.2589306822664,375.72317864909314,535.7305202298412,481.4552521868,413.67652521517806,481.271971673965,projection_regular_lattice,No,13038,13038,1.0,0.3136859238147735,0.4114487469196319,0.2579847872257232,-0.0540531873703002,0.5722954869270325,0.886869151710385,13038,13038,1.0,-0.0317681245505809,-0.0260670855641365,0.2247726619243621,-0.3874301314353943,0.2179865092039108,0.4496088357109986,Microbes,Ideal,Inside,Inside,Inside,Not Heat,Not Moisture,Daily watering,Microbes | Ideal,Ideal | Inside,Microbes | Inside,0.3136859238147735,-0.0317681245505809,0.27738466858863847,-0.06488936068490127,Yes,Script 05 possible_day7_bug_eaten_cells.csv,NDVI: Linear projection from the latest valid multispectral trend; NDRE: Linear projection from the latest valid multispectral trend,-0.018348813056945752,-0.01691579492762679,-0.03630125522613503,-0.033121236134320366
7,Day 7,2026-07-07,8,10,3,Tray 9,9,DJI_20260707125629_0009,PASS_AUTO,36,4,6,746.3101248534383,429.1062768309599,684.8152631846583,376.0039603674243,807.4370459869211,376.34762181575167,807.7913771391679,482.22965305907945,685.2223606148027,481.8185106432227,projection_regular_lattice,No,13214,13214,1.0,0.305450439453125,0.3723465800285339,0.2469205856323242,-0.0176460817456245,0.5800543427467346,0.8931436355380656,13214,13214,1.0,-0.022327970713377,-0.0260586310178041,0.2195138335227966,-0.3732394278049469,0.2558998167514801,0.429468745270168,Microbes,Ideal,Inside,Inside,Inside,Not Heat,Not Moisture,Daily watering,Microbes | Ideal,Ideal | Inside,Microbes | Inside,0.305450439453125,-0.022327970713377,0.26708993315696744,-0.059064569417387074,Yes,Script 05 possible_day7_bug_eaten_cells.csv,NDVI: Linear projection from the latest valid multispectral trend; NDRE: Linear projection from the latest valid multispectral trend,-0.014271289110183619,-0.01100119715556499,-0.03836050629615756,-0.036736598704010075
7,Day 7,2026-07-07,8,10,3,Tray 9,9,DJI_20260707125629_0009,PASS_AUTO,39,4,9,1156.24901083874,430.9339380288213,1094.455826834179,377.54825685880365,1217.8501419009951,378.2337111616638,1218.02858546025,484.3406789634229,1094.6870366713315,483.5877436930334,projection_regular_lattice,No,13322,13322,1.0,0.3092519640922546,0.3757009208202362,0.233389213681221,0.0173414275050163,0.571846067905426,0.9074463293799728,13322,13322,1.0,-0.0283231064677238,-0.0499045141041278,0.2342095673084259,-0.3869132697582245,0.2676492035388946,0.4361207025972076,Microbes,Ideal,Inside,Inside,Inside,Not Heat,Not Moisture,Daily watering,Microbes | Ideal,Ideal | Inside,Microbes | Inside,0.3092519640922546,-0.0283231064677238,0.2441626489162446,-0.03287179023027423,Yes,Script 05 possible_day7_bug_eaten_cells.csv,NDVI: Linear projection from the latest valid multispectral trend; NDRE: Linear projection from the latest valid multispectral trend,-0.01970249414443967,-0.004140513017773644,-0.06508931517600999,-0.004548683762550427
7,Day 7,2026-07-07,8,10,3,Tray 9,9,DJI_20260707125629_0009,PASS_AUTO,41,5,1,69.43832168163576,545.6900311389868,8.57034775786182,493.107644611562,129.8459475882053,492.95663015514526,130.29268622235958,598.2934774309955,9.06985266991368,598.3770109198828,projection_regular_lattice,No,12932,12932,1.0,0.267301470041275,0.2790782451629638,0.2483609467744827,-0.0647589266300201,0.5769613981246948,0.8632848747293536,12932,12932,1.0,-0.0662689805030822,-0.0976979732513427,0.2427209168672561,-0.4213652312755584,0.2708448469638824,0.3657593566347046,Microbes,Ideal,Inside,Inside,Inside,Not Heat,Not Moisture,Daily watering,Microbes | Ideal,Ideal | Inside,Microbes | Inside,0.267301470041275,-0.0662689805030822,0.21803365647792827,-0.1286421585828066,Yes,Script 05 possible_day7_bug_eaten_cells.csv,NDVI: Linear projection from the latest valid multispectral trend; NDRE: Linear projection from the latest valid multispectral trend,-0.01966653764247891,-0.02152834646403789,-0.04926781356334675,-0.06237317807972438
7,Day 7,2026-07-07,8,10,3,Tray 9,9,DJI_20260707125629_0009,PASS_AUTO,42,5,2,204.302735091436,545.6230216979906,143.33532038906853,492.9461802684051,264.86843097426305,492.9090967634993,265.2565404107533,598.32092289216,143.7761961034564,598.2905254295364,projection_regular_lattice,No,12985,12985,1.0,0.2877873480319977,0.3457344472408294,0.2529545724391937,-0.0872142985463142,0.5732309222221375,0.8757027339237582,12985,12985,1.0,-0.0592876859009265,-0.0853873267769813,0.2460679858922958,-0.4303769767284393,0.2575470507144928,0.3748170966499807,Microbes,Ideal,Inside,Inside,Inside,Not Heat,Not Moisture,Daily watering,Microbes | Ideal,Ideal | Inside,Microbes | Inside,0.2877873480319977,-0.0592876859009265,0.23978437483310694,-0.1324796276167034,Yes,Script 05 possible_day7_bug_eaten_cells.csv,NDVI: Linear projection from the latest valid multispectral trend; NDRE: Linear projection from the latest valid multispectral trend,-0.02065996825695038,-0.023915304802358133,-0.04800297319889074,-0.07319194171577689
7,Day 7,2026-07-07,8,10,3,Tray 9,9,DJI_20260707125629_0009,PASS_AUTO,43,5,3,339.45327156218184,545.6826022031177,278.3864160812209,492.9113058713715,400.1770374212665,492.9881533179766,400.5065176600928,598.4749582994476,278.76866259794474,598.3306298853131,projection_regular_lattice,No,13038,13038,1.0,0.2510242462158203,0.2406220138072967,0.2538514137268066,-0.0950223430991172,0.5517072677612305,0.8400828347906121,13038,13038,1.0,-0.0774120911955833,-0.0770647004246711,0.2257188856601715,-0.3830222189426422,0.2079934179782867,0.3418469090351281,Microbes,Ideal,Inside,Inside,Inside,Not Heat,Not Moisture,Daily watering,Microbes | Ideal,Ideal | Inside,Microbes | Inside,0.2510242462158203,-0.0774120911955833,0.16548535227775568,-0.16302163340151302,Yes,Script 05 possible_day7_bug_eaten_cells.csv,NDVI: Linear projection from the latest valid multispectral trend; NDRE: Linear projection from the latest valid multispectral trend,-0.030665308237075802,-0.024942545220255838,-0.08553889393806463,-0.08560954220592971
7,Day 7,2026-07-07,8,10,3,Tray 9,9,DJI_20260707125629_0009,PASS_AUTO,44,5,4,474.8899310938733,545.8687726543678,413.7236348343187,493.003021420461,535.7717669292155,493.1937998185771,536.0426179703777,598.7555836528586,414.0472521533786,598.4973242872131,projection_regular_lattice,No,13099,13099,1.0,0.2954179048538208,0.364825576543808,0.2653213739395141,-0.072098433971405,0.5867468118667603,0.8657149400717612,13099,13099,1.0,-0.0351021774113178,-0.0447761192917823,0.2427888065576553,-0.3775124251842499,0.2599529027938843,0.4223223146805099,Microbes,Ideal,Inside,Inside,Inside,Not Heat,Not Moisture,Daily watering,Microbes | Ideal,Ideal | Inside,Microbes | Inside,0.2954179048538208,-0.0351021774113178,0.24008892476558685,-0.11270161881111546,Yes,Script 05 possible_day7_bug_eaten_cells.csv,NDVI: Linear projection from the latest valid multispectral trend; NDRE: Linear projection from the latest valid multispectral trend,-0.019484415650367713,-0.021828907774761288,-0.05532898008823395,-0.07759944139979766
7,Day 7,2026-07-07,8,10,3,Tray 9,9,DJI_20260707125629_0009,PASS_AUTO,50,5,10,1293.51847256388,549.6441842304574,1231.755531632764,496.2117035835865,1355.348728256767,497.086067690768,1355.2678041119452,603.0977246419122,1231.72737376584,602.1558795672014,projection_regular_lattice,No,13268,13268,1.0,0.326976865530014,0.3845777511596679,0.2073598653078079,0.0734640955924987,0.5587995648384094,0.9319415134157372,13268,13268,1.0,-0.0328593850135803,-0.0445538982748985,0.2157588750123977,-0.3312743902206421,0.2365459948778152,0.4388754899005125,Microbes,Ideal,Inside,Inside,Inside,Not Heat,Not Moisture,Daily watering,Microbes | Ideal,Ideal | Inside,Microbes | Inside,0.326976865530014,-0.0328593850135803,0.29662057757377647,-0.02149620838463303,Yes,Script 05 possible_day7_bug_eaten_cells.csv,NDVI: Linear projection from the latest valid multispectral trend; NDRE: Linear projection from the latest valid multispectral trend,-0.01253080368041985,-0.0025702295824885438,-0.030356287956237515,0.011363176628947272
7,Day 7,2026-07-07,8,10,3,Tray 9,9,DJI_20260707125629_0009,PASS_AUTO,53,6,3,339.73715392281383,662.7580684764439,278.7999822938912,610.0344275700052,400.5319744362728,610.1862538694209,400.6607161686866,715.5027691474666,278.9814903042025,715.2834618805216,projection_regular_lattice,No,13099,13099,1.0,0.2588335573673248,0.2652899026870727,0.2572603523731231,-0.0977606177330017,0.56498122215271,0.8360180166424918,13099,13099,1.0,-0.0685436651110649,-0.07395751029253,0.2398673295974731,-0.3946009278297424,0.2354493588209152,0.34743110161081,Microbes,Ideal,Inside,Inside,Inside,Not Heat,Not Moisture,Daily watering,Microbes | Ideal,Ideal | Inside,Microbes | Inside,0.2588335573673248,-0.0685436651110649,0.1783684641122818,-0.15683805197477346,Yes,Script 05 possible_day7_bug_eaten_cells.csv,NDVI: Linear projection from the latest valid multispectral trend; NDRE: Linear projection from the latest valid multispectral trend,-0.028439447283744798,-0.02766693383455279,-0.08046509325504297,-0.08829438686370857
7,Day 7,2026-07-07,8,10,3,Tray 9,9,DJI_20260707125629_0009,PASS_AUTO,54,6,4,475.1086699015453,663.0275487641503,414.07205749402897,610.2094529555509,536.0615603912618,610.4752102064774,536.1316729260116,715.8667043373337,414.1949363066764,715.5334661188778,projection_regular_lattice,No,13161,13161,1.0,0.281169593334198,0.3533834517002105,0.2743889987468719,-0.1035525351762771,0.5780714750289917,0.8657396854342375,13161,13161,1.0,-0.0392692349851131,-0.0405092574656009,0.2407354563474655,-0.4203954339027405,0.2450939416885376,0.4232201200516678,Microbes,Ideal,Inside,Inside,Inside,Not Heat,Not Moisture,Daily watering,Microbes | Ideal,Ideal | Inside,Microbes | Inside,0.281169593334198,-0.0392692349851131,0.22050464153289806,-0.1171815898269414,Yes,Script 05 possible_day7_bug_eaten_cells.csv,NDVI: Linear projection from the latest valid multispectral trend; NDRE: Linear projection from the latest valid multispectral trend,-0.019119173288345285,-0.019660091027617437,-0.06066495180129994,-0.0779123548418283
7,Day 7,2026-07-07,8,10,3,Tray 9,9,DJI_20260707125629_0009,PASS_AUTO,55,6,5,610.7663089412225,663.4236189979798,549.6302557551126,610.5110682872197,671.8772694071963,610.8907564896571,671.8887527442821,716.3572294733239,549.694505370096,715.9100603033571,projection_regular_lattice,No,13038,13038,1.0,0.2863641679286957,0.3300305008888244,0.2667895555496216,-0.083440750837326,0.5763379335403442,0.8555760085902746,13038,13038,1.0,-0.0328416936099529,-0.0333080999553203,0.2459035217761993,-0.3972055912017822,0.247533917427063,0.4190826813928516,Microbes,Ideal,Inside,Inside,Inside,Not Heat,Not Moisture,Daily watering,Microbes | Ideal,Ideal | Inside,Microbes | Inside,0.2863641679286957,-0.0328416936099529,0.20103520154953025,-0.12447206443175665,Yes,Script 05 possible_day7_bug_eaten_cells.csv,NDVI: Linear projection from the latest valid multispectral trend; NDRE: Linear projection from the latest valid multispectral trend,-0.02611064910888664,-0.021827046293765282,-0.08532896637916543,-0.09163037082180375
7,Day 7,2026-07-07,8,10,3,Tray 9,9,DJI_20260707125629_0009,PASS_AUTO,56,6,6,746.7100710418453,663.9462791779326,685.4745770771416,610.939273565012,807.9791014840764,611.43289271896,807.9319556234983,716.9743445554373,685.4801974944611,716.4132444339596,projection_regular_lattice,No,13206,13206,1.0,0.2916600704193115,0.3796035051345825,0.2444951981306076,-0.0655210390686988,0.5387403964996338,0.8787672270180221,13206,13206,1.0,-0.0503853894770145,-0.0340909101068973,0.2130884826183319,-0.422863095998764,0.1804909706115722,0.4024685748902014,Microbes,Ideal,Inside,Inside,Inside,Not Heat,Not Moisture,Daily watering,Microbes | Ideal,Ideal | Inside,Microbes | Inside,0.2916600704193115,-0.0503853894770145,0.2311921566724779,-0.09373551351018233,Yes,Script 05 possible_day7_bug_eaten_cells.csv,NDVI: Linear projection from the latest valid multispectral trend; NDRE: Linear projection from the latest valid multispectral trend,-0.024269804358482305,-0.01776807918213304,-0.060467913746833635,-0.04335012403316783
7,Day 7,2026-07-07,8,10,3,Tray 9,9,DJI_20260707125629_0009,PASS_AUTO,60,6,10,1293.346350053792,667.3028193589762,1231.7130929747148,613.9179941374126,1355.2476604010535,614.8673370974046,1354.965997749819,720.7087043451237,1231.484196601378,719.6918804176023,projection_regular_lattice,No,13322,13322,1.0,0.3031333386898041,0.3669987916946411,0.2193798422813415,0.0123526807874441,0.5359009504318237,0.9049692238402642,13322,13322,1.0,-0.059638287872076,-0.0597768500447273,0.2181114256381988,-0.3951954543590545,0.1938123703002929,0.392658759945954,Microbes,Ideal,Inside,Inside,Inside,Not Heat,Not Moisture,Daily watering,Microbes | Ideal,Ideal | Inside,Microbes | Inside,0.3031333386898041,-0.059638287872076,0.2755333334207534,-0.059239043854176825,Yes,Script 05 possible_day7_bug_eaten_cells.csv,NDVI: Linear projection from the latest valid multispectral trend; NDRE: Linear projection from the latest valid multispectral trend,-0.01324345171451569,-0.006659851409494842,-0.027600005269050654,0.0003992440178991752
7,Day 7,2026-07-07,8,10,3,Tray 9,9,DJI_20260707125629_0009,PASS_AUTO,63,7,3,339.7979934985431,779.6443239681867,278.9905057216586,726.9683384870552,400.6638686663764,727.1951436392812,400.5918718923776,832.3413692139018,278.9712752255576,832.0470830941464,projection_regular_lattice,No,13038,13038,1.0,0.2453725636005401,0.2108941674232483,0.2606947720050812,-0.1038565263152122,0.5687726736068726,0.8235158766682007,13038,13038,1.0,-0.0744880139827728,-0.0810419768095016,0.2412550002336502,-0.4079422354698181,0.255571186542511,0.3434575855192514,Microbes,Ideal,Inside,Inside,Inside,Not Heat,Not Moisture,Daily watering,Microbes | Ideal,Ideal | Inside,Microbes | Inside,0.2453725636005401,-0.0744880139827728,0.16549989581108093,-0.16248247306793934,Yes,Script 05 possible_day7_bug_eaten_cells.csv,NDVI: Linear projection from the latest valid multispectral trend; NDRE: Linear projection from the latest valid multispectral trend,-0.029858440160751325,-0.02925388608127834,-0.07987266778945917,-0.08799445908516654
7,Day 7,2026-07-07,8,10,3,Tray 9,9,DJI_20260707125629_0009,PASS_AUTO,65,7,5,610.6968614110317,780.4764941626346,549.6904920769601,727.6115988771819,671.8788765313798,728.0662659324298,671.6896213620532,833.3624492126713,549.5540031855311,832.840301189894,projection_regular_lattice,No,13038,13038,1.0,0.2572095990180969,0.2461338937282562,0.2569299340248108,-0.0873150080442428,0.5535475015640259,0.8387789538272741,13038,13038,1.0,-0.0601254440844059,-0.0541897267103195,0.2354344725608825,-0.3901049494743347,0.2270433455705642,0.3387022549470778,Microbes,Ideal,Inside,Inside,Inside,Not Heat,Not Moisture,Daily watering,Microbes | Ideal,Ideal | Inside,Microbes | Inside,0.2572095990180969,-0.0601254440844059,0.18263417482376118,-0.1217610379680989,Yes,Script 05 possible_day7_bug_eaten_cells.csv,NDVI: Linear projection from the latest valid multispectral trend; NDRE: Linear projection from the latest valid multispectral trend,-0.027511477470397866,-0.021542341448366593,-0.07457542419433574,-0.061635593883692996
7,Day 7,2026-07-07,8,10,3,Tray 9,9,DJI_20260707125629_0009,PASS_AUTO,69,7,9,1155.928073967356,783.6599139050095,1094.5239415189103,730.4171990109141,1217.7423689927343,731.3275898722056,1217.3185970327518,836.923688563689,1094.1529358368257,835.945816734868,projection_regular_lattice,No,13269,13269,1.0,0.2659638822078705,0.3298429250717163,0.2442754358053207,-0.0732638910412788,0.5315338969230652,0.8666063757630568,13269,13269,1.0,-0.065916821360588,-0.0604304634034633,0.2221912741661071,-0.4159643650054931,0.1950376331806183,0.3748586931946642,Microbes,Ideal,Inside,Inside,Inside,Not Heat,Not Moisture,Daily watering,Microbes | Ideal,Ideal | Inside,Microbes | Inside,0.2659638822078705,-0.065916821360588,0.21779063344001767,-0.049153678119182434,Yes,Script 05 possible_day7_bug_eaten_cells.csv,NDVI: Linear projection from the latest valid multispectral trend; NDRE: Linear projection from the latest valid multispectral trend,-0.01755878329277038,-0.0014968737959861467,-0.04817324876785281,0.01676314324140557
7,Day 7,2026-07-07,8,10,3,Tray 9,9,DJI_20260707125629_0009,PASS_AUTO,70,7,10,1292.9511847588012,784.7722437059115,1231.4476115317625,731.4350739096552,1354.923549760437,732.4593957224577,1354.4411486027902,838.1304732667514,1231.0179766520132,837.0386704864196,projection_regular_lattice,No,13322,13322,1.0,0.2764759957790375,0.3123948574066162,0.2290437370538711,-0.0619962997734546,0.5453243255615234,0.8764449782314968,13322,13322,1.0,-0.0619019642472267,-0.0831829234957695,0.2390417605638504,-0.4226999878883362,0.2549936771392822,0.3810989340939799,Microbes,Ideal,Inside,Inside,Inside,Not Heat,Not Moisture,Daily watering,Microbes | Ideal,Ideal | Inside,Microbes | Inside,0.2764759957790375,-0.0619019642472267,0.22970843315124512,-0.05534933507442456,Yes,Script 05 possible_day7_bug_eaten_cells.csv,NDVI: Linear projection from the latest valid multispectral trend; NDRE: Linear projection from the latest valid multispectral trend,-0.016147792339324934,-0.0024263449013232886,-0.04676756262779236,0.006552629172802138
7,Day 7,2026-07-07,8,10,3,Tray 11,11,DJI_20260707125749_0011,PASS_AUTO,3,1,3,339.2173452330121,79.39590570889875,278.7066636786067,27.66735634772992,400.82763509570697,28.45415350325117,399.8532765523518,131.27006754068964,277.78597089937307,130.5584229703842,projection_regular_lattice,No,12792,12792,1.0,0.2943938374519348,0.3091413974761963,0.2180390954017639,0.0182496551424264,0.5507209300994873,0.9067385866166354,12792,12792,1.0,-0.0621501393616199,-0.0847682133316993,0.2159448266029358,-0.4025894403457641,0.2166477590799331,0.3773452157598499,No Microbes,Heat,Dynamic Heat,Inside,Dynamic Heat,Inside recovery,Not Moisture,Daily watering,No Microbes | Heat,Heat | Dynamic Heat,No Microbes | Dynamic Heat,0.2943938374519348,-0.0621501393616199,0.3124456107616426,-0.019874760881066166,Yes,Script 05 possible_day7_bug_eaten_cells.csv,NDVI: Linear projection from the latest valid multispectral trend; NDRE: Linear projection from the latest valid multispectral trend,0.0005268156528473467,0.005831120535731344,0.018051773309707808,0.04227537848055374
7,Day 7,2026-07-07,8,10,3,Tray 11,11,DJI_20260707125749_0011,PASS_AUTO,4,1,4,474.9553892295348,80.23976203784488,414.4044209266992,28.54271427976888,536.6655944674616,29.350011101566487,535.6316072973046,132.08242226654298,413.424099520664,131.35027802996115,projection_regular_lattice,No,12835,12835,1.0,0.2968344688415527,0.2898989915847778,0.2121195644140243,0.0376431159675121,0.5496408343315125,0.9199065056486172,12835,12835,1.0,-0.0578839443624019,-0.0798038318753242,0.2064525932073593,-0.3464769721031189,0.20737886428833,0.3539540319439034,No Microbes,Heat,Dynamic Heat,Inside,Dynamic Heat,Inside recovery,Not Moisture,Daily watering,No Microbes | Heat,Heat | Dynamic Heat,No Microbes | Dynamic Heat,0.2968344688415527,-0.0578839443624019,0.31155851483345043,-0.010152019560337011,Yes,Script 05 possible_day7_bug_eaten_cells.csv,NDVI: Linear projection from the latest valid multispectral trend; NDRE: Linear projection from the latest valid multispectral trend,0.002735674381256148,0.010019242763519296,0.01472404599189775,0.04773192480206489
7,Day 7,2026-07-07,8,10,3,Tray 11,11,DJI_20260707125749_0011,PASS_AUTO,9,1,9,1155.9823112731813,84.80070478718169,1095.229909228195,33.261165044569765,1218.192093387267,34.1709601977492,1216.8599630831018,136.48585700041568,1093.9514446881512,135.65121443245204,projection_regular_lattice,No,12834,12834,1.0,0.2927642166614532,0.2952285706996918,0.198045551776886,0.0588878504931926,0.5353099703788757,0.9325229858189183,12834,12834,1.0,-0.0812748298048973,-0.1004136875271797,0.214440181851387,-0.3805553913116455,0.1989051401615142,0.3633317749727286,No Microbes,Heat,Dynamic Heat,Inside,Dynamic Heat,Inside recovery,Not Moisture,Daily watering,No Microbes | Heat,Heat | Dynamic Heat,No Microbes | Dynamic Heat,0.2927642166614532,-0.0812748298048973,0.31639246642589586,-0.0464695449918508,Yes,Script 05 possible_day7_bug_eaten_cells.csv,NDVI: Linear projection from the latest valid multispectral trend; NDRE: Linear projection from the latest valid multispectral trend,-0.0027811974287032483,-7.013417780400121e-05,0.023628249764442666,0.0348052848130465
7,Day 7,2026-07-07,8,10,3,Tray 11,11,DJI_20260707125749_0011,PASS_AUTO,10,1,10,1292.6550360941171,85.78122555797026,1231.8623473007012,34.27318741845115,1354.964733583435,35.20348223790695,1353.5729746524678,137.43487616811143,1230.5242541338555,136.5797339338714,projection_regular_lattice,No,12834,12834,1.0,0.2646873891353607,0.2093471884727478,0.1964008212089538,0.0513168238103389,0.5248767733573914,0.9250428549166276,12834,12834,1.0,-0.0817841067910194,-0.1102074012160301,0.2176128327846527,-0.3661320805549621,0.2091598063707351,0.3149446781985351,No Microbes,Heat,Dynamic Heat,Inside,Dynamic Heat,Inside recovery,Not Moisture,Daily watering,No Microbes | Heat,Heat | Dynamic Heat,No Microbes | Dynamic Heat,0.2646873891353607,-0.0817841067910194,0.3253848925232889,0.009778346866369164,Yes,Script 05 possible_day7_bug_eaten_cells.csv,NDVI: Linear projection from the latest valid multispectral trend; NDRE: Linear projection from the latest valid multispectral trend,0.016732983291149188,0.02730518206953999,0.060697503387928176,0.09156245365738856
7,Day 7,2026-07-07,8,10,3,Tray 11,11,DJI_20260707125749_0011,PASS_AUTO,12,2,2,202.9461517532728,193.39019290901663,142.23771088476255,141.2750570736131,264.15885155139915,141.95785169039598,263.7798423867172,245.65094121504225,141.91236748420218,245.0432991834751,projection_regular_lattice,No,12915,12915,1.0,0.3052358031272888,0.3141549527645111,0.2273591607809066,-0.0095470370724797,0.5748519897460938,0.8959349593495934,12915,12915,1.0,-0.0609730966389179,-0.0931660458445549,0.2230010330677032,-0.367422491312027,0.2274471819400787,0.3808749516066589,No Microbes,Heat,Dynamic Heat,Inside,Dynamic Heat,Inside recovery,Not Moisture,Daily watering,No Microbes | Heat,Heat | Dynamic Heat,No Microbes | Dynamic Heat,0.3052358031272888,-0.0609730966389179,0.3304429054260253,-0.02277810126543057,Yes,Script 05 possible_day7_bug_eaten_cells.csv,NDVI: Linear projection from the latest valid multispectral trend; NDRE: Linear projection from the latest valid multispectral trend,0.0017245411872863568,0.0033899135887622434,0.02520710229873646,0.038194995373487334
7,Day 7,2026-07-07,8,10,3,Tray 11,11,DJI_20260707125749_0011,PASS_AUTO,14,2,4,474.1339515493567,194.86956622113075,413.3449371839863,142.81743359191285,535.5464820979469,143.54122754124845,535.0482156796614,247.06731132097065,412.9003365298224,246.4186699568509,projection_regular_lattice,No,12844,12844,1.0,0.2866609990596771,0.2429137527942657,0.2354130297899246,-0.0109100705012679,0.5764764547348022,0.8945811273746497,12844,12844,1.0,-0.0506322123110294,-0.0711483135819435,0.2292726784944534,-0.3469730019569397,0.2674373984336853,0.3609467455621302,No Microbes,Heat,Dynamic Heat,Inside,Dynamic Heat,Inside recovery,Not Moisture,Daily watering,No Microbes | Heat,Heat | Dynamic Heat,No Microbes | Dynamic Heat,0.2866609990596771,-0.0506322123110294,0.27277468144893674,-0.03237775899469852,Yes,Script 05 possible_day7_bug_eaten_cells.csv,NDVI: Linear projection from the latest valid multispectral trend; NDRE: Linear projection from the latest valid multispectral trend,-0.004104569554328831,0.004685265943407993,-0.013886317610740384,0.018254453316330882
7,Day 7,2026-07-07,8,10,3,Tray 11,11,DJI_20260707125749_0011,PASS_AUTO,15,2,5,609.961521653502,195.6434189876484,549.1322205397013,143.62278796152333,671.4739675773238,144.3670815771353,670.9160725322367,247.80966248439552,548.6279912587358,247.14052145399933,projection_regular_lattice,No,12853,12853,1.0,0.2878265082836151,0.2761700749397278,0.2216481119394302,-0.0038884852547198,0.5517808794975281,0.8973780440364117,12853,12853,1.0,-0.0576513782143592,-0.0628082007169723,0.2039661109447479,-0.367004930973053,0.2045597285032272,0.3596825643818563,No Microbes,Heat,Dynamic Heat,Inside,Dynamic Heat,Inside recovery,Not Moisture,Daily watering,No Microbes | Heat,Heat | Dynamic Heat,No Microbes | Dynamic Heat,0.2878265082836151,-0.0576513782143592,0.3000995218753815,-0.003988109529018305,Yes,Script 05 possible_day7_bug_eaten_cells.csv,NDVI: Linear projection from the latest valid multispectral trend; NDRE: Linear projection from the latest valid multispectral trend,0.0014745295047760305,0.010876312851905833,0.012273013591766413,0.053663268685340895
7,Day 7,2026-07-07,8,10,3,Tray 11,11,DJI_20260707125749_0011,PASS_AUTO,19,2,9,1154.8296034441046,198.9666041234564,1093.839155336584,147.0719795097026,1216.741710868854,147.89827179042004,1215.9453013165598,251.00684120783225,1093.0964115484112,250.25570151233063,projection_regular_lattice,No,12897,12897,1.0,0.3166481852531433,0.3804100155830383,0.2197109013795852,0.0632839277386665,0.5452305674552917,0.92401333643483,12897,12897,1.0,-0.0518005080521106,-0.0565320663154125,0.2291971892118454,-0.3851048052310943,0.2297428697347641,0.4141273164301776,No Microbes,Heat,Dynamic Heat,Inside,Dynamic Heat,Inside recovery,Not Moisture,Daily watering,No Microbes | Heat,Heat | Dynamic Heat,No Microbes | Dynamic Heat,0.3166481852531433,-0.0518005080521106,0.31389342248439794,-0.019456355832517053,Yes,Script 05 possible_day7_bug_eaten_cells.csv,NDVI: Linear projection from the latest valid multispectral trend; NDRE: Linear projection from the latest valid multispectral trend,-0.0075452178716659095,0.0009050993248820488,-0.002754762768745367,0.03234415221959355
7,Day 7,2026-07-07,8,10,3,Tray 11,11,DJI_20260707125749_0011,PASS_AUTO,20,2,10,1291.4360742352608,199.8543439248428,1230.40533937931,147.99122091418178,1353.448097035242,148.83801286117557,1352.5920588561462,251.8630794061257,1229.6029669643356,251.0914400443478,projection_regular_lattice,No,12896,12896,1.0,0.2808050513267517,0.227760374546051,0.1978580951690673,0.0505317114293575,0.5451435446739197,0.9271091811414393,12896,12896,1.0,-0.062871903181076,-0.0932743400335311,0.221203863620758,-0.3595612943172455,0.2405625134706497,0.344758064516129,No Microbes,Heat,Dynamic Heat,Inside,Dynamic Heat,Inside recovery,Not Moisture,Daily watering,No Microbes | Heat,Heat | Dynamic Heat,No Microbes | Dynamic Heat,0.2808050513267517,-0.062871903181076,0.33885701745748514,0.040750740095973084,Yes,Script 05 possible_day7_bug_eaten_cells.csv,NDVI: Linear projection from the latest valid multispectral trend; NDRE: Linear projection from the latest valid multispectral trend,0.01829452067613601,0.031126772984862328,0.058051966130733434,0.10362264327704908
7,Day 7,2026-07-07,8,10,3,Tray 11,11,DJI_20260707125749_0011,PASS_AUTO,22,3,2,202.85246741251115,309.0874174919355,141.9059804814661,256.6171967853901,263.76749252130094,257.216488529711,263.9242041084904,361.703250669103,142.11635783277717,361.17911150999794,projection_regular_lattice,No,12976,12976,1.0,0.2965646982192993,0.2979970574378967,0.2283027172088623,-0.0002663613995537,0.5652173757553101,0.8996609124537608,12976,12976,1.0,-0.0657997205853462,-0.1041538417339325,0.229446142911911,-0.3548762798309326,0.2456852793693542,0.3511868064118372,No Microbes,Heat,Dynamic Heat,Inside,Dynamic Heat,Inside recovery,Not Moisture,Daily watering,No Microbes | Heat,Heat | Dynamic Heat,No Microbes | Dynamic Heat,0.2965646982192993,-0.0657997205853462,0.2962241172790528,-0.03718239068984992,Yes,Script 05 possible_day7_bug_eaten_cells.csv,NDVI: Linear projection from the latest valid multispectral trend; NDRE: Linear projection from the latest valid multispectral trend,-0.005858153104782072,0.0014599561691283915,-0.0003405809402465265,0.02861732989549627
7,Day 7,2026-07-07,8,10,3,Tray 11,11,DJI_20260707125749_0011,PASS_AUTO,23,3,3,338.3022232120723,309.7229344751035,277.31544953259714,257.28421537165093,399.3171636960941,257.90400678224813,399.41424665648174,362.3072660491781,277.4661982571065,361.7626272237967,projection_regular_lattice,No,12977,12977,1.0,0.2907283902168274,0.2700497508049011,0.2249685376882553,-0.0006432044901885,0.569631040096283,0.8992833474608923,12977,12977,1.0,-0.0646310597658157,-0.083476647734642,0.2166761010885238,-0.3568588495254516,0.2296546846628189,0.3587886260306696,No Microbes,Heat,Dynamic Heat,Inside,Dynamic Heat,Inside recovery,Not Moisture,Daily watering,No Microbes | Heat,Heat | Dynamic Heat,No Microbes | Dynamic Heat,0.2907283902168274,-0.0646310597658157,0.3004150688648224,-0.04262443631887442,Yes,Script 05 possible_day7_bug_eaten_cells.csv,NDVI: Linear projection from the latest valid multispectral trend; NDRE: Linear projection from the latest valid multispectral trend,-0.0008835792541503798,0.002043891698121993,0.009686678647994995,0.02200662344694127
7,Day 7,2026-07-07,8,10,3,Tray 11,11,DJI_20260707125749_0011,PASS_AUTO,29,3,9,1154.272140894885,314.01436192055974,1093.0436467248294,261.76465243566406,1215.8865736302978,262.50744184391954,1215.6258848298753,366.4096838760775,1092.836623688528,365.7420470530378,projection_regular_lattice,No,12958,12958,1.0,0.2777747809886932,0.238664299249649,0.2125703394412994,0.0095563791692256,0.5446682572364807,0.9060040129649636,12958,12958,1.0,-0.0690882727503776,-0.0773480683565139,0.2214294970035553,-0.3659910261631012,0.2064657509326934,0.3316869887328291,No Microbes,Heat,Dynamic Heat,Inside,Dynamic Heat,Inside recovery,Not Moisture,Daily watering,No Microbes | Heat,Heat | Dynamic Heat,No Microbes | Dynamic Heat,0.2777747809886932,-0.0690882727503776,0.32208029925823206,-0.024669630452990397,Yes,Script 05 possible_day7_bug_eaten_cells.csv,NDVI: Linear projection from the latest valid multispectral trend; NDRE: Linear projection from the latest valid multispectral trend,0.0059966593980789185,0.007660815492272401,0.04430551826953888,0.044418642297387206
7,Day 7,2026-07-07,8,10,3,Tray 11,11,DJI_20260707125749_0011,PASS_AUTO,30,3,10,1290.8123576562618,314.80932075254384,1229.5435767377758,262.591112870741,1352.5267057669062,263.3544019452728,1352.2063883396818,367.1731411049688,1229.276925074673,366.4850046156528,projection_regular_lattice,No,12958,12958,1.0,0.2832126915454864,0.2350856512784958,0.2008541822433471,0.0521973818540573,0.5402800440788269,0.9269177342182436,12958,12958,1.0,-0.0692746266722679,-0.0816164836287498,0.2050699740648269,-0.3452631533145904,0.1948630660772323,0.3421824355610434,No Microbes,Heat,Dynamic Heat,Inside,Dynamic Heat,Inside recovery,Not Moisture,Daily watering,No Microbes | Heat,Heat | Dynamic Heat,No Microbes | Dynamic Heat,0.2832126915454864,-0.0692746266722679,0.33812575042247783,0.013195216655731354,Yes,Script 05 possible_day7_bug_eaten_cells.csv,NDVI: Linear projection from the latest valid multispectral trend; NDRE: Linear projection from the latest valid multispectral trend,0.012195393443107633,0.019601583480834985,0.05491305887699144,0.08246984332799925
7,Day 7,2026-07-07,8,10,3,Tray 11,11,DJI_20260707125749_0011,PASS_AUTO,33,4,3,338.73753012138815,426.2092365494488,277.5127103793782,373.4154325748543,399.4547959160733,373.9517211129895,400.0875996283325,479.14865299466527,278.1991798557589,478.6875170417459,projection_regular_lattice,No,13046,13046,1.0,0.297826737165451,0.3107337951660156,0.2333018481731414,-0.0182366073131561,0.570759117603302,0.8910777249731718,13046,13046,1.0,-0.0580512061715126,-0.0752264708280563,0.2272550761699676,-0.3830441236495971,0.2288791090250015,0.3837957994787674,No Microbes,Heat,Dynamic Heat,Inside,Dynamic Heat,Inside recovery,Not Moisture,Daily watering,No Microbes | Heat,Heat | Dynamic Heat,No Microbes | Dynamic Heat,0.297826737165451,-0.0580512061715126,0.2984090745449066,-0.03663011454045763,Yes,Script 05 possible_day7_bug_eaten_cells.csv,NDVI: Linear projection from the latest valid multispectral trend; NDRE: Linear projection from the latest valid multispectral trend,-0.0027014017105102517,0.0022354666143655903,0.0005823373794556219,0.02142109163105497
7,Day 7,2026-07-07,8,10,3,Tray 11,11,DJI_20260707125749_0011,PASS_AUTO,35,4,5,609.9718740731576,427.3630407979015,548.6664808342874,374.63224002949255,670.8889706183065,375.20952790018055,671.4025170769622,480.2394540369324,549.2336930570647,479.7373187514602,projection_regular_lattice,No,13038,13038,1.0,0.2915124595165252,0.2801879048347473,0.2290220558643341,-0.020922053605318,0.5701072216033936,0.8908574934805952,13038,13038,1.0,-0.0512394532561302,-0.0495290607213974,0.2204465866088867,-0.3757769167423248,0.2377109974622726,0.3573400828347906,No Microbes,Heat,Dynamic Heat,Inside,Dynamic Heat,Inside recovery,Not Moisture,Daily watering,No Microbes | Heat,Heat | Dynamic Heat,No Microbes | Dynamic Heat,0.2915124595165252,-0.0512394532561302,0.30188034474849723,-0.017227582633495265,Yes,Script 05 possible_day7_bug_eaten_cells.csv,NDVI: Linear projection from the latest valid multispectral trend; NDRE: Linear projection from the latest valid multispectral trend,-0.003510519862174918,0.003155793994665145,0.010367885231972018,0.03401187062263493
7,Day 7,2026-07-07,8,10,3,Tray 11,11,DJI_20260707125749_0011,PASS_AUTO,38,4,8,1017.9917410313282,429.2645777228835,956.5654875471675,376.62828176375314,1079.2085837021723,377.2670686332702,1079.543244280423,482.046486152636,956.9538138895398,481.4828518683347,projection_regular_lattice,No,13029,13029,1.0,0.3093711137771606,0.3611782789230346,0.2265567481517791,0.0271671414375305,0.5508347749710083,0.9121958707498656,13029,13029,1.0,-0.0363594815135002,-0.0344294011592865,0.2204328924417495,-0.385101169347763,0.2179204523563385,0.4310384526824775,No Microbes,Heat,Dynamic Heat,Inside,Dynamic Heat,Inside recovery,Not Moisture,Daily watering,No Microbes | Heat,Heat | Dynamic Heat,No Microbes | Dynamic Heat,0.3093711137771606,-0.0363594815135002,0.3342654705047608,0.022258304525166736,Yes,Script 05 possible_day7_bug_eaten_cells.csv,NDVI: Linear projection from the latest valid multispectral trend; NDRE: Linear projection from the latest valid multispectral trend,0.0009217858314514317,0.010900041554123144,0.02489435672760021,0.058617786038666936
7,Day 7,2026-07-07,8,10,3,Tray 11,11,DJI_20260707125749_0011,PASS_AUTO,39,4,9,1154.3099236255227,429.9439781784917,1092.843383392932,377.33918382245406,1215.6266816715988,377.9984703582475,1215.9017136230475,482.6943850051513,1093.1720811085024,482.1102510545737,projection_regular_lattice,No,13144,13144,1.0,0.2789665758609772,0.2452158629894256,0.2196256667375564,0.0011326696258038,0.5452455282211304,0.9003347534996957,13144,13144,1.0,-0.0653189197182655,-0.0652965679764747,0.2127139270305633,-0.3690894246101379,0.203787699341774,0.3559038344491783,No Microbes,Heat,Dynamic Heat,Inside,Dynamic Heat,Inside recovery,Not Moisture,Daily watering,No Microbes | Heat,Heat | Dynamic Heat,No Microbes | Dynamic Heat,0.2789665758609772,-0.0653189197182655,0.32406409084796906,0.00821130536496649,Yes,Script 05 possible_day7_bug_eaten_cells.csv,NDVI: Linear projection from the latest valid multispectral trend; NDRE: Linear projection from the latest valid multispectral trend,0.0062379390001297145,0.014690248295664796,0.04509751498699188,0.073530225083232
7,Day 7,2026-07-07,8,10,3,Tray 11,11,DJI_20260707125749_0011,PASS_AUTO,40,4,10,1290.7838863571196,430.6461560410736,1229.2770593760988,378.0728632881288,1352.2005597784275,378.7526494901986,1352.4159631030743,483.3650612646404,1229.5461284648677,482.7604276477864,projection_regular_lattice,No,13029,13029,1.0,0.2961681485176086,0.2804141640663147,0.2263338714838028,0.0581607446074485,0.5548712611198425,0.9265484688003685,13029,13029,1.0,-0.06175472214818,-0.0582263357937336,0.2077504396438598,-0.3269508779048919,0.1879033297300338,0.3882876659758999,No Microbes,Heat,Dynamic Heat,Inside,Dynamic Heat,Inside recovery,Not Moisture,Daily watering,No Microbes | Heat,Heat | Dynamic Heat,No Microbes | Dynamic Heat,0.2961681485176086,-0.06175472214818,0.3276749998331072,0.017675722017884345,Yes,Script 05 possible_day7_bug_eaten_cells.csv,NDVI: Linear projection from the latest valid multispectral trend; NDRE: Linear projection from the latest valid multispectral trend,0.006579771637916642,0.018503623083233847,0.03150685131549863,0.07943044416606435
7,Day 7,2026-07-07,8,10,3,Tray 12,12,DJI_20260707125838_0012,PASS_AUTO,9,1,9,1162.088261336154,87.26732217541257,1100.0357100699505,35.91715678136813,1224.33883440888,35.32432509949218,1224.281028335766,138.92526986437122,1099.8979456224863,139.26715753315028,projection_regular_lattice,No,13062,13062,1.0,0.3018471896648407,0.2858394682407379,0.2147799432277679,0.093933455646038,0.5489078760147095,0.9454141785331496,13062,13062,1.0,-0.0465845614671707,-0.0930930972099304,0.2380578219890594,-0.364144891500473,0.2530157268047333,0.4062930638493339,No Microbes,Moisture,Inside,Inside,Inside,Not Heat,Final unwatered interval,No,No Microbes | Moisture,Moisture | Inside,No Microbes | Inside,0.3018471896648407,-0.0465845614671707,0.3300885111093523,-0.02404141239821904,Yes,Script 05 possible_day7_bug_eaten_cells.csv,NDVI: Linear projection from the latest valid multispectral trend; NDRE: Linear projection from the latest valid multispectral trend,0.004876241087913561,0.005257261916995053,0.02824132144451158,0.022543149068951662
7,Day 7,2026-07-07,8,10,3,Tray 12,12,DJI_20260707125838_0012,PASS_AUTO,19,2,9,1162.0434164616113,202.5740312419592,1099.8890190031238,150.78388710574404,1224.28098598022,150.4698821050868,1224.3380296535072,254.67195767308863,1099.866104302061,254.73501866064896,projection_regular_lattice,No,13187,13187,1.0,0.307184636592865,0.2980338633060455,0.2274890691041946,0.0495618805289268,0.573283314704895,0.9218169409266702,13187,13187,1.0,-0.0490642227232456,-0.0801899209618568,0.2446581423282623,-0.4239416122436523,0.2614703774452209,0.4157882763327519,No Microbes,Moisture,Inside,Inside,Inside,Not Heat,Final unwatered interval,No,No Microbes | Moisture,Moisture | Inside,No Microbes | Inside,0.307184636592865,-0.0490642227232456,0.29887153208255784,-0.07752789277583355,Yes,Script 05 possible_day7_bug_eaten_cells.csv,NDVI: Linear projection from the latest valid multispectral trend; NDRE: Linear projection from the latest valid multispectral trend,-0.008020147681236215,-0.011738325469195848,-0.008313104510307145,-0.02846367005258795
7,Day 7,2026-07-07,8,10,3,Tray 12,12,DJI_20260707125838_0012,PASS_AUTO,20,2,10,1300.484826652266,202.4807374402659,1238.1206848673771,150.44661139085653,1362.8432978591104,150.34174353536892,1362.9891841705637,254.8226457845895,1238.186612804481,254.6765696269802,projection_regular_lattice,No,13356,13356,1.0,0.3032189607620239,0.2874361276626587,0.2015628367662429,0.0546014085412025,0.559529185295105,0.9268493560946393,13356,13356,1.0,-0.0537215434014797,-0.1001255810260772,0.2390430122613906,-0.3711892366409302,0.2756717801094055,0.3807277628032345,No Microbes,Moisture,Inside,Inside,Inside,Not Heat,Final unwatered interval,No,No Microbes | Moisture,Moisture | Inside,No Microbes | Inside,0.3032189607620239,-0.0537215434014797,0.3940881192684174,0.044891113415360395,Yes,Script 05 possible_day7_bug_eaten_cells.csv,NDVI: Linear projection from the latest valid multispectral trend; NDRE: Linear projection from the latest valid multispectral trend,0.02047610282897951,0.0215294826775789,0.09086915850639349,0.09861265681684009
7,Day 7,2026-07-07,8,10,3,Tray 12,12,DJI_20260707125838_0012,PASS_AUTO,27,3,7,886.1480873324025,318.8127599965525,824.3113323344344,267.0706009445548,948.1308499204232,266.61714833477726,948.125058063779,370.8627013434644,824.2255821034405,371.0652099401451,projection_regular_lattice,No,13125,13125,1.0,0.2870774269104004,0.2427843809127807,0.2233963459730148,0.025157505646348,0.5567861795425415,0.9110095238095238,13125,13125,1.0,-0.0471220426261425,-0.0603314340114593,0.2364206165075302,-0.3754724860191345,0.2506662905216217,0.3458285714285714,No Microbes,Moisture,Inside,Inside,Inside,Not Heat,Final unwatered interval,No,No Microbes | Moisture,Moisture | Inside,No Microbes | Inside,0.2870774269104004,-0.0471220426261425,0.32309396564960485,-0.009867576882243104,Yes,Script 05 possible_day7_bug_eaten_cells.csv,NDVI: Linear projection from the latest valid multispectral trend; NDRE: Linear projection from the latest valid multispectral trend,0.006962582468986546,0.010378999635577198,0.03601653873920446,0.0372544657438994
7,Day 7,2026-07-07,8,10,3,Tray 12,12,DJI_20260707125838_0012,PASS_AUTO,30,3,10,1300.6663066494652,318.7651770449698,1238.2003186722927,266.29107225338964,1363.0117743021915,266.4650310791208,1363.2725103600462,371.5470641314642,1238.3810963557976,371.1221612926362,projection_regular_lattice,No,13419,13419,1.0,0.3013403415679931,0.25865238904953,0.2207027375698089,0.0507082007825374,0.5825428366661072,0.92145465384902,13419,13419,1.0,-0.0466224886476993,-0.0804749354720115,0.2411129027605056,-0.374202013015747,0.2572174370288849,0.3615023474178404,No Microbes,Moisture,Inside,Inside,Inside,Not Heat,Final unwatered interval,No,No Microbes | Moisture,Moisture | Inside,No Microbes | Inside,0.3013403415679931,-0.0466224886476993,0.33723975718021404,-0.0005046185106039151,Yes,Script 05 possible_day7_bug_eaten_cells.csv,NDVI: Linear projection from the latest valid multispectral trend; NDRE: Linear projection from the latest valid multispectral trend,0.005950435996055635,0.009597657248377795,0.03589941561222093,0.04611787013709538
7,Day 7,2026-07-07,8,10,3,Tray 12,12,DJI_20260707125838_0012,PASS_AUTO,39,4,9,1162.3365592005302,435.1912187187951,1099.9784693574752,382.5211170982384,1224.548121610904,382.7647654600187,1224.8348647769933,488.1691026342661,1100.185254149215,487.67451025938885,projection_regular_lattice,No,13356,13356,1.0,0.2945885956287384,0.2762842178344726,0.2470659613609314,0.050513319671154,0.5689852237701416,0.916816412099431,13356,13356,1.0,-0.0302230548113584,-0.0600569508969783,0.2485693097114563,-0.3882237076759338,0.2691168189048767,0.4025157232704403,No Microbes,Moisture,Inside,Inside,Inside,Not Heat,Final unwatered interval,No,No Microbes | Moisture,Moisture | Inside,No Microbes | Inside,0.2945885956287384,-0.0302230548113584,0.3341044932603837,0.03960569482296704,Yes,Script 05 possible_day7_bug_eaten_cells.csv,NDVI: Linear projection from the latest valid multispectral trend; NDRE: Linear projection from the latest valid multispectral trend,0.007927224040031476,0.018975316546857347,0.039515897631645314,0.06982874963432543
7,Day 7,2026-07-07,8,10,3,Tray 12,12,DJI_20260707125838_0012,PASS_AUTO,48,5,8,1024.3043789568237,551.8979432657925,962.0541872478864,499.0318448162591,1086.3820361248445,499.3451827140885,1086.694786399169,605.0718240102401,962.2869791478612,604.5075420993137,projection_regular_lattice,No,13428,13428,1.0,0.2843415439128876,0.2311476767063141,0.2295872420072555,-0.0004678239638451,0.5621473789215088,0.8996127494787012,13428,13428,1.0,-0.0475401170551776,-0.0606060624122619,0.2492694556713104,-0.3704927265644073,0.2612602710723877,0.3562704795948764,No Microbes,Moisture,Inside,Inside,Inside,Not Heat,Final unwatered interval,No,No Microbes | Moisture,Moisture | Inside,No Microbes | Inside,0.2843415439128876,-0.0475401170551776,0.3182681649923325,-0.01607637479901316,Yes,Script 05 possible_day7_bug_eaten_cells.csv,NDVI: Linear projection from the latest valid multispectral trend; NDRE: Linear projection from the latest valid multispectral trend,0.006460353732109108,0.009447935968637447,0.03392662107944494,0.03146374225616444
7,Day 7,2026-07-07,8,10,3,Tray 12,12,DJI_20260707125838_0012,PASS_AUTO,58,6,8,1024.6712633572126,669.5665373670863,962.319225455992,616.2604601753821,1086.7359169711165,616.8526247544303,1087.163516991842,723.1803968537045,962.666867102368,722.3372882615595,projection_regular_lattice,No,13428,13428,1.0,0.2792928814888,0.2590274214744568,0.2384344935417175,0.0158721413463354,0.5489695072174072,0.906166219839142,13428,13428,1.0,-0.0478274635970592,-0.0553532466292381,0.2296309024095535,-0.3681696057319641,0.2378555983304977,0.3503127792672028,No Microbes,Moisture,Inside,Inside,Inside,Not Heat,Final unwatered interval,No,No Microbes | Moisture,Moisture | Inside,No Microbes | Inside,0.2792928814888,-0.0478274635970592,0.31580227613449097,0.0027954019606114267,Yes,Script 05 possible_day7_bug_eaten_cells.csv,NDVI: Linear projection from the latest valid multispectral trend; NDRE: Linear projection from the latest valid multispectral trend,0.008070260286331185,0.014603052288293842,0.036509394645690973,0.05062286555767063
7,Day 7,2026-07-07,8,10,3,Tray 12,12,DJI_20260707125838_0012,PASS_AUTO,69,7,9,1163.7333545289189,789.1264232934054,1101.0697261090124,735.1363854463364,1225.90590627694,736.216513851773,1226.537198682233,843.4242434353887,1101.6210601399562,842.0931710168553,projection_regular_lattice,No,13607,13607,1.0,0.273690402507782,0.269123911857605,0.2409247606992721,-0.0132229924201965,0.5571049451828003,0.8953479826559859,13607,13607,1.0,-0.0596708171069622,-0.0603264719247818,0.2419434040784835,-0.4038578867912292,0.2497787773609161,0.3491585213493055,No Microbes,Moisture,Inside,Inside,Inside,Not Heat,Final unwatered interval,No,No Microbes | Moisture,Moisture | Inside,No Microbes | Inside,0.273690402507782,-0.0596708171069622,0.2974161654710772,-0.0009147077798843384,Yes,Script 05 possible_day7_bug_eaten_cells.csv,NDVI: Linear projection from the latest valid multispectral trend; NDRE: Linear projection from the latest valid multispectral trend,0.0029129236936570016,0.014069348573684689,0.023725762963295205,0.05875610932707786
